codigo_pais,pais,indicador,ano,valor
BRA,Brasil,NY.GDP.MKTP.KD.ZG,1961,8.60
BRA,Brasil,NY.GDP.MKTP.KD.ZG,1962,6.60
BRA,Brasil,NY.GDP.MKTP.KD.ZG,1963,0.60
BRA,Brasil,NY.GDP.MKTP.KD.ZG,1964,3.40
BRA,Brasil,NY.GDP.MKTP.KD.ZG,1965,2.40
BRA,Brasil,NY.GDP.MKTP.KD.ZG,1966,6.70
BRA,Brasil,NY.GDP.MKTP.KD.ZG,1967,4.20
BRA,Brasil,NY.GDP.MKTP.KD.ZG,1968,9.80
BRA,Brasil,NY.GDP.MKTP.KD.ZG,1969,9.50
BRA,Brasil,NY.GDP.MKTP.KD.ZG,1970,10.40
BRA,Brasil,NY.GDP.MKTP.KD.ZG,1971,11.34
BRA,Brasil,NY.GDP.MKTP.KD.ZG,1972,11.94
BRA,Brasil,NY.GDP.MKTP.KD.ZG,1973,13.97
BRA,Brasil,NY.GDP.MKTP.KD.ZG,1974,8.15
BRA,Brasil,NY.GDP.MKTP.KD.ZG,1975,5.17
BRA,Brasil,NY.GDP.MKTP.KD.ZG,1976,10.26
BRA,Brasil,NY.GDP.MKTP.KD.ZG,1977,4.93
BRA,Brasil,NY.GDP.MKTP.KD.ZG,1978,4.97
BRA,Brasil,NY.GDP.MKTP.KD.ZG,1979,6.76
BRA,Brasil,NY.GDP.MKTP.KD.ZG,1980,9.20
BRA,Brasil,NY.GDP.MKTP.KD.ZG,1981,-4.25
BRA,Brasil,NY.GDP.MKTP.KD.ZG,1982,0.83
BRA,Brasil,NY.GDP.MKTP.KD.ZG,1983,-2.93
BRA,Brasil,NY.GDP.MKTP.KD.ZG,1984,5.40
BRA,Brasil,NY.GDP.MKTP.KD.ZG,1985,7.85
BRA,Brasil,NY.GDP.MKTP.KD.ZG,1986,7.49
BRA,Brasil,NY.GDP.MKTP.KD.ZG,1987,3.53
BRA,Brasil,NY.GDP.MKTP.KD.ZG,1988,-0.06
BRA,Brasil,NY.GDP.MKTP.KD.ZG,1989,3.16
BRA,Brasil,NY.GDP.MKTP.KD.ZG,1990,-4.35
BRA,Brasil,NY.GDP.MKTP.KD.ZG,1991,1.03
BRA,Brasil,NY.GDP.MKTP.KD.ZG,1992,-0.54
BRA,Brasil,NY.GDP.MKTP.KD.ZG,1993,4.92
BRA,Brasil,NY.GDP.MKTP.KD.ZG,1994,5.85
BRA,Brasil,NY.GDP.MKTP.KD.ZG,1995,4.22
BRA,Brasil,NY.GDP.MKTP.KD.ZG,1996,2.21
BRA,Brasil,NY.GDP.MKTP.KD.ZG,1997,3.39
BRA,Brasil,NY.GDP.MKTP.KD.ZG,1998,0.34
BRA,Brasil,NY.GDP.MKTP.KD.ZG,1999,0.47
BRA,Brasil,NY.GDP.MKTP.KD.ZG,2000,4.39
BRA,Brasil,NY.GDP.MKTP.KD.ZG,2001,1.39
BRA,Brasil,NY.GDP.MKTP.KD.ZG,2002,3.05
BRA,Brasil,NY.GDP.MKTP.KD.ZG,2003,1.14
BRA,Brasil,NY.GDP.MKTP.KD.ZG,2004,5.76
BRA,Brasil,NY.GDP.MKTP.KD.ZG,2005,3.20
BRA,Brasil,NY.GDP.MKTP.KD.ZG,2006,3.96
BRA,Brasil,NY.GDP.MKTP.KD.ZG,2007,6.07
BRA,Brasil,NY.GDP.MKTP.KD.ZG,2008,5.09
BRA,Brasil,NY.GDP.MKTP.KD.ZG,2009,-0.13
BRA,Brasil,NY.GDP.MKTP.KD.ZG,2010,7.53
BRA,Brasil,NY.GDP.MKTP.KD.ZG,2011,3.97
BRA,Brasil,NY.GDP.MKTP.KD.ZG,2012,1.92
BRA,Brasil,NY.GDP.MKTP.KD.ZG,2013,3.00
BRA,Brasil,NY.GDP.MKTP.KD.ZG,2014,0.50
BRA,Brasil,NY.GDP.MKTP.KD.ZG,2015,-3.55
BRA,Brasil,NY.GDP.MKTP.KD.ZG,2016,-3.28
BRA,Brasil,NY.GDP.MKTP.KD.ZG,2017,1.32
BRA,Brasil,NY.GDP.MKTP.KD.ZG,2018,1.78
BRA,Brasil,NY.GDP.MKTP.KD.ZG,2019,1.22
BRA,Brasil,NY.GDP.MKTP.KD.ZG,2020,-3.28
BRA,Brasil,NY.GDP.MKTP.KD.ZG,2021,4.76
BRA,Brasil,NY.GDP.MKTP.KD.ZG,2022,3.02
BRA,Brasil,NY.GDP.MKTP.KD.ZG,2023,3.24
BRA,Brasil,NY.GDP.MKTP.KD.ZG,2024,3.42
BRA,Brasil,NY.GDP.MKTP.KD.ZG,2025,2.29
ARG,Argentina,NY.GDP.MKTP.KD.ZG,1961,5.43
ARG,Argentina,NY.GDP.MKTP.KD.ZG,1962,-0.85
ARG,Argentina,NY.GDP.MKTP.KD.ZG,1963,-5.31
ARG,Argentina,NY.GDP.MKTP.KD.ZG,1964,10.13
ARG,Argentina,NY.GDP.MKTP.KD.ZG,1965,10.57
ARG,Argentina,NY.GDP.MKTP.KD.ZG,1966,-0.66
ARG,Argentina,NY.GDP.MKTP.KD.ZG,1967,3.19
ARG,Argentina,NY.GDP.MKTP.KD.ZG,1968,4.82
ARG,Argentina,NY.GDP.MKTP.KD.ZG,1969,9.68
ARG,Argentina,NY.GDP.MKTP.KD.ZG,1970,3.05
ARG,Argentina,NY.GDP.MKTP.KD.ZG,1971,5.66
ARG,Argentina,NY.GDP.MKTP.KD.ZG,1972,1.63
ARG,Argentina,NY.GDP.MKTP.KD.ZG,1973,2.81
ARG,Argentina,NY.GDP.MKTP.KD.ZG,1974,5.53
ARG,Argentina,NY.GDP.MKTP.KD.ZG,1975,-0.03
ARG,Argentina,NY.GDP.MKTP.KD.ZG,1976,-2.02
ARG,Argentina,NY.GDP.MKTP.KD.ZG,1977,6.93
ARG,Argentina,NY.GDP.MKTP.KD.ZG,1978,-4.51
ARG,Argentina,NY.GDP.MKTP.KD.ZG,1979,10.22
ARG,Argentina,NY.GDP.MKTP.KD.ZG,1980,1.52
ARG,Argentina,NY.GDP.MKTP.KD.ZG,1981,-5.19
ARG,Argentina,NY.GDP.MKTP.KD.ZG,1982,-0.74
ARG,Argentina,NY.GDP.MKTP.KD.ZG,1983,4.35
ARG,Argentina,NY.GDP.MKTP.KD.ZG,1984,1.57
ARG,Argentina,NY.GDP.MKTP.KD.ZG,1985,-5.19
ARG,Argentina,NY.GDP.MKTP.KD.ZG,1986,6.15
ARG,Argentina,NY.GDP.MKTP.KD.ZG,1987,2.70
ARG,Argentina,NY.GDP.MKTP.KD.ZG,1988,-1.09
ARG,Argentina,NY.GDP.MKTP.KD.ZG,1989,-7.16
ARG,Argentina,NY.GDP.MKTP.KD.ZG,1990,-2.47
ARG,Argentina,NY.GDP.MKTP.KD.ZG,1991,9.13
ARG,Argentina,NY.GDP.MKTP.KD.ZG,1992,7.94
ARG,Argentina,NY.GDP.MKTP.KD.ZG,1993,8.21
ARG,Argentina,NY.GDP.MKTP.KD.ZG,1994,5.84
ARG,Argentina,NY.GDP.MKTP.KD.ZG,1995,-2.85
ARG,Argentina,NY.GDP.MKTP.KD.ZG,1996,5.53
ARG,Argentina,NY.GDP.MKTP.KD.ZG,1997,8.11
ARG,Argentina,NY.GDP.MKTP.KD.ZG,1998,3.85
ARG,Argentina,NY.GDP.MKTP.KD.ZG,1999,-3.39
ARG,Argentina,NY.GDP.MKTP.KD.ZG,2000,-0.79
ARG,Argentina,NY.GDP.MKTP.KD.ZG,2001,-4.41
ARG,Argentina,NY.GDP.MKTP.KD.ZG,2002,-10.89
ARG,Argentina,NY.GDP.MKTP.KD.ZG,2003,8.84
ARG,Argentina,NY.GDP.MKTP.KD.ZG,2004,9.03
ARG,Argentina,NY.GDP.MKTP.KD.ZG,2005,8.85
ARG,Argentina,NY.GDP.MKTP.KD.ZG,2006,8.05
ARG,Argentina,NY.GDP.MKTP.KD.ZG,2007,9.01
ARG,Argentina,NY.GDP.MKTP.KD.ZG,2008,4.06
ARG,Argentina,NY.GDP.MKTP.KD.ZG,2009,-5.92
ARG,Argentina,NY.GDP.MKTP.KD.ZG,2010,10.13
ARG,Argentina,NY.GDP.MKTP.KD.ZG,2011,6.00
ARG,Argentina,NY.GDP.MKTP.KD.ZG,2012,-1.03
ARG,Argentina,NY.GDP.MKTP.KD.ZG,2013,2.41
ARG,Argentina,NY.GDP.MKTP.KD.ZG,2014,-2.51
ARG,Argentina,NY.GDP.MKTP.KD.ZG,2015,2.73
ARG,Argentina,NY.GDP.MKTP.KD.ZG,2016,-2.08
ARG,Argentina,NY.GDP.MKTP.KD.ZG,2017,2.82
ARG,Argentina,NY.GDP.MKTP.KD.ZG,2018,-2.62
ARG,Argentina,NY.GDP.MKTP.KD.ZG,2019,-2.00
ARG,Argentina,NY.GDP.MKTP.KD.ZG,2020,-9.90
ARG,Argentina,NY.GDP.MKTP.KD.ZG,2021,10.44
ARG,Argentina,NY.GDP.MKTP.KD.ZG,2022,6.02
ARG,Argentina,NY.GDP.MKTP.KD.ZG,2023,-1.86
ARG,Argentina,NY.GDP.MKTP.KD.ZG,2024,-1.34
ARG,Argentina,NY.GDP.MKTP.KD.ZG,2025,4.37
CHL,Chile,NY.GDP.MKTP.KD.ZG,1961,5.52
CHL,Chile,NY.GDP.MKTP.KD.ZG,1962,3.93
CHL,Chile,NY.GDP.MKTP.KD.ZG,1963,5.69
CHL,Chile,NY.GDP.MKTP.KD.ZG,1964,2.46
CHL,Chile,NY.GDP.MKTP.KD.ZG,1965,0.67
CHL,Chile,NY.GDP.MKTP.KD.ZG,1966,11.46
CHL,Chile,NY.GDP.MKTP.KD.ZG,1967,3.59
CHL,Chile,NY.GDP.MKTP.KD.ZG,1968,3.57
CHL,Chile,NY.GDP.MKTP.KD.ZG,1969,4.10
CHL,Chile,NY.GDP.MKTP.KD.ZG,1970,1.69
CHL,Chile,NY.GDP.MKTP.KD.ZG,1971,9.57
CHL,Chile,NY.GDP.MKTP.KD.ZG,1972,-0.71
CHL,Chile,NY.GDP.MKTP.KD.ZG,1973,-5.04
CHL,Chile,NY.GDP.MKTP.KD.ZG,1974,1.25
CHL,Chile,NY.GDP.MKTP.KD.ZG,1975,-12.27
CHL,Chile,NY.GDP.MKTP.KD.ZG,1976,3.60
CHL,Chile,NY.GDP.MKTP.KD.ZG,1977,11.15
CHL,Chile,NY.GDP.MKTP.KD.ZG,1978,8.03
CHL,Chile,NY.GDP.MKTP.KD.ZG,1979,8.44
CHL,Chile,NY.GDP.MKTP.KD.ZG,1980,8.17
CHL,Chile,NY.GDP.MKTP.KD.ZG,1981,6.72
CHL,Chile,NY.GDP.MKTP.KD.ZG,1982,-11.50
CHL,Chile,NY.GDP.MKTP.KD.ZG,1983,-4.94
CHL,Chile,NY.GDP.MKTP.KD.ZG,1984,3.98
CHL,Chile,NY.GDP.MKTP.KD.ZG,1985,3.55
CHL,Chile,NY.GDP.MKTP.KD.ZG,1986,5.41
CHL,Chile,NY.GDP.MKTP.KD.ZG,1987,6.74
CHL,Chile,NY.GDP.MKTP.KD.ZG,1988,7.35
CHL,Chile,NY.GDP.MKTP.KD.ZG,1989,10.36
CHL,Chile,NY.GDP.MKTP.KD.ZG,1990,3.60
CHL,Chile,NY.GDP.MKTP.KD.ZG,1991,7.76
CHL,Chile,NY.GDP.MKTP.KD.ZG,1992,11.50
CHL,Chile,NY.GDP.MKTP.KD.ZG,1993,6.69
CHL,Chile,NY.GDP.MKTP.KD.ZG,1994,5.08
CHL,Chile,NY.GDP.MKTP.KD.ZG,1995,9.26
CHL,Chile,NY.GDP.MKTP.KD.ZG,1996,7.11
CHL,Chile,NY.GDP.MKTP.KD.ZG,1997,7.39
CHL,Chile,NY.GDP.MKTP.KD.ZG,1998,4.18
CHL,Chile,NY.GDP.MKTP.KD.ZG,1999,-0.27
CHL,Chile,NY.GDP.MKTP.KD.ZG,2000,4.97
CHL,Chile,NY.GDP.MKTP.KD.ZG,2001,3.15
CHL,Chile,NY.GDP.MKTP.KD.ZG,2002,3.20
CHL,Chile,NY.GDP.MKTP.KD.ZG,2003,4.72
CHL,Chile,NY.GDP.MKTP.KD.ZG,2004,6.67
CHL,Chile,NY.GDP.MKTP.KD.ZG,2005,5.84
CHL,Chile,NY.GDP.MKTP.KD.ZG,2006,6.05
CHL,Chile,NY.GDP.MKTP.KD.ZG,2007,5.17
CHL,Chile,NY.GDP.MKTP.KD.ZG,2008,3.79
CHL,Chile,NY.GDP.MKTP.KD.ZG,2009,-1.12
CHL,Chile,NY.GDP.MKTP.KD.ZG,2010,5.85
CHL,Chile,NY.GDP.MKTP.KD.ZG,2011,6.22
CHL,Chile,NY.GDP.MKTP.KD.ZG,2012,6.16
CHL,Chile,NY.GDP.MKTP.KD.ZG,2013,3.31
CHL,Chile,NY.GDP.MKTP.KD.ZG,2014,1.79
CHL,Chile,NY.GDP.MKTP.KD.ZG,2015,2.15
CHL,Chile,NY.GDP.MKTP.KD.ZG,2016,1.75
CHL,Chile,NY.GDP.MKTP.KD.ZG,2017,1.36
CHL,Chile,NY.GDP.MKTP.KD.ZG,2018,3.99
CHL,Chile,NY.GDP.MKTP.KD.ZG,2019,0.64
CHL,Chile,NY.GDP.MKTP.KD.ZG,2020,-6.14
CHL,Chile,NY.GDP.MKTP.KD.ZG,2021,11.34
CHL,Chile,NY.GDP.MKTP.KD.ZG,2022,2.06
CHL,Chile,NY.GDP.MKTP.KD.ZG,2023,0.68
CHL,Chile,NY.GDP.MKTP.KD.ZG,2024,2.81
CHL,Chile,NY.GDP.MKTP.KD.ZG,2025,2.46
COL,Colômbia,NY.GDP.MKTP.KD.ZG,1961,5.09
COL,Colômbia,NY.GDP.MKTP.KD.ZG,1962,5.41
COL,Colômbia,NY.GDP.MKTP.KD.ZG,1963,3.29
COL,Colômbia,NY.GDP.MKTP.KD.ZG,1964,6.17
COL,Colômbia,NY.GDP.MKTP.KD.ZG,1965,3.60
COL,Colômbia,NY.GDP.MKTP.KD.ZG,1966,5.24
COL,Colômbia,NY.GDP.MKTP.KD.ZG,1967,4.13
COL,Colômbia,NY.GDP.MKTP.KD.ZG,1968,5.93
COL,Colômbia,NY.GDP.MKTP.KD.ZG,1969,6.10
COL,Colômbia,NY.GDP.MKTP.KD.ZG,1970,6.21
COL,Colômbia,NY.GDP.MKTP.KD.ZG,1971,5.96
COL,Colômbia,NY.GDP.MKTP.KD.ZG,1972,7.67
COL,Colômbia,NY.GDP.MKTP.KD.ZG,1973,6.72
COL,Colômbia,NY.GDP.MKTP.KD.ZG,1974,5.75
COL,Colômbia,NY.GDP.MKTP.KD.ZG,1975,2.32
COL,Colômbia,NY.GDP.MKTP.KD.ZG,1976,4.73
COL,Colômbia,NY.GDP.MKTP.KD.ZG,1977,4.16
COL,Colômbia,NY.GDP.MKTP.KD.ZG,1978,8.47
COL,Colômbia,NY.GDP.MKTP.KD.ZG,1979,5.38
COL,Colômbia,NY.GDP.MKTP.KD.ZG,1980,4.09
COL,Colômbia,NY.GDP.MKTP.KD.ZG,1981,2.28
COL,Colômbia,NY.GDP.MKTP.KD.ZG,1982,0.95
COL,Colômbia,NY.GDP.MKTP.KD.ZG,1983,1.57
COL,Colômbia,NY.GDP.MKTP.KD.ZG,1984,3.35
COL,Colômbia,NY.GDP.MKTP.KD.ZG,1985,3.11
COL,Colômbia,NY.GDP.MKTP.KD.ZG,1986,5.82
COL,Colômbia,NY.GDP.MKTP.KD.ZG,1987,5.37
COL,Colômbia,NY.GDP.MKTP.KD.ZG,1988,4.06
COL,Colômbia,NY.GDP.MKTP.KD.ZG,1989,3.41
COL,Colômbia,NY.GDP.MKTP.KD.ZG,1990,4.28
COL,Colômbia,NY.GDP.MKTP.KD.ZG,1991,2.00
COL,Colômbia,NY.GDP.MKTP.KD.ZG,1992,4.04
COL,Colômbia,NY.GDP.MKTP.KD.ZG,1993,5.39
COL,Colômbia,NY.GDP.MKTP.KD.ZG,1994,5.81
COL,Colômbia,NY.GDP.MKTP.KD.ZG,1995,5.20
COL,Colômbia,NY.GDP.MKTP.KD.ZG,1996,2.06
COL,Colômbia,NY.GDP.MKTP.KD.ZG,1997,3.43
COL,Colômbia,NY.GDP.MKTP.KD.ZG,1998,0.57
COL,Colômbia,NY.GDP.MKTP.KD.ZG,1999,-4.20
COL,Colômbia,NY.GDP.MKTP.KD.ZG,2000,2.92
COL,Colômbia,NY.GDP.MKTP.KD.ZG,2001,1.68
COL,Colômbia,NY.GDP.MKTP.KD.ZG,2002,2.50
COL,Colômbia,NY.GDP.MKTP.KD.ZG,2003,3.92
COL,Colômbia,NY.GDP.MKTP.KD.ZG,2004,5.33
COL,Colômbia,NY.GDP.MKTP.KD.ZG,2005,4.83
COL,Colômbia,NY.GDP.MKTP.KD.ZG,2006,6.72
COL,Colômbia,NY.GDP.MKTP.KD.ZG,2007,6.74
COL,Colômbia,NY.GDP.MKTP.KD.ZG,2008,3.28
COL,Colômbia,NY.GDP.MKTP.KD.ZG,2009,1.14
COL,Colômbia,NY.GDP.MKTP.KD.ZG,2010,4.49
COL,Colômbia,NY.GDP.MKTP.KD.ZG,2011,6.95
COL,Colômbia,NY.GDP.MKTP.KD.ZG,2012,3.91
COL,Colômbia,NY.GDP.MKTP.KD.ZG,2013,5.13
COL,Colômbia,NY.GDP.MKTP.KD.ZG,2014,4.50
COL,Colômbia,NY.GDP.MKTP.KD.ZG,2015,2.96
COL,Colômbia,NY.GDP.MKTP.KD.ZG,2016,2.09
COL,Colômbia,NY.GDP.MKTP.KD.ZG,2017,1.36
COL,Colômbia,NY.GDP.MKTP.KD.ZG,2018,2.56
COL,Colômbia,NY.GDP.MKTP.KD.ZG,2019,3.19
COL,Colômbia,NY.GDP.MKTP.KD.ZG,2020,-7.19
COL,Colômbia,NY.GDP.MKTP.KD.ZG,2021,10.80
COL,Colômbia,NY.GDP.MKTP.KD.ZG,2022,7.33
COL,Colômbia,NY.GDP.MKTP.KD.ZG,2023,0.84
COL,Colômbia,NY.GDP.MKTP.KD.ZG,2024,1.49
COL,Colômbia,NY.GDP.MKTP.KD.ZG,2025,2.64
MEX,México,NY.GDP.MKTP.KD.ZG,1961,5.00
MEX,México,NY.GDP.MKTP.KD.ZG,1962,4.66
MEX,México,NY.GDP.MKTP.KD.ZG,1963,8.11
MEX,México,NY.GDP.MKTP.KD.ZG,1964,11.91
MEX,México,NY.GDP.MKTP.KD.ZG,1965,7.10
MEX,México,NY.GDP.MKTP.KD.ZG,1966,6.10
MEX,México,NY.GDP.MKTP.KD.ZG,1967,5.85
MEX,México,NY.GDP.MKTP.KD.ZG,1968,9.42
MEX,México,NY.GDP.MKTP.KD.ZG,1969,3.42
MEX,México,NY.GDP.MKTP.KD.ZG,1970,6.50
MEX,México,NY.GDP.MKTP.KD.ZG,1971,3.76
MEX,México,NY.GDP.MKTP.KD.ZG,1972,8.23
MEX,México,NY.GDP.MKTP.KD.ZG,1973,7.86
MEX,México,NY.GDP.MKTP.KD.ZG,1974,5.78
MEX,México,NY.GDP.MKTP.KD.ZG,1975,5.74
MEX,México,NY.GDP.MKTP.KD.ZG,1976,4.42
MEX,México,NY.GDP.MKTP.KD.ZG,1977,3.39
MEX,México,NY.GDP.MKTP.KD.ZG,1978,8.96
MEX,México,NY.GDP.MKTP.KD.ZG,1979,9.70
MEX,México,NY.GDP.MKTP.KD.ZG,1980,8.76
MEX,México,NY.GDP.MKTP.KD.ZG,1981,9.59
MEX,México,NY.GDP.MKTP.KD.ZG,1982,-0.05
MEX,México,NY.GDP.MKTP.KD.ZG,1983,-4.62
MEX,México,NY.GDP.MKTP.KD.ZG,1984,3.51
MEX,México,NY.GDP.MKTP.KD.ZG,1985,1.92
MEX,México,NY.GDP.MKTP.KD.ZG,1986,-3.93
MEX,México,NY.GDP.MKTP.KD.ZG,1987,2.06
MEX,México,NY.GDP.MKTP.KD.ZG,1988,1.22
MEX,México,NY.GDP.MKTP.KD.ZG,1989,3.63
MEX,México,NY.GDP.MKTP.KD.ZG,1990,5.25
MEX,México,NY.GDP.MKTP.KD.ZG,1991,3.98
MEX,México,NY.GDP.MKTP.KD.ZG,1992,3.57
MEX,México,NY.GDP.MKTP.KD.ZG,1993,2.87
MEX,México,NY.GDP.MKTP.KD.ZG,1994,4.39
MEX,México,NY.GDP.MKTP.KD.ZG,1995,-5.91
MEX,México,NY.GDP.MKTP.KD.ZG,1996,6.22
MEX,México,NY.GDP.MKTP.KD.ZG,1997,7.20
MEX,México,NY.GDP.MKTP.KD.ZG,1998,6.19
MEX,México,NY.GDP.MKTP.KD.ZG,1999,2.76
MEX,México,NY.GDP.MKTP.KD.ZG,2000,5.03
MEX,México,NY.GDP.MKTP.KD.ZG,2001,-0.45
MEX,México,NY.GDP.MKTP.KD.ZG,2002,-0.24
MEX,México,NY.GDP.MKTP.KD.ZG,2003,1.19
MEX,México,NY.GDP.MKTP.KD.ZG,2004,3.57
MEX,México,NY.GDP.MKTP.KD.ZG,2005,2.11
MEX,México,NY.GDP.MKTP.KD.ZG,2006,4.81
MEX,México,NY.GDP.MKTP.KD.ZG,2007,2.08
MEX,México,NY.GDP.MKTP.KD.ZG,2008,0.94
MEX,México,NY.GDP.MKTP.KD.ZG,2009,-6.30
MEX,México,NY.GDP.MKTP.KD.ZG,2010,4.97
MEX,México,NY.GDP.MKTP.KD.ZG,2011,3.44
MEX,México,NY.GDP.MKTP.KD.ZG,2012,3.55
MEX,México,NY.GDP.MKTP.KD.ZG,2013,0.85
MEX,México,NY.GDP.MKTP.KD.ZG,2014,2.50
MEX,México,NY.GDP.MKTP.KD.ZG,2015,2.70
MEX,México,NY.GDP.MKTP.KD.ZG,2016,1.77
MEX,México,NY.GDP.MKTP.KD.ZG,2017,1.87
MEX,México,NY.GDP.MKTP.KD.ZG,2018,1.97
MEX,México,NY.GDP.MKTP.KD.ZG,2019,-0.39
MEX,México,NY.GDP.MKTP.KD.ZG,2020,-8.35
MEX,México,NY.GDP.MKTP.KD.ZG,2021,6.05
MEX,México,NY.GDP.MKTP.KD.ZG,2022,3.71
MEX,México,NY.GDP.MKTP.KD.ZG,2023,3.11
MEX,México,NY.GDP.MKTP.KD.ZG,2024,1.35
MEX,México,NY.GDP.MKTP.KD.ZG,2025,0.56
PER,Peru,NY.GDP.MKTP.KD.ZG,1961,7.35
PER,Peru,NY.GDP.MKTP.KD.ZG,1962,10.04
PER,Peru,NY.GDP.MKTP.KD.ZG,1963,4.33
PER,Peru,NY.GDP.MKTP.KD.ZG,1964,6.55
PER,Peru,NY.GDP.MKTP.KD.ZG,1965,5.62
PER,Peru,NY.GDP.MKTP.KD.ZG,1966,8.24
PER,Peru,NY.GDP.MKTP.KD.ZG,1967,3.85
PER,Peru,NY.GDP.MKTP.KD.ZG,1968,0.15
PER,Peru,NY.GDP.MKTP.KD.ZG,1969,3.51
PER,Peru,NY.GDP.MKTP.KD.ZG,1970,3.37
PER,Peru,NY.GDP.MKTP.KD.ZG,1971,4.59
PER,Peru,NY.GDP.MKTP.KD.ZG,1972,3.48
PER,Peru,NY.GDP.MKTP.KD.ZG,1973,6.28
PER,Peru,NY.GDP.MKTP.KD.ZG,1974,9.39
PER,Peru,NY.GDP.MKTP.KD.ZG,1975,4.30
PER,Peru,NY.GDP.MKTP.KD.ZG,1976,1.45
PER,Peru,NY.GDP.MKTP.KD.ZG,1977,0.35
PER,Peru,NY.GDP.MKTP.KD.ZG,1978,-2.64
PER,Peru,NY.GDP.MKTP.KD.ZG,1979,4.09
PER,Peru,NY.GDP.MKTP.KD.ZG,1980,5.94
PER,Peru,NY.GDP.MKTP.KD.ZG,1981,5.55
PER,Peru,NY.GDP.MKTP.KD.ZG,1982,-0.22
PER,Peru,NY.GDP.MKTP.KD.ZG,1983,-10.41
PER,Peru,NY.GDP.MKTP.KD.ZG,1984,3.61
PER,Peru,NY.GDP.MKTP.KD.ZG,1985,2.06
PER,Peru,NY.GDP.MKTP.KD.ZG,1986,9.43
PER,Peru,NY.GDP.MKTP.KD.ZG,1987,9.73
PER,Peru,NY.GDP.MKTP.KD.ZG,1988,-9.44
PER,Peru,NY.GDP.MKTP.KD.ZG,1989,-12.31
PER,Peru,NY.GDP.MKTP.KD.ZG,1990,-4.98
PER,Peru,NY.GDP.MKTP.KD.ZG,1991,2.22
PER,Peru,NY.GDP.MKTP.KD.ZG,1992,-0.54
PER,Peru,NY.GDP.MKTP.KD.ZG,1993,5.24
PER,Peru,NY.GDP.MKTP.KD.ZG,1994,12.31
PER,Peru,NY.GDP.MKTP.KD.ZG,1995,7.41
PER,Peru,NY.GDP.MKTP.KD.ZG,1996,2.80
PER,Peru,NY.GDP.MKTP.KD.ZG,1997,6.48
PER,Peru,NY.GDP.MKTP.KD.ZG,1998,-0.39
PER,Peru,NY.GDP.MKTP.KD.ZG,1999,1.49
PER,Peru,NY.GDP.MKTP.KD.ZG,2000,2.69
PER,Peru,NY.GDP.MKTP.KD.ZG,2001,0.62
PER,Peru,NY.GDP.MKTP.KD.ZG,2002,5.45
PER,Peru,NY.GDP.MKTP.KD.ZG,2003,4.17
PER,Peru,NY.GDP.MKTP.KD.ZG,2004,4.96
PER,Peru,NY.GDP.MKTP.KD.ZG,2005,6.29
PER,Peru,NY.GDP.MKTP.KD.ZG,2006,7.53
PER,Peru,NY.GDP.MKTP.KD.ZG,2007,8.52
PER,Peru,NY.GDP.MKTP.KD.ZG,2008,9.13
PER,Peru,NY.GDP.MKTP.KD.ZG,2009,1.10
PER,Peru,NY.GDP.MKTP.KD.ZG,2010,8.33
PER,Peru,NY.GDP.MKTP.KD.ZG,2011,6.33
PER,Peru,NY.GDP.MKTP.KD.ZG,2012,6.14
PER,Peru,NY.GDP.MKTP.KD.ZG,2013,5.85
PER,Peru,NY.GDP.MKTP.KD.ZG,2014,2.38
PER,Peru,NY.GDP.MKTP.KD.ZG,2015,3.25
PER,Peru,NY.GDP.MKTP.KD.ZG,2016,3.95
PER,Peru,NY.GDP.MKTP.KD.ZG,2017,2.52
PER,Peru,NY.GDP.MKTP.KD.ZG,2018,3.97
PER,Peru,NY.GDP.MKTP.KD.ZG,2019,2.24
PER,Peru,NY.GDP.MKTP.KD.ZG,2020,-10.93
PER,Peru,NY.GDP.MKTP.KD.ZG,2021,13.42
PER,Peru,NY.GDP.MKTP.KD.ZG,2022,2.82
PER,Peru,NY.GDP.MKTP.KD.ZG,2023,-0.35
PER,Peru,NY.GDP.MKTP.KD.ZG,2024,3.52
PER,Peru,NY.GDP.MKTP.KD.ZG,2025,3.43
USA,Estados Unidos,NY.GDP.MKTP.KD.ZG,1961,2.30
USA,Estados Unidos,NY.GDP.MKTP.KD.ZG,1962,6.10
USA,Estados Unidos,NY.GDP.MKTP.KD.ZG,1963,4.40
USA,Estados Unidos,NY.GDP.MKTP.KD.ZG,1964,5.80
USA,Estados Unidos,NY.GDP.MKTP.KD.ZG,1965,6.40
USA,Estados Unidos,NY.GDP.MKTP.KD.ZG,1966,6.50
USA,Estados Unidos,NY.GDP.MKTP.KD.ZG,1967,2.50
USA,Estados Unidos,NY.GDP.MKTP.KD.ZG,1968,4.80
USA,Estados Unidos,NY.GDP.MKTP.KD.ZG,1969,3.10
USA,Estados Unidos,NY.GDP.MKTP.KD.ZG,1970,0.22
USA,Estados Unidos,NY.GDP.MKTP.KD.ZG,1971,3.29
USA,Estados Unidos,NY.GDP.MKTP.KD.ZG,1972,5.26
USA,Estados Unidos,NY.GDP.MKTP.KD.ZG,1973,5.65
USA,Estados Unidos,NY.GDP.MKTP.KD.ZG,1974,-0.54
USA,Estados Unidos,NY.GDP.MKTP.KD.ZG,1975,-0.21
USA,Estados Unidos,NY.GDP.MKTP.KD.ZG,1976,5.39
USA,Estados Unidos,NY.GDP.MKTP.KD.ZG,1977,4.62
USA,Estados Unidos,NY.GDP.MKTP.KD.ZG,1978,5.54
USA,Estados Unidos,NY.GDP.MKTP.KD.ZG,1979,3.17
USA,Estados Unidos,NY.GDP.MKTP.KD.ZG,1980,-0.26
USA,Estados Unidos,NY.GDP.MKTP.KD.ZG,1981,2.54
USA,Estados Unidos,NY.GDP.MKTP.KD.ZG,1982,-1.80
USA,Estados Unidos,NY.GDP.MKTP.KD.ZG,1983,4.58
USA,Estados Unidos,NY.GDP.MKTP.KD.ZG,1984,7.24
USA,Estados Unidos,NY.GDP.MKTP.KD.ZG,1985,4.17
USA,Estados Unidos,NY.GDP.MKTP.KD.ZG,1986,3.46
USA,Estados Unidos,NY.GDP.MKTP.KD.ZG,1987,3.45
USA,Estados Unidos,NY.GDP.MKTP.KD.ZG,1988,4.18
USA,Estados Unidos,NY.GDP.MKTP.KD.ZG,1989,3.67
USA,Estados Unidos,NY.GDP.MKTP.KD.ZG,1990,1.89
USA,Estados Unidos,NY.GDP.MKTP.KD.ZG,1991,-0.11
USA,Estados Unidos,NY.GDP.MKTP.KD.ZG,1992,3.52
USA,Estados Unidos,NY.GDP.MKTP.KD.ZG,1993,2.75
USA,Estados Unidos,NY.GDP.MKTP.KD.ZG,1994,4.03
USA,Estados Unidos,NY.GDP.MKTP.KD.ZG,1995,2.68
USA,Estados Unidos,NY.GDP.MKTP.KD.ZG,1996,3.77
USA,Estados Unidos,NY.GDP.MKTP.KD.ZG,1997,4.45
USA,Estados Unidos,NY.GDP.MKTP.KD.ZG,1998,4.48
USA,Estados Unidos,NY.GDP.MKTP.KD.ZG,1999,4.79
USA,Estados Unidos,NY.GDP.MKTP.KD.ZG,2000,4.08
USA,Estados Unidos,NY.GDP.MKTP.KD.ZG,2001,0.96
USA,Estados Unidos,NY.GDP.MKTP.KD.ZG,2002,1.70
USA,Estados Unidos,NY.GDP.MKTP.KD.ZG,2003,2.80
USA,Estados Unidos,NY.GDP.MKTP.KD.ZG,2004,3.85
USA,Estados Unidos,NY.GDP.MKTP.KD.ZG,2005,3.48
USA,Estados Unidos,NY.GDP.MKTP.KD.ZG,2006,2.78
USA,Estados Unidos,NY.GDP.MKTP.KD.ZG,2007,2.00
USA,Estados Unidos,NY.GDP.MKTP.KD.ZG,2008,0.11
USA,Estados Unidos,NY.GDP.MKTP.KD.ZG,2009,-2.58
USA,Estados Unidos,NY.GDP.MKTP.KD.ZG,2010,2.70
USA,Estados Unidos,NY.GDP.MKTP.KD.ZG,2011,1.56
USA,Estados Unidos,NY.GDP.MKTP.KD.ZG,2012,2.29
USA,Estados Unidos,NY.GDP.MKTP.KD.ZG,2013,2.12
USA,Estados Unidos,NY.GDP.MKTP.KD.ZG,2014,2.52
USA,Estados Unidos,NY.GDP.MKTP.KD.ZG,2015,2.95
USA,Estados Unidos,NY.GDP.MKTP.KD.ZG,2016,1.82
USA,Estados Unidos,NY.GDP.MKTP.KD.ZG,2017,2.46
USA,Estados Unidos,NY.GDP.MKTP.KD.ZG,2018,2.97
USA,Estados Unidos,NY.GDP.MKTP.KD.ZG,2019,2.58
USA,Estados Unidos,NY.GDP.MKTP.KD.ZG,2020,-2.08
USA,Estados Unidos,NY.GDP.MKTP.KD.ZG,2021,6.15
USA,Estados Unidos,NY.GDP.MKTP.KD.ZG,2022,2.52
USA,Estados Unidos,NY.GDP.MKTP.KD.ZG,2023,2.93
USA,Estados Unidos,NY.GDP.MKTP.KD.ZG,2024,2.79
USA,Estados Unidos,NY.GDP.MKTP.KD.ZG,2025,2.16
CHN,China,NY.GDP.MKTP.KD.ZG,1961,-27.27
CHN,China,NY.GDP.MKTP.KD.ZG,1962,-5.58
CHN,China,NY.GDP.MKTP.KD.ZG,1963,10.30
CHN,China,NY.GDP.MKTP.KD.ZG,1964,18.18
CHN,China,NY.GDP.MKTP.KD.ZG,1965,16.95
CHN,China,NY.GDP.MKTP.KD.ZG,1966,10.65
CHN,China,NY.GDP.MKTP.KD.ZG,1967,-5.77
CHN,China,NY.GDP.MKTP.KD.ZG,1968,-4.10
CHN,China,NY.GDP.MKTP.KD.ZG,1969,16.94
CHN,China,NY.GDP.MKTP.KD.ZG,1970,19.30
CHN,China,NY.GDP.MKTP.KD.ZG,1971,7.06
CHN,China,NY.GDP.MKTP.KD.ZG,1972,3.81
CHN,China,NY.GDP.MKTP.KD.ZG,1973,7.76
CHN,China,NY.GDP.MKTP.KD.ZG,1974,2.31
CHN,China,NY.GDP.MKTP.KD.ZG,1975,8.72
CHN,China,NY.GDP.MKTP.KD.ZG,1976,-1.57
CHN,China,NY.GDP.MKTP.KD.ZG,1977,7.57
CHN,China,NY.GDP.MKTP.KD.ZG,1978,11.33
CHN,China,NY.GDP.MKTP.KD.ZG,1979,7.59
CHN,China,NY.GDP.MKTP.KD.ZG,1980,7.84
CHN,China,NY.GDP.MKTP.KD.ZG,1981,5.11
CHN,China,NY.GDP.MKTP.KD.ZG,1982,9.02
CHN,China,NY.GDP.MKTP.KD.ZG,1983,10.77
CHN,China,NY.GDP.MKTP.KD.ZG,1984,15.19
CHN,China,NY.GDP.MKTP.KD.ZG,1985,13.43
CHN,China,NY.GDP.MKTP.KD.ZG,1986,8.94
CHN,China,NY.GDP.MKTP.KD.ZG,1987,11.66
CHN,China,NY.GDP.MKTP.KD.ZG,1988,11.22
CHN,China,NY.GDP.MKTP.KD.ZG,1989,4.21
CHN,China,NY.GDP.MKTP.KD.ZG,1990,3.92
CHN,China,NY.GDP.MKTP.KD.ZG,1991,9.38
CHN,China,NY.GDP.MKTP.KD.ZG,1992,14.30
CHN,China,NY.GDP.MKTP.KD.ZG,1993,13.93
CHN,China,NY.GDP.MKTP.KD.ZG,1994,13.08
CHN,China,NY.GDP.MKTP.KD.ZG,1995,11.02
CHN,China,NY.GDP.MKTP.KD.ZG,1996,9.97
CHN,China,NY.GDP.MKTP.KD.ZG,1997,9.30
CHN,China,NY.GDP.MKTP.KD.ZG,1998,7.92
CHN,China,NY.GDP.MKTP.KD.ZG,1999,7.74
CHN,China,NY.GDP.MKTP.KD.ZG,2000,8.57
CHN,China,NY.GDP.MKTP.KD.ZG,2001,8.32
CHN,China,NY.GDP.MKTP.KD.ZG,2002,9.24
CHN,China,NY.GDP.MKTP.KD.ZG,2003,10.11
CHN,China,NY.GDP.MKTP.KD.ZG,2004,10.14
CHN,China,NY.GDP.MKTP.KD.ZG,2005,11.45
CHN,China,NY.GDP.MKTP.KD.ZG,2006,12.68
CHN,China,NY.GDP.MKTP.KD.ZG,2007,14.15
CHN,China,NY.GDP.MKTP.KD.ZG,2008,9.67
CHN,China,NY.GDP.MKTP.KD.ZG,2009,9.41
CHN,China,NY.GDP.MKTP.KD.ZG,2010,10.59
CHN,China,NY.GDP.MKTP.KD.ZG,2011,9.46
CHN,China,NY.GDP.MKTP.KD.ZG,2012,7.86
CHN,China,NY.GDP.MKTP.KD.ZG,2013,7.78
CHN,China,NY.GDP.MKTP.KD.ZG,2014,7.46
CHN,China,NY.GDP.MKTP.KD.ZG,2015,6.98
CHN,China,NY.GDP.MKTP.KD.ZG,2016,6.77
CHN,China,NY.GDP.MKTP.KD.ZG,2017,6.89
CHN,China,NY.GDP.MKTP.KD.ZG,2018,6.76
CHN,China,NY.GDP.MKTP.KD.ZG,2019,6.07
CHN,China,NY.GDP.MKTP.KD.ZG,2020,2.34
CHN,China,NY.GDP.MKTP.KD.ZG,2021,8.57
CHN,China,NY.GDP.MKTP.KD.ZG,2022,3.13
CHN,China,NY.GDP.MKTP.KD.ZG,2023,5.42
CHN,China,NY.GDP.MKTP.KD.ZG,2024,4.96
CHN,China,NY.GDP.MKTP.KD.ZG,2025,4.96
IND,Índia,NY.GDP.MKTP.KD.ZG,1961,3.72
IND,Índia,NY.GDP.MKTP.KD.ZG,1962,2.93
IND,Índia,NY.GDP.MKTP.KD.ZG,1963,5.99
IND,Índia,NY.GDP.MKTP.KD.ZG,1964,7.45
IND,Índia,NY.GDP.MKTP.KD.ZG,1965,-2.64
IND,Índia,NY.GDP.MKTP.KD.ZG,1966,-0.06
IND,Índia,NY.GDP.MKTP.KD.ZG,1967,7.83
IND,Índia,NY.GDP.MKTP.KD.ZG,1968,3.39
IND,Índia,NY.GDP.MKTP.KD.ZG,1969,6.54
IND,Índia,NY.GDP.MKTP.KD.ZG,1970,5.16
IND,Índia,NY.GDP.MKTP.KD.ZG,1971,1.64
IND,Índia,NY.GDP.MKTP.KD.ZG,1972,-0.55
IND,Índia,NY.GDP.MKTP.KD.ZG,1973,3.30
IND,Índia,NY.GDP.MKTP.KD.ZG,1974,1.19
IND,Índia,NY.GDP.MKTP.KD.ZG,1975,9.15
IND,Índia,NY.GDP.MKTP.KD.ZG,1976,1.66
IND,Índia,NY.GDP.MKTP.KD.ZG,1977,7.25
IND,Índia,NY.GDP.MKTP.KD.ZG,1978,5.71
IND,Índia,NY.GDP.MKTP.KD.ZG,1979,-5.24
IND,Índia,NY.GDP.MKTP.KD.ZG,1980,6.74
IND,Índia,NY.GDP.MKTP.KD.ZG,1981,6.01
IND,Índia,NY.GDP.MKTP.KD.ZG,1982,3.48
IND,Índia,NY.GDP.MKTP.KD.ZG,1983,7.29
IND,Índia,NY.GDP.MKTP.KD.ZG,1984,3.82
IND,Índia,NY.GDP.MKTP.KD.ZG,1985,5.25
IND,Índia,NY.GDP.MKTP.KD.ZG,1986,4.78
IND,Índia,NY.GDP.MKTP.KD.ZG,1987,3.97
IND,Índia,NY.GDP.MKTP.KD.ZG,1988,9.63
IND,Índia,NY.GDP.MKTP.KD.ZG,1989,5.95
IND,Índia,NY.GDP.MKTP.KD.ZG,1990,5.53
IND,Índia,NY.GDP.MKTP.KD.ZG,1991,1.06
IND,Índia,NY.GDP.MKTP.KD.ZG,1992,5.48
IND,Índia,NY.GDP.MKTP.KD.ZG,1993,4.75
IND,Índia,NY.GDP.MKTP.KD.ZG,1994,6.66
IND,Índia,NY.GDP.MKTP.KD.ZG,1995,7.57
IND,Índia,NY.GDP.MKTP.KD.ZG,1996,7.55
IND,Índia,NY.GDP.MKTP.KD.ZG,1997,4.05
IND,Índia,NY.GDP.MKTP.KD.ZG,1998,6.18
IND,Índia,NY.GDP.MKTP.KD.ZG,1999,8.85
IND,Índia,NY.GDP.MKTP.KD.ZG,2000,3.84
IND,Índia,NY.GDP.MKTP.KD.ZG,2001,4.82
IND,Índia,NY.GDP.MKTP.KD.ZG,2002,3.80
IND,Índia,NY.GDP.MKTP.KD.ZG,2003,7.86
IND,Índia,NY.GDP.MKTP.KD.ZG,2004,7.92
IND,Índia,NY.GDP.MKTP.KD.ZG,2005,7.92
IND,Índia,NY.GDP.MKTP.KD.ZG,2006,8.06
IND,Índia,NY.GDP.MKTP.KD.ZG,2007,7.66
IND,Índia,NY.GDP.MKTP.KD.ZG,2008,3.09
IND,Índia,NY.GDP.MKTP.KD.ZG,2009,7.86
IND,Índia,NY.GDP.MKTP.KD.ZG,2010,8.50
IND,Índia,NY.GDP.MKTP.KD.ZG,2011,5.24
IND,Índia,NY.GDP.MKTP.KD.ZG,2012,5.46
IND,Índia,NY.GDP.MKTP.KD.ZG,2013,6.39
IND,Índia,NY.GDP.MKTP.KD.ZG,2014,7.41
IND,Índia,NY.GDP.MKTP.KD.ZG,2015,8.00
IND,Índia,NY.GDP.MKTP.KD.ZG,2016,8.26
IND,Índia,NY.GDP.MKTP.KD.ZG,2017,6.80
IND,Índia,NY.GDP.MKTP.KD.ZG,2018,6.45
IND,Índia,NY.GDP.MKTP.KD.ZG,2019,3.87
IND,Índia,NY.GDP.MKTP.KD.ZG,2020,-5.78
IND,Índia,NY.GDP.MKTP.KD.ZG,2021,9.69
IND,Índia,NY.GDP.MKTP.KD.ZG,2022,7.61
IND,Índia,NY.GDP.MKTP.KD.ZG,2023,7.21
IND,Índia,NY.GDP.MKTP.KD.ZG,2024,7.10
IND,Índia,NY.GDP.MKTP.KD.ZG,2025,7.57
KOR,Coreia do Sul,NY.GDP.MKTP.KD.ZG,1961,6.92
KOR,Coreia do Sul,NY.GDP.MKTP.KD.ZG,1962,3.92
KOR,Coreia do Sul,NY.GDP.MKTP.KD.ZG,1963,9.01
KOR,Coreia do Sul,NY.GDP.MKTP.KD.ZG,1964,9.43
KOR,Coreia do Sul,NY.GDP.MKTP.KD.ZG,1965,7.31
KOR,Coreia do Sul,NY.GDP.MKTP.KD.ZG,1966,12.01
KOR,Coreia do Sul,NY.GDP.MKTP.KD.ZG,1967,9.15
KOR,Coreia do Sul,NY.GDP.MKTP.KD.ZG,1968,13.22
KOR,Coreia do Sul,NY.GDP.MKTP.KD.ZG,1969,14.59
KOR,Coreia do Sul,NY.GDP.MKTP.KD.ZG,1970,10.17
KOR,Coreia do Sul,NY.GDP.MKTP.KD.ZG,1971,10.65
KOR,Coreia do Sul,NY.GDP.MKTP.KD.ZG,1972,7.34
KOR,Coreia do Sul,NY.GDP.MKTP.KD.ZG,1973,14.97
KOR,Coreia do Sul,NY.GDP.MKTP.KD.ZG,1974,9.65
KOR,Coreia do Sul,NY.GDP.MKTP.KD.ZG,1975,7.93
KOR,Coreia do Sul,NY.GDP.MKTP.KD.ZG,1976,13.26
KOR,Coreia do Sul,NY.GDP.MKTP.KD.ZG,1977,12.38
KOR,Coreia do Sul,NY.GDP.MKTP.KD.ZG,1978,11.07
KOR,Coreia do Sul,NY.GDP.MKTP.KD.ZG,1979,8.74
KOR,Coreia do Sul,NY.GDP.MKTP.KD.ZG,1980,-1.52
KOR,Coreia do Sul,NY.GDP.MKTP.KD.ZG,1981,7.40
KOR,Coreia do Sul,NY.GDP.MKTP.KD.ZG,1982,8.47
KOR,Coreia do Sul,NY.GDP.MKTP.KD.ZG,1983,13.47
KOR,Coreia do Sul,NY.GDP.MKTP.KD.ZG,1984,10.64
KOR,Coreia do Sul,NY.GDP.MKTP.KD.ZG,1985,7.94
KOR,Coreia do Sul,NY.GDP.MKTP.KD.ZG,1986,11.50
KOR,Coreia do Sul,NY.GDP.MKTP.KD.ZG,1987,12.89
KOR,Coreia do Sul,NY.GDP.MKTP.KD.ZG,1988,12.13
KOR,Coreia do Sul,NY.GDP.MKTP.KD.ZG,1989,7.17
KOR,Coreia do Sul,NY.GDP.MKTP.KD.ZG,1990,10.02
KOR,Coreia do Sul,NY.GDP.MKTP.KD.ZG,1991,10.87
KOR,Coreia do Sul,NY.GDP.MKTP.KD.ZG,1992,6.35
KOR,Coreia do Sul,NY.GDP.MKTP.KD.ZG,1993,6.99
KOR,Coreia do Sul,NY.GDP.MKTP.KD.ZG,1994,9.37
KOR,Coreia do Sul,NY.GDP.MKTP.KD.ZG,1995,9.74
KOR,Coreia do Sul,NY.GDP.MKTP.KD.ZG,1996,7.99
KOR,Coreia do Sul,NY.GDP.MKTP.KD.ZG,1997,6.28
KOR,Coreia do Sul,NY.GDP.MKTP.KD.ZG,1998,-4.94
KOR,Coreia do Sul,NY.GDP.MKTP.KD.ZG,1999,11.62
KOR,Coreia do Sul,NY.GDP.MKTP.KD.ZG,2000,9.20
KOR,Coreia do Sul,NY.GDP.MKTP.KD.ZG,2001,4.73
KOR,Coreia do Sul,NY.GDP.MKTP.KD.ZG,2002,7.74
KOR,Coreia do Sul,NY.GDP.MKTP.KD.ZG,2003,3.07
KOR,Coreia do Sul,NY.GDP.MKTP.KD.ZG,2004,5.18
KOR,Coreia do Sul,NY.GDP.MKTP.KD.ZG,2005,4.36
KOR,Coreia do Sul,NY.GDP.MKTP.KD.ZG,2006,5.25
KOR,Coreia do Sul,NY.GDP.MKTP.KD.ZG,2007,5.84
KOR,Coreia do Sul,NY.GDP.MKTP.KD.ZG,2008,3.00
KOR,Coreia do Sul,NY.GDP.MKTP.KD.ZG,2009,0.82
KOR,Coreia do Sul,NY.GDP.MKTP.KD.ZG,2010,6.98
KOR,Coreia do Sul,NY.GDP.MKTP.KD.ZG,2011,3.69
KOR,Coreia do Sul,NY.GDP.MKTP.KD.ZG,2012,2.55
KOR,Coreia do Sul,NY.GDP.MKTP.KD.ZG,2013,3.29
KOR,Coreia do Sul,NY.GDP.MKTP.KD.ZG,2014,3.21
KOR,Coreia do Sul,NY.GDP.MKTP.KD.ZG,2015,2.92
KOR,Coreia do Sul,NY.GDP.MKTP.KD.ZG,2016,3.17
KOR,Coreia do Sul,NY.GDP.MKTP.KD.ZG,2017,3.43
KOR,Coreia do Sul,NY.GDP.MKTP.KD.ZG,2018,3.18
KOR,Coreia do Sul,NY.GDP.MKTP.KD.ZG,2019,2.31
KOR,Coreia do Sul,NY.GDP.MKTP.KD.ZG,2020,-0.70
KOR,Coreia do Sul,NY.GDP.MKTP.KD.ZG,2021,4.61
KOR,Coreia do Sul,NY.GDP.MKTP.KD.ZG,2022,2.73
KOR,Coreia do Sul,NY.GDP.MKTP.KD.ZG,2023,1.58
KOR,Coreia do Sul,NY.GDP.MKTP.KD.ZG,2024,2.00
KOR,Coreia do Sul,NY.GDP.MKTP.KD.ZG,2025,1.01
ZAF,África do Sul,NY.GDP.MKTP.KD.ZG,1961,3.84
ZAF,África do Sul,NY.GDP.MKTP.KD.ZG,1962,6.18
ZAF,África do Sul,NY.GDP.MKTP.KD.ZG,1963,7.37
ZAF,África do Sul,NY.GDP.MKTP.KD.ZG,1964,7.94
ZAF,África do Sul,NY.GDP.MKTP.KD.ZG,1965,6.12
ZAF,África do Sul,NY.GDP.MKTP.KD.ZG,1966,4.44
ZAF,África do Sul,NY.GDP.MKTP.KD.ZG,1967,7.20
ZAF,África do Sul,NY.GDP.MKTP.KD.ZG,1968,4.15
ZAF,África do Sul,NY.GDP.MKTP.KD.ZG,1969,4.72
ZAF,África do Sul,NY.GDP.MKTP.KD.ZG,1970,5.25
ZAF,África do Sul,NY.GDP.MKTP.KD.ZG,1971,4.28
ZAF,África do Sul,NY.GDP.MKTP.KD.ZG,1972,1.65
ZAF,África do Sul,NY.GDP.MKTP.KD.ZG,1973,4.57
ZAF,África do Sul,NY.GDP.MKTP.KD.ZG,1974,6.11
ZAF,África do Sul,NY.GDP.MKTP.KD.ZG,1975,1.70
ZAF,África do Sul,NY.GDP.MKTP.KD.ZG,1976,2.25
ZAF,África do Sul,NY.GDP.MKTP.KD.ZG,1977,-0.09
ZAF,África do Sul,NY.GDP.MKTP.KD.ZG,1978,3.01
ZAF,África do Sul,NY.GDP.MKTP.KD.ZG,1979,3.79
ZAF,África do Sul,NY.GDP.MKTP.KD.ZG,1980,6.62
ZAF,África do Sul,NY.GDP.MKTP.KD.ZG,1981,5.36
ZAF,África do Sul,NY.GDP.MKTP.KD.ZG,1982,-0.38
ZAF,África do Sul,NY.GDP.MKTP.KD.ZG,1983,-1.85
ZAF,África do Sul,NY.GDP.MKTP.KD.ZG,1984,5.10
ZAF,África do Sul,NY.GDP.MKTP.KD.ZG,1985,-1.21
ZAF,África do Sul,NY.GDP.MKTP.KD.ZG,1986,0.02
ZAF,África do Sul,NY.GDP.MKTP.KD.ZG,1987,2.10
ZAF,África do Sul,NY.GDP.MKTP.KD.ZG,1988,4.20
ZAF,África do Sul,NY.GDP.MKTP.KD.ZG,1989,2.39
ZAF,África do Sul,NY.GDP.MKTP.KD.ZG,1990,-0.32
ZAF,África do Sul,NY.GDP.MKTP.KD.ZG,1991,-1.02
ZAF,África do Sul,NY.GDP.MKTP.KD.ZG,1992,-2.14
ZAF,África do Sul,NY.GDP.MKTP.KD.ZG,1993,1.23
ZAF,África do Sul,NY.GDP.MKTP.KD.ZG,1994,3.20
ZAF,África do Sul,NY.GDP.MKTP.KD.ZG,1995,3.10
ZAF,África do Sul,NY.GDP.MKTP.KD.ZG,1996,4.30
ZAF,África do Sul,NY.GDP.MKTP.KD.ZG,1997,2.60
ZAF,África do Sul,NY.GDP.MKTP.KD.ZG,1998,0.50
ZAF,África do Sul,NY.GDP.MKTP.KD.ZG,1999,2.40
ZAF,África do Sul,NY.GDP.MKTP.KD.ZG,2000,4.20
ZAF,África do Sul,NY.GDP.MKTP.KD.ZG,2001,2.70
ZAF,África do Sul,NY.GDP.MKTP.KD.ZG,2002,3.70
ZAF,África do Sul,NY.GDP.MKTP.KD.ZG,2003,2.95
ZAF,África do Sul,NY.GDP.MKTP.KD.ZG,2004,4.55
ZAF,África do Sul,NY.GDP.MKTP.KD.ZG,2005,5.28
ZAF,África do Sul,NY.GDP.MKTP.KD.ZG,2006,5.60
ZAF,África do Sul,NY.GDP.MKTP.KD.ZG,2007,5.36
ZAF,África do Sul,NY.GDP.MKTP.KD.ZG,2008,3.19
ZAF,África do Sul,NY.GDP.MKTP.KD.ZG,2009,-1.54
ZAF,África do Sul,NY.GDP.MKTP.KD.ZG,2010,3.04
ZAF,África do Sul,NY.GDP.MKTP.KD.ZG,2011,3.17
ZAF,África do Sul,NY.GDP.MKTP.KD.ZG,2012,2.40
ZAF,África do Sul,NY.GDP.MKTP.KD.ZG,2013,2.49
ZAF,África do Sul,NY.GDP.MKTP.KD.ZG,2014,1.41
ZAF,África do Sul,NY.GDP.MKTP.KD.ZG,2015,1.32
ZAF,África do Sul,NY.GDP.MKTP.KD.ZG,2016,0.66
ZAF,África do Sul,NY.GDP.MKTP.KD.ZG,2017,1.16
ZAF,África do Sul,NY.GDP.MKTP.KD.ZG,2018,1.56
ZAF,África do Sul,NY.GDP.MKTP.KD.ZG,2019,0.26
ZAF,África do Sul,NY.GDP.MKTP.KD.ZG,2020,-6.17
ZAF,África do Sul,NY.GDP.MKTP.KD.ZG,2021,4.86
ZAF,África do Sul,NY.GDP.MKTP.KD.ZG,2022,2.06
ZAF,África do Sul,NY.GDP.MKTP.KD.ZG,2023,0.81
ZAF,África do Sul,NY.GDP.MKTP.KD.ZG,2024,0.53
ZAF,África do Sul,NY.GDP.MKTP.KD.ZG,2025,1.11
RUS,Rússia,NY.GDP.MKTP.KD.ZG,1990,-3.00
RUS,Rússia,NY.GDP.MKTP.KD.ZG,1991,-5.05
RUS,Rússia,NY.GDP.MKTP.KD.ZG,1992,-14.53
RUS,Rússia,NY.GDP.MKTP.KD.ZG,1993,-8.67
RUS,Rússia,NY.GDP.MKTP.KD.ZG,1994,-12.57
RUS,Rússia,NY.GDP.MKTP.KD.ZG,1995,-4.14
RUS,Rússia,NY.GDP.MKTP.KD.ZG,1996,-3.76
RUS,Rússia,NY.GDP.MKTP.KD.ZG,1997,1.40
RUS,Rússia,NY.GDP.MKTP.KD.ZG,1998,-5.30
RUS,Rússia,NY.GDP.MKTP.KD.ZG,1999,6.40
RUS,Rússia,NY.GDP.MKTP.KD.ZG,2000,10.00
RUS,Rússia,NY.GDP.MKTP.KD.ZG,2001,5.10
RUS,Rússia,NY.GDP.MKTP.KD.ZG,2002,4.70
RUS,Rússia,NY.GDP.MKTP.KD.ZG,2003,7.30
RUS,Rússia,NY.GDP.MKTP.KD.ZG,2004,7.20
RUS,Rússia,NY.GDP.MKTP.KD.ZG,2005,6.40
RUS,Rússia,NY.GDP.MKTP.KD.ZG,2006,8.20
RUS,Rússia,NY.GDP.MKTP.KD.ZG,2007,8.50
RUS,Rússia,NY.GDP.MKTP.KD.ZG,2008,5.20
RUS,Rússia,NY.GDP.MKTP.KD.ZG,2009,-7.80
RUS,Rússia,NY.GDP.MKTP.KD.ZG,2010,4.50
RUS,Rússia,NY.GDP.MKTP.KD.ZG,2011,4.30
RUS,Rússia,NY.GDP.MKTP.KD.ZG,2012,4.02
RUS,Rússia,NY.GDP.MKTP.KD.ZG,2013,1.76
RUS,Rússia,NY.GDP.MKTP.KD.ZG,2014,0.74
RUS,Rússia,NY.GDP.MKTP.KD.ZG,2015,-1.97
RUS,Rússia,NY.GDP.MKTP.KD.ZG,2016,0.19
RUS,Rússia,NY.GDP.MKTP.KD.ZG,2017,1.83
RUS,Rússia,NY.GDP.MKTP.KD.ZG,2018,2.81
RUS,Rússia,NY.GDP.MKTP.KD.ZG,2019,2.20
RUS,Rússia,NY.GDP.MKTP.KD.ZG,2020,-2.65
RUS,Rússia,NY.GDP.MKTP.KD.ZG,2021,5.87
RUS,Rússia,NY.GDP.MKTP.KD.ZG,2022,-1.44
RUS,Rússia,NY.GDP.MKTP.KD.ZG,2023,4.07
RUS,Rússia,NY.GDP.MKTP.KD.ZG,2024,4.92
RUS,Rússia,NY.GDP.MKTP.KD.ZG,2025,1.00
TUR,Turquia,NY.GDP.MKTP.KD.ZG,1961,1.16
TUR,Turquia,NY.GDP.MKTP.KD.ZG,1962,5.57
TUR,Turquia,NY.GDP.MKTP.KD.ZG,1963,9.07
TUR,Turquia,NY.GDP.MKTP.KD.ZG,1964,5.46
TUR,Turquia,NY.GDP.MKTP.KD.ZG,1965,2.82
TUR,Turquia,NY.GDP.MKTP.KD.ZG,1966,11.21
TUR,Turquia,NY.GDP.MKTP.KD.ZG,1967,4.73
TUR,Turquia,NY.GDP.MKTP.KD.ZG,1968,6.78
TUR,Turquia,NY.GDP.MKTP.KD.ZG,1969,4.08
TUR,Turquia,NY.GDP.MKTP.KD.ZG,1970,3.23
TUR,Turquia,NY.GDP.MKTP.KD.ZG,1971,5.57
TUR,Turquia,NY.GDP.MKTP.KD.ZG,1972,7.43
TUR,Turquia,NY.GDP.MKTP.KD.ZG,1973,3.26
TUR,Turquia,NY.GDP.MKTP.KD.ZG,1974,5.59
TUR,Turquia,NY.GDP.MKTP.KD.ZG,1975,7.17
TUR,Turquia,NY.GDP.MKTP.KD.ZG,1976,10.46
TUR,Turquia,NY.GDP.MKTP.KD.ZG,1977,3.41
TUR,Turquia,NY.GDP.MKTP.KD.ZG,1978,1.50
TUR,Turquia,NY.GDP.MKTP.KD.ZG,1979,-0.62
TUR,Turquia,NY.GDP.MKTP.KD.ZG,1980,-2.45
TUR,Turquia,NY.GDP.MKTP.KD.ZG,1981,4.86
TUR,Turquia,NY.GDP.MKTP.KD.ZG,1982,3.56
TUR,Turquia,NY.GDP.MKTP.KD.ZG,1983,4.97
TUR,Turquia,NY.GDP.MKTP.KD.ZG,1984,6.71
TUR,Turquia,NY.GDP.MKTP.KD.ZG,1985,4.24
TUR,Turquia,NY.GDP.MKTP.KD.ZG,1986,7.01
TUR,Turquia,NY.GDP.MKTP.KD.ZG,1987,9.49
TUR,Turquia,NY.GDP.MKTP.KD.ZG,1988,2.32
TUR,Turquia,NY.GDP.MKTP.KD.ZG,1989,0.29
TUR,Turquia,NY.GDP.MKTP.KD.ZG,1990,9.27
TUR,Turquia,NY.GDP.MKTP.KD.ZG,1991,0.72
TUR,Turquia,NY.GDP.MKTP.KD.ZG,1992,5.04
TUR,Turquia,NY.GDP.MKTP.KD.ZG,1993,7.65
TUR,Turquia,NY.GDP.MKTP.KD.ZG,1994,-4.67
TUR,Turquia,NY.GDP.MKTP.KD.ZG,1995,7.88
TUR,Turquia,NY.GDP.MKTP.KD.ZG,1996,7.16
TUR,Turquia,NY.GDP.MKTP.KD.ZG,1997,7.36
TUR,Turquia,NY.GDP.MKTP.KD.ZG,1998,1.91
TUR,Turquia,NY.GDP.MKTP.KD.ZG,1999,-3.05
TUR,Turquia,NY.GDP.MKTP.KD.ZG,2000,6.99
TUR,Turquia,NY.GDP.MKTP.KD.ZG,2001,-5.46
TUR,Turquia,NY.GDP.MKTP.KD.ZG,2002,6.44
TUR,Turquia,NY.GDP.MKTP.KD.ZG,2003,5.80
TUR,Turquia,NY.GDP.MKTP.KD.ZG,2004,9.93
TUR,Turquia,NY.GDP.MKTP.KD.ZG,2005,9.11
TUR,Turquia,NY.GDP.MKTP.KD.ZG,2006,7.07
TUR,Turquia,NY.GDP.MKTP.KD.ZG,2007,5.11
TUR,Turquia,NY.GDP.MKTP.KD.ZG,2008,0.92
TUR,Turquia,NY.GDP.MKTP.KD.ZG,2009,-4.88
TUR,Turquia,NY.GDP.MKTP.KD.ZG,2010,8.54
TUR,Turquia,NY.GDP.MKTP.KD.ZG,2011,10.98
TUR,Turquia,NY.GDP.MKTP.KD.ZG,2012,4.81
TUR,Turquia,NY.GDP.MKTP.KD.ZG,2013,8.49
TUR,Turquia,NY.GDP.MKTP.KD.ZG,2014,4.60
TUR,Turquia,NY.GDP.MKTP.KD.ZG,2015,5.81
TUR,Turquia,NY.GDP.MKTP.KD.ZG,2016,3.32
TUR,Turquia,NY.GDP.MKTP.KD.ZG,2017,7.83
TUR,Turquia,NY.GDP.MKTP.KD.ZG,2018,3.47
TUR,Turquia,NY.GDP.MKTP.KD.ZG,2019,1.30
TUR,Turquia,NY.GDP.MKTP.KD.ZG,2020,1.80
TUR,Turquia,NY.GDP.MKTP.KD.ZG,2021,11.81
TUR,Turquia,NY.GDP.MKTP.KD.ZG,2022,5.44
TUR,Turquia,NY.GDP.MKTP.KD.ZG,2023,5.05
TUR,Turquia,NY.GDP.MKTP.KD.ZG,2024,3.33
TUR,Turquia,NY.GDP.MKTP.KD.ZG,2025,3.60
IDN,Indonésia,NY.GDP.MKTP.KD.ZG,1961,5.74
IDN,Indonésia,NY.GDP.MKTP.KD.ZG,1962,1.84
IDN,Indonésia,NY.GDP.MKTP.KD.ZG,1963,-2.24
IDN,Indonésia,NY.GDP.MKTP.KD.ZG,1964,3.53
IDN,Indonésia,NY.GDP.MKTP.KD.ZG,1965,1.08
IDN,Indonésia,NY.GDP.MKTP.KD.ZG,1966,2.79
IDN,Indonésia,NY.GDP.MKTP.KD.ZG,1967,1.38
IDN,Indonésia,NY.GDP.MKTP.KD.ZG,1968,10.92
IDN,Indonésia,NY.GDP.MKTP.KD.ZG,1969,6.82
IDN,Indonésia,NY.GDP.MKTP.KD.ZG,1970,7.55
IDN,Indonésia,NY.GDP.MKTP.KD.ZG,1971,7.02
IDN,Indonésia,NY.GDP.MKTP.KD.ZG,1972,7.04
IDN,Indonésia,NY.GDP.MKTP.KD.ZG,1973,8.10
IDN,Indonésia,NY.GDP.MKTP.KD.ZG,1974,7.63
IDN,Indonésia,NY.GDP.MKTP.KD.ZG,1975,4.98
IDN,Indonésia,NY.GDP.MKTP.KD.ZG,1976,6.89
IDN,Indonésia,NY.GDP.MKTP.KD.ZG,1977,8.76
IDN,Indonésia,NY.GDP.MKTP.KD.ZG,1978,6.77
IDN,Indonésia,NY.GDP.MKTP.KD.ZG,1979,7.32
IDN,Indonésia,NY.GDP.MKTP.KD.ZG,1980,9.88
IDN,Indonésia,NY.GDP.MKTP.KD.ZG,1981,7.93
IDN,Indonésia,NY.GDP.MKTP.KD.ZG,1982,2.25
IDN,Indonésia,NY.GDP.MKTP.KD.ZG,1983,4.19
IDN,Indonésia,NY.GDP.MKTP.KD.ZG,1984,6.98
IDN,Indonésia,NY.GDP.MKTP.KD.ZG,1985,2.46
IDN,Indonésia,NY.GDP.MKTP.KD.ZG,1986,5.88
IDN,Indonésia,NY.GDP.MKTP.KD.ZG,1987,4.93
IDN,Indonésia,NY.GDP.MKTP.KD.ZG,1988,5.78
IDN,Indonésia,NY.GDP.MKTP.KD.ZG,1989,7.46
IDN,Indonésia,NY.GDP.MKTP.KD.ZG,1990,7.24
IDN,Indonésia,NY.GDP.MKTP.KD.ZG,1991,6.91
IDN,Indonésia,NY.GDP.MKTP.KD.ZG,1992,6.50
IDN,Indonésia,NY.GDP.MKTP.KD.ZG,1993,6.50
IDN,Indonésia,NY.GDP.MKTP.KD.ZG,1994,7.54
IDN,Indonésia,NY.GDP.MKTP.KD.ZG,1995,8.22
IDN,Indonésia,NY.GDP.MKTP.KD.ZG,1996,7.82
IDN,Indonésia,NY.GDP.MKTP.KD.ZG,1997,4.70
IDN,Indonésia,NY.GDP.MKTP.KD.ZG,1998,-13.13
IDN,Indonésia,NY.GDP.MKTP.KD.ZG,1999,0.79
IDN,Indonésia,NY.GDP.MKTP.KD.ZG,2000,4.92
IDN,Indonésia,NY.GDP.MKTP.KD.ZG,2001,3.64
IDN,Indonésia,NY.GDP.MKTP.KD.ZG,2002,4.50
IDN,Indonésia,NY.GDP.MKTP.KD.ZG,2003,4.78
IDN,Indonésia,NY.GDP.MKTP.KD.ZG,2004,5.03
IDN,Indonésia,NY.GDP.MKTP.KD.ZG,2005,5.69
IDN,Indonésia,NY.GDP.MKTP.KD.ZG,2006,5.50
IDN,Indonésia,NY.GDP.MKTP.KD.ZG,2007,6.35
IDN,Indonésia,NY.GDP.MKTP.KD.ZG,2008,6.01
IDN,Indonésia,NY.GDP.MKTP.KD.ZG,2009,4.63
IDN,Indonésia,NY.GDP.MKTP.KD.ZG,2010,6.22
IDN,Indonésia,NY.GDP.MKTP.KD.ZG,2011,6.17
IDN,Indonésia,NY.GDP.MKTP.KD.ZG,2012,6.03
IDN,Indonésia,NY.GDP.MKTP.KD.ZG,2013,5.56
IDN,Indonésia,NY.GDP.MKTP.KD.ZG,2014,5.01
IDN,Indonésia,NY.GDP.MKTP.KD.ZG,2015,4.88
IDN,Indonésia,NY.GDP.MKTP.KD.ZG,2016,5.03
IDN,Indonésia,NY.GDP.MKTP.KD.ZG,2017,5.07
IDN,Indonésia,NY.GDP.MKTP.KD.ZG,2018,5.17
IDN,Indonésia,NY.GDP.MKTP.KD.ZG,2019,5.02
IDN,Indonésia,NY.GDP.MKTP.KD.ZG,2020,-2.07
IDN,Indonésia,NY.GDP.MKTP.KD.ZG,2021,3.70
IDN,Indonésia,NY.GDP.MKTP.KD.ZG,2022,5.31
IDN,Indonésia,NY.GDP.MKTP.KD.ZG,2023,5.05
IDN,Indonésia,NY.GDP.MKTP.KD.ZG,2024,5.03
IDN,Indonésia,NY.GDP.MKTP.KD.ZG,2025,5.11
WLD,Mundo,NY.GDP.MKTP.KD.ZG,1961,3.91
WLD,Mundo,NY.GDP.MKTP.KD.ZG,1962,5.32
WLD,Mundo,NY.GDP.MKTP.KD.ZG,1963,5.02
WLD,Mundo,NY.GDP.MKTP.KD.ZG,1964,6.63
WLD,Mundo,NY.GDP.MKTP.KD.ZG,1965,5.63
WLD,Mundo,NY.GDP.MKTP.KD.ZG,1966,5.42
WLD,Mundo,NY.GDP.MKTP.KD.ZG,1967,3.74
WLD,Mundo,NY.GDP.MKTP.KD.ZG,1968,5.95
WLD,Mundo,NY.GDP.MKTP.KD.ZG,1969,5.96
WLD,Mundo,NY.GDP.MKTP.KD.ZG,1970,3.77
WLD,Mundo,NY.GDP.MKTP.KD.ZG,1971,4.11
WLD,Mundo,NY.GDP.MKTP.KD.ZG,1972,5.54
WLD,Mundo,NY.GDP.MKTP.KD.ZG,1973,6.46
WLD,Mundo,NY.GDP.MKTP.KD.ZG,1974,1.99
WLD,Mundo,NY.GDP.MKTP.KD.ZG,1975,0.81
WLD,Mundo,NY.GDP.MKTP.KD.ZG,1976,5.22
WLD,Mundo,NY.GDP.MKTP.KD.ZG,1977,3.94
WLD,Mundo,NY.GDP.MKTP.KD.ZG,1978,4.14
WLD,Mundo,NY.GDP.MKTP.KD.ZG,1979,4.14
WLD,Mundo,NY.GDP.MKTP.KD.ZG,1980,1.82
WLD,Mundo,NY.GDP.MKTP.KD.ZG,1981,1.89
WLD,Mundo,NY.GDP.MKTP.KD.ZG,1982,0.41
WLD,Mundo,NY.GDP.MKTP.KD.ZG,1983,2.58
WLD,Mundo,NY.GDP.MKTP.KD.ZG,1984,4.73
WLD,Mundo,NY.GDP.MKTP.KD.ZG,1985,3.66
WLD,Mundo,NY.GDP.MKTP.KD.ZG,1986,3.31
WLD,Mundo,NY.GDP.MKTP.KD.ZG,1987,3.75
WLD,Mundo,NY.GDP.MKTP.KD.ZG,1988,4.53
WLD,Mundo,NY.GDP.MKTP.KD.ZG,1989,3.64
WLD,Mundo,NY.GDP.MKTP.KD.ZG,1990,2.71
WLD,Mundo,NY.GDP.MKTP.KD.ZG,1991,1.23
WLD,Mundo,NY.GDP.MKTP.KD.ZG,1992,2.06
WLD,Mundo,NY.GDP.MKTP.KD.ZG,1993,1.86
WLD,Mundo,NY.GDP.MKTP.KD.ZG,1994,3.42
WLD,Mundo,NY.GDP.MKTP.KD.ZG,1995,3.18
WLD,Mundo,NY.GDP.MKTP.KD.ZG,1996,3.59
WLD,Mundo,NY.GDP.MKTP.KD.ZG,1997,4.00
WLD,Mundo,NY.GDP.MKTP.KD.ZG,1998,2.78
WLD,Mundo,NY.GDP.MKTP.KD.ZG,1999,3.58
WLD,Mundo,NY.GDP.MKTP.KD.ZG,2000,4.57
WLD,Mundo,NY.GDP.MKTP.KD.ZG,2001,2.03
WLD,Mundo,NY.GDP.MKTP.KD.ZG,2002,2.32
WLD,Mundo,NY.GDP.MKTP.KD.ZG,2003,3.07
WLD,Mundo,NY.GDP.MKTP.KD.ZG,2004,4.50
WLD,Mundo,NY.GDP.MKTP.KD.ZG,2005,4.06
WLD,Mundo,NY.GDP.MKTP.KD.ZG,2006,4.49
WLD,Mundo,NY.GDP.MKTP.KD.ZG,2007,4.43
WLD,Mundo,NY.GDP.MKTP.KD.ZG,2008,2.09
WLD,Mundo,NY.GDP.MKTP.KD.ZG,2009,-1.33
WLD,Mundo,NY.GDP.MKTP.KD.ZG,2010,4.52
WLD,Mundo,NY.GDP.MKTP.KD.ZG,2011,3.31
WLD,Mundo,NY.GDP.MKTP.KD.ZG,2012,2.75
WLD,Mundo,NY.GDP.MKTP.KD.ZG,2013,2.89
WLD,Mundo,NY.GDP.MKTP.KD.ZG,2014,3.17
WLD,Mundo,NY.GDP.MKTP.KD.ZG,2015,3.13
WLD,Mundo,NY.GDP.MKTP.KD.ZG,2016,2.79
WLD,Mundo,NY.GDP.MKTP.KD.ZG,2017,3.45
WLD,Mundo,NY.GDP.MKTP.KD.ZG,2018,3.29
WLD,Mundo,NY.GDP.MKTP.KD.ZG,2019,2.68
WLD,Mundo,NY.GDP.MKTP.KD.ZG,2020,-2.89
WLD,Mundo,NY.GDP.MKTP.KD.ZG,2021,6.49
WLD,Mundo,NY.GDP.MKTP.KD.ZG,2022,3.44
WLD,Mundo,NY.GDP.MKTP.KD.ZG,2023,2.86
WLD,Mundo,NY.GDP.MKTP.KD.ZG,2024,2.90
WLD,Mundo,NY.GDP.MKTP.KD.ZG,2025,2.92
LCN,América Latina e Caribe,NY.GDP.MKTP.KD.ZG,1961,6.02
LCN,América Latina e Caribe,NY.GDP.MKTP.KD.ZG,1962,4.50
LCN,América Latina e Caribe,NY.GDP.MKTP.KD.ZG,1963,2.15
LCN,América Latina e Caribe,NY.GDP.MKTP.KD.ZG,1964,7.46
LCN,América Latina e Caribe,NY.GDP.MKTP.KD.ZG,1965,5.59
LCN,América Latina e Caribe,NY.GDP.MKTP.KD.ZG,1966,4.78
LCN,América Latina e Caribe,NY.GDP.MKTP.KD.ZG,1967,4.27
LCN,América Latina e Caribe,NY.GDP.MKTP.KD.ZG,1968,7.12
LCN,América Latina e Caribe,NY.GDP.MKTP.KD.ZG,1969,6.57
LCN,América Latina e Caribe,NY.GDP.MKTP.KD.ZG,1970,6.59
LCN,América Latina e Caribe,NY.GDP.MKTP.KD.ZG,1971,6.65
LCN,América Latina e Caribe,NY.GDP.MKTP.KD.ZG,1972,6.94
LCN,América Latina e Caribe,NY.GDP.MKTP.KD.ZG,1973,7.95
LCN,América Latina e Caribe,NY.GDP.MKTP.KD.ZG,1974,6.06
LCN,América Latina e Caribe,NY.GDP.MKTP.KD.ZG,1975,3.59
LCN,América Latina e Caribe,NY.GDP.MKTP.KD.ZG,1976,5.50
LCN,América Latina e Caribe,NY.GDP.MKTP.KD.ZG,1977,4.92
LCN,América Latina e Caribe,NY.GDP.MKTP.KD.ZG,1978,4.45
LCN,América Latina e Caribe,NY.GDP.MKTP.KD.ZG,1979,7.15
LCN,América Latina e Caribe,NY.GDP.MKTP.KD.ZG,1980,6.26
LCN,América Latina e Caribe,NY.GDP.MKTP.KD.ZG,1981,1.15
LCN,América Latina e Caribe,NY.GDP.MKTP.KD.ZG,1982,-0.09
LCN,América Latina e Caribe,NY.GDP.MKTP.KD.ZG,1983,-2.52
LCN,América Latina e Caribe,NY.GDP.MKTP.KD.ZG,1984,3.92
LCN,América Latina e Caribe,NY.GDP.MKTP.KD.ZG,1985,3.04
LCN,América Latina e Caribe,NY.GDP.MKTP.KD.ZG,1986,3.55
LCN,América Latina e Caribe,NY.GDP.MKTP.KD.ZG,1987,3.35
LCN,América Latina e Caribe,NY.GDP.MKTP.KD.ZG,1988,0.79
LCN,América Latina e Caribe,NY.GDP.MKTP.KD.ZG,1989,1.21
LCN,América Latina e Caribe,NY.GDP.MKTP.KD.ZG,1990,-0.17
LCN,América Latina e Caribe,NY.GDP.MKTP.KD.ZG,1991,3.18
LCN,América Latina e Caribe,NY.GDP.MKTP.KD.ZG,1992,2.67
LCN,América Latina e Caribe,NY.GDP.MKTP.KD.ZG,1993,4.27
LCN,América Latina e Caribe,NY.GDP.MKTP.KD.ZG,1994,5.04
LCN,América Latina e Caribe,NY.GDP.MKTP.KD.ZG,1995,0.95
LCN,América Latina e Caribe,NY.GDP.MKTP.KD.ZG,1996,3.90
LCN,América Latina e Caribe,NY.GDP.MKTP.KD.ZG,1997,5.46
LCN,América Latina e Caribe,NY.GDP.MKTP.KD.ZG,1998,2.93
LCN,América Latina e Caribe,NY.GDP.MKTP.KD.ZG,1999,0.54
LCN,América Latina e Caribe,NY.GDP.MKTP.KD.ZG,2000,3.62
LCN,América Latina e Caribe,NY.GDP.MKTP.KD.ZG,2001,0.53
LCN,América Latina e Caribe,NY.GDP.MKTP.KD.ZG,2002,0.22
LCN,América Latina e Caribe,NY.GDP.MKTP.KD.ZG,2003,2.21
LCN,América Latina e Caribe,NY.GDP.MKTP.KD.ZG,2004,5.72
LCN,América Latina e Caribe,NY.GDP.MKTP.KD.ZG,2005,4.09
LCN,América Latina e Caribe,NY.GDP.MKTP.KD.ZG,2006,5.26
LCN,América Latina e Caribe,NY.GDP.MKTP.KD.ZG,2007,5.29
LCN,América Latina e Caribe,NY.GDP.MKTP.KD.ZG,2008,3.69
LCN,América Latina e Caribe,NY.GDP.MKTP.KD.ZG,2009,-2.30
LCN,América Latina e Caribe,NY.GDP.MKTP.KD.ZG,2010,6.15
LCN,América Latina e Caribe,NY.GDP.MKTP.KD.ZG,2011,4.40
LCN,América Latina e Caribe,NY.GDP.MKTP.KD.ZG,2012,2.65
LCN,América Latina e Caribe,NY.GDP.MKTP.KD.ZG,2013,2.72
LCN,América Latina e Caribe,NY.GDP.MKTP.KD.ZG,2014,1.20
LCN,América Latina e Caribe,NY.GDP.MKTP.KD.ZG,2015,0.24
LCN,América Latina e Caribe,NY.GDP.MKTP.KD.ZG,2016,-0.73
LCN,América Latina e Caribe,NY.GDP.MKTP.KD.ZG,2017,1.55
LCN,América Latina e Caribe,NY.GDP.MKTP.KD.ZG,2018,1.22
LCN,América Latina e Caribe,NY.GDP.MKTP.KD.ZG,2019,0.32
LCN,América Latina e Caribe,NY.GDP.MKTP.KD.ZG,2020,-6.86
LCN,América Latina e Caribe,NY.GDP.MKTP.KD.ZG,2021,7.08
LCN,América Latina e Caribe,NY.GDP.MKTP.KD.ZG,2022,4.09
LCN,América Latina e Caribe,NY.GDP.MKTP.KD.ZG,2023,2.21
LCN,América Latina e Caribe,NY.GDP.MKTP.KD.ZG,2024,2.25
LCN,América Latina e Caribe,NY.GDP.MKTP.KD.ZG,2025,2.32
UMC,Países de renda média-alta,NY.GDP.MKTP.KD.ZG,1961,0.53
UMC,Países de renda média-alta,NY.GDP.MKTP.KD.ZG,1962,3.16
UMC,Países de renda média-alta,NY.GDP.MKTP.KD.ZG,1963,4.55
UMC,Países de renda média-alta,NY.GDP.MKTP.KD.ZG,1964,8.56
UMC,Países de renda média-alta,NY.GDP.MKTP.KD.ZG,1965,7.61
UMC,Países de renda média-alta,NY.GDP.MKTP.KD.ZG,1966,6.21
UMC,Países de renda média-alta,NY.GDP.MKTP.KD.ZG,1967,3.84
UMC,Países de renda média-alta,NY.GDP.MKTP.KD.ZG,1968,6.89
UMC,Países de renda média-alta,NY.GDP.MKTP.KD.ZG,1969,8.27
UMC,Países de renda média-alta,NY.GDP.MKTP.KD.ZG,1970,8.26
UMC,Países de renda média-alta,NY.GDP.MKTP.KD.ZG,1971,6.61
UMC,Países de renda média-alta,NY.GDP.MKTP.KD.ZG,1972,7.62
UMC,Países de renda média-alta,NY.GDP.MKTP.KD.ZG,1973,7.77
UMC,Países de renda média-alta,NY.GDP.MKTP.KD.ZG,1974,6.28
UMC,Países de renda média-alta,NY.GDP.MKTP.KD.ZG,1975,4.56
UMC,Países de renda média-alta,NY.GDP.MKTP.KD.ZG,1976,6.59
UMC,Países de renda média-alta,NY.GDP.MKTP.KD.ZG,1977,4.36
UMC,Países de renda média-alta,NY.GDP.MKTP.KD.ZG,1978,3.84
UMC,Países de renda média-alta,NY.GDP.MKTP.KD.ZG,1979,5.62
UMC,Países de renda média-alta,NY.GDP.MKTP.KD.ZG,1980,4.68
UMC,Países de renda média-alta,NY.GDP.MKTP.KD.ZG,1981,1.98
UMC,Países de renda média-alta,NY.GDP.MKTP.KD.ZG,1982,3.15
UMC,Países de renda média-alta,NY.GDP.MKTP.KD.ZG,1983,1.46
UMC,Países de renda média-alta,NY.GDP.MKTP.KD.ZG,1984,5.05
UMC,Países de renda média-alta,NY.GDP.MKTP.KD.ZG,1985,4.41
UMC,Países de renda média-alta,NY.GDP.MKTP.KD.ZG,1986,3.68
UMC,Países de renda média-alta,NY.GDP.MKTP.KD.ZG,1987,4.91
UMC,Países de renda média-alta,NY.GDP.MKTP.KD.ZG,1988,3.47
UMC,Países de renda média-alta,NY.GDP.MKTP.KD.ZG,1989,3.02
UMC,Países de renda média-alta,NY.GDP.MKTP.KD.ZG,1990,2.76
UMC,Países de renda média-alta,NY.GDP.MKTP.KD.ZG,1991,3.07
UMC,Países de renda média-alta,NY.GDP.MKTP.KD.ZG,1992,4.52
UMC,Países de renda média-alta,NY.GDP.MKTP.KD.ZG,1993,5.87
UMC,Países de renda média-alta,NY.GDP.MKTP.KD.ZG,1994,5.57
UMC,Países de renda média-alta,NY.GDP.MKTP.KD.ZG,1995,4.53
UMC,Países de renda média-alta,NY.GDP.MKTP.KD.ZG,1996,6.24
UMC,Países de renda média-alta,NY.GDP.MKTP.KD.ZG,1997,6.10
UMC,Países de renda média-alta,NY.GDP.MKTP.KD.ZG,1998,2.95
UMC,Países de renda média-alta,NY.GDP.MKTP.KD.ZG,1999,3.28
UMC,Países de renda média-alta,NY.GDP.MKTP.KD.ZG,2000,5.99
UMC,Países de renda média-alta,NY.GDP.MKTP.KD.ZG,2001,3.47
UMC,Países de renda média-alta,NY.GDP.MKTP.KD.ZG,2002,4.86
UMC,Países de renda média-alta,NY.GDP.MKTP.KD.ZG,2003,5.93
UMC,Países de renda média-alta,NY.GDP.MKTP.KD.ZG,2004,7.86
UMC,Países de renda média-alta,NY.GDP.MKTP.KD.ZG,2005,7.53
UMC,Países de renda média-alta,NY.GDP.MKTP.KD.ZG,2006,8.55
UMC,Países de renda média-alta,NY.GDP.MKTP.KD.ZG,2007,9.35
UMC,Países de renda média-alta,NY.GDP.MKTP.KD.ZG,2008,6.28
UMC,Países de renda média-alta,NY.GDP.MKTP.KD.ZG,2009,3.53
UMC,Países de renda média-alta,NY.GDP.MKTP.KD.ZG,2010,8.48
UMC,Países de renda média-alta,NY.GDP.MKTP.KD.ZG,2011,6.86
UMC,Países de renda média-alta,NY.GDP.MKTP.KD.ZG,2012,5.80
UMC,Países de renda média-alta,NY.GDP.MKTP.KD.ZG,2013,5.67
UMC,Países de renda média-alta,NY.GDP.MKTP.KD.ZG,2014,5.02
UMC,Países de renda média-alta,NY.GDP.MKTP.KD.ZG,2015,4.56
UMC,Países de renda média-alta,NY.GDP.MKTP.KD.ZG,2016,4.62
UMC,Países de renda média-alta,NY.GDP.MKTP.KD.ZG,2017,5.40
UMC,Países de renda média-alta,NY.GDP.MKTP.KD.ZG,2018,4.95
UMC,Países de renda média-alta,NY.GDP.MKTP.KD.ZG,2019,4.25
UMC,Países de renda média-alta,NY.GDP.MKTP.KD.ZG,2020,-0.50
UMC,Países de renda média-alta,NY.GDP.MKTP.KD.ZG,2021,7.59
UMC,Países de renda média-alta,NY.GDP.MKTP.KD.ZG,2022,3.54
UMC,Países de renda média-alta,NY.GDP.MKTP.KD.ZG,2023,4.57
UMC,Países de renda média-alta,NY.GDP.MKTP.KD.ZG,2024,4.23
UMC,Países de renda média-alta,NY.GDP.MKTP.KD.ZG,2025,4.21
HIC,Países de renda alta,NY.GDP.MKTP.KD.ZG,1961,4.41
HIC,Países de renda alta,NY.GDP.MKTP.KD.ZG,1962,5.60
HIC,Países de renda alta,NY.GDP.MKTP.KD.ZG,1963,5.06
HIC,Países de renda alta,NY.GDP.MKTP.KD.ZG,1964,6.41
HIC,Países de renda alta,NY.GDP.MKTP.KD.ZG,1965,5.56
HIC,Países de renda alta,NY.GDP.MKTP.KD.ZG,1966,5.51
HIC,Países de renda alta,NY.GDP.MKTP.KD.ZG,1967,3.83
HIC,Países de renda alta,NY.GDP.MKTP.KD.ZG,1968,5.92
HIC,Países de renda alta,NY.GDP.MKTP.KD.ZG,1969,5.61
HIC,Países de renda alta,NY.GDP.MKTP.KD.ZG,1970,3.04
HIC,Países de renda alta,NY.GDP.MKTP.KD.ZG,1971,3.75
HIC,Países de renda alta,NY.GDP.MKTP.KD.ZG,1972,5.44
HIC,Países de renda alta,NY.GDP.MKTP.KD.ZG,1973,6.38
HIC,Países de renda alta,NY.GDP.MKTP.KD.ZG,1974,1.24
HIC,Países de renda alta,NY.GDP.MKTP.KD.ZG,1975,0.14
HIC,Países de renda alta,NY.GDP.MKTP.KD.ZG,1976,5.01
HIC,Países de renda alta,NY.GDP.MKTP.KD.ZG,1977,3.81
HIC,Países de renda alta,NY.GDP.MKTP.KD.ZG,1978,4.24
HIC,Países de renda alta,NY.GDP.MKTP.KD.ZG,1979,4.06
HIC,Países de renda alta,NY.GDP.MKTP.KD.ZG,1980,1.24
HIC,Países de renda alta,NY.GDP.MKTP.KD.ZG,1981,1.89
HIC,Países de renda alta,NY.GDP.MKTP.KD.ZG,1982,-0.13
HIC,Países de renda alta,NY.GDP.MKTP.KD.ZG,1983,2.83
HIC,Países de renda alta,NY.GDP.MKTP.KD.ZG,1984,4.74
HIC,Países de renda alta,NY.GDP.MKTP.KD.ZG,1985,3.49
HIC,Países de renda alta,NY.GDP.MKTP.KD.ZG,1986,3.21
HIC,Países de renda alta,NY.GDP.MKTP.KD.ZG,1987,3.54
HIC,Países de renda alta,NY.GDP.MKTP.KD.ZG,1988,4.62
HIC,Países de renda alta,NY.GDP.MKTP.KD.ZG,1989,3.83
HIC,Países de renda alta,NY.GDP.MKTP.KD.ZG,1990,2.60
HIC,Países de renda alta,NY.GDP.MKTP.KD.ZG,1991,0.83
HIC,Países de renda alta,NY.GDP.MKTP.KD.ZG,1992,1.55
HIC,Países de renda alta,NY.GDP.MKTP.KD.ZG,1993,1.11
HIC,Países de renda alta,NY.GDP.MKTP.KD.ZG,1994,3.01
HIC,Países de renda alta,NY.GDP.MKTP.KD.ZG,1995,2.81
HIC,Países de renda alta,NY.GDP.MKTP.KD.ZG,1996,2.91
HIC,Países de renda alta,NY.GDP.MKTP.KD.ZG,1997,3.55
HIC,Países de renda alta,NY.GDP.MKTP.KD.ZG,1998,2.64
HIC,Países de renda alta,NY.GDP.MKTP.KD.ZG,1999,3.57
HIC,Países de renda alta,NY.GDP.MKTP.KD.ZG,2000,4.30
HIC,Países de renda alta,NY.GDP.MKTP.KD.ZG,2001,1.57
HIC,Países de renda alta,NY.GDP.MKTP.KD.ZG,2002,1.65
HIC,Países de renda alta,NY.GDP.MKTP.KD.ZG,2003,2.28
HIC,Países de renda alta,NY.GDP.MKTP.KD.ZG,2004,3.51
HIC,Países de renda alta,NY.GDP.MKTP.KD.ZG,2005,3.01
HIC,Países de renda alta,NY.GDP.MKTP.KD.ZG,2006,3.26
HIC,Países de renda alta,NY.GDP.MKTP.KD.ZG,2007,2.92
HIC,Países de renda alta,NY.GDP.MKTP.KD.ZG,2008,0.69
HIC,Países de renda alta,NY.GDP.MKTP.KD.ZG,2009,-3.36
HIC,Países de renda alta,NY.GDP.MKTP.KD.ZG,2010,3.05
HIC,Países de renda alta,NY.GDP.MKTP.KD.ZG,2011,2.01
HIC,Países de renda alta,NY.GDP.MKTP.KD.ZG,2012,1.51
HIC,Países de renda alta,NY.GDP.MKTP.KD.ZG,2013,1.61
HIC,Países de renda alta,NY.GDP.MKTP.KD.ZG,2014,2.21
HIC,Países de renda alta,NY.GDP.MKTP.KD.ZG,2015,2.36
HIC,Países de renda alta,NY.GDP.MKTP.KD.ZG,2016,1.84
HIC,Países de renda alta,NY.GDP.MKTP.KD.ZG,2017,2.49
HIC,Países de renda alta,NY.GDP.MKTP.KD.ZG,2018,2.40
HIC,Países de renda alta,NY.GDP.MKTP.KD.ZG,2019,1.90
HIC,Países de renda alta,NY.GDP.MKTP.KD.ZG,2020,-3.87
HIC,Países de renda alta,NY.GDP.MKTP.KD.ZG,2021,5.97
HIC,Países de renda alta,NY.GDP.MKTP.KD.ZG,2022,3.11
HIC,Países de renda alta,NY.GDP.MKTP.KD.ZG,2023,1.80
HIC,Países de renda alta,NY.GDP.MKTP.KD.ZG,2024,1.97
HIC,Países de renda alta,NY.GDP.MKTP.KD.ZG,2025,1.91
LMY,Países de renda baixa e média,NY.GDP.MKTP.KD.ZG,1961,1.03
LMY,Países de renda baixa e média,NY.GDP.MKTP.KD.ZG,1962,3.69
LMY,Países de renda baixa e média,NY.GDP.MKTP.KD.ZG,1963,4.78
LMY,Países de renda baixa e média,NY.GDP.MKTP.KD.ZG,1964,7.92
LMY,Países de renda baixa e média,NY.GDP.MKTP.KD.ZG,1965,6.03
LMY,Países de renda baixa e média,NY.GDP.MKTP.KD.ZG,1966,4.85
LMY,Países de renda baixa e média,NY.GDP.MKTP.KD.ZG,1967,3.19
LMY,Países de renda baixa e média,NY.GDP.MKTP.KD.ZG,1968,6.11
LMY,Países de renda baixa e média,NY.GDP.MKTP.KD.ZG,1969,8.01
LMY,Países de renda baixa e média,NY.GDP.MKTP.KD.ZG,1970,7.94
LMY,Países de renda baixa e média,NY.GDP.MKTP.KD.ZG,1971,6.08
LMY,Países de renda baixa e média,NY.GDP.MKTP.KD.ZG,1972,6.05
LMY,Países de renda baixa e média,NY.GDP.MKTP.KD.ZG,1973,6.86
LMY,Países de renda baixa e média,NY.GDP.MKTP.KD.ZG,1974,5.95
LMY,Países de renda baixa e média,NY.GDP.MKTP.KD.ZG,1975,4.24
LMY,Países de renda baixa e média,NY.GDP.MKTP.KD.ZG,1976,6.25
LMY,Países de renda baixa e média,NY.GDP.MKTP.KD.ZG,1977,4.59
LMY,Países de renda baixa e média,NY.GDP.MKTP.KD.ZG,1978,3.64
LMY,Países de renda baixa e média,NY.GDP.MKTP.KD.ZG,1979,4.51
LMY,Países de renda baixa e média,NY.GDP.MKTP.KD.ZG,1980,4.57
LMY,Países de renda baixa e média,NY.GDP.MKTP.KD.ZG,1981,1.88
LMY,Países de renda baixa e média,NY.GDP.MKTP.KD.ZG,1982,2.87
LMY,Países de renda baixa e média,NY.GDP.MKTP.KD.ZG,1983,1.45
LMY,Países de renda baixa e média,NY.GDP.MKTP.KD.ZG,1984,4.66
LMY,Países de renda baixa e média,NY.GDP.MKTP.KD.ZG,1985,4.40
LMY,Países de renda baixa e média,NY.GDP.MKTP.KD.ZG,1986,3.72
LMY,Países de renda baixa e média,NY.GDP.MKTP.KD.ZG,1987,4.67
LMY,Países de renda baixa e média,NY.GDP.MKTP.KD.ZG,1988,4.15
LMY,Países de renda baixa e média,NY.GDP.MKTP.KD.ZG,1989,2.82
LMY,Países de renda baixa e média,NY.GDP.MKTP.KD.ZG,1990,3.17
LMY,Países de renda baixa e média,NY.GDP.MKTP.KD.ZG,1991,2.95
LMY,Países de renda baixa e média,NY.GDP.MKTP.KD.ZG,1992,4.26
LMY,Países de renda baixa e média,NY.GDP.MKTP.KD.ZG,1993,4.97
LMY,Países de renda baixa e média,NY.GDP.MKTP.KD.ZG,1994,5.07
LMY,Países de renda baixa e média,NY.GDP.MKTP.KD.ZG,1995,4.61
LMY,Países de renda baixa e média,NY.GDP.MKTP.KD.ZG,1996,6.20
LMY,Países de renda baixa e média,NY.GDP.MKTP.KD.ZG,1997,5.68
LMY,Países de renda baixa e média,NY.GDP.MKTP.KD.ZG,1998,3.29
LMY,Países de renda baixa e média,NY.GDP.MKTP.KD.ZG,1999,3.60
LMY,Países de renda baixa e média,NY.GDP.MKTP.KD.ZG,2000,5.55
LMY,Países de renda baixa e média,NY.GDP.MKTP.KD.ZG,2001,3.67
LMY,Países de renda baixa e média,NY.GDP.MKTP.KD.ZG,2002,4.68
LMY,Países de renda baixa e média,NY.GDP.MKTP.KD.ZG,2003,5.81
LMY,Países de renda baixa e média,NY.GDP.MKTP.KD.ZG,2004,7.77
LMY,Países de renda baixa e média,NY.GDP.MKTP.KD.ZG,2005,7.39
LMY,Países de renda baixa e média,NY.GDP.MKTP.KD.ZG,2006,8.24
LMY,Países de renda baixa e média,NY.GDP.MKTP.KD.ZG,2007,8.85
LMY,Países de renda baixa e média,NY.GDP.MKTP.KD.ZG,2008,5.95
LMY,Países de renda baixa e média,NY.GDP.MKTP.KD.ZG,2009,3.97
LMY,Países de renda baixa e média,NY.GDP.MKTP.KD.ZG,2010,8.10
LMY,Países de renda baixa e média,NY.GDP.MKTP.KD.ZG,2011,6.34
LMY,Países de renda baixa e média,NY.GDP.MKTP.KD.ZG,2012,5.50
LMY,Países de renda baixa e média,NY.GDP.MKTP.KD.ZG,2013,5.62
LMY,Países de renda baixa e média,NY.GDP.MKTP.KD.ZG,2014,5.14
LMY,Países de renda baixa e média,NY.GDP.MKTP.KD.ZG,2015,4.65
LMY,Países de renda baixa e média,NY.GDP.MKTP.KD.ZG,2016,4.65
LMY,Países de renda baixa e média,NY.GDP.MKTP.KD.ZG,2017,5.26
LMY,Países de renda baixa e média,NY.GDP.MKTP.KD.ZG,2018,4.92
LMY,Países de renda baixa e média,NY.GDP.MKTP.KD.ZG,2019,4.09
LMY,Países de renda baixa e média,NY.GDP.MKTP.KD.ZG,2020,-1.15
LMY,Países de renda baixa e média,NY.GDP.MKTP.KD.ZG,2021,7.37
LMY,Países de renda baixa e média,NY.GDP.MKTP.KD.ZG,2022,4.01
LMY,Países de renda baixa e média,NY.GDP.MKTP.KD.ZG,2023,4.65
LMY,Países de renda baixa e média,NY.GDP.MKTP.KD.ZG,2024,4.42
LMY,Países de renda baixa e média,NY.GDP.MKTP.KD.ZG,2025,4.53
BRA,Brasil,NY.GDP.PCAP.KD.ZG,1961,5.37
BRA,Brasil,NY.GDP.PCAP.KD.ZG,1962,3.47
BRA,Brasil,NY.GDP.PCAP.KD.ZG,1963,-2.32
BRA,Brasil,NY.GDP.PCAP.KD.ZG,1964,0.45
BRA,Brasil,NY.GDP.PCAP.KD.ZG,1965,-0.45
BRA,Brasil,NY.GDP.PCAP.KD.ZG,1966,3.82
BRA,Brasil,NY.GDP.PCAP.KD.ZG,1967,1.48
BRA,Brasil,NY.GDP.PCAP.KD.ZG,1968,7.02
BRA,Brasil,NY.GDP.PCAP.KD.ZG,1969,6.79
BRA,Brasil,NY.GDP.PCAP.KD.ZG,1970,7.70
BRA,Brasil,NY.GDP.PCAP.KD.ZG,1971,8.65
BRA,Brasil,NY.GDP.PCAP.KD.ZG,1972,9.25
BRA,Brasil,NY.GDP.PCAP.KD.ZG,1973,11.24
BRA,Brasil,NY.GDP.PCAP.KD.ZG,1974,5.59
BRA,Brasil,NY.GDP.PCAP.KD.ZG,1975,2.69
BRA,Brasil,NY.GDP.PCAP.KD.ZG,1976,7.66
BRA,Brasil,NY.GDP.PCAP.KD.ZG,1977,2.46
BRA,Brasil,NY.GDP.PCAP.KD.ZG,1978,2.49
BRA,Brasil,NY.GDP.PCAP.KD.ZG,1979,4.25
BRA,Brasil,NY.GDP.PCAP.KD.ZG,1980,6.65
BRA,Brasil,NY.GDP.PCAP.KD.ZG,1981,-6.45
BRA,Brasil,NY.GDP.PCAP.KD.ZG,1982,-1.44
BRA,Brasil,NY.GDP.PCAP.KD.ZG,1983,-5.07
BRA,Brasil,NY.GDP.PCAP.KD.ZG,1984,3.12
BRA,Brasil,NY.GDP.PCAP.KD.ZG,1985,5.58
BRA,Brasil,NY.GDP.PCAP.KD.ZG,1986,5.30
BRA,Brasil,NY.GDP.PCAP.KD.ZG,1987,1.50
BRA,Brasil,NY.GDP.PCAP.KD.ZG,1988,-1.95
BRA,Brasil,NY.GDP.PCAP.KD.ZG,1989,1.28
BRA,Brasil,NY.GDP.PCAP.KD.ZG,1990,-6.04
BRA,Brasil,NY.GDP.PCAP.KD.ZG,1991,-0.69
BRA,Brasil,NY.GDP.PCAP.KD.ZG,1992,-2.19
BRA,Brasil,NY.GDP.PCAP.KD.ZG,1993,3.24
BRA,Brasil,NY.GDP.PCAP.KD.ZG,1994,4.21
BRA,Brasil,NY.GDP.PCAP.KD.ZG,1995,2.63
BRA,Brasil,NY.GDP.PCAP.KD.ZG,1996,0.67
BRA,Brasil,NY.GDP.PCAP.KD.ZG,1997,1.87
BRA,Brasil,NY.GDP.PCAP.KD.ZG,1998,-1.14
BRA,Brasil,NY.GDP.PCAP.KD.ZG,1999,-0.98
BRA,Brasil,NY.GDP.PCAP.KD.ZG,2000,2.96
BRA,Brasil,NY.GDP.PCAP.KD.ZG,2001,0.08
BRA,Brasil,NY.GDP.PCAP.KD.ZG,2002,1.78
BRA,Brasil,NY.GDP.PCAP.KD.ZG,2003,-0.05
BRA,Brasil,NY.GDP.PCAP.KD.ZG,2004,4.57
BRA,Brasil,NY.GDP.PCAP.KD.ZG,2005,2.08
BRA,Brasil,NY.GDP.PCAP.KD.ZG,2006,2.87
BRA,Brasil,NY.GDP.PCAP.KD.ZG,2007,5.00
BRA,Brasil,NY.GDP.PCAP.KD.ZG,2008,4.09
BRA,Brasil,NY.GDP.PCAP.KD.ZG,2009,-1.02
BRA,Brasil,NY.GDP.PCAP.KD.ZG,2010,6.63
BRA,Brasil,NY.GDP.PCAP.KD.ZG,2011,3.13
BRA,Brasil,NY.GDP.PCAP.KD.ZG,2012,1.10
BRA,Brasil,NY.GDP.PCAP.KD.ZG,2013,2.17
BRA,Brasil,NY.GDP.PCAP.KD.ZG,2014,-0.30
BRA,Brasil,NY.GDP.PCAP.KD.ZG,2015,-4.31
BRA,Brasil,NY.GDP.PCAP.KD.ZG,2016,-4.01
BRA,Brasil,NY.GDP.PCAP.KD.ZG,2017,0.59
BRA,Brasil,NY.GDP.PCAP.KD.ZG,2018,1.09
BRA,Brasil,NY.GDP.PCAP.KD.ZG,2019,0.56
BRA,Brasil,NY.GDP.PCAP.KD.ZG,2020,-3.84
BRA,Brasil,NY.GDP.PCAP.KD.ZG,2021,4.32
BRA,Brasil,NY.GDP.PCAP.KD.ZG,2022,2.65
BRA,Brasil,NY.GDP.PCAP.KD.ZG,2023,2.83
BRA,Brasil,NY.GDP.PCAP.KD.ZG,2024,3.00
BRA,Brasil,NY.GDP.PCAP.KD.ZG,2025,1.89
ARG,Argentina,NY.GDP.PCAP.KD.ZG,1961,3.70
ARG,Argentina,NY.GDP.PCAP.KD.ZG,1962,-2.48
ARG,Argentina,NY.GDP.PCAP.KD.ZG,1963,-6.85
ARG,Argentina,NY.GDP.PCAP.KD.ZG,1964,8.37
ARG,Argentina,NY.GDP.PCAP.KD.ZG,1965,8.85
ARG,Argentina,NY.GDP.PCAP.KD.ZG,1966,-2.17
ARG,Argentina,NY.GDP.PCAP.KD.ZG,1967,1.63
ARG,Argentina,NY.GDP.PCAP.KD.ZG,1968,3.23
ARG,Argentina,NY.GDP.PCAP.KD.ZG,1969,8.01
ARG,Argentina,NY.GDP.PCAP.KD.ZG,1970,1.45
ARG,Argentina,NY.GDP.PCAP.KD.ZG,1971,4.01
ARG,Argentina,NY.GDP.PCAP.KD.ZG,1972,0.03
ARG,Argentina,NY.GDP.PCAP.KD.ZG,1973,1.16
ARG,Argentina,NY.GDP.PCAP.KD.ZG,1974,3.81
ARG,Argentina,NY.GDP.PCAP.KD.ZG,1975,-1.62
ARG,Argentina,NY.GDP.PCAP.KD.ZG,1976,-3.54
ARG,Argentina,NY.GDP.PCAP.KD.ZG,1977,5.25
ARG,Argentina,NY.GDP.PCAP.KD.ZG,1978,-6.02
ARG,Argentina,NY.GDP.PCAP.KD.ZG,1979,8.48
ARG,Argentina,NY.GDP.PCAP.KD.ZG,1980,-0.09
ARG,Argentina,NY.GDP.PCAP.KD.ZG,1981,-6.70
ARG,Argentina,NY.GDP.PCAP.KD.ZG,1982,-2.32
ARG,Argentina,NY.GDP.PCAP.KD.ZG,1983,2.69
ARG,Argentina,NY.GDP.PCAP.KD.ZG,1984,-0.03
ARG,Argentina,NY.GDP.PCAP.KD.ZG,1985,-6.67
ARG,Argentina,NY.GDP.PCAP.KD.ZG,1986,4.52
ARG,Argentina,NY.GDP.PCAP.KD.ZG,1987,1.13
ARG,Argentina,NY.GDP.PCAP.KD.ZG,1988,-2.61
ARG,Argentina,NY.GDP.PCAP.KD.ZG,1989,-8.57
ARG,Argentina,NY.GDP.PCAP.KD.ZG,1990,-3.91
ARG,Argentina,NY.GDP.PCAP.KD.ZG,1991,7.58
ARG,Argentina,NY.GDP.PCAP.KD.ZG,1992,6.45
ARG,Argentina,NY.GDP.PCAP.KD.ZG,1993,6.75
ARG,Argentina,NY.GDP.PCAP.KD.ZG,1994,4.43
ARG,Argentina,NY.GDP.PCAP.KD.ZG,1995,-4.11
ARG,Argentina,NY.GDP.PCAP.KD.ZG,1996,4.21
ARG,Argentina,NY.GDP.PCAP.KD.ZG,1997,6.81
ARG,Argentina,NY.GDP.PCAP.KD.ZG,1998,2.64
ARG,Argentina,NY.GDP.PCAP.KD.ZG,1999,-4.49
ARG,Argentina,NY.GDP.PCAP.KD.ZG,2000,-1.91
ARG,Argentina,NY.GDP.PCAP.KD.ZG,2001,-5.45
ARG,Argentina,NY.GDP.PCAP.KD.ZG,2002,-11.84
ARG,Argentina,NY.GDP.PCAP.KD.ZG,2003,7.72
ARG,Argentina,NY.GDP.PCAP.KD.ZG,2004,7.93
ARG,Argentina,NY.GDP.PCAP.KD.ZG,2005,7.74
ARG,Argentina,NY.GDP.PCAP.KD.ZG,2006,6.94
ARG,Argentina,NY.GDP.PCAP.KD.ZG,2007,7.93
ARG,Argentina,NY.GDP.PCAP.KD.ZG,2008,3.01
ARG,Argentina,NY.GDP.PCAP.KD.ZG,2009,-6.91
ARG,Argentina,NY.GDP.PCAP.KD.ZG,2010,8.97
ARG,Argentina,NY.GDP.PCAP.KD.ZG,2011,4.88
ARG,Argentina,NY.GDP.PCAP.KD.ZG,2012,-2.04
ARG,Argentina,NY.GDP.PCAP.KD.ZG,2013,1.39
ARG,Argentina,NY.GDP.PCAP.KD.ZG,2014,-3.51
ARG,Argentina,NY.GDP.PCAP.KD.ZG,2015,1.66
ARG,Argentina,NY.GDP.PCAP.KD.ZG,2016,-3.02
ARG,Argentina,NY.GDP.PCAP.KD.ZG,2017,1.92
ARG,Argentina,NY.GDP.PCAP.KD.ZG,2018,-3.42
ARG,Argentina,NY.GDP.PCAP.KD.ZG,2019,-2.70
ARG,Argentina,NY.GDP.PCAP.KD.ZG,2020,-10.34
ARG,Argentina,NY.GDP.PCAP.KD.ZG,2021,10.15
ARG,Argentina,NY.GDP.PCAP.KD.ZG,2022,5.80
ARG,Argentina,NY.GDP.PCAP.KD.ZG,2023,-2.14
ARG,Argentina,NY.GDP.PCAP.KD.ZG,2024,-1.68
ARG,Argentina,NY.GDP.PCAP.KD.ZG,2025,4.01
CHL,Chile,NY.GDP.PCAP.KD.ZG,1961,3.35
CHL,Chile,NY.GDP.PCAP.KD.ZG,1962,1.82
CHL,Chile,NY.GDP.PCAP.KD.ZG,1963,3.58
CHL,Chile,NY.GDP.PCAP.KD.ZG,1964,0.46
CHL,Chile,NY.GDP.PCAP.KD.ZG,1965,-1.23
CHL,Chile,NY.GDP.PCAP.KD.ZG,1966,9.41
CHL,Chile,NY.GDP.PCAP.KD.ZG,1967,1.74
CHL,Chile,NY.GDP.PCAP.KD.ZG,1968,1.77
CHL,Chile,NY.GDP.PCAP.KD.ZG,1969,2.32
CHL,Chile,NY.GDP.PCAP.KD.ZG,1970,-0.01
CHL,Chile,NY.GDP.PCAP.KD.ZG,1971,7.77
CHL,Chile,NY.GDP.PCAP.KD.ZG,1972,-2.32
CHL,Chile,NY.GDP.PCAP.KD.ZG,1973,-6.56
CHL,Chile,NY.GDP.PCAP.KD.ZG,1974,-0.34
CHL,Chile,NY.GDP.PCAP.KD.ZG,1975,-13.64
CHL,Chile,NY.GDP.PCAP.KD.ZG,1976,2.01
CHL,Chile,NY.GDP.PCAP.KD.ZG,1977,9.46
CHL,Chile,NY.GDP.PCAP.KD.ZG,1978,6.41
CHL,Chile,NY.GDP.PCAP.KD.ZG,1979,6.84
CHL,Chile,NY.GDP.PCAP.KD.ZG,1980,6.59
CHL,Chile,NY.GDP.PCAP.KD.ZG,1981,5.16
CHL,Chile,NY.GDP.PCAP.KD.ZG,1982,-12.78
CHL,Chile,NY.GDP.PCAP.KD.ZG,1983,-6.33
CHL,Chile,NY.GDP.PCAP.KD.ZG,1984,2.44
CHL,Chile,NY.GDP.PCAP.KD.ZG,1985,1.99
CHL,Chile,NY.GDP.PCAP.KD.ZG,1986,3.78
CHL,Chile,NY.GDP.PCAP.KD.ZG,1987,5.06
CHL,Chile,NY.GDP.PCAP.KD.ZG,1988,5.62
CHL,Chile,NY.GDP.PCAP.KD.ZG,1989,8.56
CHL,Chile,NY.GDP.PCAP.KD.ZG,1990,1.89
CHL,Chile,NY.GDP.PCAP.KD.ZG,1991,5.98
CHL,Chile,NY.GDP.PCAP.KD.ZG,1992,9.72
CHL,Chile,NY.GDP.PCAP.KD.ZG,1993,5.04
CHL,Chile,NY.GDP.PCAP.KD.ZG,1994,3.51
CHL,Chile,NY.GDP.PCAP.KD.ZG,1995,7.67
CHL,Chile,NY.GDP.PCAP.KD.ZG,1996,5.61
CHL,Chile,NY.GDP.PCAP.KD.ZG,1997,5.96
CHL,Chile,NY.GDP.PCAP.KD.ZG,1998,2.84
CHL,Chile,NY.GDP.PCAP.KD.ZG,1999,-1.52
CHL,Chile,NY.GDP.PCAP.KD.ZG,2000,3.72
CHL,Chile,NY.GDP.PCAP.KD.ZG,2001,1.97
CHL,Chile,NY.GDP.PCAP.KD.ZG,2002,2.07
CHL,Chile,NY.GDP.PCAP.KD.ZG,2003,3.63
CHL,Chile,NY.GDP.PCAP.KD.ZG,2004,5.60
CHL,Chile,NY.GDP.PCAP.KD.ZG,2005,4.79
CHL,Chile,NY.GDP.PCAP.KD.ZG,2006,5.02
CHL,Chile,NY.GDP.PCAP.KD.ZG,2007,4.14
CHL,Chile,NY.GDP.PCAP.KD.ZG,2008,2.76
CHL,Chile,NY.GDP.PCAP.KD.ZG,2009,-2.11
CHL,Chile,NY.GDP.PCAP.KD.ZG,2010,4.79
CHL,Chile,NY.GDP.PCAP.KD.ZG,2011,5.18
CHL,Chile,NY.GDP.PCAP.KD.ZG,2012,5.14
CHL,Chile,NY.GDP.PCAP.KD.ZG,2013,2.33
CHL,Chile,NY.GDP.PCAP.KD.ZG,2014,0.78
CHL,Chile,NY.GDP.PCAP.KD.ZG,2015,1.11
CHL,Chile,NY.GDP.PCAP.KD.ZG,2016,0.53
CHL,Chile,NY.GDP.PCAP.KD.ZG,2017,-0.24
CHL,Chile,NY.GDP.PCAP.KD.ZG,2018,2.15
CHL,Chile,NY.GDP.PCAP.KD.ZG,2019,-0.95
CHL,Chile,NY.GDP.PCAP.KD.ZG,2020,-6.98
CHL,Chile,NY.GDP.PCAP.KD.ZG,2021,10.85
CHL,Chile,NY.GDP.PCAP.KD.ZG,2022,1.56
CHL,Chile,NY.GDP.PCAP.KD.ZG,2023,0.14
CHL,Chile,NY.GDP.PCAP.KD.ZG,2024,2.25
CHL,Chile,NY.GDP.PCAP.KD.ZG,2025,1.97
COL,Colômbia,NY.GDP.PCAP.KD.ZG,1961,1.90
COL,Colômbia,NY.GDP.PCAP.KD.ZG,1962,2.21
COL,Colômbia,NY.GDP.PCAP.KD.ZG,1963,0.18
COL,Colômbia,NY.GDP.PCAP.KD.ZG,1964,3.02
COL,Colômbia,NY.GDP.PCAP.KD.ZG,1965,0.57
COL,Colômbia,NY.GDP.PCAP.KD.ZG,1966,2.23
COL,Colômbia,NY.GDP.PCAP.KD.ZG,1967,1.25
COL,Colômbia,NY.GDP.PCAP.KD.ZG,1968,3.09
COL,Colômbia,NY.GDP.PCAP.KD.ZG,1969,3.36
COL,Colômbia,NY.GDP.PCAP.KD.ZG,1970,3.55
COL,Colômbia,NY.GDP.PCAP.KD.ZG,1971,3.44
COL,Colômbia,NY.GDP.PCAP.KD.ZG,1972,5.20
COL,Colômbia,NY.GDP.PCAP.KD.ZG,1973,4.31
COL,Colômbia,NY.GDP.PCAP.KD.ZG,1974,3.39
COL,Colômbia,NY.GDP.PCAP.KD.ZG,1975,0.08
COL,Colômbia,NY.GDP.PCAP.KD.ZG,1976,2.47
COL,Colômbia,NY.GDP.PCAP.KD.ZG,1977,1.88
COL,Colômbia,NY.GDP.PCAP.KD.ZG,1978,6.05
COL,Colômbia,NY.GDP.PCAP.KD.ZG,1979,3.04
COL,Colômbia,NY.GDP.PCAP.KD.ZG,1980,1.74
COL,Colômbia,NY.GDP.PCAP.KD.ZG,1981,-0.05
COL,Colômbia,NY.GDP.PCAP.KD.ZG,1982,-1.36
COL,Colômbia,NY.GDP.PCAP.KD.ZG,1983,-0.78
COL,Colômbia,NY.GDP.PCAP.KD.ZG,1984,0.99
COL,Colômbia,NY.GDP.PCAP.KD.ZG,1985,0.90
COL,Colômbia,NY.GDP.PCAP.KD.ZG,1986,3.66
COL,Colômbia,NY.GDP.PCAP.KD.ZG,1987,3.23
COL,Colômbia,NY.GDP.PCAP.KD.ZG,1988,1.95
COL,Colômbia,NY.GDP.PCAP.KD.ZG,1989,1.31
COL,Colômbia,NY.GDP.PCAP.KD.ZG,1990,2.15
COL,Colômbia,NY.GDP.PCAP.KD.ZG,1991,-0.03
COL,Colômbia,NY.GDP.PCAP.KD.ZG,1992,2.00
COL,Colômbia,NY.GDP.PCAP.KD.ZG,1993,3.30
COL,Colômbia,NY.GDP.PCAP.KD.ZG,1994,3.75
COL,Colômbia,NY.GDP.PCAP.KD.ZG,1995,3.21
COL,Colômbia,NY.GDP.PCAP.KD.ZG,1996,0.21
COL,Colômbia,NY.GDP.PCAP.KD.ZG,1997,1.60
COL,Colômbia,NY.GDP.PCAP.KD.ZG,1998,-1.22
COL,Colômbia,NY.GDP.PCAP.KD.ZG,1999,-5.85
COL,Colômbia,NY.GDP.PCAP.KD.ZG,2000,1.25
COL,Colômbia,NY.GDP.PCAP.KD.ZG,2001,0.09
COL,Colômbia,NY.GDP.PCAP.KD.ZG,2002,0.94
COL,Colômbia,NY.GDP.PCAP.KD.ZG,2003,2.36
COL,Colômbia,NY.GDP.PCAP.KD.ZG,2004,3.80
COL,Colômbia,NY.GDP.PCAP.KD.ZG,2005,3.37
COL,Colômbia,NY.GDP.PCAP.KD.ZG,2006,5.31
COL,Colômbia,NY.GDP.PCAP.KD.ZG,2007,5.39
COL,Colômbia,NY.GDP.PCAP.KD.ZG,2008,2.05
COL,Colômbia,NY.GDP.PCAP.KD.ZG,2009,-0.03
COL,Colômbia,NY.GDP.PCAP.KD.ZG,2010,3.31
COL,Colômbia,NY.GDP.PCAP.KD.ZG,2011,5.81
COL,Colômbia,NY.GDP.PCAP.KD.ZG,2012,2.88
COL,Colômbia,NY.GDP.PCAP.KD.ZG,2013,4.14
COL,Colômbia,NY.GDP.PCAP.KD.ZG,2014,3.57
COL,Colômbia,NY.GDP.PCAP.KD.ZG,2015,2.07
COL,Colômbia,NY.GDP.PCAP.KD.ZG,2016,1.08
COL,Colômbia,NY.GDP.PCAP.KD.ZG,2017,-0.10
COL,Colômbia,NY.GDP.PCAP.KD.ZG,2018,0.70
COL,Colômbia,NY.GDP.PCAP.KD.ZG,2019,1.36
COL,Colômbia,NY.GDP.PCAP.KD.ZG,2020,-8.51
COL,Colômbia,NY.GDP.PCAP.KD.ZG,2021,9.59
COL,Colômbia,NY.GDP.PCAP.KD.ZG,2022,6.19
COL,Colômbia,NY.GDP.PCAP.KD.ZG,2023,-0.28
COL,Colômbia,NY.GDP.PCAP.KD.ZG,2024,0.41
COL,Colômbia,NY.GDP.PCAP.KD.ZG,2025,1.61
MEX,México,NY.GDP.PCAP.KD.ZG,1961,1.77
MEX,México,NY.GDP.PCAP.KD.ZG,1962,1.35
MEX,México,NY.GDP.PCAP.KD.ZG,1963,4.64
MEX,México,NY.GDP.PCAP.KD.ZG,1964,8.29
MEX,México,NY.GDP.PCAP.KD.ZG,1965,3.62
MEX,México,NY.GDP.PCAP.KD.ZG,1966,2.64
MEX,México,NY.GDP.PCAP.KD.ZG,1967,2.41
MEX,México,NY.GDP.PCAP.KD.ZG,1968,5.89
MEX,México,NY.GDP.PCAP.KD.ZG,1969,0.13
MEX,México,NY.GDP.PCAP.KD.ZG,1970,3.19
MEX,México,NY.GDP.PCAP.KD.ZG,1971,0.60
MEX,México,NY.GDP.PCAP.KD.ZG,1972,4.99
MEX,México,NY.GDP.PCAP.KD.ZG,1973,4.69
MEX,México,NY.GDP.PCAP.KD.ZG,1974,2.73
MEX,México,NY.GDP.PCAP.KD.ZG,1975,2.76
MEX,México,NY.GDP.PCAP.KD.ZG,1976,1.55
MEX,México,NY.GDP.PCAP.KD.ZG,1977,0.63
MEX,México,NY.GDP.PCAP.KD.ZG,1978,6.11
MEX,México,NY.GDP.PCAP.KD.ZG,1979,6.91
MEX,México,NY.GDP.PCAP.KD.ZG,1980,6.09
MEX,México,NY.GDP.PCAP.KD.ZG,1981,7.05
MEX,México,NY.GDP.PCAP.KD.ZG,1982,-2.24
MEX,México,NY.GDP.PCAP.KD.ZG,1983,-6.66
MEX,México,NY.GDP.PCAP.KD.ZG,1984,1.35
MEX,México,NY.GDP.PCAP.KD.ZG,1985,-0.17
MEX,México,NY.GDP.PCAP.KD.ZG,1986,-5.86
MEX,México,NY.GDP.PCAP.KD.ZG,1987,0.04
MEX,México,NY.GDP.PCAP.KD.ZG,1988,-0.76
MEX,México,NY.GDP.PCAP.KD.ZG,1989,1.65
MEX,México,NY.GDP.PCAP.KD.ZG,1990,3.25
MEX,México,NY.GDP.PCAP.KD.ZG,1991,1.99
MEX,México,NY.GDP.PCAP.KD.ZG,1992,1.63
MEX,México,NY.GDP.PCAP.KD.ZG,1993,0.98
MEX,México,NY.GDP.PCAP.KD.ZG,1994,2.52
MEX,México,NY.GDP.PCAP.KD.ZG,1995,-7.57
MEX,México,NY.GDP.PCAP.KD.ZG,1996,4.39
MEX,México,NY.GDP.PCAP.KD.ZG,1997,5.41
MEX,México,NY.GDP.PCAP.KD.ZG,1998,4.46
MEX,México,NY.GDP.PCAP.KD.ZG,1999,1.13
MEX,México,NY.GDP.PCAP.KD.ZG,2000,3.42
MEX,México,NY.GDP.PCAP.KD.ZG,2001,-1.92
MEX,México,NY.GDP.PCAP.KD.ZG,2002,-1.66
MEX,México,NY.GDP.PCAP.KD.ZG,2003,-0.22
MEX,México,NY.GDP.PCAP.KD.ZG,2004,2.16
MEX,México,NY.GDP.PCAP.KD.ZG,2005,0.75
MEX,México,NY.GDP.PCAP.KD.ZG,2006,3.40
MEX,México,NY.GDP.PCAP.KD.ZG,2007,0.65
MEX,México,NY.GDP.PCAP.KD.ZG,2008,-0.52
MEX,México,NY.GDP.PCAP.KD.ZG,2009,-7.66
MEX,México,NY.GDP.PCAP.KD.ZG,2010,3.47
MEX,México,NY.GDP.PCAP.KD.ZG,2011,1.99
MEX,México,NY.GDP.PCAP.KD.ZG,2012,2.16
MEX,México,NY.GDP.PCAP.KD.ZG,2013,-0.45
MEX,México,NY.GDP.PCAP.KD.ZG,2014,1.27
MEX,México,NY.GDP.PCAP.KD.ZG,2015,1.61
MEX,México,NY.GDP.PCAP.KD.ZG,2016,0.79
MEX,México,NY.GDP.PCAP.KD.ZG,2017,0.92
MEX,México,NY.GDP.PCAP.KD.ZG,2018,1.01
MEX,México,NY.GDP.PCAP.KD.ZG,2019,-1.33
MEX,México,NY.GDP.PCAP.KD.ZG,2020,-9.10
MEX,México,NY.GDP.PCAP.KD.ZG,2021,5.34
MEX,México,NY.GDP.PCAP.KD.ZG,2022,2.93
MEX,México,NY.GDP.PCAP.KD.ZG,2023,2.21
MEX,México,NY.GDP.PCAP.KD.ZG,2024,0.48
MEX,México,NY.GDP.PCAP.KD.ZG,2025,-0.27
PER,Peru,NY.GDP.PCAP.KD.ZG,1961,4.26
PER,Peru,NY.GDP.PCAP.KD.ZG,1962,6.88
PER,Peru,NY.GDP.PCAP.KD.ZG,1963,1.34
PER,Peru,NY.GDP.PCAP.KD.ZG,1964,3.51
PER,Peru,NY.GDP.PCAP.KD.ZG,1965,2.63
PER,Peru,NY.GDP.PCAP.KD.ZG,1966,5.20
PER,Peru,NY.GDP.PCAP.KD.ZG,1967,0.95
PER,Peru,NY.GDP.PCAP.KD.ZG,1968,-2.63
PER,Peru,NY.GDP.PCAP.KD.ZG,1969,0.66
PER,Peru,NY.GDP.PCAP.KD.ZG,1970,0.81
PER,Peru,NY.GDP.PCAP.KD.ZG,1971,2.04
PER,Peru,NY.GDP.PCAP.KD.ZG,1972,0.77
PER,Peru,NY.GDP.PCAP.KD.ZG,1973,3.56
PER,Peru,NY.GDP.PCAP.KD.ZG,1974,6.65
PER,Peru,NY.GDP.PCAP.KD.ZG,1975,1.73
PER,Peru,NY.GDP.PCAP.KD.ZG,1976,-1.02
PER,Peru,NY.GDP.PCAP.KD.ZG,1977,-2.10
PER,Peru,NY.GDP.PCAP.KD.ZG,1978,-5.04
PER,Peru,NY.GDP.PCAP.KD.ZG,1979,1.53
PER,Peru,NY.GDP.PCAP.KD.ZG,1980,3.33
PER,Peru,NY.GDP.PCAP.KD.ZG,1981,2.96
PER,Peru,NY.GDP.PCAP.KD.ZG,1982,-2.67
PER,Peru,NY.GDP.PCAP.KD.ZG,1983,-12.61
PER,Peru,NY.GDP.PCAP.KD.ZG,1984,1.08
PER,Peru,NY.GDP.PCAP.KD.ZG,1985,-0.40
PER,Peru,NY.GDP.PCAP.KD.ZG,1986,6.88
PER,Peru,NY.GDP.PCAP.KD.ZG,1987,7.25
PER,Peru,NY.GDP.PCAP.KD.ZG,1988,-11.47
PER,Peru,NY.GDP.PCAP.KD.ZG,1989,-14.26
PER,Peru,NY.GDP.PCAP.KD.ZG,1990,-7.06
PER,Peru,NY.GDP.PCAP.KD.ZG,1991,0.09
PER,Peru,NY.GDP.PCAP.KD.ZG,1992,-2.55
PER,Peru,NY.GDP.PCAP.KD.ZG,1993,3.14
PER,Peru,NY.GDP.PCAP.KD.ZG,1994,10.11
PER,Peru,NY.GDP.PCAP.KD.ZG,1995,5.35
PER,Peru,NY.GDP.PCAP.KD.ZG,1996,0.88
PER,Peru,NY.GDP.PCAP.KD.ZG,1997,4.53
PER,Peru,NY.GDP.PCAP.KD.ZG,1998,-2.19
PER,Peru,NY.GDP.PCAP.KD.ZG,1999,-0.24
PER,Peru,NY.GDP.PCAP.KD.ZG,2000,1.10
PER,Peru,NY.GDP.PCAP.KD.ZG,2001,-0.75
PER,Peru,NY.GDP.PCAP.KD.ZG,2002,4.20
PER,Peru,NY.GDP.PCAP.KD.ZG,2003,3.06
PER,Peru,NY.GDP.PCAP.KD.ZG,2004,3.93
PER,Peru,NY.GDP.PCAP.KD.ZG,2005,5.34
PER,Peru,NY.GDP.PCAP.KD.ZG,2006,6.68
PER,Peru,NY.GDP.PCAP.KD.ZG,2007,7.73
PER,Peru,NY.GDP.PCAP.KD.ZG,2008,8.41
PER,Peru,NY.GDP.PCAP.KD.ZG,2009,0.47
PER,Peru,NY.GDP.PCAP.KD.ZG,2010,7.63
PER,Peru,NY.GDP.PCAP.KD.ZG,2011,5.54
PER,Peru,NY.GDP.PCAP.KD.ZG,2012,5.26
PER,Peru,NY.GDP.PCAP.KD.ZG,2013,4.90
PER,Peru,NY.GDP.PCAP.KD.ZG,2014,1.37
PER,Peru,NY.GDP.PCAP.KD.ZG,2015,2.09
PER,Peru,NY.GDP.PCAP.KD.ZG,2016,2.58
PER,Peru,NY.GDP.PCAP.KD.ZG,2017,1.02
PER,Peru,NY.GDP.PCAP.KD.ZG,2018,2.10
PER,Peru,NY.GDP.PCAP.KD.ZG,2019,0.50
PER,Peru,NY.GDP.PCAP.KD.ZG,2020,-11.99
PER,Peru,NY.GDP.PCAP.KD.ZG,2021,12.33
PER,Peru,NY.GDP.PCAP.KD.ZG,2022,1.84
PER,Peru,NY.GDP.PCAP.KD.ZG,2023,-1.44
PER,Peru,NY.GDP.PCAP.KD.ZG,2024,2.39
PER,Peru,NY.GDP.PCAP.KD.ZG,2025,2.36
USA,Estados Unidos,NY.GDP.PCAP.KD.ZG,1961,0.62
USA,Estados Unidos,NY.GDP.PCAP.KD.ZG,1962,4.48
USA,Estados Unidos,NY.GDP.PCAP.KD.ZG,1963,2.91
USA,Estados Unidos,NY.GDP.PCAP.KD.ZG,1964,4.34
USA,Estados Unidos,NY.GDP.PCAP.KD.ZG,1965,5.08
USA,Estados Unidos,NY.GDP.PCAP.KD.ZG,1966,5.28
USA,Estados Unidos,NY.GDP.PCAP.KD.ZG,1967,1.39
USA,Estados Unidos,NY.GDP.PCAP.KD.ZG,1968,3.76
USA,Estados Unidos,NY.GDP.PCAP.KD.ZG,1969,2.10
USA,Estados Unidos,NY.GDP.PCAP.KD.ZG,1970,-0.94
USA,Estados Unidos,NY.GDP.PCAP.KD.ZG,1971,1.99
USA,Estados Unidos,NY.GDP.PCAP.KD.ZG,1972,4.13
USA,Estados Unidos,NY.GDP.PCAP.KD.ZG,1973,4.64
USA,Estados Unidos,NY.GDP.PCAP.KD.ZG,1974,-1.45
USA,Estados Unidos,NY.GDP.PCAP.KD.ZG,1975,-1.18
USA,Estados Unidos,NY.GDP.PCAP.KD.ZG,1976,4.39
USA,Estados Unidos,NY.GDP.PCAP.KD.ZG,1977,3.58
USA,Estados Unidos,NY.GDP.PCAP.KD.ZG,1978,4.42
USA,Estados Unidos,NY.GDP.PCAP.KD.ZG,1979,2.03
USA,Estados Unidos,NY.GDP.PCAP.KD.ZG,1980,-1.21
USA,Estados Unidos,NY.GDP.PCAP.KD.ZG,1981,1.54
USA,Estados Unidos,NY.GDP.PCAP.KD.ZG,1982,-2.73
USA,Estados Unidos,NY.GDP.PCAP.KD.ZG,1983,3.63
USA,Estados Unidos,NY.GDP.PCAP.KD.ZG,1984,6.31
USA,Estados Unidos,NY.GDP.PCAP.KD.ZG,1985,3.25
USA,Estados Unidos,NY.GDP.PCAP.KD.ZG,1986,2.51
USA,Estados Unidos,NY.GDP.PCAP.KD.ZG,1987,2.53
USA,Estados Unidos,NY.GDP.PCAP.KD.ZG,1988,3.24
USA,Estados Unidos,NY.GDP.PCAP.KD.ZG,1989,2.70
USA,Estados Unidos,NY.GDP.PCAP.KD.ZG,1990,0.74
USA,Estados Unidos,NY.GDP.PCAP.KD.ZG,1991,-1.43
USA,Estados Unidos,NY.GDP.PCAP.KD.ZG,1992,2.10
USA,Estados Unidos,NY.GDP.PCAP.KD.ZG,1993,1.41
USA,Estados Unidos,NY.GDP.PCAP.KD.ZG,1994,2.76
USA,Estados Unidos,NY.GDP.PCAP.KD.ZG,1995,1.47
USA,Estados Unidos,NY.GDP.PCAP.KD.ZG,1996,2.57
USA,Estados Unidos,NY.GDP.PCAP.KD.ZG,1997,3.20
USA,Estados Unidos,NY.GDP.PCAP.KD.ZG,1998,3.27
USA,Estados Unidos,NY.GDP.PCAP.KD.ZG,1999,3.59
USA,Estados Unidos,NY.GDP.PCAP.KD.ZG,2000,2.93
USA,Estados Unidos,NY.GDP.PCAP.KD.ZG,2001,-0.04
USA,Estados Unidos,NY.GDP.PCAP.KD.ZG,2002,0.76
USA,Estados Unidos,NY.GDP.PCAP.KD.ZG,2003,1.92
USA,Estados Unidos,NY.GDP.PCAP.KD.ZG,2004,2.89
USA,Estados Unidos,NY.GDP.PCAP.KD.ZG,2005,2.53
USA,Estados Unidos,NY.GDP.PCAP.KD.ZG,2006,1.80
USA,Estados Unidos,NY.GDP.PCAP.KD.ZG,2007,1.04
USA,Estados Unidos,NY.GDP.PCAP.KD.ZG,2008,-0.83
USA,Estados Unidos,NY.GDP.PCAP.KD.ZG,2009,-3.43
USA,Estados Unidos,NY.GDP.PCAP.KD.ZG,2010,1.83
USA,Estados Unidos,NY.GDP.PCAP.KD.ZG,2011,0.76
USA,Estados Unidos,NY.GDP.PCAP.KD.ZG,2012,1.48
USA,Estados Unidos,NY.GDP.PCAP.KD.ZG,2013,1.35
USA,Estados Unidos,NY.GDP.PCAP.KD.ZG,2014,1.71
USA,Estados Unidos,NY.GDP.PCAP.KD.ZG,2015,2.13
USA,Estados Unidos,NY.GDP.PCAP.KD.ZG,2016,1.02
USA,Estados Unidos,NY.GDP.PCAP.KD.ZG,2017,1.75
USA,Estados Unidos,NY.GDP.PCAP.KD.ZG,2018,2.36
USA,Estados Unidos,NY.GDP.PCAP.KD.ZG,2019,2.06
USA,Estados Unidos,NY.GDP.PCAP.KD.ZG,2020,-2.48
USA,Estados Unidos,NY.GDP.PCAP.KD.ZG,2021,5.99
USA,Estados Unidos,NY.GDP.PCAP.KD.ZG,2022,1.94
USA,Estados Unidos,NY.GDP.PCAP.KD.ZG,2023,2.09
USA,Estados Unidos,NY.GDP.PCAP.KD.ZG,2024,1.81
USA,Estados Unidos,NY.GDP.PCAP.KD.ZG,2025,1.63
CHN,China,NY.GDP.PCAP.KD.ZG,1961,-26.53
CHN,China,NY.GDP.PCAP.KD.ZG,1962,-6.35
CHN,China,NY.GDP.PCAP.KD.ZG,1963,7.62
CHN,China,NY.GDP.PCAP.KD.ZG,1964,15.47
CHN,China,NY.GDP.PCAP.KD.ZG,1965,14.20
CHN,China,NY.GDP.PCAP.KD.ZG,1966,7.61
CHN,China,NY.GDP.PCAP.KD.ZG,1967,-8.16
CHN,China,NY.GDP.PCAP.KD.ZG,1968,-6.57
CHN,China,NY.GDP.PCAP.KD.ZG,1969,13.78
CHN,China,NY.GDP.PCAP.KD.ZG,1970,16.05
CHN,China,NY.GDP.PCAP.KD.ZG,1971,4.16
CHN,China,NY.GDP.PCAP.KD.ZG,1972,1.29
CHN,China,NY.GDP.PCAP.KD.ZG,1973,5.33
CHN,China,NY.GDP.PCAP.KD.ZG,1974,0.22
CHN,China,NY.GDP.PCAP.KD.ZG,1975,6.82
CHN,China,NY.GDP.PCAP.KD.ZG,1976,-3.08
CHN,China,NY.GDP.PCAP.KD.ZG,1977,6.11
CHN,China,NY.GDP.PCAP.KD.ZG,1978,9.85
CHN,China,NY.GDP.PCAP.KD.ZG,1979,6.17
CHN,China,NY.GDP.PCAP.KD.ZG,1980,6.50
CHN,China,NY.GDP.PCAP.KD.ZG,1981,3.78
CHN,China,NY.GDP.PCAP.KD.ZG,1982,7.43
CHN,China,NY.GDP.PCAP.KD.ZG,1983,9.18
CHN,China,NY.GDP.PCAP.KD.ZG,1984,13.69
CHN,China,NY.GDP.PCAP.KD.ZG,1985,11.89
CHN,China,NY.GDP.PCAP.KD.ZG,1986,7.34
CHN,China,NY.GDP.PCAP.KD.ZG,1987,9.88
CHN,China,NY.GDP.PCAP.KD.ZG,1988,9.44
CHN,China,NY.GDP.PCAP.KD.ZG,1989,2.62
CHN,China,NY.GDP.PCAP.KD.ZG,1990,2.41
CHN,China,NY.GDP.PCAP.KD.ZG,1991,7.89
CHN,China,NY.GDP.PCAP.KD.ZG,1992,12.91
CHN,China,NY.GDP.PCAP.KD.ZG,1993,12.62
CHN,China,NY.GDP.PCAP.KD.ZG,1994,11.81
CHN,China,NY.GDP.PCAP.KD.ZG,1995,9.82
CHN,China,NY.GDP.PCAP.KD.ZG,1996,8.83
CHN,China,NY.GDP.PCAP.KD.ZG,1997,8.18
CHN,China,NY.GDP.PCAP.KD.ZG,1998,6.89
CHN,China,NY.GDP.PCAP.KD.ZG,1999,6.81
CHN,China,NY.GDP.PCAP.KD.ZG,2000,7.72
CHN,China,NY.GDP.PCAP.KD.ZG,2001,7.54
CHN,China,NY.GDP.PCAP.KD.ZG,2002,8.51
CHN,China,NY.GDP.PCAP.KD.ZG,2003,9.43
CHN,China,NY.GDP.PCAP.KD.ZG,2004,9.49
CHN,China,NY.GDP.PCAP.KD.ZG,2005,10.80
CHN,China,NY.GDP.PCAP.KD.ZG,2006,12.05
CHN,China,NY.GDP.PCAP.KD.ZG,2007,13.56
CHN,China,NY.GDP.PCAP.KD.ZG,2008,9.11
CHN,China,NY.GDP.PCAP.KD.ZG,2009,8.86
CHN,China,NY.GDP.PCAP.KD.ZG,2010,10.06
CHN,China,NY.GDP.PCAP.KD.ZG,2011,8.87
CHN,China,NY.GDP.PCAP.KD.ZG,2012,7.13
CHN,China,NY.GDP.PCAP.KD.ZG,2013,7.06
CHN,China,NY.GDP.PCAP.KD.ZG,2014,6.79
CHN,China,NY.GDP.PCAP.KD.ZG,2015,6.36
CHN,China,NY.GDP.PCAP.KD.ZG,2016,6.16
CHN,China,NY.GDP.PCAP.KD.ZG,2017,6.25
CHN,China,NY.GDP.PCAP.KD.ZG,2018,6.26
CHN,China,NY.GDP.PCAP.KD.ZG,2019,5.69
CHN,China,NY.GDP.PCAP.KD.ZG,2020,2.10
CHN,China,NY.GDP.PCAP.KD.ZG,2021,8.47
CHN,China,NY.GDP.PCAP.KD.ZG,2022,3.15
CHN,China,NY.GDP.PCAP.KD.ZG,2023,5.53
CHN,China,NY.GDP.PCAP.KD.ZG,2024,5.09
CHN,China,NY.GDP.PCAP.KD.ZG,2025,5.14
IND,Índia,NY.GDP.PCAP.KD.ZG,1961,1.27
IND,Índia,NY.GDP.PCAP.KD.ZG,1962,0.52
IND,Índia,NY.GDP.PCAP.KD.ZG,1963,3.54
IND,Índia,NY.GDP.PCAP.KD.ZG,1964,4.97
IND,Índia,NY.GDP.PCAP.KD.ZG,1965,-4.80
IND,Índia,NY.GDP.PCAP.KD.ZG,1966,-2.17
IND,Índia,NY.GDP.PCAP.KD.ZG,1967,5.54
IND,Índia,NY.GDP.PCAP.KD.ZG,1968,1.19
IND,Índia,NY.GDP.PCAP.KD.ZG,1969,4.31
IND,Índia,NY.GDP.PCAP.KD.ZG,1970,2.85
IND,Índia,NY.GDP.PCAP.KD.ZG,1971,-0.58
IND,Índia,NY.GDP.PCAP.KD.ZG,1972,-2.71
IND,Índia,NY.GDP.PCAP.KD.ZG,1973,1.00
IND,Índia,NY.GDP.PCAP.KD.ZG,1974,-1.12
IND,Índia,NY.GDP.PCAP.KD.ZG,1975,6.60
IND,Índia,NY.GDP.PCAP.KD.ZG,1976,-0.70
IND,Índia,NY.GDP.PCAP.KD.ZG,1977,4.75
IND,Índia,NY.GDP.PCAP.KD.ZG,1978,3.31
IND,Índia,NY.GDP.PCAP.KD.ZG,1979,-7.42
IND,Índia,NY.GDP.PCAP.KD.ZG,1980,4.22
IND,Índia,NY.GDP.PCAP.KD.ZG,1981,3.54
IND,Índia,NY.GDP.PCAP.KD.ZG,1982,1.09
IND,Índia,NY.GDP.PCAP.KD.ZG,1983,4.81
IND,Índia,NY.GDP.PCAP.KD.ZG,1984,1.41
IND,Índia,NY.GDP.PCAP.KD.ZG,1985,2.83
IND,Índia,NY.GDP.PCAP.KD.ZG,1986,2.39
IND,Índia,NY.GDP.PCAP.KD.ZG,1987,1.62
IND,Índia,NY.GDP.PCAP.KD.ZG,1988,7.19
IND,Índia,NY.GDP.PCAP.KD.ZG,1989,3.61
IND,Índia,NY.GDP.PCAP.KD.ZG,1990,3.22
IND,Índia,NY.GDP.PCAP.KD.ZG,1991,-1.11
IND,Índia,NY.GDP.PCAP.KD.ZG,1992,3.26
IND,Índia,NY.GDP.PCAP.KD.ZG,1993,2.57
IND,Índia,NY.GDP.PCAP.KD.ZG,1994,4.50
IND,Índia,NY.GDP.PCAP.KD.ZG,1995,5.43
IND,Índia,NY.GDP.PCAP.KD.ZG,1996,5.42
IND,Índia,NY.GDP.PCAP.KD.ZG,1997,2.02
IND,Índia,NY.GDP.PCAP.KD.ZG,1998,4.15
IND,Índia,NY.GDP.PCAP.KD.ZG,1999,6.80
IND,Índia,NY.GDP.PCAP.KD.ZG,2000,1.91
IND,Índia,NY.GDP.PCAP.KD.ZG,2001,2.88
IND,Índia,NY.GDP.PCAP.KD.ZG,2002,1.94
IND,Índia,NY.GDP.PCAP.KD.ZG,2003,6.01
IND,Índia,NY.GDP.PCAP.KD.ZG,2004,6.10
IND,Índia,NY.GDP.PCAP.KD.ZG,2005,6.18
IND,Índia,NY.GDP.PCAP.KD.ZG,2006,6.38
IND,Índia,NY.GDP.PCAP.KD.ZG,2007,6.05
IND,Índia,NY.GDP.PCAP.KD.ZG,2008,1.61
IND,Índia,NY.GDP.PCAP.KD.ZG,2009,6.31
IND,Índia,NY.GDP.PCAP.KD.ZG,2010,6.93
IND,Índia,NY.GDP.PCAP.KD.ZG,2011,3.76
IND,Índia,NY.GDP.PCAP.KD.ZG,2012,4.02
IND,Índia,NY.GDP.PCAP.KD.ZG,2013,4.98
IND,Índia,NY.GDP.PCAP.KD.ZG,2014,6.06
IND,Índia,NY.GDP.PCAP.KD.ZG,2015,6.72
IND,Índia,NY.GDP.PCAP.KD.ZG,2016,6.97
IND,Índia,NY.GDP.PCAP.KD.ZG,2017,5.56
IND,Índia,NY.GDP.PCAP.KD.ZG,2018,5.29
IND,Índia,NY.GDP.PCAP.KD.ZG,2019,2.80
IND,Índia,NY.GDP.PCAP.KD.ZG,2020,-6.69
IND,Índia,NY.GDP.PCAP.KD.ZG,2021,8.79
IND,Índia,NY.GDP.PCAP.KD.ZG,2022,6.76
IND,Índia,NY.GDP.PCAP.KD.ZG,2023,6.27
IND,Índia,NY.GDP.PCAP.KD.ZG,2024,6.15
IND,Índia,NY.GDP.PCAP.KD.ZG,2025,6.62
KOR,Coreia do Sul,NY.GDP.PCAP.KD.ZG,1961,3.79
KOR,Coreia do Sul,NY.GDP.PCAP.KD.ZG,1962,0.99
KOR,Coreia do Sul,NY.GDP.PCAP.KD.ZG,1963,6.02
KOR,Coreia do Sul,NY.GDP.PCAP.KD.ZG,1964,6.60
KOR,Coreia do Sul,NY.GDP.PCAP.KD.ZG,1965,4.62
KOR,Coreia do Sul,NY.GDP.PCAP.KD.ZG,1966,9.23
KOR,Coreia do Sul,NY.GDP.PCAP.KD.ZG,1967,6.63
KOR,Coreia do Sul,NY.GDP.PCAP.KD.ZG,1968,10.63
KOR,Coreia do Sul,NY.GDP.PCAP.KD.ZG,1969,12.03
KOR,Coreia do Sul,NY.GDP.PCAP.KD.ZG,1970,7.79
KOR,Coreia do Sul,NY.GDP.PCAP.KD.ZG,1971,8.49
KOR,Coreia do Sul,NY.GDP.PCAP.KD.ZG,1972,5.34
KOR,Coreia do Sul,NY.GDP.PCAP.KD.ZG,1973,12.96
KOR,Coreia do Sul,NY.GDP.PCAP.KD.ZG,1974,7.79
KOR,Coreia do Sul,NY.GDP.PCAP.KD.ZG,1975,6.13
KOR,Coreia do Sul,NY.GDP.PCAP.KD.ZG,1976,11.47
KOR,Coreia do Sul,NY.GDP.PCAP.KD.ZG,1977,10.64
KOR,Coreia do Sul,NY.GDP.PCAP.KD.ZG,1978,9.39
KOR,Coreia do Sul,NY.GDP.PCAP.KD.ZG,1979,7.10
KOR,Coreia do Sul,NY.GDP.PCAP.KD.ZG,1980,-3.05
KOR,Coreia do Sul,NY.GDP.PCAP.KD.ZG,1981,5.74
KOR,Coreia do Sul,NY.GDP.PCAP.KD.ZG,1982,6.80
KOR,Coreia do Sul,NY.GDP.PCAP.KD.ZG,1983,11.81
KOR,Coreia do Sul,NY.GDP.PCAP.KD.ZG,1984,9.28
KOR,Coreia do Sul,NY.GDP.PCAP.KD.ZG,1985,6.88
KOR,Coreia do Sul,NY.GDP.PCAP.KD.ZG,1986,10.40
KOR,Coreia do Sul,NY.GDP.PCAP.KD.ZG,1987,11.79
KOR,Coreia do Sul,NY.GDP.PCAP.KD.ZG,1988,11.04
KOR,Coreia do Sul,NY.GDP.PCAP.KD.ZG,1989,6.11
KOR,Coreia do Sul,NY.GDP.PCAP.KD.ZG,1990,8.95
KOR,Coreia do Sul,NY.GDP.PCAP.KD.ZG,1991,9.78
KOR,Coreia do Sul,NY.GDP.PCAP.KD.ZG,1992,5.25
KOR,Coreia do Sul,NY.GDP.PCAP.KD.ZG,1993,5.91
KOR,Coreia do Sul,NY.GDP.PCAP.KD.ZG,1994,8.28
KOR,Coreia do Sul,NY.GDP.PCAP.KD.ZG,1995,8.64
KOR,Coreia do Sul,NY.GDP.PCAP.KD.ZG,1996,6.97
KOR,Coreia do Sul,NY.GDP.PCAP.KD.ZG,1997,5.29
KOR,Coreia do Sul,NY.GDP.PCAP.KD.ZG,1998,-5.62
KOR,Coreia do Sul,NY.GDP.PCAP.KD.ZG,1999,10.83
KOR,Coreia do Sul,NY.GDP.PCAP.KD.ZG,2000,8.29
KOR,Coreia do Sul,NY.GDP.PCAP.KD.ZG,2001,3.93
KOR,Coreia do Sul,NY.GDP.PCAP.KD.ZG,2002,7.12
KOR,Coreia do Sul,NY.GDP.PCAP.KD.ZG,2003,2.54
KOR,Coreia do Sul,NY.GDP.PCAP.KD.ZG,2004,4.77
KOR,Coreia do Sul,NY.GDP.PCAP.KD.ZG,2005,4.14
KOR,Coreia do Sul,NY.GDP.PCAP.KD.ZG,2006,4.69
KOR,Coreia do Sul,NY.GDP.PCAP.KD.ZG,2007,5.31
KOR,Coreia do Sul,NY.GDP.PCAP.KD.ZG,2008,2.23
KOR,Coreia do Sul,NY.GDP.PCAP.KD.ZG,2009,0.30
KOR,Coreia do Sul,NY.GDP.PCAP.KD.ZG,2010,6.45
KOR,Coreia do Sul,NY.GDP.PCAP.KD.ZG,2011,2.89
KOR,Coreia do Sul,NY.GDP.PCAP.KD.ZG,2012,2.01
KOR,Coreia do Sul,NY.GDP.PCAP.KD.ZG,2013,2.82
KOR,Coreia do Sul,NY.GDP.PCAP.KD.ZG,2014,2.57
KOR,Coreia do Sul,NY.GDP.PCAP.KD.ZG,2015,2.38
KOR,Coreia do Sul,NY.GDP.PCAP.KD.ZG,2016,2.76
KOR,Coreia do Sul,NY.GDP.PCAP.KD.ZG,2017,3.14
KOR,Coreia do Sul,NY.GDP.PCAP.KD.ZG,2018,2.73
KOR,Coreia do Sul,NY.GDP.PCAP.KD.ZG,2019,1.96
KOR,Coreia do Sul,NY.GDP.PCAP.KD.ZG,2020,-0.84
KOR,Coreia do Sul,NY.GDP.PCAP.KD.ZG,2021,4.75
KOR,Coreia do Sul,NY.GDP.PCAP.KD.ZG,2022,2.92
KOR,Coreia do Sul,NY.GDP.PCAP.KD.ZG,2023,1.50
KOR,Coreia do Sul,NY.GDP.PCAP.KD.ZG,2024,1.93
KOR,Coreia do Sul,NY.GDP.PCAP.KD.ZG,2025,1.14
ZAF,África do Sul,NY.GDP.PCAP.KD.ZG,1961,0.97
ZAF,África do Sul,NY.GDP.PCAP.KD.ZG,1962,3.07
ZAF,África do Sul,NY.GDP.PCAP.KD.ZG,1963,4.17
ZAF,África do Sul,NY.GDP.PCAP.KD.ZG,1964,4.69
ZAF,África do Sul,NY.GDP.PCAP.KD.ZG,1965,2.91
ZAF,África do Sul,NY.GDP.PCAP.KD.ZG,1966,1.25
ZAF,África do Sul,NY.GDP.PCAP.KD.ZG,1967,3.90
ZAF,África do Sul,NY.GDP.PCAP.KD.ZG,1968,0.96
ZAF,África do Sul,NY.GDP.PCAP.KD.ZG,1969,1.53
ZAF,África do Sul,NY.GDP.PCAP.KD.ZG,1970,2.11
ZAF,África do Sul,NY.GDP.PCAP.KD.ZG,1971,1.27
ZAF,África do Sul,NY.GDP.PCAP.KD.ZG,1972,-1.22
ZAF,África do Sul,NY.GDP.PCAP.KD.ZG,1973,1.62
ZAF,África do Sul,NY.GDP.PCAP.KD.ZG,1974,3.16
ZAF,África do Sul,NY.GDP.PCAP.KD.ZG,1975,-1.08
ZAF,África do Sul,NY.GDP.PCAP.KD.ZG,1976,-0.48
ZAF,África do Sul,NY.GDP.PCAP.KD.ZG,1977,-2.76
ZAF,África do Sul,NY.GDP.PCAP.KD.ZG,1978,0.24
ZAF,África do Sul,NY.GDP.PCAP.KD.ZG,1979,1.02
ZAF,África do Sul,NY.GDP.PCAP.KD.ZG,1980,3.43
ZAF,África do Sul,NY.GDP.PCAP.KD.ZG,1981,1.83
ZAF,África do Sul,NY.GDP.PCAP.KD.ZG,1982,-3.77
ZAF,África do Sul,NY.GDP.PCAP.KD.ZG,1983,-5.22
ZAF,África do Sul,NY.GDP.PCAP.KD.ZG,1984,1.52
ZAF,África do Sul,NY.GDP.PCAP.KD.ZG,1985,-4.45
ZAF,África do Sul,NY.GDP.PCAP.KD.ZG,1986,-3.13
ZAF,África do Sul,NY.GDP.PCAP.KD.ZG,1987,-1.03
ZAF,África do Sul,NY.GDP.PCAP.KD.ZG,1988,1.07
ZAF,África do Sul,NY.GDP.PCAP.KD.ZG,1989,-0.57
ZAF,África do Sul,NY.GDP.PCAP.KD.ZG,1990,-3.05
ZAF,África do Sul,NY.GDP.PCAP.KD.ZG,1991,-3.25
ZAF,África do Sul,NY.GDP.PCAP.KD.ZG,1992,-3.88
ZAF,África do Sul,NY.GDP.PCAP.KD.ZG,1993,-0.76
ZAF,África do Sul,NY.GDP.PCAP.KD.ZG,1994,1.54
ZAF,África do Sul,NY.GDP.PCAP.KD.ZG,1995,1.86
ZAF,África do Sul,NY.GDP.PCAP.KD.ZG,1996,2.96
ZAF,África do Sul,NY.GDP.PCAP.KD.ZG,1997,1.38
ZAF,África do Sul,NY.GDP.PCAP.KD.ZG,1998,-0.71
ZAF,África do Sul,NY.GDP.PCAP.KD.ZG,1999,1.29
ZAF,África do Sul,NY.GDP.PCAP.KD.ZG,2000,3.25
ZAF,África do Sul,NY.GDP.PCAP.KD.ZG,2001,1.82
ZAF,África do Sul,NY.GDP.PCAP.KD.ZG,2002,2.72
ZAF,África do Sul,NY.GDP.PCAP.KD.ZG,2003,1.93
ZAF,África do Sul,NY.GDP.PCAP.KD.ZG,2004,3.51
ZAF,África do Sul,NY.GDP.PCAP.KD.ZG,2005,4.22
ZAF,África do Sul,NY.GDP.PCAP.KD.ZG,2006,4.53
ZAF,África do Sul,NY.GDP.PCAP.KD.ZG,2007,4.25
ZAF,África do Sul,NY.GDP.PCAP.KD.ZG,2008,2.01
ZAF,África do Sul,NY.GDP.PCAP.KD.ZG,2009,-2.71
ZAF,África do Sul,NY.GDP.PCAP.KD.ZG,2010,1.83
ZAF,África do Sul,NY.GDP.PCAP.KD.ZG,2011,1.90
ZAF,África do Sul,NY.GDP.PCAP.KD.ZG,2012,0.90
ZAF,África do Sul,NY.GDP.PCAP.KD.ZG,2013,0.81
ZAF,África do Sul,NY.GDP.PCAP.KD.ZG,2014,-0.26
ZAF,África do Sul,NY.GDP.PCAP.KD.ZG,2015,-0.69
ZAF,África do Sul,NY.GDP.PCAP.KD.ZG,2016,-0.28
ZAF,África do Sul,NY.GDP.PCAP.KD.ZG,2017,0.50
ZAF,África do Sul,NY.GDP.PCAP.KD.ZG,2018,-0.14
ZAF,África do Sul,NY.GDP.PCAP.KD.ZG,2019,-1.38
ZAF,África do Sul,NY.GDP.PCAP.KD.ZG,2020,-7.68
ZAF,África do Sul,NY.GDP.PCAP.KD.ZG,2021,3.26
ZAF,África do Sul,NY.GDP.PCAP.KD.ZG,2022,0.63
ZAF,África do Sul,NY.GDP.PCAP.KD.ZG,2023,-0.52
ZAF,África do Sul,NY.GDP.PCAP.KD.ZG,2024,-0.71
ZAF,África do Sul,NY.GDP.PCAP.KD.ZG,2025,-0.04
RUS,Rússia,NY.GDP.PCAP.KD.ZG,1990,-3.16
RUS,Rússia,NY.GDP.PCAP.KD.ZG,1991,-5.32
RUS,Rússia,NY.GDP.PCAP.KD.ZG,1992,-14.61
RUS,Rússia,NY.GDP.PCAP.KD.ZG,1993,-8.62
RUS,Rússia,NY.GDP.PCAP.KD.ZG,1994,-12.54
RUS,Rússia,NY.GDP.PCAP.KD.ZG,1995,-4.12
RUS,Rússia,NY.GDP.PCAP.KD.ZG,1996,-3.61
RUS,Rússia,NY.GDP.PCAP.KD.ZG,1997,1.57
RUS,Rússia,NY.GDP.PCAP.KD.ZG,1998,-5.14
RUS,Rússia,NY.GDP.PCAP.KD.ZG,1999,6.73
RUS,Rússia,NY.GDP.PCAP.KD.ZG,2000,10.46
RUS,Rússia,NY.GDP.PCAP.KD.ZG,2001,5.55
RUS,Rússia,NY.GDP.PCAP.KD.ZG,2002,5.18
RUS,Rússia,NY.GDP.PCAP.KD.ZG,2003,7.79
RUS,Rússia,NY.GDP.PCAP.KD.ZG,2004,7.63
RUS,Rússia,NY.GDP.PCAP.KD.ZG,2005,6.81
RUS,Rússia,NY.GDP.PCAP.KD.ZG,2006,8.55
RUS,Rússia,NY.GDP.PCAP.KD.ZG,2007,8.69
RUS,Rússia,NY.GDP.PCAP.KD.ZG,2008,5.25
RUS,Rússia,NY.GDP.PCAP.KD.ZG,2009,-7.83
RUS,Rússia,NY.GDP.PCAP.KD.ZG,2010,4.45
RUS,Rússia,NY.GDP.PCAP.KD.ZG,2011,4.18
RUS,Rússia,NY.GDP.PCAP.KD.ZG,2012,3.76
RUS,Rússia,NY.GDP.PCAP.KD.ZG,2013,1.45
RUS,Rússia,NY.GDP.PCAP.KD.ZG,2014,-1.12
RUS,Rússia,NY.GDP.PCAP.KD.ZG,2015,-2.28
RUS,Rússia,NY.GDP.PCAP.KD.ZG,2016,-0.09
RUS,Rússia,NY.GDP.PCAP.KD.ZG,2017,1.61
RUS,Rússia,NY.GDP.PCAP.KD.ZG,2018,2.72
RUS,Rússia,NY.GDP.PCAP.KD.ZG,2019,2.14
RUS,Rússia,NY.GDP.PCAP.KD.ZG,2020,-2.53
RUS,Rússia,NY.GDP.PCAP.KD.ZG,2021,6.22
RUS,Rússia,NY.GDP.PCAP.KD.ZG,2022,-1.10
RUS,Rússia,NY.GDP.PCAP.KD.ZG,2023,4.36
RUS,Rússia,NY.GDP.PCAP.KD.ZG,2024,5.04
RUS,Rússia,NY.GDP.PCAP.KD.ZG,2025,1.11
TUR,Turquia,NY.GDP.PCAP.KD.ZG,1961,-1.59
TUR,Turquia,NY.GDP.PCAP.KD.ZG,1962,2.76
TUR,Turquia,NY.GDP.PCAP.KD.ZG,1963,6.19
TUR,Turquia,NY.GDP.PCAP.KD.ZG,1964,2.73
TUR,Turquia,NY.GDP.PCAP.KD.ZG,1965,0.27
TUR,Turquia,NY.GDP.PCAP.KD.ZG,1966,8.42
TUR,Turquia,NY.GDP.PCAP.KD.ZG,1967,2.05
TUR,Turquia,NY.GDP.PCAP.KD.ZG,1968,4.11
TUR,Turquia,NY.GDP.PCAP.KD.ZG,1969,1.56
TUR,Turquia,NY.GDP.PCAP.KD.ZG,1970,0.84
TUR,Turquia,NY.GDP.PCAP.KD.ZG,1971,3.09
TUR,Turquia,NY.GDP.PCAP.KD.ZG,1972,4.88
TUR,Turquia,NY.GDP.PCAP.KD.ZG,1973,0.90
TUR,Turquia,NY.GDP.PCAP.KD.ZG,1974,3.28
TUR,Turquia,NY.GDP.PCAP.KD.ZG,1975,4.97
TUR,Turquia,NY.GDP.PCAP.KD.ZG,1976,8.23
TUR,Turquia,NY.GDP.PCAP.KD.ZG,1977,1.30
TUR,Turquia,NY.GDP.PCAP.KD.ZG,1978,-0.53
TUR,Turquia,NY.GDP.PCAP.KD.ZG,1979,-2.56
TUR,Turquia,NY.GDP.PCAP.KD.ZG,1980,-4.38
TUR,Turquia,NY.GDP.PCAP.KD.ZG,1981,2.79
TUR,Turquia,NY.GDP.PCAP.KD.ZG,1982,1.37
TUR,Turquia,NY.GDP.PCAP.KD.ZG,1983,2.53
TUR,Turquia,NY.GDP.PCAP.KD.ZG,1984,4.29
TUR,Turquia,NY.GDP.PCAP.KD.ZG,1985,1.95
TUR,Turquia,NY.GDP.PCAP.KD.ZG,1986,4.76
TUR,Turquia,NY.GDP.PCAP.KD.ZG,1987,7.28
TUR,Turquia,NY.GDP.PCAP.KD.ZG,1988,0.30
TUR,Turquia,NY.GDP.PCAP.KD.ZG,1989,-1.66
TUR,Turquia,NY.GDP.PCAP.KD.ZG,1990,7.24
TUR,Turquia,NY.GDP.PCAP.KD.ZG,1991,-1.04
TUR,Turquia,NY.GDP.PCAP.KD.ZG,1992,3.26
TUR,Turquia,NY.GDP.PCAP.KD.ZG,1993,5.81
TUR,Turquia,NY.GDP.PCAP.KD.ZG,1994,-6.31
TUR,Turquia,NY.GDP.PCAP.KD.ZG,1995,6.13
TUR,Turquia,NY.GDP.PCAP.KD.ZG,1996,5.55
TUR,Turquia,NY.GDP.PCAP.KD.ZG,1997,5.82
TUR,Turquia,NY.GDP.PCAP.KD.ZG,1998,0.50
TUR,Turquia,NY.GDP.PCAP.KD.ZG,1999,-4.34
TUR,Turquia,NY.GDP.PCAP.KD.ZG,2000,5.62
TUR,Turquia,NY.GDP.PCAP.KD.ZG,2001,-6.63
TUR,Turquia,NY.GDP.PCAP.KD.ZG,2002,5.16
TUR,Turquia,NY.GDP.PCAP.KD.ZG,2003,4.58
TUR,Turquia,NY.GDP.PCAP.KD.ZG,2004,8.71
TUR,Turquia,NY.GDP.PCAP.KD.ZG,2005,7.95
TUR,Turquia,NY.GDP.PCAP.KD.ZG,2006,5.97
TUR,Turquia,NY.GDP.PCAP.KD.ZG,2007,4.94
TUR,Turquia,NY.GDP.PCAP.KD.ZG,2008,-0.35
TUR,Turquia,NY.GDP.PCAP.KD.ZG,2009,-6.19
TUR,Turquia,NY.GDP.PCAP.KD.ZG,2010,6.91
TUR,Turquia,NY.GDP.PCAP.KD.ZG,2011,9.36
TUR,Turquia,NY.GDP.PCAP.KD.ZG,2012,3.48
TUR,Turquia,NY.GDP.PCAP.KD.ZG,2013,7.10
TUR,Turquia,NY.GDP.PCAP.KD.ZG,2014,3.20
TUR,Turquia,NY.GDP.PCAP.KD.ZG,2015,4.40
TUR,Turquia,NY.GDP.PCAP.KD.ZG,2016,1.94
TUR,Turquia,NY.GDP.PCAP.KD.ZG,2017,6.44
TUR,Turquia,NY.GDP.PCAP.KD.ZG,2018,2.08
TUR,Turquia,NY.GDP.PCAP.KD.ZG,2019,-0.14
TUR,Turquia,NY.GDP.PCAP.KD.ZG,2020,0.82
TUR,Turquia,NY.GDP.PCAP.KD.ZG,2021,10.80
TUR,Turquia,NY.GDP.PCAP.KD.ZG,2022,4.41
TUR,Turquia,NY.GDP.PCAP.KD.ZG,2023,4.62
TUR,Turquia,NY.GDP.PCAP.KD.ZG,2024,3.09
TUR,Turquia,NY.GDP.PCAP.KD.ZG,2025,3.17
IDN,Indonésia,NY.GDP.PCAP.KD.ZG,1961,2.83
IDN,Indonésia,NY.GDP.PCAP.KD.ZG,1962,-0.98
IDN,Indonésia,NY.GDP.PCAP.KD.ZG,1963,-4.96
IDN,Indonésia,NY.GDP.PCAP.KD.ZG,1964,0.62
IDN,Indonésia,NY.GDP.PCAP.KD.ZG,1965,-1.44
IDN,Indonésia,NY.GDP.PCAP.KD.ZG,1966,0.39
IDN,Indonésia,NY.GDP.PCAP.KD.ZG,1967,-1.22
IDN,Indonésia,NY.GDP.PCAP.KD.ZG,1968,7.95
IDN,Indonésia,NY.GDP.PCAP.KD.ZG,1969,3.91
IDN,Indonésia,NY.GDP.PCAP.KD.ZG,1970,4.63
IDN,Indonésia,NY.GDP.PCAP.KD.ZG,1971,4.16
IDN,Indonésia,NY.GDP.PCAP.KD.ZG,1972,4.23
IDN,Indonésia,NY.GDP.PCAP.KD.ZG,1973,5.30
IDN,Indonésia,NY.GDP.PCAP.KD.ZG,1974,4.90
IDN,Indonésia,NY.GDP.PCAP.KD.ZG,1975,2.36
IDN,Indonésia,NY.GDP.PCAP.KD.ZG,1976,4.25
IDN,Indonésia,NY.GDP.PCAP.KD.ZG,1977,6.12
IDN,Indonésia,NY.GDP.PCAP.KD.ZG,1978,4.20
IDN,Indonésia,NY.GDP.PCAP.KD.ZG,1979,4.75
IDN,Indonésia,NY.GDP.PCAP.KD.ZG,1980,7.29
IDN,Indonésia,NY.GDP.PCAP.KD.ZG,1981,5.43
IDN,Indonésia,NY.GDP.PCAP.KD.ZG,1982,-0.09
IDN,Indonésia,NY.GDP.PCAP.KD.ZG,1983,1.84
IDN,Indonésia,NY.GDP.PCAP.KD.ZG,1984,4.62
IDN,Indonésia,NY.GDP.PCAP.KD.ZG,1985,0.30
IDN,Indonésia,NY.GDP.PCAP.KD.ZG,1986,3.76
IDN,Indonésia,NY.GDP.PCAP.KD.ZG,1987,2.91
IDN,Indonésia,NY.GDP.PCAP.KD.ZG,1988,3.78
IDN,Indonésia,NY.GDP.PCAP.KD.ZG,1989,5.46
IDN,Indonésia,NY.GDP.PCAP.KD.ZG,1990,5.31
IDN,Indonésia,NY.GDP.PCAP.KD.ZG,1991,5.04
IDN,Indonésia,NY.GDP.PCAP.KD.ZG,1992,4.67
IDN,Indonésia,NY.GDP.PCAP.KD.ZG,1993,4.70
IDN,Indonésia,NY.GDP.PCAP.KD.ZG,1994,5.74
IDN,Indonésia,NY.GDP.PCAP.KD.ZG,1995,6.44
IDN,Indonésia,NY.GDP.PCAP.KD.ZG,1996,6.06
IDN,Indonésia,NY.GDP.PCAP.KD.ZG,1997,3.01
IDN,Indonésia,NY.GDP.PCAP.KD.ZG,1998,-14.49
IDN,Indonésia,NY.GDP.PCAP.KD.ZG,1999,-0.71
IDN,Indonésia,NY.GDP.PCAP.KD.ZG,2000,3.43
IDN,Indonésia,NY.GDP.PCAP.KD.ZG,2001,2.21
IDN,Indonésia,NY.GDP.PCAP.KD.ZG,2002,3.09
IDN,Indonésia,NY.GDP.PCAP.KD.ZG,2003,3.40
IDN,Indonésia,NY.GDP.PCAP.KD.ZG,2004,3.70
IDN,Indonésia,NY.GDP.PCAP.KD.ZG,2005,4.34
IDN,Indonésia,NY.GDP.PCAP.KD.ZG,2006,4.11
IDN,Indonésia,NY.GDP.PCAP.KD.ZG,2007,4.95
IDN,Indonésia,NY.GDP.PCAP.KD.ZG,2008,4.65
IDN,Indonésia,NY.GDP.PCAP.KD.ZG,2009,3.31
IDN,Indonésia,NY.GDP.PCAP.KD.ZG,2010,4.89
IDN,Indonésia,NY.GDP.PCAP.KD.ZG,2011,4.82
IDN,Indonésia,NY.GDP.PCAP.KD.ZG,2012,4.68
IDN,Indonésia,NY.GDP.PCAP.KD.ZG,2013,4.26
IDN,Indonésia,NY.GDP.PCAP.KD.ZG,2014,3.78
IDN,Indonésia,NY.GDP.PCAP.KD.ZG,2015,3.71
IDN,Indonésia,NY.GDP.PCAP.KD.ZG,2016,3.91
IDN,Indonésia,NY.GDP.PCAP.KD.ZG,2017,4.00
IDN,Indonésia,NY.GDP.PCAP.KD.ZG,2018,4.16
IDN,Indonésia,NY.GDP.PCAP.KD.ZG,2019,4.04
IDN,Indonésia,NY.GDP.PCAP.KD.ZG,2020,-2.89
IDN,Indonésia,NY.GDP.PCAP.KD.ZG,2021,2.97
IDN,Indonésia,NY.GDP.PCAP.KD.ZG,2022,4.52
IDN,Indonésia,NY.GDP.PCAP.KD.ZG,2023,4.17
IDN,Indonésia,NY.GDP.PCAP.KD.ZG,2024,4.18
IDN,Indonésia,NY.GDP.PCAP.KD.ZG,2025,4.29
WLD,Mundo,NY.GDP.PCAP.KD.ZG,1961,2.51
WLD,Mundo,NY.GDP.PCAP.KD.ZG,1962,3.48
WLD,Mundo,NY.GDP.PCAP.KD.ZG,1963,2.82
WLD,Mundo,NY.GDP.PCAP.KD.ZG,1964,4.43
WLD,Mundo,NY.GDP.PCAP.KD.ZG,1965,3.48
WLD,Mundo,NY.GDP.PCAP.KD.ZG,1966,3.24
WLD,Mundo,NY.GDP.PCAP.KD.ZG,1967,1.64
WLD,Mundo,NY.GDP.PCAP.KD.ZG,1968,3.80
WLD,Mundo,NY.GDP.PCAP.KD.ZG,1969,3.78
WLD,Mundo,NY.GDP.PCAP.KD.ZG,1970,1.63
WLD,Mundo,NY.GDP.PCAP.KD.ZG,1971,1.95
WLD,Mundo,NY.GDP.PCAP.KD.ZG,1972,3.45
WLD,Mundo,NY.GDP.PCAP.KD.ZG,1973,4.37
WLD,Mundo,NY.GDP.PCAP.KD.ZG,1974,0.04
WLD,Mundo,NY.GDP.PCAP.KD.ZG,1975,-1.04
WLD,Mundo,NY.GDP.PCAP.KD.ZG,1976,3.35
WLD,Mundo,NY.GDP.PCAP.KD.ZG,1977,2.13
WLD,Mundo,NY.GDP.PCAP.KD.ZG,1978,2.33
WLD,Mundo,NY.GDP.PCAP.KD.ZG,1979,2.31
WLD,Mundo,NY.GDP.PCAP.KD.ZG,1980,0.04
WLD,Mundo,NY.GDP.PCAP.KD.ZG,1981,0.10
WLD,Mundo,NY.GDP.PCAP.KD.ZG,1982,-1.39
WLD,Mundo,NY.GDP.PCAP.KD.ZG,1983,0.75
WLD,Mundo,NY.GDP.PCAP.KD.ZG,1984,2.90
WLD,Mundo,NY.GDP.PCAP.KD.ZG,1985,1.85
WLD,Mundo,NY.GDP.PCAP.KD.ZG,1986,1.49
WLD,Mundo,NY.GDP.PCAP.KD.ZG,1987,1.91
WLD,Mundo,NY.GDP.PCAP.KD.ZG,1988,2.69
WLD,Mundo,NY.GDP.PCAP.KD.ZG,1989,1.84
WLD,Mundo,NY.GDP.PCAP.KD.ZG,1990,0.93
WLD,Mundo,NY.GDP.PCAP.KD.ZG,1991,-0.45
WLD,Mundo,NY.GDP.PCAP.KD.ZG,1992,0.41
WLD,Mundo,NY.GDP.PCAP.KD.ZG,1993,0.25
WLD,Mundo,NY.GDP.PCAP.KD.ZG,1994,1.84
WLD,Mundo,NY.GDP.PCAP.KD.ZG,1995,1.64
WLD,Mundo,NY.GDP.PCAP.KD.ZG,1996,2.05
WLD,Mundo,NY.GDP.PCAP.KD.ZG,1997,2.49
WLD,Mundo,NY.GDP.PCAP.KD.ZG,1998,1.31
WLD,Mundo,NY.GDP.PCAP.KD.ZG,1999,2.14
WLD,Mundo,NY.GDP.PCAP.KD.ZG,2000,3.15
WLD,Mundo,NY.GDP.PCAP.KD.ZG,2001,0.67
WLD,Mundo,NY.GDP.PCAP.KD.ZG,2002,0.99
WLD,Mundo,NY.GDP.PCAP.KD.ZG,2003,1.75
WLD,Mundo,NY.GDP.PCAP.KD.ZG,2004,3.16
WLD,Mundo,NY.GDP.PCAP.KD.ZG,2005,2.74
WLD,Mundo,NY.GDP.PCAP.KD.ZG,2006,3.17
WLD,Mundo,NY.GDP.PCAP.KD.ZG,2007,3.12
WLD,Mundo,NY.GDP.PCAP.KD.ZG,2008,0.81
WLD,Mundo,NY.GDP.PCAP.KD.ZG,2009,-2.56
WLD,Mundo,NY.GDP.PCAP.KD.ZG,2010,3.26
WLD,Mundo,NY.GDP.PCAP.KD.ZG,2011,2.06
WLD,Mundo,NY.GDP.PCAP.KD.ZG,2012,1.46
WLD,Mundo,NY.GDP.PCAP.KD.ZG,2013,1.63
WLD,Mundo,NY.GDP.PCAP.KD.ZG,2014,1.93
WLD,Mundo,NY.GDP.PCAP.KD.ZG,2015,1.91
WLD,Mundo,NY.GDP.PCAP.KD.ZG,2016,1.60
WLD,Mundo,NY.GDP.PCAP.KD.ZG,2017,2.28
WLD,Mundo,NY.GDP.PCAP.KD.ZG,2018,2.18
WLD,Mundo,NY.GDP.PCAP.KD.ZG,2019,1.61
WLD,Mundo,NY.GDP.PCAP.KD.ZG,2020,-3.83
WLD,Mundo,NY.GDP.PCAP.KD.ZG,2021,5.60
WLD,Mundo,NY.GDP.PCAP.KD.ZG,2022,2.55
WLD,Mundo,NY.GDP.PCAP.KD.ZG,2023,1.91
WLD,Mundo,NY.GDP.PCAP.KD.ZG,2024,1.91
WLD,Mundo,NY.GDP.PCAP.KD.ZG,2025,1.99
LCN,América Latina e Caribe,NY.GDP.PCAP.KD.ZG,1961,3.13
LCN,América Latina e Caribe,NY.GDP.PCAP.KD.ZG,1962,1.65
LCN,América Latina e Caribe,NY.GDP.PCAP.KD.ZG,1963,-0.63
LCN,América Latina e Caribe,NY.GDP.PCAP.KD.ZG,1964,4.56
LCN,América Latina e Caribe,NY.GDP.PCAP.KD.ZG,1965,2.78
LCN,América Latina e Caribe,NY.GDP.PCAP.KD.ZG,1966,2.04
LCN,América Latina e Caribe,NY.GDP.PCAP.KD.ZG,1967,1.59
LCN,América Latina e Caribe,NY.GDP.PCAP.KD.ZG,1968,4.42
LCN,América Latina e Caribe,NY.GDP.PCAP.KD.ZG,1969,3.92
LCN,América Latina e Caribe,NY.GDP.PCAP.KD.ZG,1970,3.98
LCN,América Latina e Caribe,NY.GDP.PCAP.KD.ZG,1971,4.08
LCN,América Latina e Caribe,NY.GDP.PCAP.KD.ZG,1972,4.38
LCN,América Latina e Caribe,NY.GDP.PCAP.KD.ZG,1973,5.39
LCN,América Latina e Caribe,NY.GDP.PCAP.KD.ZG,1974,3.58
LCN,América Latina e Caribe,NY.GDP.PCAP.KD.ZG,1975,1.20
LCN,América Latina e Caribe,NY.GDP.PCAP.KD.ZG,1976,3.11
LCN,América Latina e Caribe,NY.GDP.PCAP.KD.ZG,1977,2.55
LCN,América Latina e Caribe,NY.GDP.PCAP.KD.ZG,1978,2.10
LCN,América Latina e Caribe,NY.GDP.PCAP.KD.ZG,1979,4.76
LCN,América Latina e Caribe,NY.GDP.PCAP.KD.ZG,1980,3.93
LCN,América Latina e Caribe,NY.GDP.PCAP.KD.ZG,1981,-1.02
LCN,América Latina e Caribe,NY.GDP.PCAP.KD.ZG,1982,-2.20
LCN,América Latina e Caribe,NY.GDP.PCAP.KD.ZG,1983,-4.57
LCN,América Latina e Caribe,NY.GDP.PCAP.KD.ZG,1984,1.75
LCN,América Latina e Caribe,NY.GDP.PCAP.KD.ZG,1985,0.93
LCN,América Latina e Caribe,NY.GDP.PCAP.KD.ZG,1986,1.48
LCN,América Latina e Caribe,NY.GDP.PCAP.KD.ZG,1987,1.32
LCN,América Latina e Caribe,NY.GDP.PCAP.KD.ZG,1988,-1.15
LCN,América Latina e Caribe,NY.GDP.PCAP.KD.ZG,1989,-0.71
LCN,América Latina e Caribe,NY.GDP.PCAP.KD.ZG,1990,-2.04
LCN,América Latina e Caribe,NY.GDP.PCAP.KD.ZG,1991,1.30
LCN,América Latina e Caribe,NY.GDP.PCAP.KD.ZG,1992,0.85
LCN,América Latina e Caribe,NY.GDP.PCAP.KD.ZG,1993,2.46
LCN,América Latina e Caribe,NY.GDP.PCAP.KD.ZG,1994,3.26
LCN,América Latina e Caribe,NY.GDP.PCAP.KD.ZG,1995,-0.73
LCN,América Latina e Caribe,NY.GDP.PCAP.KD.ZG,1996,2.21
LCN,América Latina e Caribe,NY.GDP.PCAP.KD.ZG,1997,3.80
LCN,América Latina e Caribe,NY.GDP.PCAP.KD.ZG,1998,1.33
LCN,América Latina e Caribe,NY.GDP.PCAP.KD.ZG,1999,-0.99
LCN,América Latina e Caribe,NY.GDP.PCAP.KD.ZG,2000,2.12
LCN,América Latina e Caribe,NY.GDP.PCAP.KD.ZG,2001,-0.86
LCN,América Latina e Caribe,NY.GDP.PCAP.KD.ZG,2002,-1.12
LCN,América Latina e Caribe,NY.GDP.PCAP.KD.ZG,2003,0.90
LCN,América Latina e Caribe,NY.GDP.PCAP.KD.ZG,2004,4.41
LCN,América Latina e Caribe,NY.GDP.PCAP.KD.ZG,2005,2.84
LCN,América Latina e Caribe,NY.GDP.PCAP.KD.ZG,2006,4.02
LCN,América Latina e Caribe,NY.GDP.PCAP.KD.ZG,2007,4.07
LCN,América Latina e Caribe,NY.GDP.PCAP.KD.ZG,2008,2.51
LCN,América Latina e Caribe,NY.GDP.PCAP.KD.ZG,2009,-3.39
LCN,América Latina e Caribe,NY.GDP.PCAP.KD.ZG,2010,5.00
LCN,América Latina e Caribe,NY.GDP.PCAP.KD.ZG,2011,3.28
LCN,América Latina e Caribe,NY.GDP.PCAP.KD.ZG,2012,1.56
LCN,América Latina e Caribe,NY.GDP.PCAP.KD.ZG,2013,1.66
LCN,América Latina e Caribe,NY.GDP.PCAP.KD.ZG,2014,0.18
LCN,América Latina e Caribe,NY.GDP.PCAP.KD.ZG,2015,-0.74
LCN,América Latina e Caribe,NY.GDP.PCAP.KD.ZG,2016,-1.66
LCN,América Latina e Caribe,NY.GDP.PCAP.KD.ZG,2017,0.64
LCN,América Latina e Caribe,NY.GDP.PCAP.KD.ZG,2018,0.37
LCN,América Latina e Caribe,NY.GDP.PCAP.KD.ZG,2019,-0.49
LCN,América Latina e Caribe,NY.GDP.PCAP.KD.ZG,2020,-7.51
LCN,América Latina e Caribe,NY.GDP.PCAP.KD.ZG,2021,6.46
LCN,América Latina e Caribe,NY.GDP.PCAP.KD.ZG,2022,3.47
LCN,América Latina e Caribe,NY.GDP.PCAP.KD.ZG,2023,1.51
LCN,América Latina e Caribe,NY.GDP.PCAP.KD.ZG,2024,1.55
LCN,América Latina e Caribe,NY.GDP.PCAP.KD.ZG,2025,1.65
UMC,Países de renda média-alta,NY.GDP.PCAP.KD.ZG,1961,-0.13
UMC,Países de renda média-alta,NY.GDP.PCAP.KD.ZG,1962,1.47
UMC,Países de renda média-alta,NY.GDP.PCAP.KD.ZG,1963,1.93
UMC,Países de renda média-alta,NY.GDP.PCAP.KD.ZG,1964,5.92
UMC,Países de renda média-alta,NY.GDP.PCAP.KD.ZG,1965,5.01
UMC,Países de renda média-alta,NY.GDP.PCAP.KD.ZG,1966,3.44
UMC,Países de renda média-alta,NY.GDP.PCAP.KD.ZG,1967,1.24
UMC,Países de renda média-alta,NY.GDP.PCAP.KD.ZG,1968,4.21
UMC,Países de renda média-alta,NY.GDP.PCAP.KD.ZG,1969,5.48
UMC,Países de renda média-alta,NY.GDP.PCAP.KD.ZG,1970,5.50
UMC,Países de renda média-alta,NY.GDP.PCAP.KD.ZG,1971,3.91
UMC,Países de renda média-alta,NY.GDP.PCAP.KD.ZG,1972,5.06
UMC,Países de renda média-alta,NY.GDP.PCAP.KD.ZG,1973,5.33
UMC,Países de renda média-alta,NY.GDP.PCAP.KD.ZG,1974,4.00
UMC,Países de renda média-alta,NY.GDP.PCAP.KD.ZG,1975,2.49
UMC,Países de renda média-alta,NY.GDP.PCAP.KD.ZG,1976,4.59
UMC,Países de renda média-alta,NY.GDP.PCAP.KD.ZG,1977,2.50
UMC,Países de renda média-alta,NY.GDP.PCAP.KD.ZG,1978,2.01
UMC,Países de renda média-alta,NY.GDP.PCAP.KD.ZG,1979,3.78
UMC,Países de renda média-alta,NY.GDP.PCAP.KD.ZG,1980,2.90
UMC,Países de renda média-alta,NY.GDP.PCAP.KD.ZG,1981,0.19
UMC,Países de renda média-alta,NY.GDP.PCAP.KD.ZG,1982,1.24
UMC,Países de renda média-alta,NY.GDP.PCAP.KD.ZG,1983,-0.37
UMC,Países de renda média-alta,NY.GDP.PCAP.KD.ZG,1984,3.23
UMC,Países de renda média-alta,NY.GDP.PCAP.KD.ZG,1985,2.61
UMC,Países de renda média-alta,NY.GDP.PCAP.KD.ZG,1986,1.84
UMC,Países de renda média-alta,NY.GDP.PCAP.KD.ZG,1987,3.02
UMC,Países de renda média-alta,NY.GDP.PCAP.KD.ZG,1988,1.63
UMC,Países de renda média-alta,NY.GDP.PCAP.KD.ZG,1989,1.25
UMC,Países de renda média-alta,NY.GDP.PCAP.KD.ZG,1990,1.06
UMC,Países de renda média-alta,NY.GDP.PCAP.KD.ZG,1991,1.48
UMC,Países de renda média-alta,NY.GDP.PCAP.KD.ZG,1992,3.01
UMC,Países de renda média-alta,NY.GDP.PCAP.KD.ZG,1993,4.43
UMC,Países de renda média-alta,NY.GDP.PCAP.KD.ZG,1994,4.20
UMC,Países de renda média-alta,NY.GDP.PCAP.KD.ZG,1995,3.21
UMC,Países de renda média-alta,NY.GDP.PCAP.KD.ZG,1996,4.93
UMC,Países de renda média-alta,NY.GDP.PCAP.KD.ZG,1997,4.82
UMC,Países de renda média-alta,NY.GDP.PCAP.KD.ZG,1998,1.74
UMC,Países de renda média-alta,NY.GDP.PCAP.KD.ZG,1999,2.13
UMC,Países de renda média-alta,NY.GDP.PCAP.KD.ZG,2000,4.87
UMC,Países de renda média-alta,NY.GDP.PCAP.KD.ZG,2001,2.43
UMC,Países de renda média-alta,NY.GDP.PCAP.KD.ZG,2002,3.88
UMC,Países de renda média-alta,NY.GDP.PCAP.KD.ZG,2003,4.97
UMC,Países de renda média-alta,NY.GDP.PCAP.KD.ZG,2004,6.88
UMC,Países de renda média-alta,NY.GDP.PCAP.KD.ZG,2005,6.57
UMC,Países de renda média-alta,NY.GDP.PCAP.KD.ZG,2006,7.60
UMC,Países de renda média-alta,NY.GDP.PCAP.KD.ZG,2007,8.44
UMC,Países de renda média-alta,NY.GDP.PCAP.KD.ZG,2008,5.36
UMC,Países de renda média-alta,NY.GDP.PCAP.KD.ZG,2009,2.63
UMC,Países de renda média-alta,NY.GDP.PCAP.KD.ZG,2010,7.56
UMC,Países de renda média-alta,NY.GDP.PCAP.KD.ZG,2011,5.93
UMC,Países de renda média-alta,NY.GDP.PCAP.KD.ZG,2012,4.79
UMC,Países de renda média-alta,NY.GDP.PCAP.KD.ZG,2013,4.68
UMC,Países de renda média-alta,NY.GDP.PCAP.KD.ZG,2014,4.04
UMC,Países de renda média-alta,NY.GDP.PCAP.KD.ZG,2015,3.63
UMC,Países de renda média-alta,NY.GDP.PCAP.KD.ZG,2016,3.74
UMC,Países de renda média-alta,NY.GDP.PCAP.KD.ZG,2017,4.52
UMC,Países de renda média-alta,NY.GDP.PCAP.KD.ZG,2018,4.13
UMC,Países de renda média-alta,NY.GDP.PCAP.KD.ZG,2019,3.52
UMC,Países de renda média-alta,NY.GDP.PCAP.KD.ZG,2020,-1.07
UMC,Países de renda média-alta,NY.GDP.PCAP.KD.ZG,2021,7.11
UMC,Países de renda média-alta,NY.GDP.PCAP.KD.ZG,2022,3.23
UMC,Países de renda média-alta,NY.GDP.PCAP.KD.ZG,2023,4.31
UMC,Países de renda média-alta,NY.GDP.PCAP.KD.ZG,2024,3.88
UMC,Países de renda média-alta,NY.GDP.PCAP.KD.ZG,2025,3.85
HIC,Países de renda alta,NY.GDP.PCAP.KD.ZG,1961,3.14
HIC,Países de renda alta,NY.GDP.PCAP.KD.ZG,1962,4.31
HIC,Países de renda alta,NY.GDP.PCAP.KD.ZG,1963,3.80
HIC,Países de renda alta,NY.GDP.PCAP.KD.ZG,1964,5.15
HIC,Países de renda alta,NY.GDP.PCAP.KD.ZG,1965,4.36
HIC,Países de renda alta,NY.GDP.PCAP.KD.ZG,1966,4.46
HIC,Países de renda alta,NY.GDP.PCAP.KD.ZG,1967,2.84
HIC,Países de renda alta,NY.GDP.PCAP.KD.ZG,1968,4.93
HIC,Países de renda alta,NY.GDP.PCAP.KD.ZG,1969,4.62
HIC,Países de renda alta,NY.GDP.PCAP.KD.ZG,1970,2.08
HIC,Países de renda alta,NY.GDP.PCAP.KD.ZG,1971,2.63
HIC,Países de renda alta,NY.GDP.PCAP.KD.ZG,1972,4.44
HIC,Países de renda alta,NY.GDP.PCAP.KD.ZG,1973,5.41
HIC,Países de renda alta,NY.GDP.PCAP.KD.ZG,1974,0.35
HIC,Países de renda alta,NY.GDP.PCAP.KD.ZG,1975,-0.71
HIC,Países de renda alta,NY.GDP.PCAP.KD.ZG,1976,4.16
HIC,Países de renda alta,NY.GDP.PCAP.KD.ZG,1977,2.98
HIC,Países de renda alta,NY.GDP.PCAP.KD.ZG,1978,3.41
HIC,Países de renda alta,NY.GDP.PCAP.KD.ZG,1979,3.22
HIC,Países de renda alta,NY.GDP.PCAP.KD.ZG,1980,0.44
HIC,Países de renda alta,NY.GDP.PCAP.KD.ZG,1981,1.10
HIC,Países de renda alta,NY.GDP.PCAP.KD.ZG,1982,-0.84
HIC,Países de renda alta,NY.GDP.PCAP.KD.ZG,1983,2.14
HIC,Países de renda alta,NY.GDP.PCAP.KD.ZG,1984,4.06
HIC,Países de renda alta,NY.GDP.PCAP.KD.ZG,1985,2.82
HIC,Países de renda alta,NY.GDP.PCAP.KD.ZG,1986,2.53
HIC,Países de renda alta,NY.GDP.PCAP.KD.ZG,1987,2.85
HIC,Países de renda alta,NY.GDP.PCAP.KD.ZG,1988,3.91
HIC,Países de renda alta,NY.GDP.PCAP.KD.ZG,1989,3.10
HIC,Países de renda alta,NY.GDP.PCAP.KD.ZG,1990,1.96
HIC,Países de renda alta,NY.GDP.PCAP.KD.ZG,1991,0.12
HIC,Países de renda alta,NY.GDP.PCAP.KD.ZG,1992,0.82
HIC,Países de renda alta,NY.GDP.PCAP.KD.ZG,1993,0.44
HIC,Países de renda alta,NY.GDP.PCAP.KD.ZG,1994,2.37
HIC,Países de renda alta,NY.GDP.PCAP.KD.ZG,1995,2.21
HIC,Países de renda alta,NY.GDP.PCAP.KD.ZG,1996,2.32
HIC,Países de renda alta,NY.GDP.PCAP.KD.ZG,1997,2.96
HIC,Países de renda alta,NY.GDP.PCAP.KD.ZG,1998,2.08
HIC,Países de renda alta,NY.GDP.PCAP.KD.ZG,1999,3.04
HIC,Países de renda alta,NY.GDP.PCAP.KD.ZG,2000,3.77
HIC,Países de renda alta,NY.GDP.PCAP.KD.ZG,2001,1.06
HIC,Países de renda alta,NY.GDP.PCAP.KD.ZG,2002,1.13
HIC,Países de renda alta,NY.GDP.PCAP.KD.ZG,2003,1.74
HIC,Países de renda alta,NY.GDP.PCAP.KD.ZG,2004,2.95
HIC,Países de renda alta,NY.GDP.PCAP.KD.ZG,2005,2.46
HIC,Países de renda alta,NY.GDP.PCAP.KD.ZG,2006,2.64
HIC,Países de renda alta,NY.GDP.PCAP.KD.ZG,2007,2.23
HIC,Países de renda alta,NY.GDP.PCAP.KD.ZG,2008,-0.00
HIC,Países de renda alta,NY.GDP.PCAP.KD.ZG,2009,-3.95
HIC,Países de renda alta,NY.GDP.PCAP.KD.ZG,2010,2.59
HIC,Países de renda alta,NY.GDP.PCAP.KD.ZG,2011,1.56
HIC,Países de renda alta,NY.GDP.PCAP.KD.ZG,2012,0.91
HIC,Países de renda alta,NY.GDP.PCAP.KD.ZG,2013,1.03
HIC,Países de renda alta,NY.GDP.PCAP.KD.ZG,2014,1.66
HIC,Países de renda alta,NY.GDP.PCAP.KD.ZG,2015,1.73
HIC,Países de renda alta,NY.GDP.PCAP.KD.ZG,2016,1.23
HIC,Países de renda alta,NY.GDP.PCAP.KD.ZG,2017,2.04
HIC,Países de renda alta,NY.GDP.PCAP.KD.ZG,2018,2.07
HIC,Países de renda alta,NY.GDP.PCAP.KD.ZG,2019,1.54
HIC,Países de renda alta,NY.GDP.PCAP.KD.ZG,2020,-4.12
HIC,Países de renda alta,NY.GDP.PCAP.KD.ZG,2021,6.10
HIC,Países de renda alta,NY.GDP.PCAP.KD.ZG,2022,2.65
HIC,Países de renda alta,NY.GDP.PCAP.KD.ZG,2023,1.06
HIC,Países de renda alta,NY.GDP.PCAP.KD.ZG,2024,1.27
HIC,Países de renda alta,NY.GDP.PCAP.KD.ZG,2025,1.49
LMY,Países de renda baixa e média,NY.GDP.PCAP.KD.ZG,1961,-0.39
LMY,Países de renda baixa e média,NY.GDP.PCAP.KD.ZG,1962,1.64
LMY,Países de renda baixa e média,NY.GDP.PCAP.KD.ZG,1963,2.19
LMY,Países de renda baixa e média,NY.GDP.PCAP.KD.ZG,1964,5.30
LMY,Países de renda baixa e média,NY.GDP.PCAP.KD.ZG,1965,3.47
LMY,Países de renda baixa e média,NY.GDP.PCAP.KD.ZG,1966,2.24
LMY,Países de renda baixa e média,NY.GDP.PCAP.KD.ZG,1967,0.67
LMY,Países de renda baixa e média,NY.GDP.PCAP.KD.ZG,1968,3.51
LMY,Países de renda baixa e média,NY.GDP.PCAP.KD.ZG,1969,5.33
LMY,Países de renda baixa e média,NY.GDP.PCAP.KD.ZG,1970,5.26
LMY,Países de renda baixa e média,NY.GDP.PCAP.KD.ZG,1971,3.48
LMY,Países de renda baixa e média,NY.GDP.PCAP.KD.ZG,1972,3.55
LMY,Países de renda baixa e média,NY.GDP.PCAP.KD.ZG,1973,4.36
LMY,Países de renda baixa e média,NY.GDP.PCAP.KD.ZG,1974,3.54
LMY,Países de renda baixa e média,NY.GDP.PCAP.KD.ZG,1975,1.95
LMY,Países de renda baixa e média,NY.GDP.PCAP.KD.ZG,1976,4.00
LMY,Países de renda baixa e média,NY.GDP.PCAP.KD.ZG,1977,2.43
LMY,Países de renda baixa e média,NY.GDP.PCAP.KD.ZG,1978,1.51
LMY,Países de renda baixa e média,NY.GDP.PCAP.KD.ZG,1979,2.34
LMY,Países de renda baixa e média,NY.GDP.PCAP.KD.ZG,1980,2.41
LMY,Países de renda baixa e média,NY.GDP.PCAP.KD.ZG,1981,-0.23
LMY,Países de renda baixa e média,NY.GDP.PCAP.KD.ZG,1982,0.67
LMY,Países de renda baixa e média,NY.GDP.PCAP.KD.ZG,1983,-0.72
LMY,Países de renda baixa e média,NY.GDP.PCAP.KD.ZG,1984,2.47
LMY,Países de renda baixa e média,NY.GDP.PCAP.KD.ZG,1985,2.23
LMY,Países de renda baixa e média,NY.GDP.PCAP.KD.ZG,1986,1.55
LMY,Países de renda baixa e média,NY.GDP.PCAP.KD.ZG,1987,2.46
LMY,Países de renda baixa e média,NY.GDP.PCAP.KD.ZG,1988,1.98
LMY,Países de renda baixa e média,NY.GDP.PCAP.KD.ZG,1989,0.72
LMY,Países de renda baixa e média,NY.GDP.PCAP.KD.ZG,1990,1.06
LMY,Países de renda baixa e média,NY.GDP.PCAP.KD.ZG,1991,0.97
LMY,Países de renda baixa e média,NY.GDP.PCAP.KD.ZG,1992,2.31
LMY,Países de renda baixa e média,NY.GDP.PCAP.KD.ZG,1993,3.05
LMY,Países de renda baixa e média,NY.GDP.PCAP.KD.ZG,1994,3.21
LMY,Países de renda baixa e média,NY.GDP.PCAP.KD.ZG,1995,2.79
LMY,Países de renda baixa e média,NY.GDP.PCAP.KD.ZG,1996,4.37
LMY,Países de renda baixa e média,NY.GDP.PCAP.KD.ZG,1997,3.90
LMY,Países de renda baixa e média,NY.GDP.PCAP.KD.ZG,1998,1.58
LMY,Países de renda baixa e média,NY.GDP.PCAP.KD.ZG,1999,1.93
LMY,Países de renda baixa e média,NY.GDP.PCAP.KD.ZG,2000,3.89
LMY,Países de renda baixa e média,NY.GDP.PCAP.KD.ZG,2001,2.07
LMY,Países de renda baixa e média,NY.GDP.PCAP.KD.ZG,2002,3.11
LMY,Países de renda baixa e média,NY.GDP.PCAP.KD.ZG,2003,4.25
LMY,Países de renda baixa e média,NY.GDP.PCAP.KD.ZG,2004,6.19
LMY,Países de renda baixa e média,NY.GDP.PCAP.KD.ZG,2005,5.85
LMY,Países de renda baixa e média,NY.GDP.PCAP.KD.ZG,2006,6.70
LMY,Países de renda baixa e média,NY.GDP.PCAP.KD.ZG,2007,7.33
LMY,Países de renda baixa e média,NY.GDP.PCAP.KD.ZG,2008,4.47
LMY,Países de renda baixa e média,NY.GDP.PCAP.KD.ZG,2009,2.52
LMY,Países de renda baixa e média,NY.GDP.PCAP.KD.ZG,2010,6.60
LMY,Países de renda baixa e média,NY.GDP.PCAP.KD.ZG,2011,4.86
LMY,Países de renda baixa e média,NY.GDP.PCAP.KD.ZG,2012,4.02
LMY,Países de renda baixa e média,NY.GDP.PCAP.KD.ZG,2013,4.17
LMY,Países de renda baixa e média,NY.GDP.PCAP.KD.ZG,2014,3.72
LMY,Países de renda baixa e média,NY.GDP.PCAP.KD.ZG,2015,3.29
LMY,Países de renda baixa e média,NY.GDP.PCAP.KD.ZG,2016,3.31
LMY,Países de renda baixa e média,NY.GDP.PCAP.KD.ZG,2017,3.92
LMY,Países de renda baixa e média,NY.GDP.PCAP.KD.ZG,2018,3.63
LMY,Países de renda baixa e média,NY.GDP.PCAP.KD.ZG,2019,2.85
LMY,Países de renda baixa e média,NY.GDP.PCAP.KD.ZG,2020,-2.27
LMY,Países de renda baixa e média,NY.GDP.PCAP.KD.ZG,2021,6.26
LMY,Países de renda baixa e média,NY.GDP.PCAP.KD.ZG,2022,3.02
LMY,Países de renda baixa e média,NY.GDP.PCAP.KD.ZG,2023,3.64
LMY,Países de renda baixa e média,NY.GDP.PCAP.KD.ZG,2024,3.37
LMY,Países de renda baixa e média,NY.GDP.PCAP.KD.ZG,2025,3.48
BRA,Brasil,NY.GDP.MKTP.KD,1960,188463862170
BRA,Brasil,NY.GDP.MKTP.KD,1961,204671754317
BRA,Brasil,NY.GDP.MKTP.KD,1962,218180090102
BRA,Brasil,NY.GDP.MKTP.KD,1963,219489170643
BRA,Brasil,NY.GDP.MKTP.KD,1964,226951802444
BRA,Brasil,NY.GDP.MKTP.KD,1965,232398645703
BRA,Brasil,NY.GDP.MKTP.KD,1966,247969354965
BRA,Brasil,NY.GDP.MKTP.KD,1967,258384067874
BRA,Brasil,NY.GDP.MKTP.KD,1968,283705706525
BRA,Brasil,NY.GDP.MKTP.KD,1969,310657748645
BRA,Brasil,NY.GDP.MKTP.KD,1970,342966154504
BRA,Brasil,NY.GDP.MKTP.KD,1971,381868537873
BRA,Brasil,NY.GDP.MKTP.KD,1972,427464970641
BRA,Brasil,NY.GDP.MKTP.KD,1973,487176363096
BRA,Brasil,NY.GDP.MKTP.KD,1974,526900425028
BRA,Brasil,NY.GDP.MKTP.KD,1975,554123521012
BRA,Brasil,NY.GDP.MKTP.KD,1976,610960688345
BRA,Brasil,NY.GDP.MKTP.KD,1977,641107493085
BRA,Brasil,NY.GDP.MKTP.KD,1978,672969879570
BRA,Brasil,NY.GDP.MKTP.KD,1979,718459683183
BRA,Brasil,NY.GDP.MKTP.KD,1980,784557974035
BRA,Brasil,NY.GDP.MKTP.KD,1981,751214260139
BRA,Brasil,NY.GDP.MKTP.KD,1982,757449338498
BRA,Brasil,NY.GDP.MKTP.KD,1983,735256072880
BRA,Brasil,NY.GDP.MKTP.KD,1984,774959900815
BRA,Brasil,NY.GDP.MKTP.KD,1985,835794253030
BRA,Brasil,NY.GDP.MKTP.KD,1986,898395242581
BRA,Brasil,NY.GDP.MKTP.KD,1987,930108594645
BRA,Brasil,NY.GDP.MKTP.KD,1988,929550529488
BRA,Brasil,NY.GDP.MKTP.KD,1989,958924326220
BRA,Brasil,NY.GDP.MKTP.KD,1990,917211118029
BRA,Brasil,NY.GDP.MKTP.KD,1991,926678475666
BRA,Brasil,NY.GDP.MKTP.KD,1992,921636677089
BRA,Brasil,NY.GDP.MKTP.KD,1993,967024426396
BRA,Brasil,NY.GDP.MKTP.KD,1994,1023623112444
BRA,Brasil,NY.GDP.MKTP.KD,1995,1066858840298
BRA,Brasil,NY.GDP.MKTP.KD,1996,1090424301690
BRA,Brasil,NY.GDP.MKTP.KD,1997,1127442527330
BRA,Brasil,NY.GDP.MKTP.KD,1998,1131254386852
BRA,Brasil,NY.GDP.MKTP.KD,1999,1136547951100
BRA,Brasil,NY.GDP.MKTP.KD,2000,1186419100641
BRA,Brasil,NY.GDP.MKTP.KD,2001,1202909097021
BRA,Brasil,NY.GDP.MKTP.KD,2002,1239639467498
BRA,Brasil,NY.GDP.MKTP.KD,2003,1253781634017
BRA,Brasil,NY.GDP.MKTP.KD,2004,1325999012758
BRA,Brasil,NY.GDP.MKTP.KD,2005,1368459252278
BRA,Brasil,NY.GDP.MKTP.KD,2006,1422677453371
BRA,Brasil,NY.GDP.MKTP.KD,2007,1509032133942
BRA,Brasil,NY.GDP.MKTP.KD,2008,1585905180197
BRA,Brasil,NY.GDP.MKTP.KD,2009,1583909921137
BRA,Brasil,NY.GDP.MKTP.KD,2010,1703150236757
BRA,Brasil,NY.GDP.MKTP.KD,2011,1770840632844
BRA,Brasil,NY.GDP.MKTP.KD,2012,1804861597828
BRA,Brasil,NY.GDP.MKTP.KD,2013,1859094488272
BRA,Brasil,NY.GDP.MKTP.KD,2014,1868463501662
BRA,Brasil,NY.GDP.MKTP.KD,2015,1802212206814
BRA,Brasil,NY.GDP.MKTP.KD,2016,1743173232417
BRA,Brasil,NY.GDP.MKTP.KD,2017,1766233131667
BRA,Brasil,NY.GDP.MKTP.KD,2018,1797736844969
BRA,Brasil,NY.GDP.MKTP.KD,2019,1819683217699
BRA,Brasil,NY.GDP.MKTP.KD,2020,1760056587795
BRA,Brasil,NY.GDP.MKTP.KD,2021,1843881119920
BRA,Brasil,NY.GDP.MKTP.KD,2022,1899505377558
BRA,Brasil,NY.GDP.MKTP.KD,2023,1961080794856
BRA,Brasil,NY.GDP.MKTP.KD,2024,2028136327872
BRA,Brasil,NY.GDP.MKTP.KD,2025,2074494382804
ARG,Argentina,NY.GDP.MKTP.KD,1960,150797810296
ARG,Argentina,NY.GDP.MKTP.KD,1961,158982878500
ARG,Argentina,NY.GDP.MKTP.KD,1962,157628310159
ARG,Argentina,NY.GDP.MKTP.KD,1963,149261089203
ARG,Argentina,NY.GDP.MKTP.KD,1964,164381681832
ARG,Argentina,NY.GDP.MKTP.KD,1965,181755894112
ARG,Argentina,NY.GDP.MKTP.KD,1966,180556802912
ARG,Argentina,NY.GDP.MKTP.KD,1967,186320169965
ARG,Argentina,NY.GDP.MKTP.KD,1968,195305461613
ARG,Argentina,NY.GDP.MKTP.KD,1969,214210104570
ARG,Argentina,NY.GDP.MKTP.KD,1970,220734180309
ARG,Argentina,NY.GDP.MKTP.KD,1971,233223609574
ARG,Argentina,NY.GDP.MKTP.KD,1972,237021461356
ARG,Argentina,NY.GDP.MKTP.KD,1973,243685921868
ARG,Argentina,NY.GDP.MKTP.KD,1974,257171024124
ARG,Argentina,NY.GDP.MKTP.KD,1975,257097956426
ARG,Argentina,NY.GDP.MKTP.KD,1976,251909073021
ARG,Argentina,NY.GDP.MKTP.KD,1977,269376820356
ARG,Argentina,NY.GDP.MKTP.KD,1978,257238364643
ARG,Argentina,NY.GDP.MKTP.KD,1979,283535234199
ARG,Argentina,NY.GDP.MKTP.KD,1980,287841521829
ARG,Argentina,NY.GDP.MKTP.KD,1981,272903153784
ARG,Argentina,NY.GDP.MKTP.KD,1982,270895516738
ARG,Argentina,NY.GDP.MKTP.KD,1983,282677015450
ARG,Argentina,NY.GDP.MKTP.KD,1984,287117132733
ARG,Argentina,NY.GDP.MKTP.KD,1985,272218554793
ARG,Argentina,NY.GDP.MKTP.KD,1986,288969188904
ARG,Argentina,NY.GDP.MKTP.KD,1987,296785426416
ARG,Argentina,NY.GDP.MKTP.KD,1988,293550663102
ARG,Argentina,NY.GDP.MKTP.KD,1989,272541389929
ARG,Argentina,NY.GDP.MKTP.KD,1990,265817211205
ARG,Argentina,NY.GDP.MKTP.KD,1991,290094591012
ARG,Argentina,NY.GDP.MKTP.KD,1992,313120244490
ARG,Argentina,NY.GDP.MKTP.KD,1993,338817957426
ARG,Argentina,NY.GDP.MKTP.KD,1994,358592053442
ARG,Argentina,NY.GDP.MKTP.KD,1995,348389357874
ARG,Argentina,NY.GDP.MKTP.KD,1996,367643757075
ARG,Argentina,NY.GDP.MKTP.KD,1997,397463514161
ARG,Argentina,NY.GDP.MKTP.KD,1998,412766570326
ARG,Argentina,NY.GDP.MKTP.KD,1999,398792535409
ARG,Argentina,NY.GDP.MKTP.KD,2000,395646066536
ARG,Argentina,NY.GDP.MKTP.KD,2001,378202665752
ARG,Argentina,NY.GDP.MKTP.KD,2002,336999433710
ARG,Argentina,NY.GDP.MKTP.KD,2003,366780211149
ARG,Argentina,NY.GDP.MKTP.KD,2004,399898899167
ARG,Argentina,NY.GDP.MKTP.KD,2005,435296589745
ARG,Argentina,NY.GDP.MKTP.KD,2006,470325565798
ARG,Argentina,NY.GDP.MKTP.KD,2007,512690850742
ARG,Argentina,NY.GDP.MKTP.KD,2008,533491913656
ARG,Argentina,NY.GDP.MKTP.KD,2009,501917060966
ARG,Argentina,NY.GDP.MKTP.KD,2010,552738161802
ARG,Argentina,NY.GDP.MKTP.KD,2011,585924294025
ARG,Argentina,NY.GDP.MKTP.KD,2012,579910247223
ARG,Argentina,NY.GDP.MKTP.KD,2013,593858966307
ARG,Argentina,NY.GDP.MKTP.KD,2014,578937574936
ARG,Argentina,NY.GDP.MKTP.KD,2015,594749285413
ARG,Argentina,NY.GDP.MKTP.KD,2016,582376550428
ARG,Argentina,NY.GDP.MKTP.KD,2017,598790850844
ARG,Argentina,NY.GDP.MKTP.KD,2018,583118120294
ARG,Argentina,NY.GDP.MKTP.KD,2019,571450737224
ARG,Argentina,NY.GDP.MKTP.KD,2020,514874343768
ARG,Argentina,NY.GDP.MKTP.KD,2021,568636554720
ARG,Argentina,NY.GDP.MKTP.KD,2022,602872713791
ARG,Argentina,NY.GDP.MKTP.KD,2023,591684674129
ARG,Argentina,NY.GDP.MKTP.KD,2024,583738758866
ARG,Argentina,NY.GDP.MKTP.KD,2025,609232576079
CHL,Chile,NY.GDP.MKTP.KD,1960,26275664125
CHL,Chile,NY.GDP.MKTP.KD,1961,27725978495
CHL,Chile,NY.GDP.MKTP.KD,1962,28815827040
CHL,Chile,NY.GDP.MKTP.KD,1963,30454488579
CHL,Chile,NY.GDP.MKTP.KD,1964,31204014437
CHL,Chile,NY.GDP.MKTP.KD,1965,31413343022
CHL,Chile,NY.GDP.MKTP.KD,1966,35014387052
CHL,Chile,NY.GDP.MKTP.KD,1967,36270742032
CHL,Chile,NY.GDP.MKTP.KD,1968,37566955711
CHL,Chile,NY.GDP.MKTP.KD,1969,39108395437
CHL,Chile,NY.GDP.MKTP.KD,1970,39771076474
CHL,Chile,NY.GDP.MKTP.KD,1971,43577595610
CHL,Chile,NY.GDP.MKTP.KD,1972,43267163670
CHL,Chile,NY.GDP.MKTP.KD,1973,41087469486
CHL,Chile,NY.GDP.MKTP.KD,1974,41600890292
CHL,Chile,NY.GDP.MKTP.KD,1975,36494895964
CHL,Chile,NY.GDP.MKTP.KD,1976,37810425598
CHL,Chile,NY.GDP.MKTP.KD,1977,42025983482
CHL,Chile,NY.GDP.MKTP.KD,1978,45399335594
CHL,Chile,NY.GDP.MKTP.KD,1979,49229142624
CHL,Chile,NY.GDP.MKTP.KD,1980,53252287646
CHL,Chile,NY.GDP.MKTP.KD,1981,56830116589
CHL,Chile,NY.GDP.MKTP.KD,1982,50293481314
CHL,Chile,NY.GDP.MKTP.KD,1983,47811382483
CHL,Chile,NY.GDP.MKTP.KD,1984,49716049397
CHL,Chile,NY.GDP.MKTP.KD,1985,51482161644
CHL,Chile,NY.GDP.MKTP.KD,1986,54265063039
CHL,Chile,NY.GDP.MKTP.KD,1987,57921900186
CHL,Chile,NY.GDP.MKTP.KD,1988,62179629421
CHL,Chile,NY.GDP.MKTP.KD,1989,68620417336
CHL,Chile,NY.GDP.MKTP.KD,1990,71089876110
CHL,Chile,NY.GDP.MKTP.KD,1991,76603750426
CHL,Chile,NY.GDP.MKTP.KD,1992,85414661278
CHL,Chile,NY.GDP.MKTP.KD,1993,91125130549
CHL,Chile,NY.GDP.MKTP.KD,1994,95751374591
CHL,Chile,NY.GDP.MKTP.KD,1995,104613573720
CHL,Chile,NY.GDP.MKTP.KD,1996,112056685780
CHL,Chile,NY.GDP.MKTP.KD,1997,120339623826
CHL,Chile,NY.GDP.MKTP.KD,1998,125370887065
CHL,Chile,NY.GDP.MKTP.KD,1999,125027832954
CHL,Chile,NY.GDP.MKTP.KD,2000,131243743563
CHL,Chile,NY.GDP.MKTP.KD,2001,135383217072
CHL,Chile,NY.GDP.MKTP.KD,2002,139719269577
CHL,Chile,NY.GDP.MKTP.KD,2003,146318553367
CHL,Chile,NY.GDP.MKTP.KD,2004,156084225514
CHL,Chile,NY.GDP.MKTP.KD,2005,165194933118
CHL,Chile,NY.GDP.MKTP.KD,2006,175189211416
CHL,Chile,NY.GDP.MKTP.KD,2007,184243394523
CHL,Chile,NY.GDP.MKTP.KD,2008,191225100461
CHL,Chile,NY.GDP.MKTP.KD,2009,189087132633
CHL,Chile,NY.GDP.MKTP.KD,2010,200151851762
CHL,Chile,NY.GDP.MKTP.KD,2011,212609096429
CHL,Chile,NY.GDP.MKTP.KD,2012,225695909225
CHL,Chile,NY.GDP.MKTP.KD,2013,233163076995
CHL,Chile,NY.GDP.MKTP.KD,2014,237342873662
CHL,Chile,NY.GDP.MKTP.KD,2015,242450355831
CHL,Chile,NY.GDP.MKTP.KD,2016,246700604516
CHL,Chile,NY.GDP.MKTP.KD,2017,250050047210
CHL,Chile,NY.GDP.MKTP.KD,2018,260027117803
CHL,Chile,NY.GDP.MKTP.KD,2019,261702273349
CHL,Chile,NY.GDP.MKTP.KD,2020,245634546877
CHL,Chile,NY.GDP.MKTP.KD,2021,273483125956
CHL,Chile,NY.GDP.MKTP.KD,2022,279127595176
CHL,Chile,NY.GDP.MKTP.KD,2023,281017358308
CHL,Chile,NY.GDP.MKTP.KD,2024,288900250333
CHL,Chile,NY.GDP.MKTP.KD,2025,296005043456
COL,Colômbia,NY.GDP.MKTP.KD,1960,30607351921
COL,Colômbia,NY.GDP.MKTP.KD,1961,32165026473
COL,Colômbia,NY.GDP.MKTP.KD,1962,33905762200
COL,Colômbia,NY.GDP.MKTP.KD,1963,35020145448
COL,Colômbia,NY.GDP.MKTP.KD,1964,37179817269
COL,Colômbia,NY.GDP.MKTP.KD,1965,38518294925
COL,Colômbia,NY.GDP.MKTP.KD,1966,40535396289
COL,Colômbia,NY.GDP.MKTP.KD,1967,42211479865
COL,Colômbia,NY.GDP.MKTP.KD,1968,44715936774
COL,Colômbia,NY.GDP.MKTP.KD,1969,47444734556
COL,Colômbia,NY.GDP.MKTP.KD,1970,50390007346
COL,Colômbia,NY.GDP.MKTP.KD,1971,53393618596
COL,Colômbia,NY.GDP.MKTP.KD,1972,57488453985
COL,Colômbia,NY.GDP.MKTP.KD,1973,61353376859
COL,Colômbia,NY.GDP.MKTP.KD,1974,64878592920
COL,Colômbia,NY.GDP.MKTP.KD,1975,66385888257
COL,Colômbia,NY.GDP.MKTP.KD,1976,69524857841
COL,Colômbia,NY.GDP.MKTP.KD,1977,72416052846
COL,Colômbia,NY.GDP.MKTP.KD,1978,78549620713
COL,Colômbia,NY.GDP.MKTP.KD,1979,82774898276
COL,Colômbia,NY.GDP.MKTP.KD,1980,86158201123
COL,Colômbia,NY.GDP.MKTP.KD,1981,88119913722
COL,Colômbia,NY.GDP.MKTP.KD,1982,88955661301
COL,Colômbia,NY.GDP.MKTP.KD,1983,90355784303
COL,Colômbia,NY.GDP.MKTP.KD,1984,93383320875
COL,Colômbia,NY.GDP.MKTP.KD,1985,96284839824
COL,Colômbia,NY.GDP.MKTP.KD,1986,101892542204
COL,Colômbia,NY.GDP.MKTP.KD,1987,107363083659
COL,Colômbia,NY.GDP.MKTP.KD,1988,111726505380
COL,Colômbia,NY.GDP.MKTP.KD,1989,115540955654
COL,Colômbia,NY.GDP.MKTP.KD,1990,120488417446
COL,Colômbia,NY.GDP.MKTP.KD,1991,122900122762
COL,Colômbia,NY.GDP.MKTP.KD,1992,127871346008
COL,Colômbia,NY.GDP.MKTP.KD,1993,134757742185
COL,Colômbia,NY.GDP.MKTP.KD,1994,142593449287
COL,Colômbia,NY.GDP.MKTP.KD,1995,150011784498
COL,Colômbia,NY.GDP.MKTP.KD,1996,153095808839
COL,Colômbia,NY.GDP.MKTP.KD,1997,158347444691
COL,Colômbia,NY.GDP.MKTP.KD,1998,159249683235
COL,Colômbia,NY.GDP.MKTP.KD,1999,152554802278
COL,Colômbia,NY.GDP.MKTP.KD,2000,157016818929
COL,Colômbia,NY.GDP.MKTP.KD,2001,159651401477
COL,Colômbia,NY.GDP.MKTP.KD,2002,163649041384
COL,Colômbia,NY.GDP.MKTP.KD,2003,170061255793
COL,Colômbia,NY.GDP.MKTP.KD,2004,179130660093
COL,Colômbia,NY.GDP.MKTP.KD,2005,187780451739
COL,Colômbia,NY.GDP.MKTP.KD,2006,200393418124
COL,Colômbia,NY.GDP.MKTP.KD,2007,213896316785
COL,Colômbia,NY.GDP.MKTP.KD,2008,220919487241
COL,Colômbia,NY.GDP.MKTP.KD,2009,223437193185
COL,Colômbia,NY.GDP.MKTP.KD,2010,233479933032
COL,Colômbia,NY.GDP.MKTP.KD,2011,249701866578
COL,Colômbia,NY.GDP.MKTP.KD,2012,259471791121
COL,Colômbia,NY.GDP.MKTP.KD,2013,272793056064
COL,Colômbia,NY.GDP.MKTP.KD,2014,285066097497
COL,Colômbia,NY.GDP.MKTP.KD,2015,293492370193
COL,Colômbia,NY.GDP.MKTP.KD,2016,299618678572
COL,Colômbia,NY.GDP.MKTP.KD,2017,303691577642
COL,Colômbia,NY.GDP.MKTP.KD,2018,311479214512
COL,Colômbia,NY.GDP.MKTP.KD,2019,321405606656
COL,Colômbia,NY.GDP.MKTP.KD,2020,298309675728
COL,Colômbia,NY.GDP.MKTP.KD,2021,330530695025
COL,Colômbia,NY.GDP.MKTP.KD,2022,354752900899
COL,Colômbia,NY.GDP.MKTP.KD,2023,357739280193
COL,Colômbia,NY.GDP.MKTP.KD,2024,363081426936
COL,Colômbia,NY.GDP.MKTP.KD,2025,372674094476
MEX,México,NY.GDP.MKTP.KD,1960,152252652596
MEX,México,NY.GDP.MKTP.KD,1961,159865285227
MEX,México,NY.GDP.MKTP.KD,1962,167322065047
MEX,México,NY.GDP.MKTP.KD,1963,180886675665
MEX,México,NY.GDP.MKTP.KD,1964,202422104044
MEX,México,NY.GDP.MKTP.KD,1965,216794073426
MEX,México,NY.GDP.MKTP.KD,1966,230010142142
MEX,México,NY.GDP.MKTP.KD,1967,243477063179
MEX,México,NY.GDP.MKTP.KD,1968,266420585701
MEX,México,NY.GDP.MKTP.KD,1969,275528493190
MEX,México,NY.GDP.MKTP.KD,1970,293444689471
MEX,México,NY.GDP.MKTP.KD,1971,304485451085
MEX,México,NY.GDP.MKTP.KD,1972,329540972150
MEX,México,NY.GDP.MKTP.KD,1973,355446582960
MEX,México,NY.GDP.MKTP.KD,1974,375980117954
MEX,México,NY.GDP.MKTP.KD,1975,397578239615
MEX,México,NY.GDP.MKTP.KD,1976,415141036248
MEX,México,NY.GDP.MKTP.KD,1977,429216973061
MEX,México,NY.GDP.MKTP.KD,1978,467661689800
MEX,México,NY.GDP.MKTP.KD,1979,513016316143
MEX,México,NY.GDP.MKTP.KD,1980,557939217930
MEX,México,NY.GDP.MKTP.KD,1981,611422385100
MEX,México,NY.GDP.MKTP.KD,1982,611119202961
MEX,México,NY.GDP.MKTP.KD,1983,582860269028
MEX,México,NY.GDP.MKTP.KD,1984,603338559528
MEX,México,NY.GDP.MKTP.KD,1985,614917928407
MEX,México,NY.GDP.MKTP.KD,1986,590751900354
MEX,México,NY.GDP.MKTP.KD,1987,602941257825
MEX,México,NY.GDP.MKTP.KD,1988,610286657405
MEX,México,NY.GDP.MKTP.KD,1989,632412287303
MEX,México,NY.GDP.MKTP.KD,1990,665614206217
MEX,México,NY.GDP.MKTP.KD,1991,692078394533
MEX,México,NY.GDP.MKTP.KD,1992,716775997856
MEX,México,NY.GDP.MKTP.KD,1993,737325961805
MEX,México,NY.GDP.MKTP.KD,1994,769725007516
MEX,México,NY.GDP.MKTP.KD,1995,724231953294
MEX,México,NY.GDP.MKTP.KD,1996,769266848268
MEX,México,NY.GDP.MKTP.KD,1997,824645415960
MEX,México,NY.GDP.MKTP.KD,1998,875650385836
MEX,México,NY.GDP.MKTP.KD,1999,899774820102
MEX,México,NY.GDP.MKTP.KD,2000,945027051110
MEX,México,NY.GDP.MKTP.KD,2001,940766441508
MEX,México,NY.GDP.MKTP.KD,2002,938540700982
MEX,México,NY.GDP.MKTP.KD,2003,949667522088
MEX,México,NY.GDP.MKTP.KD,2004,983527357533
MEX,México,NY.GDP.MKTP.KD,2005,1004311721039
MEX,México,NY.GDP.MKTP.KD,2006,1052569034984
MEX,México,NY.GDP.MKTP.KD,2007,1074439987400
MEX,México,NY.GDP.MKTP.KD,2008,1084575522257
MEX,México,NY.GDP.MKTP.KD,2009,1016298775543
MEX,México,NY.GDP.MKTP.KD,2010,1066822388040
MEX,México,NY.GDP.MKTP.KD,2011,1103564231719
MEX,México,NY.GDP.MKTP.KD,2012,1142776194746
MEX,México,NY.GDP.MKTP.KD,2013,1152513808416
MEX,México,NY.GDP.MKTP.KD,2014,1181370028574
MEX,México,NY.GDP.MKTP.KD,2015,1213294467654
MEX,México,NY.GDP.MKTP.KD,2016,1234800029897
MEX,México,NY.GDP.MKTP.KD,2017,1257912134549
MEX,México,NY.GDP.MKTP.KD,2018,1282719194726
MEX,México,NY.GDP.MKTP.KD,2019,1277682078137
MEX,México,NY.GDP.MKTP.KD,2020,1170944075330
MEX,México,NY.GDP.MKTP.KD,2021,1241768434190
MEX,México,NY.GDP.MKTP.KD,2022,1287835026633
MEX,México,NY.GDP.MKTP.KD,2023,1327845439048
MEX,México,NY.GDP.MKTP.KD,2024,1345779005032
MEX,México,NY.GDP.MKTP.KD,2025,1353338023060
PER,Peru,NY.GDP.MKTP.KD,1960,27514598739
PER,Peru,NY.GDP.MKTP.KD,1961,29536122814
PER,Peru,NY.GDP.MKTP.KD,1962,32500159378
PER,Peru,NY.GDP.MKTP.KD,1963,33906847467
PER,Peru,NY.GDP.MKTP.KD,1964,36127022964
PER,Peru,NY.GDP.MKTP.KD,1965,38157987898
PER,Peru,NY.GDP.MKTP.KD,1966,41301794164
PER,Peru,NY.GDP.MKTP.KD,1967,42892972386
PER,Peru,NY.GDP.MKTP.KD,1968,42958271666
PER,Peru,NY.GDP.MKTP.KD,1969,44468022473
PER,Peru,NY.GDP.MKTP.KD,1970,45964792098
PER,Peru,NY.GDP.MKTP.KD,1971,48074824232
PER,Peru,NY.GDP.MKTP.KD,1972,49746643130
PER,Peru,NY.GDP.MKTP.KD,1973,52869207462
PER,Peru,NY.GDP.MKTP.KD,1974,57831952690
PER,Peru,NY.GDP.MKTP.KD,1975,60319225841
PER,Peru,NY.GDP.MKTP.KD,1976,61192111990
PER,Peru,NY.GDP.MKTP.KD,1977,61405711440
PER,Peru,NY.GDP.MKTP.KD,1978,59783063686
PER,Peru,NY.GDP.MKTP.KD,1979,62228639707
PER,Peru,NY.GDP.MKTP.KD,1980,65927096479
PER,Peru,NY.GDP.MKTP.KD,1981,69587396443
PER,Peru,NY.GDP.MKTP.KD,1982,69432408996
PER,Peru,NY.GDP.MKTP.KD,1983,62205824296
PER,Peru,NY.GDP.MKTP.KD,1984,64450388680
PER,Peru,NY.GDP.MKTP.KD,1985,65778796308
PER,Peru,NY.GDP.MKTP.KD,1986,71979080890
PER,Peru,NY.GDP.MKTP.KD,1987,78979871696
PER,Peru,NY.GDP.MKTP.KD,1988,71523166042
PER,Peru,NY.GDP.MKTP.KD,1989,62717204195
PER,Peru,NY.GDP.MKTP.KD,1990,59592279647
PER,Peru,NY.GDP.MKTP.KD,1991,60914786738
PER,Peru,NY.GDP.MKTP.KD,1992,60585536757
PER,Peru,NY.GDP.MKTP.KD,1993,63762386033
PER,Peru,NY.GDP.MKTP.KD,1994,71610493994
PER,Peru,NY.GDP.MKTP.KD,1995,76917830599
PER,Peru,NY.GDP.MKTP.KD,1996,79070739970
PER,Peru,NY.GDP.MKTP.KD,1997,84192012967
PER,Peru,NY.GDP.MKTP.KD,1998,83862369617
PER,Peru,NY.GDP.MKTP.KD,1999,85116037106
PER,Peru,NY.GDP.MKTP.KD,2000,87409379265
PER,Peru,NY.GDP.MKTP.KD,2001,87949475111
PER,Peru,NY.GDP.MKTP.KD,2002,92745825187
PER,Peru,NY.GDP.MKTP.KD,2003,96608710265
PER,Peru,NY.GDP.MKTP.KD,2004,101398766434
PER,Peru,NY.GDP.MKTP.KD,2005,107771740074
PER,Peru,NY.GDP.MKTP.KD,2006,115885765582
PER,Peru,NY.GDP.MKTP.KD,2007,125757364463
PER,Peru,NY.GDP.MKTP.KD,2008,137234696225
PER,Peru,NY.GDP.MKTP.KD,2009,138738546495
PER,Peru,NY.GDP.MKTP.KD,2010,150298879148
PER,Peru,NY.GDP.MKTP.KD,2011,159808578409
PER,Peru,NY.GDP.MKTP.KD,2012,169620385179
PER,Peru,NY.GDP.MKTP.KD,2013,179547449111
PER,Peru,NY.GDP.MKTP.KD,2014,183824551906
PER,Peru,NY.GDP.MKTP.KD,2015,189802976286
PER,Peru,NY.GDP.MKTP.KD,2016,197306492869
PER,Peru,NY.GDP.MKTP.KD,2017,202276318742
PER,Peru,NY.GDP.MKTP.KD,2018,210305376513
PER,Peru,NY.GDP.MKTP.KD,2019,215017545590
PER,Peru,NY.GDP.MKTP.KD,2020,191509018300
PER,Peru,NY.GDP.MKTP.KD,2021,217203104601
PER,Peru,NY.GDP.MKTP.KD,2022,223324321983
PER,Peru,NY.GDP.MKTP.KD,2023,222541124001
PER,Peru,NY.GDP.MKTP.KD,2024,230364056336
PER,Peru,NY.GDP.MKTP.KD,2025,238266842609
USA,Estados Unidos,NY.GDP.MKTP.KD,1960,3431221354400
USA,Estados Unidos,NY.GDP.MKTP.KD,1961,3510139445548
USA,Estados Unidos,NY.GDP.MKTP.KD,1962,3724257952010
USA,Estados Unidos,NY.GDP.MKTP.KD,1963,3888125302072
USA,Estados Unidos,NY.GDP.MKTP.KD,1964,4113636569749
USA,Estados Unidos,NY.GDP.MKTP.KD,1965,4376909310257
USA,Estados Unidos,NY.GDP.MKTP.KD,1966,4661408415803
USA,Estados Unidos,NY.GDP.MKTP.KD,1967,4777943625875
USA,Estados Unidos,NY.GDP.MKTP.KD,1968,5007284920050
USA,Estados Unidos,NY.GDP.MKTP.KD,1969,5162510752399
USA,Estados Unidos,NY.GDP.MKTP.KD,1970,5173693086156
USA,Estados Unidos,NY.GDP.MKTP.KD,1971,5344048439329
USA,Estados Unidos,NY.GDP.MKTP.KD,1972,5624905010748
USA,Estados Unidos,NY.GDP.MKTP.KD,1973,5942469134432
USA,Estados Unidos,NY.GDP.MKTP.KD,1974,5910347106213
USA,Estados Unidos,NY.GDP.MKTP.KD,1975,5898194298296
USA,Estados Unidos,NY.GDP.MKTP.KD,1976,6215991006939
USA,Estados Unidos,NY.GDP.MKTP.KD,1977,6503430023972
USA,Estados Unidos,NY.GDP.MKTP.KD,1978,6863408304118
USA,Estados Unidos,NY.GDP.MKTP.KD,1979,7080703002869
USA,Estados Unidos,NY.GDP.MKTP.KD,1980,7062521475379
USA,Estados Unidos,NY.GDP.MKTP.KD,1981,7241747172584
USA,Estados Unidos,NY.GDP.MKTP.KD,1982,7111177473641
USA,Estados Unidos,NY.GDP.MKTP.KD,1983,7437138984499
USA,Estados Unidos,NY.GDP.MKTP.KD,1984,7975324064043
USA,Estados Unidos,NY.GDP.MKTP.KD,1985,8307861210637
USA,Estados Unidos,NY.GDP.MKTP.KD,1986,8595533785997
USA,Estados Unidos,NY.GDP.MKTP.KD,1987,8892477645983
USA,Estados Unidos,NY.GDP.MKTP.KD,1988,9263914871715
USA,Estados Unidos,NY.GDP.MKTP.KD,1989,9604107859228
USA,Estados Unidos,NY.GDP.MKTP.KD,1990,9785238027484
USA,Estados Unidos,NY.GDP.MKTP.KD,1991,9774639354975
USA,Estados Unidos,NY.GDP.MKTP.KD,1992,10118950749880
USA,Estados Unidos,NY.GDP.MKTP.KD,1993,10397403618009
USA,Estados Unidos,NY.GDP.MKTP.KD,1994,10816317372732
USA,Estados Unidos,NY.GDP.MKTP.KD,1995,11106673921189
USA,Estados Unidos,NY.GDP.MKTP.KD,1996,11525703481708
USA,Estados Unidos,NY.GDP.MKTP.KD,1997,12038266260882
USA,Estados Unidos,NY.GDP.MKTP.KD,1998,12577957790986
USA,Estados Unidos,NY.GDP.MKTP.KD,1999,13180243872423
USA,Estados Unidos,NY.GDP.MKTP.KD,2000,13717679619695
USA,Estados Unidos,NY.GDP.MKTP.KD,2001,13848757307490
USA,Estados Unidos,NY.GDP.MKTP.KD,2002,14084248131472
USA,Estados Unidos,NY.GDP.MKTP.KD,2003,14477988212190
USA,Estados Unidos,NY.GDP.MKTP.KD,2004,15035068144287
USA,Estados Unidos,NY.GDP.MKTP.KD,2005,15558822251171
USA,Estados Unidos,NY.GDP.MKTP.KD,2006,15992063823765
USA,Estados Unidos,NY.GDP.MKTP.KD,2007,16312522122670
USA,Estados Unidos,NY.GDP.MKTP.KD,2008,16331051067548
USA,Estados Unidos,NY.GDP.MKTP.KD,2009,15910281498142
USA,Estados Unidos,NY.GDP.MKTP.KD,2010,16339094225609
USA,Estados Unidos,NY.GDP.MKTP.KD,2011,16594704135238
USA,Estados Unidos,NY.GDP.MKTP.KD,2012,16974575729645
USA,Estados Unidos,NY.GDP.MKTP.KD,2013,17334068402850
USA,Estados Unidos,NY.GDP.MKTP.KD,2014,17771549056393
USA,Estados Unidos,NY.GDP.MKTP.KD,2015,18295019000000
USA,Estados Unidos,NY.GDP.MKTP.KD,2016,18627887993796
USA,Estados Unidos,NY.GDP.MKTP.KD,2017,19085691123386
USA,Estados Unidos,NY.GDP.MKTP.KD,2018,19651869117636
USA,Estados Unidos,NY.GDP.MKTP.KD,2019,20159639089819
USA,Estados Unidos,NY.GDP.MKTP.KD,2020,19740041204593
USA,Estados Unidos,NY.GDP.MKTP.KD,2021,20954452976800
USA,Estados Unidos,NY.GDP.MKTP.KD,2022,21483388181185
USA,Estados Unidos,NY.GDP.MKTP.KD,2023,22113788823329
USA,Estados Unidos,NY.GDP.MKTP.KD,2024,22731468331925
USA,Estados Unidos,NY.GDP.MKTP.KD,2025,23222782186839
CHN,China,NY.GDP.MKTP.KD,1960,161019131971
CHN,China,NY.GDP.MKTP.KD,1961,117109214677
CHN,China,NY.GDP.MKTP.KD,1962,110574520509
CHN,China,NY.GDP.MKTP.KD,1963,121963696118
CHN,China,NY.GDP.MKTP.KD,1964,144136696064
CHN,China,NY.GDP.MKTP.KD,1965,168567866053
CHN,China,NY.GDP.MKTP.KD,1966,186520343785
CHN,China,NY.GDP.MKTP.KD,1967,175758119941
CHN,China,NY.GDP.MKTP.KD,1968,168552037047
CHN,China,NY.GDP.MKTP.KD,1969,197104752116
CHN,China,NY.GDP.MKTP.KD,1970,235145969268
CHN,China,NY.GDP.MKTP.KD,1971,251747274695
CHN,China,NY.GDP.MKTP.KD,1972,261338845861
CHN,China,NY.GDP.MKTP.KD,1973,281618740302
CHN,China,NY.GDP.MKTP.KD,1974,288124133211
CHN,China,NY.GDP.MKTP.KD,1975,313248557620
CHN,China,NY.GDP.MKTP.KD,1976,308330555260
CHN,China,NY.GDP.MKTP.KD,1977,331671178298
CHN,China,NY.GDP.MKTP.KD,1978,369239420801
CHN,China,NY.GDP.MKTP.KD,1979,397282422831
CHN,China,NY.GDP.MKTP.KD,1980,428434994545
CHN,China,NY.GDP.MKTP.KD,1981,450348857948
CHN,China,NY.GDP.MKTP.KD,1982,490989885720
CHN,China,NY.GDP.MKTP.KD,1983,543878522308
CHN,China,NY.GDP.MKTP.KD,1984,626505281174
CHN,China,NY.GDP.MKTP.KD,1985,710635430096
CHN,China,NY.GDP.MKTP.KD,1986,774192860724
CHN,China,NY.GDP.MKTP.KD,1987,864427096743
CHN,China,NY.GDP.MKTP.KD,1988,961423696945
CHN,China,NY.GDP.MKTP.KD,1989,1001879030667
CHN,China,NY.GDP.MKTP.KD,1990,1041177931705
CHN,China,NY.GDP.MKTP.KD,1991,1138794946993
CHN,China,NY.GDP.MKTP.KD,1992,1301615550876
CHN,China,NY.GDP.MKTP.KD,1993,1482879870958
CHN,China,NY.GDP.MKTP.KD,1994,1676880778213
CHN,China,NY.GDP.MKTP.KD,1995,1861596132618
CHN,China,NY.GDP.MKTP.KD,1996,2047258472826
CHN,China,NY.GDP.MKTP.KD,1997,2237604266166
CHN,China,NY.GDP.MKTP.KD,1998,2414901854973
CHN,China,NY.GDP.MKTP.KD,1999,2601845161729
CHN,China,NY.GDP.MKTP.KD,2000,2824916263543
CHN,China,NY.GDP.MKTP.KD,2001,3060063619717
CHN,China,NY.GDP.MKTP.KD,2002,3342692586002
CHN,China,NY.GDP.MKTP.KD,2003,3680766226630
CHN,China,NY.GDP.MKTP.KD,2004,4054011719388
CHN,China,NY.GDP.MKTP.KD,2005,4518338478814
CHN,China,NY.GDP.MKTP.KD,2006,5091050723394
CHN,China,NY.GDP.MKTP.KD,2007,5811473655332
CHN,China,NY.GDP.MKTP.KD,2008,6373372030110
CHN,China,NY.GDP.MKTP.KD,2009,6972857785771
CHN,China,NY.GDP.MKTP.KD,2010,7711401293676
CHN,China,NY.GDP.MKTP.KD,2011,8441058131257
CHN,China,NY.GDP.MKTP.KD,2012,9104341297809
CHN,China,NY.GDP.MKTP.KD,2013,9812516071430
CHN,China,NY.GDP.MKTP.KD,2014,10544628617503
CHN,China,NY.GDP.MKTP.KD,2015,11280814787469
CHN,China,NY.GDP.MKTP.KD,2016,12044942062504
CHN,China,NY.GDP.MKTP.KD,2017,12874987827480
CHN,China,NY.GDP.MKTP.KD,2018,13745054545709
CHN,China,NY.GDP.MKTP.KD,2019,14579018970009
CHN,China,NY.GDP.MKTP.KD,2020,14920095680401
CHN,China,NY.GDP.MKTP.KD,2021,16198805195732
CHN,China,NY.GDP.MKTP.KD,2022,16706452162504
CHN,China,NY.GDP.MKTP.KD,2023,17611274170444
CHN,China,NY.GDP.MKTP.KD,2024,18484494644732
CHN,China,NY.GDP.MKTP.KD,2025,19401316126585
IND,Índia,NY.GDP.MKTP.KD,1960,136368119594
IND,Índia,NY.GDP.MKTP.KD,1961,141444753583
IND,Índia,NY.GDP.MKTP.KD,1962,145590679988
IND,Índia,NY.GDP.MKTP.KD,1963,154317899661
IND,Índia,NY.GDP.MKTP.KD,1964,165819135753
IND,Índia,NY.GDP.MKTP.KD,1965,161448524536
IND,Índia,NY.GDP.MKTP.KD,1966,161359197054
IND,Índia,NY.GDP.MKTP.KD,1967,173987108161
IND,Índia,NY.GDP.MKTP.KD,1968,179881668161
IND,Índia,NY.GDP.MKTP.KD,1969,191645390147
IND,Índia,NY.GDP.MKTP.KD,1970,201528983195
IND,Índia,NY.GDP.MKTP.KD,1971,204839964092
IND,Índia,NY.GDP.MKTP.KD,1972,203706581883
IND,Índia,NY.GDP.MKTP.KD,1973,210419775343
IND,Índia,NY.GDP.MKTP.KD,1974,212913957239
IND,Índia,NY.GDP.MKTP.KD,1975,232395396993
IND,Índia,NY.GDP.MKTP.KD,1976,236260373292
IND,Índia,NY.GDP.MKTP.KD,1977,253400507184
IND,Índia,NY.GDP.MKTP.KD,1978,267876092471
IND,Índia,NY.GDP.MKTP.KD,1979,253844253330
IND,Índia,NY.GDP.MKTP.KD,1980,270942749193
IND,Índia,NY.GDP.MKTP.KD,1981,287216122414
IND,Índia,NY.GDP.MKTP.KD,1982,297198988652
IND,Índia,NY.GDP.MKTP.KD,1983,318861504638
IND,Índia,NY.GDP.MKTP.KD,1984,331044366854
IND,Índia,NY.GDP.MKTP.KD,1985,348438428451
IND,Índia,NY.GDP.MKTP.KD,1986,365081813580
IND,Índia,NY.GDP.MKTP.KD,1987,379558605843
IND,Índia,NY.GDP.MKTP.KD,1988,416101684468
IND,Índia,NY.GDP.MKTP.KD,1989,440848680238
IND,Índia,NY.GDP.MKTP.KD,1990,465242841651
IND,Índia,NY.GDP.MKTP.KD,1991,470159674241
IND,Índia,NY.GDP.MKTP.KD,1992,495935689517
IND,Índia,NY.GDP.MKTP.KD,1993,519496484319
IND,Índia,NY.GDP.MKTP.KD,1994,554089360743
IND,Índia,NY.GDP.MKTP.KD,1995,596058814160
IND,Índia,NY.GDP.MKTP.KD,1996,641058406951
IND,Índia,NY.GDP.MKTP.KD,1997,667020123971
IND,Índia,NY.GDP.MKTP.KD,1998,708271422045
IND,Índia,NY.GDP.MKTP.KD,1999,770923380749
IND,Índia,NY.GDP.MKTP.KD,2000,800534479630
IND,Índia,NY.GDP.MKTP.KD,2001,839151992858
IND,Índia,NY.GDP.MKTP.KD,2002,871073127574
IND,Índia,NY.GDP.MKTP.KD,2003,939542798332
IND,Índia,NY.GDP.MKTP.KD,2004,1013982178696
IND,Índia,NY.GDP.MKTP.KD,2005,1094324353138
IND,Índia,NY.GDP.MKTP.KD,2006,1182534912726
IND,Índia,NY.GDP.MKTP.KD,2007,1273126725470
IND,Índia,NY.GDP.MKTP.KD,2008,1312424303400
IND,Índia,NY.GDP.MKTP.KD,2009,1415605643151
IND,Índia,NY.GDP.MKTP.KD,2010,1535897931720
IND,Índia,NY.GDP.MKTP.KD,2011,1616399198834
IND,Índia,NY.GDP.MKTP.KD,2012,1704596203504
IND,Índia,NY.GDP.MKTP.KD,2013,1813453530766
IND,Índia,NY.GDP.MKTP.KD,2014,1947834564910
IND,Índia,NY.GDP.MKTP.KD,2015,2103588360045
IND,Índia,NY.GDP.MKTP.KD,2016,2277267041550
IND,Índia,NY.GDP.MKTP.KD,2017,2432016068498
IND,Índia,NY.GDP.MKTP.KD,2018,2588974770244
IND,Índia,NY.GDP.MKTP.KD,2019,2689205295885
IND,Índia,NY.GDP.MKTP.KD,2020,2533830417086
IND,Índia,NY.GDP.MKTP.KD,2021,2779348258938
IND,Índia,NY.GDP.MKTP.KD,2022,2990839011962
IND,Índia,NY.GDP.MKTP.KD,2023,3206485223026
IND,Índia,NY.GDP.MKTP.KD,2024,3434122552915
IND,Índia,NY.GDP.MKTP.KD,2025,3693970992046
KOR,Coreia do Sul,NY.GDP.MKTP.KD,1960,25956065666
KOR,Coreia do Sul,NY.GDP.MKTP.KD,1961,27752325951
KOR,Coreia do Sul,NY.GDP.MKTP.KD,1962,28840704942
KOR,Coreia do Sul,NY.GDP.MKTP.KD,1963,31439197235
KOR,Coreia do Sul,NY.GDP.MKTP.KD,1964,34402880327
KOR,Coreia do Sul,NY.GDP.MKTP.KD,1965,36918983033
KOR,Coreia do Sul,NY.GDP.MKTP.KD,1966,41352211966
KOR,Coreia do Sul,NY.GDP.MKTP.KD,1967,45136528802
KOR,Coreia do Sul,NY.GDP.MKTP.KD,1968,51104880669
KOR,Coreia do Sul,NY.GDP.MKTP.KD,1969,58561431045
KOR,Coreia do Sul,NY.GDP.MKTP.KD,1970,64515396101
KOR,Coreia do Sul,NY.GDP.MKTP.KD,1971,71387189520
KOR,Coreia do Sul,NY.GDP.MKTP.KD,1972,76624741568
KOR,Coreia do Sul,NY.GDP.MKTP.KD,1973,88099059884
KOR,Coreia do Sul,NY.GDP.MKTP.KD,1974,96599657797
KOR,Coreia do Sul,NY.GDP.MKTP.KD,1975,104261471164
KOR,Coreia do Sul,NY.GDP.MKTP.KD,1976,118089873273
KOR,Coreia do Sul,NY.GDP.MKTP.KD,1977,132706204223
KOR,Coreia do Sul,NY.GDP.MKTP.KD,1978,147396058470
KOR,Coreia do Sul,NY.GDP.MKTP.KD,1979,160273927313
KOR,Coreia do Sul,NY.GDP.MKTP.KD,1980,157830929681
KOR,Coreia do Sul,NY.GDP.MKTP.KD,1981,169516449730
KOR,Coreia do Sul,NY.GDP.MKTP.KD,1982,183871559685
KOR,Coreia do Sul,NY.GDP.MKTP.KD,1983,208633185451
KOR,Coreia do Sul,NY.GDP.MKTP.KD,1984,230824674325
KOR,Coreia do Sul,NY.GDP.MKTP.KD,1985,249149373131
KOR,Coreia do Sul,NY.GDP.MKTP.KD,1986,277808988270
KOR,Coreia do Sul,NY.GDP.MKTP.KD,1987,313624703636
KOR,Coreia do Sul,NY.GDP.MKTP.KD,1988,351677400844
KOR,Coreia do Sul,NY.GDP.MKTP.KD,1989,376875147733
KOR,Coreia do Sul,NY.GDP.MKTP.KD,1990,414656502991
KOR,Coreia do Sul,NY.GDP.MKTP.KD,1991,459750289581
KOR,Coreia do Sul,NY.GDP.MKTP.KD,1992,488951752176
KOR,Coreia do Sul,NY.GDP.MKTP.KD,1993,523152547993
KOR,Coreia do Sul,NY.GDP.MKTP.KD,1994,572181545648
KOR,Coreia do Sul,NY.GDP.MKTP.KD,1995,627888532992
KOR,Coreia do Sul,NY.GDP.MKTP.KD,1996,678059525602
KOR,Coreia do Sul,NY.GDP.MKTP.KD,1997,720656531307
KOR,Coreia do Sul,NY.GDP.MKTP.KD,1998,685063811514
KOR,Coreia do Sul,NY.GDP.MKTP.KD,1999,764649475914
KOR,Coreia do Sul,NY.GDP.MKTP.KD,2000,835011437852
KOR,Coreia do Sul,NY.GDP.MKTP.KD,2001,874473540684
KOR,Coreia do Sul,NY.GDP.MKTP.KD,2002,942192762521
KOR,Coreia do Sul,NY.GDP.MKTP.KD,2003,971162614186
KOR,Coreia do Sul,NY.GDP.MKTP.KD,2004,1021504157423
KOR,Coreia do Sul,NY.GDP.MKTP.KD,2005,1066023726231
KOR,Coreia do Sul,NY.GDP.MKTP.KD,2006,1121936729365
KOR,Coreia do Sul,NY.GDP.MKTP.KD,2007,1187479862375
KOR,Coreia do Sul,NY.GDP.MKTP.KD,2008,1223156560996
KOR,Coreia do Sul,NY.GDP.MKTP.KD,2009,1233184753861
KOR,Coreia do Sul,NY.GDP.MKTP.KD,2010,1319281537670
KOR,Coreia do Sul,NY.GDP.MKTP.KD,2011,1367937063745
KOR,Coreia do Sul,NY.GDP.MKTP.KD,2012,1402787524458
KOR,Coreia do Sul,NY.GDP.MKTP.KD,2013,1448958816286
KOR,Coreia do Sul,NY.GDP.MKTP.KD,2014,1495538208413
KOR,Coreia do Sul,NY.GDP.MKTP.KD,2015,1539212301136
KOR,Coreia do Sul,NY.GDP.MKTP.KD,2016,1588028842393
KOR,Coreia do Sul,NY.GDP.MKTP.KD,2017,1642548917820
KOR,Coreia do Sul,NY.GDP.MKTP.KD,2018,1694718171579
KOR,Coreia do Sul,NY.GDP.MKTP.KD,2019,1733930596323
KOR,Coreia do Sul,NY.GDP.MKTP.KD,2020,1721788880531
KOR,Coreia do Sul,NY.GDP.MKTP.KD,2021,1801214449835
KOR,Coreia do Sul,NY.GDP.MKTP.KD,2022,1850343736946
KOR,Coreia do Sul,NY.GDP.MKTP.KD,2023,1879634949822
KOR,Coreia do Sul,NY.GDP.MKTP.KD,2024,1917295522782
KOR,Coreia do Sul,NY.GDP.MKTP.KD,2025,1936603041534
ZAF,África do Sul,NY.GDP.MKTP.KD,1960,65652787806
ZAF,África do Sul,NY.GDP.MKTP.KD,1961,68176962954
ZAF,África do Sul,NY.GDP.MKTP.KD,1962,72388888581
ZAF,África do Sul,NY.GDP.MKTP.KD,1963,77726634753
ZAF,África do Sul,NY.GDP.MKTP.KD,1964,83897825365
ZAF,África do Sul,NY.GDP.MKTP.KD,1965,89034719820
ZAF,África do Sul,NY.GDP.MKTP.KD,1966,92986424439
ZAF,África do Sul,NY.GDP.MKTP.KD,1967,99678213921
ZAF,África do Sul,NY.GDP.MKTP.KD,1968,103818221928
ZAF,África do Sul,NY.GDP.MKTP.KD,1969,108714188432
ZAF,África do Sul,NY.GDP.MKTP.KD,1970,114420228111
ZAF,África do Sul,NY.GDP.MKTP.KD,1971,119316194616
ZAF,África do Sul,NY.GDP.MKTP.KD,1972,121290674451
ZAF,África do Sul,NY.GDP.MKTP.KD,1973,126836017070
ZAF,África do Sul,NY.GDP.MKTP.KD,1974,134587120945
ZAF,África do Sul,NY.GDP.MKTP.KD,1975,136868956456
ZAF,África do Sul,NY.GDP.MKTP.KD,1976,139948316810
ZAF,África do Sul,NY.GDP.MKTP.KD,1977,139816794619
ZAF,África do Sul,NY.GDP.MKTP.KD,1978,144031543620
ZAF,África do Sul,NY.GDP.MKTP.KD,1979,149491087028
ZAF,África do Sul,NY.GDP.MKTP.KD,1980,159388269161
ZAF,África do Sul,NY.GDP.MKTP.KD,1981,167932741244
ZAF,África do Sul,NY.GDP.MKTP.KD,1982,167288855025
ZAF,África do Sul,NY.GDP.MKTP.KD,1983,164199769714
ZAF,África do Sul,NY.GDP.MKTP.KD,1984,172572564948
ZAF,África do Sul,NY.GDP.MKTP.KD,1985,170481777772
ZAF,África do Sul,NY.GDP.MKTP.KD,1986,170512207474
ZAF,África do Sul,NY.GDP.MKTP.KD,1987,174094206900
ZAF,África do Sul,NY.GDP.MKTP.KD,1988,181406354481
ZAF,África do Sul,NY.GDP.MKTP.KD,1989,185750664997
ZAF,África do Sul,NY.GDP.MKTP.KD,1990,185160422892
ZAF,África do Sul,NY.GDP.MKTP.KD,1991,183275036204
ZAF,África do Sul,NY.GDP.MKTP.KD,1992,179358388483
ZAF,África do Sul,NY.GDP.MKTP.KD,1993,181570878123
ZAF,África do Sul,NY.GDP.MKTP.KD,1994,187381146228
ZAF,África do Sul,NY.GDP.MKTP.KD,1995,193189961763
ZAF,África do Sul,NY.GDP.MKTP.KD,1996,201497130113
ZAF,África do Sul,NY.GDP.MKTP.KD,1997,206736055499
ZAF,África do Sul,NY.GDP.MKTP.KD,1998,207769735777
ZAF,África do Sul,NY.GDP.MKTP.KD,1999,212756209431
ZAF,África do Sul,NY.GDP.MKTP.KD,2000,221691970228
ZAF,África do Sul,NY.GDP.MKTP.KD,2001,227677653425
ZAF,África do Sul,NY.GDP.MKTP.KD,2002,236102579036
ZAF,África do Sul,NY.GDP.MKTP.KD,2003,243065422272
ZAF,África do Sul,NY.GDP.MKTP.KD,2004,254135982543
ZAF,África do Sul,NY.GDP.MKTP.KD,2005,267546870424
ZAF,África do Sul,NY.GDP.MKTP.KD,2006,282539679230
ZAF,África do Sul,NY.GDP.MKTP.KD,2007,297685145427
ZAF,África do Sul,NY.GDP.MKTP.KD,2008,307184409061
ZAF,África do Sul,NY.GDP.MKTP.KD,2009,302459639040
ZAF,África do Sul,NY.GDP.MKTP.KD,2010,311653604140
ZAF,África do Sul,NY.GDP.MKTP.KD,2011,321528523982
ZAF,África do Sul,NY.GDP.MKTP.KD,2012,329233094599
ZAF,África do Sul,NY.GDP.MKTP.KD,2013,337416077838
ZAF,África do Sul,NY.GDP.MKTP.KD,2014,342186555601
ZAF,África do Sul,NY.GDP.MKTP.KD,2015,346709790459
ZAF,África do Sul,NY.GDP.MKTP.KD,2016,349013858373
ZAF,África do Sul,NY.GDP.MKTP.KD,2017,353055253707
ZAF,África do Sul,NY.GDP.MKTP.KD,2018,358551560869
ZAF,África do Sul,NY.GDP.MKTP.KD,2019,359483563937
ZAF,África do Sul,NY.GDP.MKTP.KD,2020,337307318680
ZAF,África do Sul,NY.GDP.MKTP.KD,2021,353695896167
ZAF,África do Sul,NY.GDP.MKTP.KD,2022,360975440919
ZAF,África do Sul,NY.GDP.MKTP.KD,2023,363885280376
ZAF,África do Sul,NY.GDP.MKTP.KD,2024,365831497261
ZAF,África do Sul,NY.GDP.MKTP.KD,2025,369909150542
RUS,Rússia,NY.GDP.MKTP.KD,1989,1197410924014
RUS,Rússia,NY.GDP.MKTP.KD,1990,1161488648472
RUS,Rússia,NY.GDP.MKTP.KD,1991,1102869019648
RUS,Rússia,NY.GDP.MKTP.KD,1992,942610308784
RUS,Rússia,NY.GDP.MKTP.KD,1993,860899753894
RUS,Rússia,NY.GDP.MKTP.KD,1994,752686755595
RUS,Rússia,NY.GDP.MKTP.KD,1995,721498966074
RUS,Rússia,NY.GDP.MKTP.KD,1996,694406178901
RUS,Rússia,NY.GDP.MKTP.KD,1997,704127280753
RUS,Rússia,NY.GDP.MKTP.KD,1998,666808805070
RUS,Rússia,NY.GDP.MKTP.KD,1999,709483999750
RUS,Rússia,NY.GDP.MKTP.KD,2000,780432873757
RUS,Rússia,NY.GDP.MKTP.KD,2001,820235350101
RUS,Rússia,NY.GDP.MKTP.KD,2002,858786345192
RUS,Rússia,NY.GDP.MKTP.KD,2003,921477339138
RUS,Rússia,NY.GDP.MKTP.KD,2004,987823227186
RUS,Rússia,NY.GDP.MKTP.KD,2005,1051043572413
RUS,Rússia,NY.GDP.MKTP.KD,2006,1137229862736
RUS,Rússia,NY.GDP.MKTP.KD,2007,1233894148253
RUS,Rússia,NY.GDP.MKTP.KD,2008,1298056264713
RUS,Rússia,NY.GDP.MKTP.KD,2009,1196807955082
RUS,Rússia,NY.GDP.MKTP.KD,2010,1250664313051
RUS,Rússia,NY.GDP.MKTP.KD,2011,1304443243532
RUS,Rússia,NY.GDP.MKTP.KD,2012,1356935163523
RUS,Rússia,NY.GDP.MKTP.KD,2013,1380755103933
RUS,Rússia,NY.GDP.MKTP.KD,2014,1390921151171
RUS,Rússia,NY.GDP.MKTP.KD,2015,1363482182198
RUS,Rússia,NY.GDP.MKTP.KD,2016,1366122853557
RUS,Rússia,NY.GDP.MKTP.KD,2017,1391077891792
RUS,Rússia,NY.GDP.MKTP.KD,2018,1430116278514
RUS,Rússia,NY.GDP.MKTP.KD,2019,1461551317112
RUS,Rússia,NY.GDP.MKTP.KD,2020,1422766794860
RUS,Rússia,NY.GDP.MKTP.KD,2021,1506233291829
RUS,Rússia,NY.GDP.MKTP.KD,2022,1484613261468
RUS,Rússia,NY.GDP.MKTP.KD,2023,1544986751583
RUS,Rússia,NY.GDP.MKTP.KD,2024,1621026050317
RUS,Rússia,NY.GDP.MKTP.KD,2025,1637255383315
TUR,Turquia,NY.GDP.MKTP.KD,1960,69393850612
TUR,Turquia,NY.GDP.MKTP.KD,1961,70196091674
TUR,Turquia,NY.GDP.MKTP.KD,1962,74107016789
TUR,Turquia,NY.GDP.MKTP.KD,1963,80825785367
TUR,Turquia,NY.GDP.MKTP.KD,1964,85238110897
TUR,Turquia,NY.GDP.MKTP.KD,1965,87644834141
TUR,Turquia,NY.GDP.MKTP.KD,1966,97472287281
TUR,Turquia,NY.GDP.MKTP.KD,1967,102085173262
TUR,Turquia,NY.GDP.MKTP.KD,1968,109004502233
TUR,Turquia,NY.GDP.MKTP.KD,1969,113453134702
TUR,Turquia,NY.GDP.MKTP.KD,1970,117121651993
TUR,Turquia,NY.GDP.MKTP.KD,1971,123641456553
TUR,Turquia,NY.GDP.MKTP.KD,1972,132822809400
TUR,Turquia,NY.GDP.MKTP.KD,1973,137155933759
TUR,Turquia,NY.GDP.MKTP.KD,1974,144829087365
TUR,Turquia,NY.GDP.MKTP.KD,1975,155219289300
TUR,Turquia,NY.GDP.MKTP.KD,1976,171457057860
TUR,Turquia,NY.GDP.MKTP.KD,1977,177298033677
TUR,Turquia,NY.GDP.MKTP.KD,1978,179962704354
TUR,Turquia,NY.GDP.MKTP.KD,1979,178839532695
TUR,Turquia,NY.GDP.MKTP.KD,1980,174462702630
TUR,Turquia,NY.GDP.MKTP.KD,1981,182935743325
TUR,Turquia,NY.GDP.MKTP.KD,1982,189454160610
TUR,Turquia,NY.GDP.MKTP.KD,1983,198872079969
TUR,Turquia,NY.GDP.MKTP.KD,1984,212220405224
TUR,Turquia,NY.GDP.MKTP.KD,1985,221221385068
TUR,Turquia,NY.GDP.MKTP.KD,1986,236733497412
TUR,Turquia,NY.GDP.MKTP.KD,1987,259188945262
TUR,Turquia,NY.GDP.MKTP.KD,1988,265204038481
TUR,Turquia,NY.GDP.MKTP.KD,1989,265973777473
TUR,Turquia,NY.GDP.MKTP.KD,1990,290619297801
TUR,Turquia,NY.GDP.MKTP.KD,1991,292712567687
TUR,Turquia,NY.GDP.MKTP.KD,1992,307452503997
TUR,Turquia,NY.GDP.MKTP.KD,1993,330976510466
TUR,Turquia,NY.GDP.MKTP.KD,1994,315526039206
TUR,Turquia,NY.GDP.MKTP.KD,1995,340384022645
TUR,Turquia,NY.GDP.MKTP.KD,1996,364748025041
TUR,Turquia,NY.GDP.MKTP.KD,1997,391585682739
TUR,Turquia,NY.GDP.MKTP.KD,1998,399059372123
TUR,Turquia,NY.GDP.MKTP.KD,1999,386877005104
TUR,Turquia,NY.GDP.MKTP.KD,2000,413901474163
TUR,Turquia,NY.GDP.MKTP.KD,2001,391304902374
TUR,Turquia,NY.GDP.MKTP.KD,2002,416487363950
TUR,Turquia,NY.GDP.MKTP.KD,2003,440639854395
TUR,Turquia,NY.GDP.MKTP.KD,2004,484375146823
TUR,Turquia,NY.GDP.MKTP.KD,2005,528509363516
TUR,Turquia,NY.GDP.MKTP.KD,2006,565862429107
TUR,Turquia,NY.GDP.MKTP.KD,2007,594767729618
TUR,Turquia,NY.GDP.MKTP.KD,2008,600240295873
TUR,Turquia,NY.GDP.MKTP.KD,2009,570932398858
TUR,Turquia,NY.GDP.MKTP.KD,2010,619702577582
TUR,Turquia,NY.GDP.MKTP.KD,2011,687745688382
TUR,Turquia,NY.GDP.MKTP.KD,2012,720809935556
TUR,Turquia,NY.GDP.MKTP.KD,2013,781994134596
TUR,Turquia,NY.GDP.MKTP.KD,2014,817972077518
TUR,Turquia,NY.GDP.MKTP.KD,2015,865460050684
TUR,Turquia,NY.GDP.MKTP.KD,2016,894225044187
TUR,Turquia,NY.GDP.MKTP.KD,2017,964205820086
TUR,Turquia,NY.GDP.MKTP.KD,2018,997645953749
TUR,Turquia,NY.GDP.MKTP.KD,2019,1010631549473
TUR,Turquia,NY.GDP.MKTP.KD,2020,1028853867660
TUR,Turquia,NY.GDP.MKTP.KD,2021,1150372769728
TUR,Turquia,NY.GDP.MKTP.KD,2022,1212967141770
TUR,Turquia,NY.GDP.MKTP.KD,2023,1274162834490
TUR,Turquia,NY.GDP.MKTP.KD,2024,1316562171167
TUR,Turquia,NY.GDP.MKTP.KD,2025,1364019302183
IDN,Indonésia,NY.GDP.MKTP.KD,1960,52777607845
IDN,Indonésia,NY.GDP.MKTP.KD,1961,55807383385
IDN,Indonésia,NY.GDP.MKTP.KD,1962,56835342943
IDN,Indonésia,NY.GDP.MKTP.KD,1963,55563919279
IDN,Indonésia,NY.GDP.MKTP.KD,1964,57525157910
IDN,Indonésia,NY.GDP.MKTP.KD,1965,58147343958
IDN,Indonésia,NY.GDP.MKTP.KD,1966,59770437998
IDN,Indonésia,NY.GDP.MKTP.KD,1967,60595510801
IDN,Indonésia,NY.GDP.MKTP.KD,1968,67209619011
IDN,Indonésia,NY.GDP.MKTP.KD,1969,71794859672
IDN,Indonésia,NY.GDP.MKTP.KD,1970,77218698920
IDN,Indonésia,NY.GDP.MKTP.KD,1971,82642538168
IDN,Indonésia,NY.GDP.MKTP.KD,1972,88458625142
IDN,Indonésia,NY.GDP.MKTP.KD,1973,95627290483
IDN,Indonésia,NY.GDP.MKTP.KD,1974,102928121319
IDN,Indonésia,NY.GDP.MKTP.KD,1975,108051163594
IDN,Indonésia,NY.GDP.MKTP.KD,1976,115492177179
IDN,Indonésia,NY.GDP.MKTP.KD,1977,125610822866
IDN,Indonésia,NY.GDP.MKTP.KD,1978,134110994998
IDN,Indonésia,NY.GDP.MKTP.KD,1979,143933699326
IDN,Indonésia,NY.GDP.MKTP.KD,1980,158154460399
IDN,Indonésia,NY.GDP.MKTP.KD,1981,170691612499
IDN,Indonésia,NY.GDP.MKTP.KD,1982,174526106274
IDN,Indonésia,NY.GDP.MKTP.KD,1983,181843928959
IDN,Indonésia,NY.GDP.MKTP.KD,1984,194528502793
IDN,Indonésia,NY.GDP.MKTP.KD,1985,199318073805
IDN,Indonésia,NY.GDP.MKTP.KD,1986,211028100540
IDN,Indonésia,NY.GDP.MKTP.KD,1987,221423191493
IDN,Indonésia,NY.GDP.MKTP.KD,1988,234222555729
IDN,Indonésia,NY.GDP.MKTP.KD,1989,251687564196
IDN,Indonésia,NY.GDP.MKTP.KD,1990,269915108913
IDN,Indonésia,NY.GDP.MKTP.KD,1991,288571594912
IDN,Indonésia,NY.GDP.MKTP.KD,1992,307321553097
IDN,Indonésia,NY.GDP.MKTP.KD,1993,327286415429
IDN,Indonésia,NY.GDP.MKTP.KD,1994,351963716551
IDN,Indonésia,NY.GDP.MKTP.KD,1995,380895160094
IDN,Indonésia,NY.GDP.MKTP.KD,1996,410674256276
IDN,Indonésia,NY.GDP.MKTP.KD,1997,429975448805
IDN,Indonésia,NY.GDP.MKTP.KD,1998,373533751956
IDN,Indonésia,NY.GDP.MKTP.KD,1999,376488874893
IDN,Indonésia,NY.GDP.MKTP.KD,2000,395012382598
IDN,Indonésia,NY.GDP.MKTP.KD,2001,409404526220
IDN,Indonésia,NY.GDP.MKTP.KD,2002,427825582126
IDN,Indonésia,NY.GDP.MKTP.KD,2003,448277224149
IDN,Indonésia,NY.GDP.MKTP.KD,2004,470829486220
IDN,Indonésia,NY.GDP.MKTP.KD,2005,497631790442
IDN,Indonésia,NY.GDP.MKTP.KD,2006,525006275303
IDN,Indonésia,NY.GDP.MKTP.KD,2007,558318040162
IDN,Indonésia,NY.GDP.MKTP.KD,2008,591893632243
IDN,Indonésia,NY.GDP.MKTP.KD,2009,619291626017
IDN,Indonésia,NY.GDP.MKTP.KD,2010,657835433774
IDN,Indonésia,NY.GDP.MKTP.KD,2011,698422460479
IDN,Indonésia,NY.GDP.MKTP.KD,2012,740537688618
IDN,Indonésia,NY.GDP.MKTP.KD,2013,781691320691
IDN,Indonésia,NY.GDP.MKTP.KD,2014,820828013231
IDN,Indonésia,NY.GDP.MKTP.KD,2015,860854232686
IDN,Indonésia,NY.GDP.MKTP.KD,2016,904181621780
IDN,Indonésia,NY.GDP.MKTP.KD,2017,950021694164
IDN,Indonésia,NY.GDP.MKTP.KD,2018,999178586309
IDN,Indonésia,NY.GDP.MKTP.KD,2019,1049330233997
IDN,Indonésia,NY.GDP.MKTP.KD,2020,1027656193885
IDN,Indonésia,NY.GDP.MKTP.KD,2021,1065709127397
IDN,Indonésia,NY.GDP.MKTP.KD,2022,1122268412650
IDN,Indonésia,NY.GDP.MKTP.KD,2023,1178929850175
IDN,Indonésia,NY.GDP.MKTP.KD,2024,1238260376382
IDN,Indonésia,NY.GDP.MKTP.KD,2025,1301511819008
WLD,Mundo,NY.GDP.MKTP.KD,1960,11078650356186
WLD,Mundo,NY.GDP.MKTP.KD,1961,11512248576347
WLD,Mundo,NY.GDP.MKTP.KD,1962,12124837374808
WLD,Mundo,NY.GDP.MKTP.KD,1963,12733441858140
WLD,Mundo,NY.GDP.MKTP.KD,1964,13577635041682
WLD,Mundo,NY.GDP.MKTP.KD,1965,14342184589594
WLD,Mundo,NY.GDP.MKTP.KD,1966,15119371174428
WLD,Mundo,NY.GDP.MKTP.KD,1967,15684543249429
WLD,Mundo,NY.GDP.MKTP.KD,1968,16617338011296
WLD,Mundo,NY.GDP.MKTP.KD,1969,17607949788446
WLD,Mundo,NY.GDP.MKTP.KD,1970,18270953231134
WLD,Mundo,NY.GDP.MKTP.KD,1971,19021702761108
WLD,Mundo,NY.GDP.MKTP.KD,1972,20075079346232
WLD,Mundo,NY.GDP.MKTP.KD,1973,21371473168823
WLD,Mundo,NY.GDP.MKTP.KD,1974,21797173060901
WLD,Mundo,NY.GDP.MKTP.KD,1975,21974707391345
WLD,Mundo,NY.GDP.MKTP.KD,1976,23122051557707
WLD,Mundo,NY.GDP.MKTP.KD,1977,24033395371554
WLD,Mundo,NY.GDP.MKTP.KD,1978,25027685013912
WLD,Mundo,NY.GDP.MKTP.KD,1979,26064050746546
WLD,Mundo,NY.GDP.MKTP.KD,1980,26537198843810
WLD,Mundo,NY.GDP.MKTP.KD,1981,27038267577082
WLD,Mundo,NY.GDP.MKTP.KD,1982,27149421809913
WLD,Mundo,NY.GDP.MKTP.KD,1983,27849028595890
WLD,Mundo,NY.GDP.MKTP.KD,1984,29165763942449
WLD,Mundo,NY.GDP.MKTP.KD,1985,30233209211757
WLD,Mundo,NY.GDP.MKTP.KD,1986,31232431070055
WLD,Mundo,NY.GDP.MKTP.KD,1987,32404086739528
WLD,Mundo,NY.GDP.MKTP.KD,1988,33871724575563
WLD,Mundo,NY.GDP.MKTP.KD,1989,35104060312854
WLD,Mundo,NY.GDP.MKTP.KD,1990,36054803450838
WLD,Mundo,NY.GDP.MKTP.KD,1991,36496540148779
WLD,Mundo,NY.GDP.MKTP.KD,1992,37249545850070
WLD,Mundo,NY.GDP.MKTP.KD,1993,37941652466090
WLD,Mundo,NY.GDP.MKTP.KD,1994,39237825663962
WLD,Mundo,NY.GDP.MKTP.KD,1995,40484832492068
WLD,Mundo,NY.GDP.MKTP.KD,1996,41936713327029
WLD,Mundo,NY.GDP.MKTP.KD,1997,43612835337831
WLD,Mundo,NY.GDP.MKTP.KD,1998,44825818551443
WLD,Mundo,NY.GDP.MKTP.KD,1999,46429941035573
WLD,Mundo,NY.GDP.MKTP.KD,2000,48550490166231
WLD,Mundo,NY.GDP.MKTP.KD,2001,49536038159389
WLD,Mundo,NY.GDP.MKTP.KD,2002,50684736953403
WLD,Mundo,NY.GDP.MKTP.KD,2003,52242868476708
WLD,Mundo,NY.GDP.MKTP.KD,2004,54591383204956
WLD,Mundo,NY.GDP.MKTP.KD,2005,56807330097272
WLD,Mundo,NY.GDP.MKTP.KD,2006,59357487895116
WLD,Mundo,NY.GDP.MKTP.KD,2007,61987756942770
WLD,Mundo,NY.GDP.MKTP.KD,2008,63284295644439
WLD,Mundo,NY.GDP.MKTP.KD,2009,62440691845650
WLD,Mundo,NY.GDP.MKTP.KD,2010,65263543198397
WLD,Mundo,NY.GDP.MKTP.KD,2011,67426584814614
WLD,Mundo,NY.GDP.MKTP.KD,2012,69279085457391
WLD,Mundo,NY.GDP.MKTP.KD,2013,71281076205614
WLD,Mundo,NY.GDP.MKTP.KD,2014,73539611353223
WLD,Mundo,NY.GDP.MKTP.KD,2015,75839351828606
WLD,Mundo,NY.GDP.MKTP.KD,2016,77955073125300
WLD,Mundo,NY.GDP.MKTP.KD,2017,80641861942532
WLD,Mundo,NY.GDP.MKTP.KD,2018,83292262266946
WLD,Mundo,NY.GDP.MKTP.KD,2019,85524752058522
WLD,Mundo,NY.GDP.MKTP.KD,2020,83056326526017
WLD,Mundo,NY.GDP.MKTP.KD,2021,88442603118342
WLD,Mundo,NY.GDP.MKTP.KD,2022,91485038370116
WLD,Mundo,NY.GDP.MKTP.KD,2023,94100947773550
WLD,Mundo,NY.GDP.MKTP.KD,2024,96829887869985
WLD,Mundo,NY.GDP.MKTP.KD,2025,99658553419775
LCN,América Latina e Caribe,NY.GDP.MKTP.KD,1960,729353517006
LCN,América Latina e Caribe,NY.GDP.MKTP.KD,1961,773237616499
LCN,América Latina e Caribe,NY.GDP.MKTP.KD,1962,808020532220
LCN,América Latina e Caribe,NY.GDP.MKTP.KD,1963,825400186398
LCN,América Latina e Caribe,NY.GDP.MKTP.KD,1964,886966572778
LCN,América Latina e Caribe,NY.GDP.MKTP.KD,1965,936533854568
LCN,América Latina e Caribe,NY.GDP.MKTP.KD,1966,981305399552
LCN,América Latina e Caribe,NY.GDP.MKTP.KD,1967,1023210419969
LCN,América Latina e Caribe,NY.GDP.MKTP.KD,1968,1096097987377
LCN,América Latina e Caribe,NY.GDP.MKTP.KD,1969,1168156704928
LCN,América Latina e Caribe,NY.GDP.MKTP.KD,1970,1245081328011
LCN,América Latina e Caribe,NY.GDP.MKTP.KD,1971,1327831022934
LCN,América Latina e Caribe,NY.GDP.MKTP.KD,1972,1419966266763
LCN,América Latina e Caribe,NY.GDP.MKTP.KD,1973,1532888079416
LCN,América Latina e Caribe,NY.GDP.MKTP.KD,1974,1625857457078
LCN,América Latina e Caribe,NY.GDP.MKTP.KD,1975,1684218425889
LCN,América Latina e Caribe,NY.GDP.MKTP.KD,1976,1776928509089
LCN,América Latina e Caribe,NY.GDP.MKTP.KD,1977,1864345990966
LCN,América Latina e Caribe,NY.GDP.MKTP.KD,1978,1947277093762
LCN,América Latina e Caribe,NY.GDP.MKTP.KD,1979,2086431227294
LCN,América Latina e Caribe,NY.GDP.MKTP.KD,1980,2217091367676
LCN,América Latina e Caribe,NY.GDP.MKTP.KD,1981,2242616509792
LCN,América Latina e Caribe,NY.GDP.MKTP.KD,1982,2240596945099
LCN,América Latina e Caribe,NY.GDP.MKTP.KD,1983,2184208867395
LCN,América Latina e Caribe,NY.GDP.MKTP.KD,1984,2269804842655
LCN,América Latina e Caribe,NY.GDP.MKTP.KD,1985,2338753764312
LCN,América Latina e Caribe,NY.GDP.MKTP.KD,1986,2421878448266
LCN,América Latina e Caribe,NY.GDP.MKTP.KD,1987,2502905127103
LCN,América Latina e Caribe,NY.GDP.MKTP.KD,1988,2522765544023
LCN,América Latina e Caribe,NY.GDP.MKTP.KD,1989,2553343723651
LCN,América Latina e Caribe,NY.GDP.MKTP.KD,1990,2548888757920
LCN,América Latina e Caribe,NY.GDP.MKTP.KD,1991,2629858729561
LCN,América Latina e Caribe,NY.GDP.MKTP.KD,1992,2700204625219
LCN,América Latina e Caribe,NY.GDP.MKTP.KD,1993,2815431127004
LCN,América Latina e Caribe,NY.GDP.MKTP.KD,1994,2957323036143
LCN,América Latina e Caribe,NY.GDP.MKTP.KD,1995,2985349546745
LCN,América Latina e Caribe,NY.GDP.MKTP.KD,1996,3101661342985
LCN,América Latina e Caribe,NY.GDP.MKTP.KD,1997,3271113574859
LCN,América Latina e Caribe,NY.GDP.MKTP.KD,1998,3367000339687
LCN,América Latina e Caribe,NY.GDP.MKTP.KD,1999,3385028757361
LCN,América Latina e Caribe,NY.GDP.MKTP.KD,2000,3507665074202
LCN,América Latina e Caribe,NY.GDP.MKTP.KD,2001,3526318821603
LCN,América Latina e Caribe,NY.GDP.MKTP.KD,2002,3534013912981
LCN,América Latina e Caribe,NY.GDP.MKTP.KD,2003,3612139418372
LCN,América Latina e Caribe,NY.GDP.MKTP.KD,2004,3818757933204
LCN,América Latina e Caribe,NY.GDP.MKTP.KD,2005,3975047359799
LCN,América Latina e Caribe,NY.GDP.MKTP.KD,2006,4184217577929
LCN,América Latina e Caribe,NY.GDP.MKTP.KD,2007,4405469762174
LCN,América Latina e Caribe,NY.GDP.MKTP.KD,2008,4567979423401
LCN,América Latina e Caribe,NY.GDP.MKTP.KD,2009,4462799823799
LCN,América Latina e Caribe,NY.GDP.MKTP.KD,2010,4737322868891
LCN,América Latina e Caribe,NY.GDP.MKTP.KD,2011,4945564099919
LCN,América Latina e Caribe,NY.GDP.MKTP.KD,2012,5076415469048
LCN,América Latina e Caribe,NY.GDP.MKTP.KD,2013,5214358449178
LCN,América Latina e Caribe,NY.GDP.MKTP.KD,2014,5276761415866
LCN,América Latina e Caribe,NY.GDP.MKTP.KD,2015,5289417937086
LCN,América Latina e Caribe,NY.GDP.MKTP.KD,2016,5250753616288
LCN,América Latina e Caribe,NY.GDP.MKTP.KD,2017,5332325529173
LCN,América Latina e Caribe,NY.GDP.MKTP.KD,2018,5397535490186
LCN,América Latina e Caribe,NY.GDP.MKTP.KD,2019,5414665376774
LCN,América Latina e Caribe,NY.GDP.MKTP.KD,2020,5043249772131
LCN,América Latina e Caribe,NY.GDP.MKTP.KD,2021,5400114230997
LCN,América Latina e Caribe,NY.GDP.MKTP.KD,2022,5621010578604
LCN,América Latina e Caribe,NY.GDP.MKTP.KD,2023,5745054179121
LCN,América Latina e Caribe,NY.GDP.MKTP.KD,2024,5874603524338
LCN,América Latina e Caribe,NY.GDP.MKTP.KD,2025,6010984327947
UMC,Países de renda média-alta,NY.GDP.MKTP.KD,1960,1217828056895
UMC,Países de renda média-alta,NY.GDP.MKTP.KD,1961,1224251313282
UMC,Países de renda média-alta,NY.GDP.MKTP.KD,1962,1262990320275
UMC,Países de renda média-alta,NY.GDP.MKTP.KD,1963,1320500546056
UMC,Países de renda média-alta,NY.GDP.MKTP.KD,1964,1433533582563
UMC,Países de renda média-alta,NY.GDP.MKTP.KD,1965,1542606464965
UMC,Países de renda média-alta,NY.GDP.MKTP.KD,1966,1638336069155
UMC,Países de renda média-alta,NY.GDP.MKTP.KD,1967,1701248461598
UMC,Países de renda média-alta,NY.GDP.MKTP.KD,1968,1818444160332
UMC,Países de renda média-alta,NY.GDP.MKTP.KD,1969,1968766913031
UMC,Países de renda média-alta,NY.GDP.MKTP.KD,1970,2131397543790
UMC,Países de renda média-alta,NY.GDP.MKTP.KD,1971,2272337634226
UMC,Países de renda média-alta,NY.GDP.MKTP.KD,1972,2445442723625
UMC,Países de renda média-alta,NY.GDP.MKTP.KD,1973,2635518359169
UMC,Países de renda média-alta,NY.GDP.MKTP.KD,1974,2800919593620
UMC,Países de renda média-alta,NY.GDP.MKTP.KD,1975,2928657636877
UMC,Países de renda média-alta,NY.GDP.MKTP.KD,1976,3121779403958
UMC,Países de renda média-alta,NY.GDP.MKTP.KD,1977,3257761210354
UMC,Países de renda média-alta,NY.GDP.MKTP.KD,1978,3382912753102
UMC,Países de renda média-alta,NY.GDP.MKTP.KD,1979,3572921152181
UMC,Países de renda média-alta,NY.GDP.MKTP.KD,1980,3740236022593
UMC,Países de renda média-alta,NY.GDP.MKTP.KD,1981,3814285206683
UMC,Países de renda média-alta,NY.GDP.MKTP.KD,1982,3934313148017
UMC,Países de renda média-alta,NY.GDP.MKTP.KD,1983,3991702375848
UMC,Países de renda média-alta,NY.GDP.MKTP.KD,1984,4193284023680
UMC,Países de renda média-alta,NY.GDP.MKTP.KD,1985,4378358274199
UMC,Países de renda média-alta,NY.GDP.MKTP.KD,1986,4539329402542
UMC,Países de renda média-alta,NY.GDP.MKTP.KD,1987,4762229678139
UMC,Países de renda média-alta,NY.GDP.MKTP.KD,1988,4927709426999
UMC,Países de renda média-alta,NY.GDP.MKTP.KD,1989,5076345368729
UMC,Países de renda média-alta,NY.GDP.MKTP.KD,1990,5216216042937
UMC,Países de renda média-alta,NY.GDP.MKTP.KD,1991,5376470963525
UMC,Países de renda média-alta,NY.GDP.MKTP.KD,1992,5619503456102
UMC,Países de renda média-alta,NY.GDP.MKTP.KD,1993,5949341828832
UMC,Países de renda média-alta,NY.GDP.MKTP.KD,1994,6280641640731
UMC,Países de renda média-alta,NY.GDP.MKTP.KD,1995,6564973593081
UMC,Países de renda média-alta,NY.GDP.MKTP.KD,1996,6974697827505
UMC,Países de renda média-alta,NY.GDP.MKTP.KD,1997,7400460191423
UMC,Países de renda média-alta,NY.GDP.MKTP.KD,1998,7618445782196
UMC,Países de renda média-alta,NY.GDP.MKTP.KD,1999,7868237885902
UMC,Países de renda média-alta,NY.GDP.MKTP.KD,2000,8339496988444
UMC,Países de renda média-alta,NY.GDP.MKTP.KD,2001,8629024570416
UMC,Países de renda média-alta,NY.GDP.MKTP.KD,2002,9048188834434
UMC,Países de renda média-alta,NY.GDP.MKTP.KD,2003,9584911751762
UMC,Países de renda média-alta,NY.GDP.MKTP.KD,2004,10338111492654
UMC,Países de renda média-alta,NY.GDP.MKTP.KD,2005,11116665705700
UMC,Países de renda média-alta,NY.GDP.MKTP.KD,2006,12066695344537
UMC,Países de renda média-alta,NY.GDP.MKTP.KD,2007,13194433279870
UMC,Países de renda média-alta,NY.GDP.MKTP.KD,2008,14022493428756
UMC,Países de renda média-alta,NY.GDP.MKTP.KD,2009,14517585794132
UMC,Países de renda média-alta,NY.GDP.MKTP.KD,2010,15748643363552
UMC,Países de renda média-alta,NY.GDP.MKTP.KD,2011,16829044664120
UMC,Países de renda média-alta,NY.GDP.MKTP.KD,2012,17804641630837
UMC,Países de renda média-alta,NY.GDP.MKTP.KD,2013,18813834350036
UMC,Países de renda média-alta,NY.GDP.MKTP.KD,2014,19758994873981
UMC,Países de renda média-alta,NY.GDP.MKTP.KD,2015,20660115075152
UMC,Países de renda média-alta,NY.GDP.MKTP.KD,2016,21615609896635
UMC,Países de renda média-alta,NY.GDP.MKTP.KD,2017,22783845314057
UMC,Países de renda média-alta,NY.GDP.MKTP.KD,2018,23912021647246
UMC,Países de renda média-alta,NY.GDP.MKTP.KD,2019,24927314995028
UMC,Países de renda média-alta,NY.GDP.MKTP.KD,2020,24801950574602
UMC,Países de renda média-alta,NY.GDP.MKTP.KD,2021,26684073587307
UMC,Países de renda média-alta,NY.GDP.MKTP.KD,2022,27627762020353
UMC,Países de renda média-alta,NY.GDP.MKTP.KD,2023,28891529586797
UMC,Países de renda média-alta,NY.GDP.MKTP.KD,2024,30114927617862
UMC,Países de renda média-alta,NY.GDP.MKTP.KD,2025,31381361153940
HIC,Países de renda alta,NY.GDP.MKTP.KD,1960,9349965504390
HIC,Países de renda alta,NY.GDP.MKTP.KD,1961,9762602597324
HIC,Países de renda alta,NY.GDP.MKTP.KD,1962,10309064020344
HIC,Países de renda alta,NY.GDP.MKTP.KD,1963,10830644686185
HIC,Países de renda alta,NY.GDP.MKTP.KD,1964,11525414052799
HIC,Países de renda alta,NY.GDP.MKTP.KD,1965,12166709149133
HIC,Países de renda alta,NY.GDP.MKTP.KD,1966,12837681421219
HIC,Países de renda alta,NY.GDP.MKTP.KD,1967,13329564837939
HIC,Países de renda alta,NY.GDP.MKTP.KD,1968,14118539419250
HIC,Países de renda alta,NY.GDP.MKTP.KD,1969,14911030357012
HIC,Países de renda alta,NY.GDP.MKTP.KD,1970,15364254966532
HIC,Países de renda alta,NY.GDP.MKTP.KD,1971,15940293411940
HIC,Países de renda alta,NY.GDP.MKTP.KD,1972,16807800608354
HIC,Países de renda alta,NY.GDP.MKTP.KD,1973,17880465671564
HIC,Países de renda alta,NY.GDP.MKTP.KD,1974,18102883431863
HIC,Países de renda alta,NY.GDP.MKTP.KD,1975,18128053255694
HIC,Países de renda alta,NY.GDP.MKTP.KD,1976,19036073065858
HIC,Países de renda alta,NY.GDP.MKTP.KD,1977,19760649375691
HIC,Países de renda alta,NY.GDP.MKTP.KD,1978,20598667373105
HIC,Países de renda alta,NY.GDP.MKTP.KD,1979,21435887376514
HIC,Países de renda alta,NY.GDP.MKTP.KD,1980,21701134739193
HIC,Países de renda alta,NY.GDP.MKTP.KD,1981,22111183629412
HIC,Países de renda alta,NY.GDP.MKTP.KD,1982,22083257216809
HIC,Países de renda alta,NY.GDP.MKTP.KD,1983,22708528009615
HIC,Países de renda alta,NY.GDP.MKTP.KD,1984,23785873234484
HIC,Países de renda alta,NY.GDP.MKTP.KD,1985,24616923244165
HIC,Países de renda alta,NY.GDP.MKTP.KD,1986,25407484011818
HIC,Países de renda alta,NY.GDP.MKTP.KD,1987,26307773822960
HIC,Países de renda alta,NY.GDP.MKTP.KD,1988,27523174424556
HIC,Países de renda alta,NY.GDP.MKTP.KD,1989,28578113491288
HIC,Países de renda alta,NY.GDP.MKTP.KD,1990,29322519656758
HIC,Países de renda alta,NY.GDP.MKTP.KD,1991,29566605976224
HIC,Países de renda alta,NY.GDP.MKTP.KD,1992,30025199418932
HIC,Países de renda alta,NY.GDP.MKTP.KD,1993,30359979717465
HIC,Países de renda alta,NY.GDP.MKTP.KD,1994,31272369290881
HIC,Países de renda alta,NY.GDP.MKTP.KD,1995,32152478771750
HIC,Países de renda alta,NY.GDP.MKTP.KD,1996,33088662909034
HIC,Países de renda alta,NY.GDP.MKTP.KD,1997,34262550340048
HIC,Países de renda alta,NY.GDP.MKTP.KD,1998,35167875527774
HIC,Países de renda alta,NY.GDP.MKTP.KD,1999,36424517352212
HIC,Países de renda alta,NY.GDP.MKTP.KD,2000,37989637007551
HIC,Países de renda alta,NY.GDP.MKTP.KD,2001,38587772574938
HIC,Países de renda alta,NY.GDP.MKTP.KD,2002,39223972217179
HIC,Países de renda alta,NY.GDP.MKTP.KD,2003,40117276774442
HIC,Países de renda alta,NY.GDP.MKTP.KD,2004,41524780079350
HIC,Países de renda alta,NY.GDP.MKTP.KD,2005,42775210293108
HIC,Países de renda alta,NY.GDP.MKTP.KD,2006,44170303578935
HIC,Países de renda alta,NY.GDP.MKTP.KD,2007,45458266190023
HIC,Países de renda alta,NY.GDP.MKTP.KD,2008,45772959123724
HIC,Países de renda alta,NY.GDP.MKTP.KD,2009,44233805523853
HIC,Países de renda alta,NY.GDP.MKTP.KD,2010,45581536346037
HIC,Países de renda alta,NY.GDP.MKTP.KD,2011,46496744804990
HIC,Países de renda alta,NY.GDP.MKTP.KD,2012,47198514610394
HIC,Países de renda alta,NY.GDP.MKTP.KD,2013,47960406104966
HIC,Países de renda alta,NY.GDP.MKTP.KD,2014,49020869105056
HIC,Países de renda alta,NY.GDP.MKTP.KD,2015,50179969310921
HIC,Países de renda alta,NY.GDP.MKTP.KD,2016,51103109667904
HIC,Países de renda alta,NY.GDP.MKTP.KD,2017,52376587030216
HIC,Países de renda alta,NY.GDP.MKTP.KD,2018,53636000398828
HIC,Países de renda alta,NY.GDP.MKTP.KD,2019,54655276372915
HIC,Países de renda alta,NY.GDP.MKTP.KD,2020,52542203024740
HIC,Países de renda alta,NY.GDP.MKTP.KD,2021,55679557508205
HIC,Países de renda alta,NY.GDP.MKTP.KD,2022,57408886999170
HIC,Países de renda alta,NY.GDP.MKTP.KD,2023,58439575053272
HIC,Países de renda alta,NY.GDP.MKTP.KD,2024,59590533300228
HIC,Países de renda alta,NY.GDP.MKTP.KD,2025,60727124414915
LMY,Países de renda baixa e média,NY.GDP.MKTP.KD,1960,1717759339005
LMY,Países de renda baixa e média,NY.GDP.MKTP.KD,1961,1735483919617
LMY,Países de renda baixa e média,NY.GDP.MKTP.KD,1962,1799546072441
LMY,Países de renda baixa e média,NY.GDP.MKTP.KD,1963,1885555095082
LMY,Países de renda baixa e média,NY.GDP.MKTP.KD,1964,2034967471536
LMY,Países de renda baixa e média,NY.GDP.MKTP.KD,1965,2157624551176
LMY,Países de renda baixa e média,NY.GDP.MKTP.KD,1966,2262355526919
LMY,Países de renda baixa e média,NY.GDP.MKTP.KD,1967,2334509323383
LMY,Países de renda baixa e média,NY.GDP.MKTP.KD,1968,2477235703563
LMY,Países de renda baixa e média,NY.GDP.MKTP.KD,1969,2675684471128
LMY,Países de renda baixa e média,NY.GDP.MKTP.KD,1970,2888215710937
LMY,Países de renda baixa e média,NY.GDP.MKTP.KD,1971,3063745103416
LMY,Países de renda baixa e média,NY.GDP.MKTP.KD,1972,3249070955684
LMY,Países de renda baixa e média,NY.GDP.MKTP.KD,1973,3471987458721
LMY,Países de renda baixa e média,NY.GDP.MKTP.KD,1974,3678708256612
LMY,Países de renda baixa e média,NY.GDP.MKTP.KD,1975,3834509793645
LMY,Países de renda baixa e média,NY.GDP.MKTP.KD,1976,4074270938036
LMY,Países de renda baixa e média,NY.GDP.MKTP.KD,1977,4261248131523
LMY,Países de renda baixa e média,NY.GDP.MKTP.KD,1978,4416514088086
LMY,Países de renda baixa e média,NY.GDP.MKTP.KD,1979,4615549209376
LMY,Países de renda baixa e média,NY.GDP.MKTP.KD,1980,4826412931202
LMY,Países de renda baixa e média,NY.GDP.MKTP.KD,1981,4917245139077
LMY,Países de renda baixa e média,NY.GDP.MKTP.KD,1982,5058399879195
LMY,Países de renda baixa e média,NY.GDP.MKTP.KD,1983,5131580496577
LMY,Países de renda baixa e média,NY.GDP.MKTP.KD,1984,5370486686029
LMY,Países de renda baixa e média,NY.GDP.MKTP.KD,1985,5606916757135
LMY,Países de renda baixa e média,NY.GDP.MKTP.KD,1986,5815460008238
LMY,Países de renda baixa e média,NY.GDP.MKTP.KD,1987,6086871078116
LMY,Países de renda baixa e média,NY.GDP.MKTP.KD,1988,6339328986464
LMY,Países de renda baixa e média,NY.GDP.MKTP.KD,1989,6517960962010
LMY,Países de renda baixa e média,NY.GDP.MKTP.KD,1990,6724500208482
LMY,Países de renda baixa e média,NY.GDP.MKTP.KD,1991,6922679600860
LMY,Países de renda baixa e média,NY.GDP.MKTP.KD,1992,7217763164382
LMY,Países de renda baixa e média,NY.GDP.MKTP.KD,1993,7576140545486
LMY,Países de renda baixa e média,NY.GDP.MKTP.KD,1994,7960391443965
LMY,Países de renda baixa e média,NY.GDP.MKTP.KD,1995,8327653018884
LMY,Países de renda baixa e média,NY.GDP.MKTP.KD,1996,8843579432397
LMY,Países de renda baixa e média,NY.GDP.MKTP.KD,1997,9345908211150
LMY,Países de renda baixa e média,NY.GDP.MKTP.KD,1998,9653519796942
LMY,Países de renda baixa e média,NY.GDP.MKTP.KD,1999,10000845117495
LMY,Países de renda baixa e média,NY.GDP.MKTP.KD,2000,10556221208471
LMY,Países de renda baixa e média,NY.GDP.MKTP.KD,2001,10943724315344
LMY,Países de renda baixa e média,NY.GDP.MKTP.KD,2002,11456394225460
LMY,Países de renda baixa e média,NY.GDP.MKTP.KD,2003,12121514964698
LMY,Países de renda baixa e média,NY.GDP.MKTP.KD,2004,13062885532439
LMY,Países de renda baixa e média,NY.GDP.MKTP.KD,2005,14028847425839
LMY,Países de renda baixa e média,NY.GDP.MKTP.KD,2006,15184484481321
LMY,Países de renda baixa e média,NY.GDP.MKTP.KD,2007,16527658620830
LMY,Países de renda baixa e média,NY.GDP.MKTP.KD,2008,17510418216532
LMY,Países de renda baixa e média,NY.GDP.MKTP.KD,2009,18206097940567
LMY,Países de renda baixa e média,NY.GDP.MKTP.KD,2010,19681441081362
LMY,Países de renda baixa e média,NY.GDP.MKTP.KD,2011,20929491358145
LMY,Países de renda baixa e média,NY.GDP.MKTP.KD,2012,22080440640561
LMY,Países de renda baixa e média,NY.GDP.MKTP.KD,2013,23320774584093
LMY,Países de renda baixa e média,NY.GDP.MKTP.KD,2014,24518990366748
LMY,Países de renda baixa e média,NY.GDP.MKTP.KD,2015,25659752659960
LMY,Países de renda baixa e média,NY.GDP.MKTP.KD,2016,26852489626630
LMY,Países de renda baixa e média,NY.GDP.MKTP.KD,2017,28265968304995
LMY,Países de renda baixa e média,NY.GDP.MKTP.KD,2018,29657119246587
LMY,Países de renda baixa e média,NY.GDP.MKTP.KD,2019,30870483892681
LMY,Países de renda baixa e média,NY.GDP.MKTP.KD,2020,30515266297309
LMY,Países de renda baixa e média,NY.GDP.MKTP.KD,2021,32764345049399
LMY,Países de renda baixa e média,NY.GDP.MKTP.KD,2022,34077552371296
LMY,Países de renda baixa e média,NY.GDP.MKTP.KD,2023,35662881451695
LMY,Países de renda baixa e média,NY.GDP.MKTP.KD,2024,37240749587462
LMY,Países de renda baixa e média,NY.GDP.MKTP.KD,2025,38928798567749
BRA,Brasil,NY.GDP.MKTP.CD,1960,17030465539
BRA,Brasil,NY.GDP.MKTP.CD,1961,17275940449
BRA,Brasil,NY.GDP.MKTP.CD,1962,19231747852
BRA,Brasil,NY.GDP.MKTP.CD,1963,23287712878
BRA,Brasil,NY.GDP.MKTP.CD,1964,20963733695
BRA,Brasil,NY.GDP.MKTP.CD,1965,22465522884
BRA,Brasil,NY.GDP.MKTP.CD,1966,28283323733
BRA,Brasil,NY.GDP.MKTP.CD,1967,31086389195
BRA,Brasil,NY.GDP.MKTP.CD,1968,33930457425
BRA,Brasil,NY.GDP.MKTP.CD,1969,37171640819
BRA,Brasil,NY.GDP.MKTP.CD,1970,42327664794
BRA,Brasil,NY.GDP.MKTP.CD,1971,48869830902
BRA,Brasil,NY.GDP.MKTP.CD,1972,58434858375
BRA,Brasil,NY.GDP.MKTP.CD,1973,83592275863
BRA,Brasil,NY.GDP.MKTP.CD,1974,109794519728
BRA,Brasil,NY.GDP.MKTP.CD,1975,129203555239
BRA,Brasil,NY.GDP.MKTP.CD,1976,153168949208
BRA,Brasil,NY.GDP.MKTP.CD,1977,176344101402
BRA,Brasil,NY.GDP.MKTP.CD,1978,200278646124
BRA,Brasil,NY.GDP.MKTP.CD,1979,221338204480
BRA,Brasil,NY.GDP.MKTP.CD,1980,237393489893
BRA,Brasil,NY.GDP.MKTP.CD,1981,258015174749
BRA,Brasil,NY.GDP.MKTP.CD,1982,271314113768
BRA,Brasil,NY.GDP.MKTP.CD,1983,189656506321
BRA,Brasil,NY.GDP.MKTP.CD,1984,188339974087
BRA,Brasil,NY.GDP.MKTP.CD,1985,210879844639
BRA,Brasil,NY.GDP.MKTP.CD,1986,256480852471
BRA,Brasil,NY.GDP.MKTP.CD,1987,283056836894
BRA,Brasil,NY.GDP.MKTP.CD,1988,307881930752
BRA,Brasil,NY.GDP.MKTP.CD,1989,412990820287
BRA,Brasil,NY.GDP.MKTP.CD,1990,384959818182
BRA,Brasil,NY.GDP.MKTP.CD,1991,342534090909
BRA,Brasil,NY.GDP.MKTP.CD,1992,328191909882
BRA,Brasil,NY.GDP.MKTP.CD,1993,368292034381
BRA,Brasil,NY.GDP.MKTP.CD,1994,525369467296
BRA,Brasil,NY.GDP.MKTP.CD,1995,769333050987
BRA,Brasil,NY.GDP.MKTP.CD,1996,850426432992
BRA,Brasil,NY.GDP.MKTP.CD,1997,883206179730
BRA,Brasil,NY.GDP.MKTP.CD,1998,863710759256
BRA,Brasil,NY.GDP.MKTP.CD,1999,599642024320
BRA,Brasil,NY.GDP.MKTP.CD,2000,655448231984
BRA,Brasil,NY.GDP.MKTP.CD,2001,559983634799
BRA,Brasil,NY.GDP.MKTP.CD,2002,509795273807
BRA,Brasil,NY.GDP.MKTP.CD,2003,558233745652
BRA,Brasil,NY.GDP.MKTP.CD,2004,669289424806
BRA,Brasil,NY.GDP.MKTP.CD,2005,891633839894
BRA,Brasil,NY.GDP.MKTP.CD,2006,1107626541435
BRA,Brasil,NY.GDP.MKTP.CD,2007,1397114486369
BRA,Brasil,NY.GDP.MKTP.CD,2008,1695855083498
BRA,Brasil,NY.GDP.MKTP.CD,2009,1666996438581
BRA,Brasil,NY.GDP.MKTP.CD,2010,2208837745101
BRA,Brasil,NY.GDP.MKTP.CD,2011,2616156223918
BRA,Brasil,NY.GDP.MKTP.CD,2012,2465227802807
BRA,Brasil,NY.GDP.MKTP.CD,2013,2472819535557
BRA,Brasil,NY.GDP.MKTP.CD,2014,2456043727199
BRA,Brasil,NY.GDP.MKTP.CD,2015,1802212206814
BRA,Brasil,NY.GDP.MKTP.CD,2016,1795693482853
BRA,Brasil,NY.GDP.MKTP.CD,2017,2063514977366
BRA,Brasil,NY.GDP.MKTP.CD,2018,1916933898011
BRA,Brasil,NY.GDP.MKTP.CD,2019,1873288205060
BRA,Brasil,NY.GDP.MKTP.CD,2020,1476107231310
BRA,Brasil,NY.GDP.MKTP.CD,2021,1670647398905
BRA,Brasil,NY.GDP.MKTP.CD,2022,1951923942083
BRA,Brasil,NY.GDP.MKTP.CD,2023,2191131765685
BRA,Brasil,NY.GDP.MKTP.CD,2024,2185821610689
BRA,Brasil,NY.GDP.MKTP.CD,2025,2279920092492
ARG,Argentina,NY.GDP.MKTP.CD,1960,15865474315
ARG,Argentina,NY.GDP.MKTP.CD,1961,20132220375
ARG,Argentina,NY.GDP.MKTP.CD,1962,18337691145
ARG,Argentina,NY.GDP.MKTP.CD,1963,18272123664
ARG,Argentina,NY.GDP.MKTP.CD,1964,25605249382
ARG,Argentina,NY.GDP.MKTP.CD,1965,28344705967
ARG,Argentina,NY.GDP.MKTP.CD,1966,28630474728
ARG,Argentina,NY.GDP.MKTP.CD,1967,24256667553
ARG,Argentina,NY.GDP.MKTP.CD,1968,26436857247
ARG,Argentina,NY.GDP.MKTP.CD,1969,31256284544
ARG,Argentina,NY.GDP.MKTP.CD,1970,31584210366
ARG,Argentina,NY.GDP.MKTP.CD,1971,33293199095
ARG,Argentina,NY.GDP.MKTP.CD,1972,34733000536
ARG,Argentina,NY.GDP.MKTP.CD,1973,52544000117
ARG,Argentina,NY.GDP.MKTP.CD,1974,72436777342
ARG,Argentina,NY.GDP.MKTP.CD,1975,52438647922
ARG,Argentina,NY.GDP.MKTP.CD,1976,51169499892
ARG,Argentina,NY.GDP.MKTP.CD,1977,56781000101
ARG,Argentina,NY.GDP.MKTP.CD,1978,89049453088
ARG,Argentina,NY.GDP.MKTP.CD,1979,69252328952
ARG,Argentina,NY.GDP.MKTP.CD,1980,76961923741
ARG,Argentina,NY.GDP.MKTP.CD,1981,78676842367
ARG,Argentina,NY.GDP.MKTP.CD,1982,84307486837
ARG,Argentina,NY.GDP.MKTP.CD,1983,103979106778
ARG,Argentina,NY.GDP.MKTP.CD,1984,116915052107
ARG,Argentina,NY.GDP.MKTP.CD,1985,88150891728
ARG,Argentina,NY.GDP.MKTP.CD,1986,105872372614
ARG,Argentina,NY.GDP.MKTP.CD,1987,108810885301
ARG,Argentina,NY.GDP.MKTP.CD,1988,126890235049
ARG,Argentina,NY.GDP.MKTP.CD,1989,76629728760
ARG,Argentina,NY.GDP.MKTP.CD,1990,141352654305
ARG,Argentina,NY.GDP.MKTP.CD,1991,189719984268
ARG,Argentina,NY.GDP.MKTP.CD,1992,228778917308
ARG,Argentina,NY.GDP.MKTP.CD,1993,236741715015
ARG,Argentina,NY.GDP.MKTP.CD,1994,257440000000
ARG,Argentina,NY.GDP.MKTP.CD,1995,258031750000
ARG,Argentina,NY.GDP.MKTP.CD,1996,272149750000
ARG,Argentina,NY.GDP.MKTP.CD,1997,292859000000
ARG,Argentina,NY.GDP.MKTP.CD,1998,298948250000
ARG,Argentina,NY.GDP.MKTP.CD,1999,283523000000
ARG,Argentina,NY.GDP.MKTP.CD,2000,284203750000
ARG,Argentina,NY.GDP.MKTP.CD,2001,268696750000
ARG,Argentina,NY.GDP.MKTP.CD,2002,97724004252
ARG,Argentina,NY.GDP.MKTP.CD,2003,127586973492
ARG,Argentina,NY.GDP.MKTP.CD,2004,164657930453
ARG,Argentina,NY.GDP.MKTP.CD,2005,198737095012
ARG,Argentina,NY.GDP.MKTP.CD,2006,232557260817
ARG,Argentina,NY.GDP.MKTP.CD,2007,287530508431
ARG,Argentina,NY.GDP.MKTP.CD,2008,361558037110
ARG,Argentina,NY.GDP.MKTP.CD,2009,332976484578
ARG,Argentina,NY.GDP.MKTP.CD,2010,423627422092
ARG,Argentina,NY.GDP.MKTP.CD,2011,530158122010
ARG,Argentina,NY.GDP.MKTP.CD,2012,545982375701
ARG,Argentina,NY.GDP.MKTP.CD,2013,552025140252
ARG,Argentina,NY.GDP.MKTP.CD,2014,526319673732
ARG,Argentina,NY.GDP.MKTP.CD,2015,594749285413
ARG,Argentina,NY.GDP.MKTP.CD,2016,557532320663
ARG,Argentina,NY.GDP.MKTP.CD,2017,643628393281
ARG,Argentina,NY.GDP.MKTP.CD,2018,524819892360
ARG,Argentina,NY.GDP.MKTP.CD,2019,447754683615
ARG,Argentina,NY.GDP.MKTP.CD,2020,385740508437
ARG,Argentina,NY.GDP.MKTP.CD,2021,486564085480
ARG,Argentina,NY.GDP.MKTP.CD,2022,633993756301
ARG,Argentina,NY.GDP.MKTP.CD,2023,649461687959
ARG,Argentina,NY.GDP.MKTP.CD,2024,638365455340
ARG,Argentina,NY.GDP.MKTP.CD,2025,683097891619
CHL,Chile,NY.GDP.MKTP.CD,1960,4211103677
CHL,Chile,NY.GDP.MKTP.CD,1961,4948564551
CHL,Chile,NY.GDP.MKTP.CD,1962,5765971144
CHL,Chile,NY.GDP.MKTP.CD,1963,5702520146
CHL,Chile,NY.GDP.MKTP.CD,1964,6065708668
CHL,Chile,NY.GDP.MKTP.CD,1965,6183988944
CHL,Chile,NY.GDP.MKTP.CD,1966,7256882086
CHL,Chile,NY.GDP.MKTP.CD,1967,7145068068
CHL,Chile,NY.GDP.MKTP.CD,1968,7286820526
CHL,Chile,NY.GDP.MKTP.CD,1969,8456519044
CHL,Chile,NY.GDP.MKTP.CD,1970,9261006540
CHL,Chile,NY.GDP.MKTP.CD,1971,10999807567
CHL,Chile,NY.GDP.MKTP.CD,1972,12057501635
CHL,Chile,NY.GDP.MKTP.CD,1973,17237336173
CHL,Chile,NY.GDP.MKTP.CD,1974,16584311220
CHL,Chile,NY.GDP.MKTP.CD,1975,7812161793
CHL,Chile,NY.GDP.MKTP.CD,1976,10523479089
CHL,Chile,NY.GDP.MKTP.CD,1977,14272711437
CHL,Chile,NY.GDP.MKTP.CD,1978,16373093554
CHL,Chile,NY.GDP.MKTP.CD,1979,22249574628
CHL,Chile,NY.GDP.MKTP.CD,1980,29586676576
CHL,Chile,NY.GDP.MKTP.CD,1981,35180322211
CHL,Chile,NY.GDP.MKTP.CD,1982,19710229067
CHL,Chile,NY.GDP.MKTP.CD,1983,20629678694
CHL,Chile,NY.GDP.MKTP.CD,1984,19974595028
CHL,Chile,NY.GDP.MKTP.CD,1985,17933557360
CHL,Chile,NY.GDP.MKTP.CD,1986,19197818085
CHL,Chile,NY.GDP.MKTP.CD,1987,22605488851
CHL,Chile,NY.GDP.MKTP.CD,1988,26174858614
CHL,Chile,NY.GDP.MKTP.CD,1989,30101767991
CHL,Chile,NY.GDP.MKTP.CD,1990,33428580448
CHL,Chile,NY.GDP.MKTP.CD,1991,38232330917
CHL,Chile,NY.GDP.MKTP.CD,1992,46538895686
CHL,Chile,NY.GDP.MKTP.CD,1993,49934943321
CHL,Chile,NY.GDP.MKTP.CD,1994,57438273591
CHL,Chile,NY.GDP.MKTP.CD,1995,73820425702
CHL,Chile,NY.GDP.MKTP.CD,1996,78584098984
CHL,Chile,NY.GDP.MKTP.CD,1997,85741415285
CHL,Chile,NY.GDP.MKTP.CD,1998,81990010704
CHL,Chile,NY.GDP.MKTP.CD,1999,75578685736
CHL,Chile,NY.GDP.MKTP.CD,2000,78339750721
CHL,Chile,NY.GDP.MKTP.CD,2001,71574739561
CHL,Chile,NY.GDP.MKTP.CD,2002,70264045939
CHL,Chile,NY.GDP.MKTP.CD,2003,76492579644
CHL,Chile,NY.GDP.MKTP.CD,2004,99075985774
CHL,Chile,NY.GDP.MKTP.CD,2005,122294145163
CHL,Chile,NY.GDP.MKTP.CD,2006,153843518171
CHL,Chile,NY.GDP.MKTP.CD,2007,172491076034
CHL,Chile,NY.GDP.MKTP.CD,2008,179894594475
CHL,Chile,NY.GDP.MKTP.CD,2009,171777900624
CHL,Chile,NY.GDP.MKTP.CD,2010,217051209239
CHL,Chile,NY.GDP.MKTP.CD,2011,251382573894
CHL,Chile,NY.GDP.MKTP.CD,2012,267024782487
CHL,Chile,NY.GDP.MKTP.CD,2013,277395018842
CHL,Chile,NY.GDP.MKTP.CD,2014,259560978224
CHL,Chile,NY.GDP.MKTP.CD,2015,242450355831
CHL,Chile,NY.GDP.MKTP.CD,2016,249344863928
CHL,Chile,NY.GDP.MKTP.CD,2017,276154259981
CHL,Chile,NY.GDP.MKTP.CD,2018,295857562992
CHL,Chile,NY.GDP.MKTP.CD,2019,278308438545
CHL,Chile,NY.GDP.MKTP.CD,2020,254103710483
CHL,Chile,NY.GDP.MKTP.CD,2021,315507493783
CHL,Chile,NY.GDP.MKTP.CD,2022,301099244104
CHL,Chile,NY.GDP.MKTP.CD,2023,335802745366
CHL,Chile,NY.GDP.MKTP.CD,2024,329260633699
CHL,Chile,NY.GDP.MKTP.CD,2025,357371159575
COL,Colômbia,NY.GDP.MKTP.CD,1960,4031152977
COL,Colômbia,NY.GDP.MKTP.CD,1961,4540447761
COL,Colômbia,NY.GDP.MKTP.CD,1962,4955543963
COL,Colômbia,NY.GDP.MKTP.CD,1963,4836166667
COL,Colômbia,NY.GDP.MKTP.CD,1964,5973366667
COL,Colômbia,NY.GDP.MKTP.CD,1965,5760761905
COL,Colômbia,NY.GDP.MKTP.CD,1966,5428518519
COL,Colômbia,NY.GDP.MKTP.CD,1967,5825170438
COL,Colômbia,NY.GDP.MKTP.CD,1968,5960212869
COL,Colômbia,NY.GDP.MKTP.CD,1969,6450175214
COL,Colômbia,NY.GDP.MKTP.CD,1970,7198360460
COL,Colômbia,NY.GDP.MKTP.CD,1971,7820380971
COL,Colômbia,NY.GDP.MKTP.CD,1972,8671358733
COL,Colômbia,NY.GDP.MKTP.CD,1973,10315760000
COL,Colômbia,NY.GDP.MKTP.CD,1974,12370029584
COL,Colômbia,NY.GDP.MKTP.CD,1975,13098633902
COL,Colômbia,NY.GDP.MKTP.CD,1976,15341403660
COL,Colômbia,NY.GDP.MKTP.CD,1977,19470960619
COL,Colômbia,NY.GDP.MKTP.CD,1978,23263511958
COL,Colômbia,NY.GDP.MKTP.CD,1979,27940411250
COL,Colômbia,NY.GDP.MKTP.CD,1980,33400735644
COL,Colômbia,NY.GDP.MKTP.CD,1981,36388366869
COL,Colômbia,NY.GDP.MKTP.CD,1982,38968039722
COL,Colômbia,NY.GDP.MKTP.CD,1983,38729822782
COL,Colômbia,NY.GDP.MKTP.CD,1984,38253120738
COL,Colômbia,NY.GDP.MKTP.CD,1985,34894411352
COL,Colômbia,NY.GDP.MKTP.CD,1986,34942489684
COL,Colômbia,NY.GDP.MKTP.CD,1987,36373307085
COL,Colômbia,NY.GDP.MKTP.CD,1988,39212550050
COL,Colômbia,NY.GDP.MKTP.CD,1989,39540080200
COL,Colômbia,NY.GDP.MKTP.CD,1990,47844090710
COL,Colômbia,NY.GDP.MKTP.CD,1991,49175565911
COL,Colômbia,NY.GDP.MKTP.CD,1992,58418985443
COL,Colômbia,NY.GDP.MKTP.CD,1993,66446804803
COL,Colômbia,NY.GDP.MKTP.CD,1994,81703500846
COL,Colômbia,NY.GDP.MKTP.CD,1995,92507279383
COL,Colômbia,NY.GDP.MKTP.CD,1996,97160109278
COL,Colômbia,NY.GDP.MKTP.CD,1997,106659508271
COL,Colômbia,NY.GDP.MKTP.CD,1998,98443739941
COL,Colômbia,NY.GDP.MKTP.CD,1999,86186158685
COL,Colômbia,NY.GDP.MKTP.CD,2000,99875074951
COL,Colômbia,NY.GDP.MKTP.CD,2001,98200641203
COL,Colômbia,NY.GDP.MKTP.CD,2002,97945812803
COL,Colômbia,NY.GDP.MKTP.CD,2003,94644969157
COL,Colômbia,NY.GDP.MKTP.CD,2004,117092416666
COL,Colômbia,NY.GDP.MKTP.CD,2005,145600529606
COL,Colômbia,NY.GDP.MKTP.CD,2006,161792958905
COL,Colômbia,NY.GDP.MKTP.CD,2007,206229540926
COL,Colômbia,NY.GDP.MKTP.CD,2008,242504150473
COL,Colômbia,NY.GDP.MKTP.CD,2009,232468663110
COL,Colômbia,NY.GDP.MKTP.CD,2010,286498534095
COL,Colômbia,NY.GDP.MKTP.CD,2011,334966134805
COL,Colômbia,NY.GDP.MKTP.CD,2012,370691143018
COL,Colômbia,NY.GDP.MKTP.CD,2013,382093697078
COL,Colômbia,NY.GDP.MKTP.CD,2014,381240864422
COL,Colômbia,NY.GDP.MKTP.CD,2015,293492370193
COL,Colômbia,NY.GDP.MKTP.CD,2016,282720100286
COL,Colômbia,NY.GDP.MKTP.CD,2017,311866875157
COL,Colômbia,NY.GDP.MKTP.CD,2018,334198218098
COL,Colômbia,NY.GDP.MKTP.CD,2019,323031701193
COL,Colômbia,NY.GDP.MKTP.CD,2020,270348342541
COL,Colômbia,NY.GDP.MKTP.CD,2021,318524633225
COL,Colômbia,NY.GDP.MKTP.CD,2022,345632492851
COL,Colômbia,NY.GDP.MKTP.CD,2023,366901643683
COL,Colômbia,NY.GDP.MKTP.CD,2024,420504033143
COL,Colômbia,NY.GDP.MKTP.CD,2025,457410034203
MEX,México,NY.GDP.MKTP.CD,1960,13040000000
MEX,México,NY.GDP.MKTP.CD,1961,14160000000
MEX,México,NY.GDP.MKTP.CD,1962,15200000000
MEX,México,NY.GDP.MKTP.CD,1963,16960000000
MEX,México,NY.GDP.MKTP.CD,1964,20080000000
MEX,México,NY.GDP.MKTP.CD,1965,21840000000
MEX,México,NY.GDP.MKTP.CD,1966,24320000000
MEX,México,NY.GDP.MKTP.CD,1967,26560000000
MEX,México,NY.GDP.MKTP.CD,1968,29360000000
MEX,México,NY.GDP.MKTP.CD,1969,32480000000
MEX,México,NY.GDP.MKTP.CD,1970,35520000000
MEX,México,NY.GDP.MKTP.CD,1971,39200000000
MEX,México,NY.GDP.MKTP.CD,1972,45200000000
MEX,México,NY.GDP.MKTP.CD,1973,55280000000
MEX,México,NY.GDP.MKTP.CD,1974,72000000000
MEX,México,NY.GDP.MKTP.CD,1975,88000000000
MEX,México,NY.GDP.MKTP.CD,1976,88875923765
MEX,México,NY.GDP.MKTP.CD,1977,81912018784
MEX,México,NY.GDP.MKTP.CD,1978,102648570299
MEX,México,NY.GDP.MKTP.CD,1979,134531900899
MEX,México,NY.GDP.MKTP.CD,1980,205577055466
MEX,México,NY.GDP.MKTP.CD,1981,263797827860
MEX,México,NY.GDP.MKTP.CD,1982,184602611610
MEX,México,NY.GDP.MKTP.CD,1983,156167000433
MEX,México,NY.GDP.MKTP.CD,1984,184230754105
MEX,México,NY.GDP.MKTP.CD,1985,195241069482
MEX,México,NY.GDP.MKTP.CD,1986,134556034673
MEX,México,NY.GDP.MKTP.CD,1987,147542558209
MEX,México,NY.GDP.MKTP.CD,1988,181611150497
MEX,México,NY.GDP.MKTP.CD,1989,221403098267
MEX,México,NY.GDP.MKTP.CD,1990,261253675693
MEX,México,NY.GDP.MKTP.CD,1991,313139656146
MEX,México,NY.GDP.MKTP.CD,1992,363157832924
MEX,México,NY.GDP.MKTP.CD,1993,530160763663
MEX,México,NY.GDP.MKTP.CD,1994,553618247901
MEX,México,NY.GDP.MKTP.CD,1995,380157469867
MEX,México,NY.GDP.MKTP.CD,1996,432157945024
MEX,México,NY.GDP.MKTP.CD,1997,523449530464
MEX,México,NY.GDP.MKTP.CD,1998,557461102631
MEX,México,NY.GDP.MKTP.CD,1999,631249359702
MEX,México,NY.GDP.MKTP.CD,2000,742061329749
MEX,México,NY.GDP.MKTP.CD,2001,796064590549
MEX,México,NY.GDP.MKTP.CD,2002,810666116402
MEX,México,NY.GDP.MKTP.CD,2003,765549967889
MEX,México,NY.GDP.MKTP.CD,2004,819459227375
MEX,México,NY.GDP.MKTP.CD,2005,917571853437
MEX,México,NY.GDP.MKTP.CD,2006,1020265057882
MEX,México,NY.GDP.MKTP.CD,2007,1102355554880
MEX,México,NY.GDP.MKTP.CD,2008,1161553459985
MEX,México,NY.GDP.MKTP.CD,2009,943437414951
MEX,México,NY.GDP.MKTP.CD,2010,1105424238652
MEX,México,NY.GDP.MKTP.CD,2011,1229013703417
MEX,México,NY.GDP.MKTP.CD,2012,1255110424742
MEX,México,NY.GDP.MKTP.CD,2013,1327436290439
MEX,México,NY.GDP.MKTP.CD,2014,1364507717689
MEX,México,NY.GDP.MKTP.CD,2015,1213294467654
MEX,México,NY.GDP.MKTP.CD,2016,1112233497453
MEX,México,NY.GDP.MKTP.CD,2017,1190721475853
MEX,México,NY.GDP.MKTP.CD,2018,1256300182984
MEX,México,NY.GDP.MKTP.CD,2019,1304106204006
MEX,México,NY.GDP.MKTP.CD,2020,1121064767169
MEX,México,NY.GDP.MKTP.CD,2021,1316569466834
MEX,México,NY.GDP.MKTP.CD,2022,1466934724243
MEX,México,NY.GDP.MKTP.CD,2023,1794410347718
MEX,México,NY.GDP.MKTP.CD,2024,1830489311089
MEX,México,NY.GDP.MKTP.CD,2025,1832641364776
PER,Peru,NY.GDP.MKTP.CD,1960,2571986572
PER,Peru,NY.GDP.MKTP.CD,1961,2897852693
PER,Peru,NY.GDP.MKTP.CD,1962,3284322201
PER,Peru,NY.GDP.MKTP.CD,1963,3598272493
PER,Peru,NY.GDP.MKTP.CD,1964,4353664867
PER,Peru,NY.GDP.MKTP.CD,1965,5163008077
PER,Peru,NY.GDP.MKTP.CD,1966,6109048737
PER,Peru,NY.GDP.MKTP.CD,1967,6194340080
PER,Peru,NY.GDP.MKTP.CD,1968,5736083835
PER,Peru,NY.GDP.MKTP.CD,1969,6420909790
PER,Peru,NY.GDP.MKTP.CD,1970,7432223177
PER,Peru,NY.GDP.MKTP.CD,1971,8289582884
PER,Peru,NY.GDP.MKTP.CD,1972,9189413409
PER,Peru,NY.GDP.MKTP.CD,1973,10994381895
PER,Peru,NY.GDP.MKTP.CD,1974,13858441211
PER,Peru,NY.GDP.MKTP.CD,1975,16931162355
PER,Peru,NY.GDP.MKTP.CD,1976,16131958851
PER,Peru,NY.GDP.MKTP.CD,1977,14544913961
PER,Peru,NY.GDP.MKTP.CD,1978,12491876743
PER,Peru,NY.GDP.MKTP.CD,1979,15954012439
PER,Peru,NY.GDP.MKTP.CD,1980,18136838538
PER,Peru,NY.GDP.MKTP.CD,1981,21648214893
PER,Peru,NY.GDP.MKTP.CD,1982,21794535621
PER,Peru,NY.GDP.MKTP.CD,1983,17345260564
PER,Peru,NY.GDP.MKTP.CD,1984,17600400385
PER,Peru,NY.GDP.MKTP.CD,1985,15078736875
PER,Peru,NY.GDP.MKTP.CD,1986,21859448586
PER,Peru,NY.GDP.MKTP.CD,1987,36889706593
PER,Peru,NY.GDP.MKTP.CD,1988,15439408447
PER,Peru,NY.GDP.MKTP.CD,1989,22499558526
PER,Peru,NY.GDP.MKTP.CD,1990,26410386963
PER,Peru,NY.GDP.MKTP.CD,1991,34341465998
PER,Peru,NY.GDP.MKTP.CD,1992,35966302303
PER,Peru,NY.GDP.MKTP.CD,1993,34832077221
PER,Peru,NY.GDP.MKTP.CD,1994,44882079767
PER,Peru,NY.GDP.MKTP.CD,1995,53312793687
PER,Peru,NY.GDP.MKTP.CD,1996,55252414130
PER,Peru,NY.GDP.MKTP.CD,1997,58147522523
PER,Peru,NY.GDP.MKTP.CD,1998,55501467877
PER,Peru,NY.GDP.MKTP.CD,1999,50187324568
PER,Peru,NY.GDP.MKTP.CD,2000,51744749133
PER,Peru,NY.GDP.MKTP.CD,2001,52030158775
PER,Peru,NY.GDP.MKTP.CD,2002,54777553515
PER,Peru,NY.GDP.MKTP.CD,2003,58731030122
PER,Peru,NY.GDP.MKTP.CD,2004,66768703498
PER,Peru,NY.GDP.MKTP.CD,2005,76060606061
PER,Peru,NY.GDP.MKTP.CD,2006,88643193062
PER,Peru,NY.GDP.MKTP.CD,2007,102170981144
PER,Peru,NY.GDP.MKTP.CD,2008,120550599815
PER,Peru,NY.GDP.MKTP.CD,2009,120822986521
PER,Peru,NY.GDP.MKTP.CD,2010,147527631521
PER,Peru,NY.GDP.MKTP.CD,2011,171761737047
PER,Peru,NY.GDP.MKTP.CD,2012,192650021649
PER,Peru,NY.GDP.MKTP.CD,2013,201175543571
PER,Peru,NY.GDP.MKTP.CD,2014,200786250583
PER,Peru,NY.GDP.MKTP.CD,2015,189802976286
PER,Peru,NY.GDP.MKTP.CD,2016,191898104390
PER,Peru,NY.GDP.MKTP.CD,2017,211007984081
PER,Peru,NY.GDP.MKTP.CD,2018,222597009739
PER,Peru,NY.GDP.MKTP.CD,2019,228346006004
PER,Peru,NY.GDP.MKTP.CD,2020,201409694756
PER,Peru,NY.GDP.MKTP.CD,2021,226406075009
PER,Peru,NY.GDP.MKTP.CD,2022,246169867863
PER,Peru,NY.GDP.MKTP.CD,2023,268025009709
PER,Peru,NY.GDP.MKTP.CD,2024,291751523019
PER,Peru,NY.GDP.MKTP.CD,2025,334854659182
USA,Estados Unidos,NY.GDP.MKTP.CD,1960,541988586207
USA,Estados Unidos,NY.GDP.MKTP.CD,1961,561940310345
USA,Estados Unidos,NY.GDP.MKTP.CD,1962,603639413793
USA,Estados Unidos,NY.GDP.MKTP.CD,1963,637058551724
USA,Estados Unidos,NY.GDP.MKTP.CD,1964,684144620690
USA,Estados Unidos,NY.GDP.MKTP.CD,1965,741904862069
USA,Estados Unidos,NY.GDP.MKTP.CD,1966,813032758621
USA,Estados Unidos,NY.GDP.MKTP.CD,1967,859620034483
USA,Estados Unidos,NY.GDP.MKTP.CD,1968,940225000000
USA,Estados Unidos,NY.GDP.MKTP.CD,1969,1017438172414
USA,Estados Unidos,NY.GDP.MKTP.CD,1970,1073303000000
USA,Estados Unidos,NY.GDP.MKTP.CD,1971,1164850000000
USA,Estados Unidos,NY.GDP.MKTP.CD,1972,1279110000000
USA,Estados Unidos,NY.GDP.MKTP.CD,1973,1425376000000
USA,Estados Unidos,NY.GDP.MKTP.CD,1974,1545243000000
USA,Estados Unidos,NY.GDP.MKTP.CD,1975,1684904000000
USA,Estados Unidos,NY.GDP.MKTP.CD,1976,1873412000000
USA,Estados Unidos,NY.GDP.MKTP.CD,1977,2081826000000
USA,Estados Unidos,NY.GDP.MKTP.CD,1978,2351599000000
USA,Estados Unidos,NY.GDP.MKTP.CD,1979,2627333000000
USA,Estados Unidos,NY.GDP.MKTP.CD,1980,2857307000000
USA,Estados Unidos,NY.GDP.MKTP.CD,1981,3207041000000
USA,Estados Unidos,NY.GDP.MKTP.CD,1982,3343789000000
USA,Estados Unidos,NY.GDP.MKTP.CD,1983,3634038000000
USA,Estados Unidos,NY.GDP.MKTP.CD,1984,4037613000000
USA,Estados Unidos,NY.GDP.MKTP.CD,1985,4338979000000
USA,Estados Unidos,NY.GDP.MKTP.CD,1986,4579631000000
USA,Estados Unidos,NY.GDP.MKTP.CD,1987,4855215000000
USA,Estados Unidos,NY.GDP.MKTP.CD,1988,5236438000000
USA,Estados Unidos,NY.GDP.MKTP.CD,1989,5641580000000
USA,Estados Unidos,NY.GDP.MKTP.CD,1990,5963144000000
USA,Estados Unidos,NY.GDP.MKTP.CD,1991,6158129000000
USA,Estados Unidos,NY.GDP.MKTP.CD,1992,6520327000000
USA,Estados Unidos,NY.GDP.MKTP.CD,1993,6858559000000
USA,Estados Unidos,NY.GDP.MKTP.CD,1994,7287236000000
USA,Estados Unidos,NY.GDP.MKTP.CD,1995,7639749000000
USA,Estados Unidos,NY.GDP.MKTP.CD,1996,8073122000000
USA,Estados Unidos,NY.GDP.MKTP.CD,1997,8577552000000
USA,Estados Unidos,NY.GDP.MKTP.CD,1998,9062817000000
USA,Estados Unidos,NY.GDP.MKTP.CD,1999,9631172000000
USA,Estados Unidos,NY.GDP.MKTP.CD,2000,10250952000000
USA,Estados Unidos,NY.GDP.MKTP.CD,2001,10581929000000
USA,Estados Unidos,NY.GDP.MKTP.CD,2002,10929108000000
USA,Estados Unidos,NY.GDP.MKTP.CD,2003,11456450000000
USA,Estados Unidos,NY.GDP.MKTP.CD,2004,12217196000000
USA,Estados Unidos,NY.GDP.MKTP.CD,2005,13039197000000
USA,Estados Unidos,NY.GDP.MKTP.CD,2006,13815583000000
USA,Estados Unidos,NY.GDP.MKTP.CD,2007,14474228000000
USA,Estados Unidos,NY.GDP.MKTP.CD,2008,14769862000000
USA,Estados Unidos,NY.GDP.MKTP.CD,2009,14478067000000
USA,Estados Unidos,NY.GDP.MKTP.CD,2010,15048971000000
USA,Estados Unidos,NY.GDP.MKTP.CD,2011,15599732000000
USA,Estados Unidos,NY.GDP.MKTP.CD,2012,16253970000000
USA,Estados Unidos,NY.GDP.MKTP.CD,2013,16880683000000
USA,Estados Unidos,NY.GDP.MKTP.CD,2014,17608138000000
USA,Estados Unidos,NY.GDP.MKTP.CD,2015,18295019000000
USA,Estados Unidos,NY.GDP.MKTP.CD,2016,18804913000000
USA,Estados Unidos,NY.GDP.MKTP.CD,2017,19612102000000
USA,Estados Unidos,NY.GDP.MKTP.CD,2018,20656516000000
USA,Estados Unidos,NY.GDP.MKTP.CD,2019,21539982000000
USA,Estados Unidos,NY.GDP.MKTP.CD,2020,21375281000000
USA,Estados Unidos,NY.GDP.MKTP.CD,2021,23725645000000
USA,Estados Unidos,NY.GDP.MKTP.CD,2022,26054614000000
USA,Estados Unidos,NY.GDP.MKTP.CD,2023,27811517000000
USA,Estados Unidos,NY.GDP.MKTP.CD,2024,29298013000000
USA,Estados Unidos,NY.GDP.MKTP.CD,2025,30769700000000
CHN,China,NY.GDP.MKTP.CD,1960,59846235025
CHN,China,NY.GDP.MKTP.CD,1961,50162299350
CHN,China,NY.GDP.MKTP.CD,1962,47310737754
CHN,China,NY.GDP.MKTP.CD,1963,50812227919
CHN,China,NY.GDP.MKTP.CD,1964,59821862703
CHN,China,NY.GDP.MKTP.CD,1965,70565994356
CHN,China,NY.GDP.MKTP.CD,1966,76854053259
CHN,China,NY.GDP.MKTP.CD,1967,73011350596
CHN,China,NY.GDP.MKTP.CD,1968,70980323819
CHN,China,NY.GDP.MKTP.CD,1969,79847786729
CHN,China,NY.GDP.MKTP.CD,1970,92752930873
CHN,China,NY.GDP.MKTP.CD,1971,99959013880
CHN,China,NY.GDP.MKTP.CD,1972,113871930714
CHN,China,NY.GDP.MKTP.CD,1973,138764340892
CHN,China,NY.GDP.MKTP.CD,1974,144418433058
CHN,China,NY.GDP.MKTP.CD,1975,163687619736
CHN,China,NY.GDP.MKTP.CD,1976,154196810059
CHN,China,NY.GDP.MKTP.CD,1977,175226595860
CHN,China,NY.GDP.MKTP.CD,1978,149788617886
CHN,China,NY.GDP.MKTP.CD,1979,178573913043
CHN,China,NY.GDP.MKTP.CD,1980,191487500000
CHN,China,NY.GDP.MKTP.CD,1981,196218253968
CHN,China,NY.GDP.MKTP.CD,1982,205480916031
CHN,China,NY.GDP.MKTP.CD,1983,231130268199
CHN,China,NY.GDP.MKTP.CD,1984,260442857143
CHN,China,NY.GDP.MKTP.CD,1985,310064625850
CHN,China,NY.GDP.MKTP.CD,1986,301310144928
CHN,China,NY.GDP.MKTP.CD,1987,273455156951
CHN,China,NY.GDP.MKTP.CD,1988,312888888889
CHN,China,NY.GDP.MKTP.CD,1989,348380566802
CHN,China,NY.GDP.MKTP.CD,1990,361560229446
CHN,China,NY.GDP.MKTP.CD,1991,384510452962
CHN,China,NY.GDP.MKTP.CD,1992,428502354788
CHN,China,NY.GDP.MKTP.CD,1993,446557291212
CHN,China,NY.GDP.MKTP.CD,1994,566929539493
CHN,China,NY.GDP.MKTP.CD,1995,738190896228
CHN,China,NY.GDP.MKTP.CD,1996,868523936530
CHN,China,NY.GDP.MKTP.CD,1997,967753570435
CHN,China,NY.GDP.MKTP.CD,1998,1037134141760
CHN,China,NY.GDP.MKTP.CD,1999,1103843203576
CHN,China,NY.GDP.MKTP.CD,2000,1223754919971
CHN,China,NY.GDP.MKTP.CD,2001,1355036590252
CHN,China,NY.GDP.MKTP.CD,2002,1489821682051
CHN,China,NY.GDP.MKTP.CD,2003,1683903309844
CHN,China,NY.GDP.MKTP.CD,2004,1984196551300
CHN,China,NY.GDP.MKTP.CD,2005,2317551298052
CHN,China,NY.GDP.MKTP.CD,2006,2791498472804
CHN,China,NY.GDP.MKTP.CD,2007,3604055822572
CHN,China,NY.GDP.MKTP.CD,2008,4667346414522
CHN,China,NY.GDP.MKTP.CD,2009,5189577094998
CHN,China,NY.GDP.MKTP.CD,2010,6192564874453
CHN,China,NY.GDP.MKTP.CD,2011,7671757207851
CHN,China,NY.GDP.MKTP.CD,2012,8673664713189
CHN,China,NY.GDP.MKTP.CD,2013,9743124247267
CHN,China,NY.GDP.MKTP.CD,2014,10674533168257
CHN,China,NY.GDP.MKTP.CD,2015,11280814787469
CHN,China,NY.GDP.MKTP.CD,2016,11456024084962
CHN,China,NY.GDP.MKTP.CD,2017,12537559062283
CHN,China,NY.GDP.MKTP.CD,2018,14147765772964
CHN,China,NY.GDP.MKTP.CD,2019,14560167101283
CHN,China,NY.GDP.MKTP.CD,2020,14996414166715
CHN,China,NY.GDP.MKTP.CD,2021,18201698719564
CHN,China,NY.GDP.MKTP.CD,2022,18316765021690
CHN,China,NY.GDP.MKTP.CD,2023,18270356654533
CHN,China,NY.GDP.MKTP.CD,2024,18729668435848
CHN,China,NY.GDP.MKTP.CD,2025,19498039388043
IND,Índia,NY.GDP.MKTP.CD,1960,37029883876
IND,Índia,NY.GDP.MKTP.CD,1961,39232435784
IND,Índia,NY.GDP.MKTP.CD,1962,42161481858
IND,Índia,NY.GDP.MKTP.CD,1963,48421923459
IND,Índia,NY.GDP.MKTP.CD,1964,56480289941
IND,Índia,NY.GDP.MKTP.CD,1965,59556105229
IND,Índia,NY.GDP.MKTP.CD,1966,45581230504
IND,Índia,NY.GDP.MKTP.CD,1967,50134942204
IND,Índia,NY.GDP.MKTP.CD,1968,53085455871
IND,Índia,NY.GDP.MKTP.CD,1969,58447995017
IND,Índia,NY.GDP.MKTP.CD,1970,62422483055
IND,Índia,NY.GDP.MKTP.CD,1971,67351404352
IND,Índia,NY.GDP.MKTP.CD,1972,71464700667
IND,Índia,NY.GDP.MKTP.CD,1973,85517673173
IND,Índia,NY.GDP.MKTP.CD,1974,99526597934
IND,Índia,NY.GDP.MKTP.CD,1975,98473832017
IND,Índia,NY.GDP.MKTP.CD,1976,102716451980
IND,Índia,NY.GDP.MKTP.CD,1977,121486641441
IND,Índia,NY.GDP.MKTP.CD,1978,137302319829
IND,Índia,NY.GDP.MKTP.CD,1979,152995442498
IND,Índia,NY.GDP.MKTP.CD,1980,186328579302
IND,Índia,NY.GDP.MKTP.CD,1981,193491368446
IND,Índia,NY.GDP.MKTP.CD,1982,200715624831
IND,Índia,NY.GDP.MKTP.CD,1983,218262146413
IND,Índia,NY.GDP.MKTP.CD,1984,212157645178
IND,Índia,NY.GDP.MKTP.CD,1985,232511554840
IND,Índia,NY.GDP.MKTP.CD,1986,248985994041
IND,Índia,NY.GDP.MKTP.CD,1987,279033584092
IND,Índia,NY.GDP.MKTP.CD,1988,296589670896
IND,Índia,NY.GDP.MKTP.CD,1989,296042052945
IND,Índia,NY.GDP.MKTP.CD,1990,320979026420
IND,Índia,NY.GDP.MKTP.CD,1991,270105341879
IND,Índia,NY.GDP.MKTP.CD,1992,288208070278
IND,Índia,NY.GDP.MKTP.CD,1993,279295648983
IND,Índia,NY.GDP.MKTP.CD,1994,327274843459
IND,Índia,NY.GDP.MKTP.CD,1995,360281909643
IND,Índia,NY.GDP.MKTP.CD,1996,392896866205
IND,Índia,NY.GDP.MKTP.CD,1997,415867563593
IND,Índia,NY.GDP.MKTP.CD,1998,421351317225
IND,Índia,NY.GDP.MKTP.CD,1999,458821052616
IND,Índia,NY.GDP.MKTP.CD,2000,468395521654
IND,Índia,NY.GDP.MKTP.CD,2001,485440139204
IND,Índia,NY.GDP.MKTP.CD,2002,514939140319
IND,Índia,NY.GDP.MKTP.CD,2003,607700687237
IND,Índia,NY.GDP.MKTP.CD,2004,709152728831
IND,Índia,NY.GDP.MKTP.CD,2005,820383763511
IND,Índia,NY.GDP.MKTP.CD,2006,940259888788
IND,Índia,NY.GDP.MKTP.CD,2007,1216736438835
IND,Índia,NY.GDP.MKTP.CD,2008,1198895139006
IND,Índia,NY.GDP.MKTP.CD,2009,1341888016995
IND,Índia,NY.GDP.MKTP.CD,2010,1675615519485
IND,Índia,NY.GDP.MKTP.CD,2011,1823051829895
IND,Índia,NY.GDP.MKTP.CD,2012,1827637590410
IND,Índia,NY.GDP.MKTP.CD,2013,1856721507622
IND,Índia,NY.GDP.MKTP.CD,2014,2039126479155
IND,Índia,NY.GDP.MKTP.CD,2015,2103588360045
IND,Índia,NY.GDP.MKTP.CD,2016,2294796885663
IND,Índia,NY.GDP.MKTP.CD,2017,2651474262755
IND,Índia,NY.GDP.MKTP.CD,2018,2702929641649
IND,Índia,NY.GDP.MKTP.CD,2019,2835606256558
IND,Índia,NY.GDP.MKTP.CD,2020,2674851578587
IND,Índia,NY.GDP.MKTP.CD,2021,3167270623260
IND,Índia,NY.GDP.MKTP.CD,2022,3249938492013
IND,Índia,NY.GDP.MKTP.CD,2023,3500906030645
IND,Índia,NY.GDP.MKTP.CD,2024,3760813470501
IND,Índia,NY.GDP.MKTP.CD,2025,3956067115772
KOR,Coreia do Sul,NY.GDP.MKTP.CD,1960,3973069307
KOR,Coreia do Sul,NY.GDP.MKTP.CD,1961,2427244761
KOR,Coreia do Sul,NY.GDP.MKTP.CD,1962,2826923077
KOR,Coreia do Sul,NY.GDP.MKTP.CD,1963,4007692308
KOR,Coreia do Sul,NY.GDP.MKTP.CD,1964,3476789682
KOR,Coreia do Sul,NY.GDP.MKTP.CD,1965,3141131708
KOR,Coreia do Sul,NY.GDP.MKTP.CD,1966,3957064541
KOR,Coreia do Sul,NY.GDP.MKTP.CD,1967,4895076718
KOR,Coreia do Sul,NY.GDP.MKTP.CD,1968,6167109472
KOR,Coreia do Sul,NY.GDP.MKTP.CD,1969,7743940189
KOR,Coreia do Sul,NY.GDP.MKTP.CD,1970,9085001794
KOR,Coreia do Sul,NY.GDP.MKTP.CD,1971,10005257131
KOR,Coreia do Sul,NY.GDP.MKTP.CD,1972,10990490570
KOR,Coreia do Sul,NY.GDP.MKTP.CD,1973,14067523813
KOR,Coreia do Sul,NY.GDP.MKTP.CD,1974,19860929977
KOR,Coreia do Sul,NY.GDP.MKTP.CD,1975,22126033058
KOR,Coreia do Sul,NY.GDP.MKTP.CD,1976,30371074380
KOR,Coreia do Sul,NY.GDP.MKTP.CD,1977,39064462810
KOR,Coreia do Sul,NY.GDP.MKTP.CD,1978,52824793388
KOR,Coreia do Sul,NY.GDP.MKTP.CD,1979,68083884298
KOR,Coreia do Sul,NY.GDP.MKTP.CD,1980,66547970351
KOR,Coreia do Sul,NY.GDP.MKTP.CD,1981,74287368087
KOR,Coreia do Sul,NY.GDP.MKTP.CD,1982,79921300447
KOR,Coreia do Sul,NY.GDP.MKTP.CD,1983,89621208322
KOR,Coreia do Sul,NY.GDP.MKTP.CD,1984,99749645089
KOR,Coreia do Sul,NY.GDP.MKTP.CD,1985,103764281281
KOR,Coreia do Sul,NY.GDP.MKTP.CD,1986,119965960795
KOR,Coreia do Sul,NY.GDP.MKTP.CD,1987,152240393646
KOR,Coreia do Sul,NY.GDP.MKTP.CD,1988,205477530605
KOR,Coreia do Sul,NY.GDP.MKTP.CD,1989,254236243100
KOR,Coreia do Sul,NY.GDP.MKTP.CD,1990,292064221389
KOR,Coreia do Sul,NY.GDP.MKTP.CD,1991,340851946804
KOR,Coreia do Sul,NY.GDP.MKTP.CD,1992,366921291825
KOR,Coreia do Sul,NY.GDP.MKTP.CD,1993,405705302846
KOR,Coreia do Sul,NY.GDP.MKTP.CD,1994,479181794217
KOR,Coreia do Sul,NY.GDP.MKTP.CD,1995,586286469401
KOR,Coreia do Sul,NY.GDP.MKTP.CD,1996,631196863758
KOR,Coreia do Sul,NY.GDP.MKTP.CD,1997,589202526424
KOR,Coreia do Sul,NY.GDP.MKTP.CD,1998,397297216492
KOR,Coreia do Sul,NY.GDP.MKTP.CD,1999,515697079289
KOR,Coreia do Sul,NY.GDP.MKTP.CD,2000,597487173479
KOR,Coreia do Sul,NY.GDP.MKTP.CD,2001,567564806235
KOR,Coreia do Sul,NY.GDP.MKTP.CD,2002,650014391470
KOR,Coreia do Sul,NY.GDP.MKTP.CD,2003,728516494684
KOR,Coreia do Sul,NY.GDP.MKTP.CD,2004,823251107639
KOR,Coreia do Sul,NY.GDP.MKTP.CD,2005,971740329984
KOR,Coreia do Sul,NY.GDP.MKTP.CD,2006,1095175538508
KOR,Coreia do Sul,NY.GDP.MKTP.CD,2007,1220911904593
KOR,Coreia do Sul,NY.GDP.MKTP.CD,2008,1091580692542
KOR,Coreia do Sul,NY.GDP.MKTP.CD,2009,983065242417
KOR,Coreia do Sul,NY.GDP.MKTP.CD,2010,1192830015738
KOR,Coreia do Sul,NY.GDP.MKTP.CD,2011,1307103477219
KOR,Coreia do Sul,NY.GDP.MKTP.CD,2012,1335343586438
KOR,Coreia do Sul,NY.GDP.MKTP.CD,2013,1434669686502
KOR,Coreia do Sul,NY.GDP.MKTP.CD,2014,1556252422020
KOR,Coreia do Sul,NY.GDP.MKTP.CD,2015,1539212301136
KOR,Coreia do Sul,NY.GDP.MKTP.CD,2016,1579150518945
KOR,Coreia do Sul,NY.GDP.MKTP.CD,2017,1710196756713
KOR,Coreia do Sul,NY.GDP.MKTP.CD,2018,1824251454307
KOR,Coreia do Sul,NY.GDP.MKTP.CD,2019,1751045752055
KOR,Coreia do Sul,NY.GDP.MKTP.CD,2020,1744070276373
KOR,Coreia do Sul,NY.GDP.MKTP.CD,2021,1942313560966
KOR,Coreia do Sul,NY.GDP.MKTP.CD,2022,1799363116867
KOR,Coreia do Sul,NY.GDP.MKTP.CD,2023,1844800934392
KOR,Coreia do Sul,NY.GDP.MKTP.CD,2024,1875388209407
KOR,Coreia do Sul,NY.GDP.MKTP.CD,2025,1872374961553
ZAF,África do Sul,NY.GDP.MKTP.CD,1960,8748596501
ZAF,África do Sul,NY.GDP.MKTP.CD,1961,9225996310
ZAF,África do Sul,NY.GDP.MKTP.CD,1962,9813996074
ZAF,África do Sul,NY.GDP.MKTP.CD,1963,10854195658
ZAF,África do Sul,NY.GDP.MKTP.CD,1964,11955995218
ZAF,África do Sul,NY.GDP.MKTP.CD,1965,13068994772
ZAF,África do Sul,NY.GDP.MKTP.CD,1966,14211394315
ZAF,África do Sul,NY.GDP.MKTP.CD,1967,15821393671
ZAF,África do Sul,NY.GDP.MKTP.CD,1968,17124793150
ZAF,África do Sul,NY.GDP.MKTP.CD,1969,19256992297
ZAF,África do Sul,NY.GDP.MKTP.CD,1970,21218391513
ZAF,África do Sul,NY.GDP.MKTP.CD,1971,23411076638
ZAF,África do Sul,NY.GDP.MKTP.CD,1972,24515919217
ZAF,África do Sul,NY.GDP.MKTP.CD,1973,33262772008
ZAF,África do Sul,NY.GDP.MKTP.CD,1974,41389186095
ZAF,África do Sul,NY.GDP.MKTP.CD,1975,42906905672
ZAF,África do Sul,NY.GDP.MKTP.CD,1976,41150460288
ZAF,África do Sul,NY.GDP.MKTP.CD,1977,45328411332
ZAF,África do Sul,NY.GDP.MKTP.CD,1978,51607412902
ZAF,África do Sul,NY.GDP.MKTP.CD,1979,63038658089
ZAF,África do Sul,NY.GDP.MKTP.CD,1980,89411864402
ZAF,África do Sul,NY.GDP.MKTP.CD,1981,93141472164
ZAF,África do Sul,NY.GDP.MKTP.CD,1982,85904057409
ZAF,África do Sul,NY.GDP.MKTP.CD,1983,96204110942
ZAF,África do Sul,NY.GDP.MKTP.CD,1984,84870163366
ZAF,África do Sul,NY.GDP.MKTP.CD,1985,64459376087
ZAF,África do Sul,NY.GDP.MKTP.CD,1986,73354771399
ZAF,África do Sul,NY.GDP.MKTP.CD,1987,96535763418
ZAF,África do Sul,NY.GDP.MKTP.CD,1988,103976831871
ZAF,África do Sul,NY.GDP.MKTP.CD,1989,108055624082
ZAF,África do Sul,NY.GDP.MKTP.CD,1990,126048140142
ZAF,África do Sul,NY.GDP.MKTP.CD,1991,135203698238
ZAF,África do Sul,NY.GDP.MKTP.CD,1992,146956150987
ZAF,África do Sul,NY.GDP.MKTP.CD,1993,147194747566
ZAF,África do Sul,NY.GDP.MKTP.CD,1994,153512712382
ZAF,África do Sul,NY.GDP.MKTP.CD,1995,171735933897
ZAF,África do Sul,NY.GDP.MKTP.CD,1996,163234925381
ZAF,África do Sul,NY.GDP.MKTP.CD,1997,168978057328
ZAF,África do Sul,NY.GDP.MKTP.CD,1998,152982984557
ZAF,África do Sul,NY.GDP.MKTP.CD,1999,151516957079
ZAF,África do Sul,NY.GDP.MKTP.CD,2000,151752757215
ZAF,África do Sul,NY.GDP.MKTP.CD,2001,135429905923
ZAF,África do Sul,NY.GDP.MKTP.CD,2002,129087556612
ZAF,África do Sul,NY.GDP.MKTP.CD,2003,197018965309
ZAF,África do Sul,NY.GDP.MKTP.CD,2004,255806908595
ZAF,África do Sul,NY.GDP.MKTP.CD,2005,288867217197
ZAF,África do Sul,NY.GDP.MKTP.CD,2006,303858675364
ZAF,África do Sul,NY.GDP.MKTP.CD,2007,333077117254
ZAF,África do Sul,NY.GDP.MKTP.CD,2008,316131258616
ZAF,África do Sul,NY.GDP.MKTP.CD,2009,329754060647
ZAF,África do Sul,NY.GDP.MKTP.CD,2010,417363822802
ZAF,África do Sul,NY.GDP.MKTP.CD,2011,458199494831
ZAF,África do Sul,NY.GDP.MKTP.CD,2012,434400545086
ZAF,África do Sul,NY.GDP.MKTP.CD,2013,400886013596
ZAF,África do Sul,NY.GDP.MKTP.CD,2014,381198869776
ZAF,África do Sul,NY.GDP.MKTP.CD,2015,346709790459
ZAF,África do Sul,NY.GDP.MKTP.CD,2016,323585509674
ZAF,África do Sul,NY.GDP.MKTP.CD,2017,381448814653
ZAF,África do Sul,NY.GDP.MKTP.CD,2018,405260723893
ZAF,África do Sul,NY.GDP.MKTP.CD,2019,389330032224
ZAF,África do Sul,NY.GDP.MKTP.CD,2020,337974655408
ZAF,África do Sul,NY.GDP.MKTP.CD,2021,419986284375
ZAF,África do Sul,NY.GDP.MKTP.CD,2022,407596043068
ZAF,África do Sul,NY.GDP.MKTP.CD,2023,381440724491
ZAF,África do Sul,NY.GDP.MKTP.CD,2024,401144998374
ZAF,África do Sul,NY.GDP.MKTP.CD,2025,427184325997
RUS,Rússia,NY.GDP.MKTP.CD,1988,554828660436
RUS,Rússia,NY.GDP.MKTP.CD,1989,506631299735
RUS,Rússia,NY.GDP.MKTP.CD,1990,517014446228
RUS,Rússia,NY.GDP.MKTP.CD,1991,517962962963
RUS,Rússia,NY.GDP.MKTP.CD,1992,460290556901
RUS,Rússia,NY.GDP.MKTP.CD,1993,435083713851
RUS,Rússia,NY.GDP.MKTP.CD,1994,395077301248
RUS,Rússia,NY.GDP.MKTP.CD,1995,395537185735
RUS,Rússia,NY.GDP.MKTP.CD,1996,391724890744
RUS,Rússia,NY.GDP.MKTP.CD,1997,404928954192
RUS,Rússia,NY.GDP.MKTP.CD,1998,270955486862
RUS,Rússia,NY.GDP.MKTP.CD,1999,195907128351
RUS,Rússia,NY.GDP.MKTP.CD,2000,259710142197
RUS,Rússia,NY.GDP.MKTP.CD,2001,306602070620
RUS,Rússia,NY.GDP.MKTP.CD,2002,345470494418
RUS,Rússia,NY.GDP.MKTP.CD,2003,430347420185
RUS,Rússia,NY.GDP.MKTP.CD,2004,591016690732
RUS,Rússia,NY.GDP.MKTP.CD,2005,764015973481
RUS,Rússia,NY.GDP.MKTP.CD,2006,989932071353
RUS,Rússia,NY.GDP.MKTP.CD,2007,1299703478482
RUS,Rússia,NY.GDP.MKTP.CD,2008,1660848058303
RUS,Rússia,NY.GDP.MKTP.CD,2009,1222645900056
RUS,Rússia,NY.GDP.MKTP.CD,2010,1524916715224
RUS,Rússia,NY.GDP.MKTP.CD,2011,2045922753398
RUS,Rússia,NY.GDP.MKTP.CD,2012,2208293553878
RUS,Rússia,NY.GDP.MKTP.CD,2013,2292470078346
RUS,Rússia,NY.GDP.MKTP.CD,2014,2059241589895
RUS,Rússia,NY.GDP.MKTP.CD,2015,1363482182198
RUS,Rússia,NY.GDP.MKTP.CD,2016,1276786350881
RUS,Rússia,NY.GDP.MKTP.CD,2017,1574199360089
RUS,Rússia,NY.GDP.MKTP.CD,2018,1657328773461
RUS,Rússia,NY.GDP.MKTP.CD,2019,1693115002708
RUS,Rússia,NY.GDP.MKTP.CD,2020,1493075894362
RUS,Rússia,NY.GDP.MKTP.CD,2021,1829186719575
RUS,Rússia,NY.GDP.MKTP.CD,2022,2292495097681
RUS,Rússia,NY.GDP.MKTP.CD,2023,2046284838151
RUS,Rússia,NY.GDP.MKTP.CD,2024,2186462268813
RUS,Rússia,NY.GDP.MKTP.CD,2025,2561310169359
TUR,Turquia,NY.GDP.MKTP.CD,1960,7566666667
TUR,Turquia,NY.GDP.MKTP.CD,1961,7988888889
TUR,Turquia,NY.GDP.MKTP.CD,1962,8922222222
TUR,Turquia,NY.GDP.MKTP.CD,1963,10355555556
TUR,Turquia,NY.GDP.MKTP.CD,1964,11177777778
TUR,Turquia,NY.GDP.MKTP.CD,1965,11966666667
TUR,Turquia,NY.GDP.MKTP.CD,1966,14100000000
TUR,Turquia,NY.GDP.MKTP.CD,1967,15644444444
TUR,Turquia,NY.GDP.MKTP.CD,1968,17500000000
TUR,Turquia,NY.GDP.MKTP.CD,1969,19466666667
TUR,Turquia,NY.GDP.MKTP.CD,1970,17863636364
TUR,Turquia,NY.GDP.MKTP.CD,1971,16166666667
TUR,Turquia,NY.GDP.MKTP.CD,1972,20650000000
TUR,Turquia,NY.GDP.MKTP.CD,1973,26000000000
TUR,Turquia,NY.GDP.MKTP.CD,1974,35414285714
TUR,Turquia,NY.GDP.MKTP.CD,1975,46042857143
TUR,Turquia,NY.GDP.MKTP.CD,1976,51450000000
TUR,Turquia,NY.GDP.MKTP.CD,1977,58683333333
TUR,Turquia,NY.GDP.MKTP.CD,1978,65912500000
TUR,Turquia,NY.GDP.MKTP.CD,1979,89616129032
TUR,Turquia,NY.GDP.MKTP.CD,1980,68823684211
TUR,Turquia,NY.GDP.MKTP.CD,1981,71180180180
TUR,Turquia,NY.GDP.MKTP.CD,1982,64369325153
TUR,Turquia,NY.GDP.MKTP.CD,1983,61803555556
TUR,Turquia,NY.GDP.MKTP.CD,1984,59937602180
TUR,Turquia,NY.GDP.MKTP.CD,1985,67232758621
TUR,Turquia,NY.GDP.MKTP.CD,1986,75673037037
TUR,Turquia,NY.GDP.MKTP.CD,1987,87190081680
TUR,Turquia,NY.GDP.MKTP.CD,1988,90875175809
TUR,Turquia,NY.GDP.MKTP.CD,1989,107127191329
TUR,Turquia,NY.GDP.MKTP.CD,1990,150655500192
TUR,Turquia,NY.GDP.MKTP.CD,1991,151034731544
TUR,Turquia,NY.GDP.MKTP.CD,1992,159104772992
TUR,Turquia,NY.GDP.MKTP.CD,1993,180415757852
TUR,Turquia,NY.GDP.MKTP.CD,1994,130650447499
TUR,Turquia,NY.GDP.MKTP.CD,1995,234699627004
TUR,Turquia,NY.GDP.MKTP.CD,1996,250366965174
TUR,Turquia,NY.GDP.MKTP.CD,1997,263817553748
TUR,Turquia,NY.GDP.MKTP.CD,1998,276035372655
TUR,Turquia,NY.GDP.MKTP.CD,1999,256673939248
TUR,Turquia,NY.GDP.MKTP.CD,2000,274748463179
TUR,Turquia,NY.GDP.MKTP.CD,2001,202195080239
TUR,Turquia,NY.GDP.MKTP.CD,2002,240778008474
TUR,Turquia,NY.GDP.MKTP.CD,2003,315392899922
TUR,Turquia,NY.GDP.MKTP.CD,2004,410156784496
TUR,Turquia,NY.GDP.MKTP.CD,2005,508314210213
TUR,Turquia,NY.GDP.MKTP.CD,2006,559668118237
TUR,Turquia,NY.GDP.MKTP.CD,2007,685228481017
TUR,Turquia,NY.GDP.MKTP.CD,2008,775415944333
TUR,Turquia,NY.GDP.MKTP.CD,2009,653894449921
TUR,Turquia,NY.GDP.MKTP.CD,2010,782545664268
TUR,Turquia,NY.GDP.MKTP.CD,2011,844192507381
TUR,Turquia,NY.GDP.MKTP.CD,2012,885327622479
TUR,Turquia,NY.GDP.MKTP.CD,2013,962167643589
TUR,Turquia,NY.GDP.MKTP.CD,2014,942343431929
TUR,Turquia,NY.GDP.MKTP.CD,2015,865460050684
TUR,Turquia,NY.GDP.MKTP.CD,2016,870818016910
TUR,Turquia,NY.GDP.MKTP.CD,2017,863874522365
TUR,Turquia,NY.GDP.MKTP.CD,2018,788356985774
TUR,Turquia,NY.GDP.MKTP.CD,2019,775853144223
TUR,Turquia,NY.GDP.MKTP.CD,2020,733628247119
TUR,Turquia,NY.GDP.MKTP.CD,2021,839938668172
TUR,Turquia,NY.GDP.MKTP.CD,2022,926097476914
TUR,Turquia,NY.GDP.MKTP.CD,2023,1141242864657
TUR,Turquia,NY.GDP.MKTP.CD,2024,1359123768774
TUR,Turquia,NY.GDP.MKTP.CD,2025,1597293229287
IDN,Indonésia,NY.GDP.MKTP.CD,1967,5667756628
IDN,Indonésia,NY.GDP.MKTP.CD,1968,7076465300
IDN,Indonésia,NY.GDP.MKTP.CD,1969,8337423313
IDN,Indonésia,NY.GDP.MKTP.CD,1970,9150684932
IDN,Indonésia,NY.GDP.MKTP.CD,1971,9333536370
IDN,Indonésia,NY.GDP.MKTP.CD,1972,10997590361
IDN,Indonésia,NY.GDP.MKTP.CD,1973,16273253012
IDN,Indonésia,NY.GDP.MKTP.CD,1974,25802409639
IDN,Indonésia,NY.GDP.MKTP.CD,1975,30463855422
IDN,Indonésia,NY.GDP.MKTP.CD,1976,37269156627
IDN,Indonésia,NY.GDP.MKTP.CD,1977,45808915663
IDN,Indonésia,NY.GDP.MKTP.CD,1978,51455719076
IDN,Indonésia,NY.GDP.MKTP.CD,1979,51400186343
IDN,Indonésia,NY.GDP.MKTP.CD,1980,72482337397
IDN,Indonésia,NY.GDP.MKTP.CD,1981,85518233419
IDN,Indonésia,NY.GDP.MKTP.CD,1982,90158449295
IDN,Indonésia,NY.GDP.MKTP.CD,1983,81052283384
IDN,Indonésia,NY.GDP.MKTP.CD,1984,84853700028
IDN,Indonésia,NY.GDP.MKTP.CD,1985,85289488375
IDN,Indonésia,NY.GDP.MKTP.CD,1986,79954072545
IDN,Indonésia,NY.GDP.MKTP.CD,1987,75929617558
IDN,Indonésia,NY.GDP.MKTP.CD,1988,84300174486
IDN,Indonésia,NY.GDP.MKTP.CD,1989,94451427877
IDN,Indonésia,NY.GDP.MKTP.CD,1990,106140727334
IDN,Indonésia,NY.GDP.MKTP.CD,1991,116621996217
IDN,Indonésia,NY.GDP.MKTP.CD,1992,128026966580
IDN,Indonésia,NY.GDP.MKTP.CD,1993,158006700302
IDN,Indonésia,NY.GDP.MKTP.CD,1994,176892143932
IDN,Indonésia,NY.GDP.MKTP.CD,1995,202132028723
IDN,Indonésia,NY.GDP.MKTP.CD,1996,227369679375
IDN,Indonésia,NY.GDP.MKTP.CD,1997,215748998610
IDN,Indonésia,NY.GDP.MKTP.CD,1998,95445547873
IDN,Indonésia,NY.GDP.MKTP.CD,1999,140001351215
IDN,Indonésia,NY.GDP.MKTP.CD,2000,165021012078
IDN,Indonésia,NY.GDP.MKTP.CD,2001,160446947785
IDN,Indonésia,NY.GDP.MKTP.CD,2002,195660611165
IDN,Indonésia,NY.GDP.MKTP.CD,2003,234772463824
IDN,Indonésia,NY.GDP.MKTP.CD,2004,256836875295
IDN,Indonésia,NY.GDP.MKTP.CD,2005,285868619196
IDN,Indonésia,NY.GDP.MKTP.CD,2006,364570515618
IDN,Indonésia,NY.GDP.MKTP.CD,2007,432216737775
IDN,Indonésia,NY.GDP.MKTP.CD,2008,510228634992
IDN,Indonésia,NY.GDP.MKTP.CD,2009,539580085612
IDN,Indonésia,NY.GDP.MKTP.CD,2010,755094157622
IDN,Indonésia,NY.GDP.MKTP.CD,2011,892969104563
IDN,Indonésia,NY.GDP.MKTP.CD,2012,917869913333
IDN,Indonésia,NY.GDP.MKTP.CD,2013,912524136718
IDN,Indonésia,NY.GDP.MKTP.CD,2014,890814755534
IDN,Indonésia,NY.GDP.MKTP.CD,2015,860854232686
IDN,Indonésia,NY.GDP.MKTP.CD,2016,931877364038
IDN,Indonésia,NY.GDP.MKTP.CD,2017,1015618744160
IDN,Indonésia,NY.GDP.MKTP.CD,2018,1042271532989
IDN,Indonésia,NY.GDP.MKTP.CD,2019,1119099871350
IDN,Indonésia,NY.GDP.MKTP.CD,2020,1059054842698
IDN,Indonésia,NY.GDP.MKTP.CD,2021,1186509691087
IDN,Indonésia,NY.GDP.MKTP.CD,2022,1319101183380
IDN,Indonésia,NY.GDP.MKTP.CD,2023,1371166925750
IDN,Indonésia,NY.GDP.MKTP.CD,2024,1396301788462
IDN,Indonésia,NY.GDP.MKTP.CD,2025,1445642584164
WLD,Mundo,NY.GDP.MKTP.CD,1960,1367697816706
WLD,Mundo,NY.GDP.MKTP.CD,1961,1445418078271
WLD,Mundo,NY.GDP.MKTP.CD,1962,1546545764840
WLD,Mundo,NY.GDP.MKTP.CD,1963,1672226662379
WLD,Mundo,NY.GDP.MKTP.CD,1964,1833219012877
WLD,Mundo,NY.GDP.MKTP.CD,1965,1997655804366
WLD,Mundo,NY.GDP.MKTP.CD,1966,2165498646895
WLD,Mundo,NY.GDP.MKTP.CD,1967,2298119095631
WLD,Mundo,NY.GDP.MKTP.CD,1968,2483627131303
WLD,Mundo,NY.GDP.MKTP.CD,1969,2743573825630
WLD,Mundo,NY.GDP.MKTP.CD,1970,3009478988899
WLD,Mundo,NY.GDP.MKTP.CD,1971,3325831293865
WLD,Mundo,NY.GDP.MKTP.CD,1972,3842019736073
WLD,Mundo,NY.GDP.MKTP.CD,1973,4699146820052
WLD,Mundo,NY.GDP.MKTP.CD,1974,5431302723228
WLD,Mundo,NY.GDP.MKTP.CD,1975,6048005016166
WLD,Mundo,NY.GDP.MKTP.CD,1976,6574572862295
WLD,Mundo,NY.GDP.MKTP.CD,1977,7433986513280
WLD,Mundo,NY.GDP.MKTP.CD,1978,8804316947866
WLD,Mundo,NY.GDP.MKTP.CD,1979,10181253373888
WLD,Mundo,NY.GDP.MKTP.CD,1980,11479787747421
WLD,Mundo,NY.GDP.MKTP.CD,1981,11872917775515
WLD,Mundo,NY.GDP.MKTP.CD,1982,11747181261107
WLD,Mundo,NY.GDP.MKTP.CD,1983,11993276558850
WLD,Mundo,NY.GDP.MKTP.CD,1984,12459409786104
WLD,Mundo,NY.GDP.MKTP.CD,1985,13050699141667
WLD,Mundo,NY.GDP.MKTP.CD,1986,15397826688510
WLD,Mundo,NY.GDP.MKTP.CD,1987,17532755119891
WLD,Mundo,NY.GDP.MKTP.CD,1988,19597682774628
WLD,Mundo,NY.GDP.MKTP.CD,1989,20467635430294
WLD,Mundo,NY.GDP.MKTP.CD,1990,22991895905266
WLD,Mundo,NY.GDP.MKTP.CD,1991,23998499386380
WLD,Mundo,NY.GDP.MKTP.CD,1992,25631432757014
WLD,Mundo,NY.GDP.MKTP.CD,1993,26071136171461
WLD,Mundo,NY.GDP.MKTP.CD,1994,28066274308784
WLD,Mundo,NY.GDP.MKTP.CD,1995,31338014339198
WLD,Mundo,NY.GDP.MKTP.CD,1996,32064860700885
WLD,Mundo,NY.GDP.MKTP.CD,1997,31954804098165
WLD,Mundo,NY.GDP.MKTP.CD,1998,31780795899557
WLD,Mundo,NY.GDP.MKTP.CD,1999,32829035976968
WLD,Mundo,NY.GDP.MKTP.CD,2000,33965806441912
WLD,Mundo,NY.GDP.MKTP.CD,2001,33747838963540
WLD,Mundo,NY.GDP.MKTP.CD,2002,35048255697763
WLD,Mundo,NY.GDP.MKTP.CD,2003,39288473726074
WLD,Mundo,NY.GDP.MKTP.CD,2004,44264898214305
WLD,Mundo,NY.GDP.MKTP.CD,2005,47938461749089
WLD,Mundo,NY.GDP.MKTP.CD,2006,51965655998564
WLD,Mundo,NY.GDP.MKTP.CD,2007,58574302755951
WLD,Mundo,NY.GDP.MKTP.CD,2008,64378551514749
WLD,Mundo,NY.GDP.MKTP.CD,2009,61049315651690
WLD,Mundo,NY.GDP.MKTP.CD,2010,66893676131663
WLD,Mundo,NY.GDP.MKTP.CD,2011,74388644404622
WLD,Mundo,NY.GDP.MKTP.CD,2012,76055253368045
WLD,Mundo,NY.GDP.MKTP.CD,2013,78171001460419
WLD,Mundo,NY.GDP.MKTP.CD,2014,80243543597079
WLD,Mundo,NY.GDP.MKTP.CD,2015,75839351828606
WLD,Mundo,NY.GDP.MKTP.CD,2016,77084966373474
WLD,Mundo,NY.GDP.MKTP.CD,2017,82110104984460
WLD,Mundo,NY.GDP.MKTP.CD,2018,87310840056718
WLD,Mundo,NY.GDP.MKTP.CD,2019,88796498078978
WLD,Mundo,NY.GDP.MKTP.CD,2020,86388502867289
WLD,Mundo,NY.GDP.MKTP.CD,2021,98780038374127
WLD,Mundo,NY.GDP.MKTP.CD,2022,102862471365575
WLD,Mundo,NY.GDP.MKTP.CD,2023,107348614073350
WLD,Mundo,NY.GDP.MKTP.CD,2024,111669432109121
WLD,Mundo,NY.GDP.MKTP.CD,2025,118350166039396
LCN,América Latina e Caribe,NY.GDP.MKTP.CD,1960,79218932293
LCN,América Latina e Caribe,NY.GDP.MKTP.CD,1961,87692579535
LCN,América Latina e Caribe,NY.GDP.MKTP.CD,1962,92148671260
LCN,América Latina e Caribe,NY.GDP.MKTP.CD,1963,100158103934
LCN,América Latina e Caribe,NY.GDP.MKTP.CD,1964,111297635228
LCN,América Latina e Caribe,NY.GDP.MKTP.CD,1965,119597691330
LCN,América Latina e Caribe,NY.GDP.MKTP.CD,1966,131678790041
LCN,América Latina e Caribe,NY.GDP.MKTP.CD,1967,134312212434
LCN,América Latina e Caribe,NY.GDP.MKTP.CD,1968,144144176668
LCN,América Latina e Caribe,NY.GDP.MKTP.CD,1969,160995418449
LCN,América Latina e Caribe,NY.GDP.MKTP.CD,1970,175637926335
LCN,América Latina e Caribe,NY.GDP.MKTP.CD,1971,195901355212
LCN,América Latina e Caribe,NY.GDP.MKTP.CD,1972,220380602414
LCN,América Latina e Caribe,NY.GDP.MKTP.CD,1973,293150377144
LCN,América Latina e Caribe,NY.GDP.MKTP.CD,1974,379786193235
LCN,América Latina e Caribe,NY.GDP.MKTP.CD,1975,398144708367
LCN,América Latina e Caribe,NY.GDP.MKTP.CD,1976,436627882814
LCN,América Latina e Caribe,NY.GDP.MKTP.CD,1977,479581063089
LCN,América Latina e Caribe,NY.GDP.MKTP.CD,1978,574059344827
LCN,América Latina e Caribe,NY.GDP.MKTP.CD,1979,644166216801
LCN,América Latina e Caribe,NY.GDP.MKTP.CD,1980,783357458197
LCN,América Latina e Caribe,NY.GDP.MKTP.CD,1981,894809022831
LCN,América Latina e Caribe,NY.GDP.MKTP.CD,1982,823242876056
LCN,América Latina e Caribe,NY.GDP.MKTP.CD,1983,726364220247
LCN,América Latina e Caribe,NY.GDP.MKTP.CD,1984,764196787844
LCN,América Latina e Caribe,NY.GDP.MKTP.CD,1985,755578015280
LCN,América Latina e Caribe,NY.GDP.MKTP.CD,1986,765106452473
LCN,América Latina e Caribe,NY.GDP.MKTP.CD,1987,821070820663
LCN,América Latina e Caribe,NY.GDP.MKTP.CD,1988,900611854996
LCN,América Latina e Caribe,NY.GDP.MKTP.CD,1989,994556600083
LCN,América Latina e Caribe,NY.GDP.MKTP.CD,1990,1101649853840
LCN,América Latina e Caribe,NY.GDP.MKTP.CD,1991,1189339213608
LCN,América Latina e Caribe,NY.GDP.MKTP.CD,1992,1299092404987
LCN,América Latina e Caribe,NY.GDP.MKTP.CD,1993,1537127525768
LCN,América Latina e Caribe,NY.GDP.MKTP.CD,1994,1795771702367
LCN,América Latina e Caribe,NY.GDP.MKTP.CD,1995,1942345373687
LCN,América Latina e Caribe,NY.GDP.MKTP.CD,1996,2100954032184
LCN,América Latina e Caribe,NY.GDP.MKTP.CD,1997,2303665490980
LCN,América Latina e Caribe,NY.GDP.MKTP.CD,1998,2331974611877
LCN,América Latina e Caribe,NY.GDP.MKTP.CD,1999,2107674024427
LCN,América Latina e Caribe,NY.GDP.MKTP.CD,2000,2326960808220
LCN,América Latina e Caribe,NY.GDP.MKTP.CD,2001,2282616598587
LCN,América Latina e Caribe,NY.GDP.MKTP.CD,2002,2052785896654
LCN,América Latina e Caribe,NY.GDP.MKTP.CD,2003,2091901149500
LCN,América Latina e Caribe,NY.GDP.MKTP.CD,2004,2405470324871
LCN,América Latina e Caribe,NY.GDP.MKTP.CD,2005,2903225604298
LCN,América Latina e Caribe,NY.GDP.MKTP.CD,2006,3397326624081
LCN,América Latina e Caribe,NY.GDP.MKTP.CD,2007,3998763226331
LCN,América Latina e Caribe,NY.GDP.MKTP.CD,2008,4644092806763
LCN,América Latina e Caribe,NY.GDP.MKTP.CD,2009,4357538710237
LCN,América Latina e Caribe,NY.GDP.MKTP.CD,2010,5397655976518
LCN,América Latina e Caribe,NY.GDP.MKTP.CD,2011,6139314989246
LCN,América Latina e Caribe,NY.GDP.MKTP.CD,2012,6201531036318
LCN,América Latina e Caribe,NY.GDP.MKTP.CD,2013,6252125316235
LCN,América Latina e Caribe,NY.GDP.MKTP.CD,2014,6218059801942
LCN,América Latina e Caribe,NY.GDP.MKTP.CD,2015,5289417937086
LCN,América Latina e Caribe,NY.GDP.MKTP.CD,2016,5148783766945
LCN,América Latina e Caribe,NY.GDP.MKTP.CD,2017,5715231248363
LCN,América Latina e Caribe,NY.GDP.MKTP.CD,2018,5581213957025
LCN,América Latina e Caribe,NY.GDP.MKTP.CD,2019,5473792638347
LCN,América Latina e Caribe,NY.GDP.MKTP.CD,2020,4627829769474
LCN,América Latina e Caribe,NY.GDP.MKTP.CD,2021,5383564425117
LCN,América Latina e Caribe,NY.GDP.MKTP.CD,2022,6147092422712
LCN,América Latina e Caribe,NY.GDP.MKTP.CD,2023,6909980461601
LCN,América Latina e Caribe,NY.GDP.MKTP.CD,2024,7088767706235
LCN,América Latina e Caribe,NY.GDP.MKTP.CD,2025,7395989651242
UMC,Países de renda média-alta,NY.GDP.MKTP.CD,1960,179647675929
UMC,Países de renda média-alta,NY.GDP.MKTP.CD,1961,178044137599
UMC,Países de renda média-alta,NY.GDP.MKTP.CD,1962,175808321782
UMC,Países de renda média-alta,NY.GDP.MKTP.CD,1963,192924574029
UMC,Países de renda média-alta,NY.GDP.MKTP.CD,1964,220600808415
UMC,Países de renda média-alta,NY.GDP.MKTP.CD,1965,246880022876
UMC,Países de renda média-alta,NY.GDP.MKTP.CD,1966,272279692186
UMC,Países de renda média-alta,NY.GDP.MKTP.CD,1967,276236567577
UMC,Países de renda média-alta,NY.GDP.MKTP.CD,1968,292560318454
UMC,Países de renda média-alta,NY.GDP.MKTP.CD,1969,328191952374
UMC,Países de renda média-alta,NY.GDP.MKTP.CD,1970,357322870260
UMC,Países de renda média-alta,NY.GDP.MKTP.CD,1971,388963904623
UMC,Países de renda média-alta,NY.GDP.MKTP.CD,1972,445604350357
UMC,Países de renda média-alta,NY.GDP.MKTP.CD,1973,586232264472
UMC,Países de renda média-alta,NY.GDP.MKTP.CD,1974,755295896978
UMC,Países de renda média-alta,NY.GDP.MKTP.CD,1975,835178680341
UMC,Países de renda média-alta,NY.GDP.MKTP.CD,1976,905701592508
UMC,Países de renda média-alta,NY.GDP.MKTP.CD,1977,1016006576236
UMC,Países de renda média-alta,NY.GDP.MKTP.CD,1978,1119259201945
UMC,Países de renda média-alta,NY.GDP.MKTP.CD,1979,1304988562842
UMC,Países de renda média-alta,NY.GDP.MKTP.CD,1980,1529101460689
UMC,Países de renda média-alta,NY.GDP.MKTP.CD,1981,1654001130609
UMC,Países de renda média-alta,NY.GDP.MKTP.CD,1982,1628062721273
UMC,Países de renda média-alta,NY.GDP.MKTP.CD,1983,1589539435489
UMC,Países de renda média-alta,NY.GDP.MKTP.CD,1984,1675485525576
UMC,Países de renda média-alta,NY.GDP.MKTP.CD,1985,1726141756660
UMC,Países de renda média-alta,NY.GDP.MKTP.CD,1986,1784392059876
UMC,Países de renda média-alta,NY.GDP.MKTP.CD,1987,1816575081465
UMC,Países de renda média-alta,NY.GDP.MKTP.CD,1988,1949072009550
UMC,Países de renda média-alta,NY.GDP.MKTP.CD,1989,2132376280601
UMC,Países de renda média-alta,NY.GDP.MKTP.CD,1990,2473739364735
UMC,Países de renda média-alta,NY.GDP.MKTP.CD,1991,2410640500595
UMC,Países de renda média-alta,NY.GDP.MKTP.CD,1992,2582335563908
UMC,Países de renda média-alta,NY.GDP.MKTP.CD,1993,2843925173135
UMC,Países de renda média-alta,NY.GDP.MKTP.CD,1994,3207856037634
UMC,Países de renda média-alta,NY.GDP.MKTP.CD,1995,3715826421204
UMC,Países de renda média-alta,NY.GDP.MKTP.CD,1996,4109725004124
UMC,Países de renda média-alta,NY.GDP.MKTP.CD,1997,4370993512298
UMC,Países de renda média-alta,NY.GDP.MKTP.CD,1998,4227162980183
UMC,Países de renda média-alta,NY.GDP.MKTP.CD,1999,4132511001157
UMC,Países de renda média-alta,NY.GDP.MKTP.CD,2000,4507754295878
UMC,Países de renda média-alta,NY.GDP.MKTP.CD,2001,4509040189336
UMC,Países de renda média-alta,NY.GDP.MKTP.CD,2002,4553680056521
UMC,Países de renda média-alta,NY.GDP.MKTP.CD,2003,5071283063645
UMC,Países de renda média-alta,NY.GDP.MKTP.CD,2004,5972840657143
UMC,Países de renda média-alta,NY.GDP.MKTP.CD,2005,7097354678868
UMC,Países de renda média-alta,NY.GDP.MKTP.CD,2006,8371855781849
UMC,Países de renda média-alta,NY.GDP.MKTP.CD,2007,10288887282490
UMC,Países de renda média-alta,NY.GDP.MKTP.CD,2008,12452519927310
UMC,Países de renda média-alta,NY.GDP.MKTP.CD,2009,12377976349832
UMC,Países de renda média-alta,NY.GDP.MKTP.CD,2010,15141574779333
UMC,Países de renda média-alta,NY.GDP.MKTP.CD,2011,18081813106491
UMC,Países de renda média-alta,NY.GDP.MKTP.CD,2012,19328537995114
UMC,Países de renda média-alta,NY.GDP.MKTP.CD,2013,20573131213543
UMC,Países de renda média-alta,NY.GDP.MKTP.CD,2014,21389435063221
UMC,Países de renda média-alta,NY.GDP.MKTP.CD,2015,20660115075152
UMC,Países de renda média-alta,NY.GDP.MKTP.CD,2016,20790061776936
UMC,Países de renda média-alta,NY.GDP.MKTP.CD,2017,22770082997293
UMC,Países de renda média-alta,NY.GDP.MKTP.CD,2018,24363395677900
UMC,Países de renda média-alta,NY.GDP.MKTP.CD,2019,24819718113219
UMC,Países de renda média-alta,NY.GDP.MKTP.CD,2020,24069773148091
UMC,Países de renda média-alta,NY.GDP.MKTP.CD,2021,28618153386293
UMC,Países de renda média-alta,NY.GDP.MKTP.CD,2022,29881576742720
UMC,Países de renda média-alta,NY.GDP.MKTP.CD,2023,30942010900869
UMC,Países de renda média-alta,NY.GDP.MKTP.CD,2024,32044776966659
UMC,Países de renda média-alta,NY.GDP.MKTP.CD,2025,33529653863549
HIC,Países de renda alta,NY.GDP.MKTP.CD,1960,1094657189585
HIC,Países de renda alta,NY.GDP.MKTP.CD,1961,1167695903713
HIC,Países de renda alta,NY.GDP.MKTP.CD,1962,1262799495767
HIC,Países de renda alta,NY.GDP.MKTP.CD,1963,1358361397794
HIC,Países de renda alta,NY.GDP.MKTP.CD,1964,1484796018243
HIC,Países de renda alta,NY.GDP.MKTP.CD,1965,1613932394243
HIC,Países de renda alta,NY.GDP.MKTP.CD,1966,1766183958493
HIC,Países de renda alta,NY.GDP.MKTP.CD,1967,1887025550823
HIC,Países de renda alta,NY.GDP.MKTP.CD,1968,2047127607755
HIC,Países de renda alta,NY.GDP.MKTP.CD,1969,2256623384223
HIC,Países de renda alta,NY.GDP.MKTP.CD,1970,2477578779797
HIC,Países de renda alta,NY.GDP.MKTP.CD,1971,2752726642786
HIC,Países de renda alta,NY.GDP.MKTP.CD,1972,3198348356618
HIC,Países de renda alta,NY.GDP.MKTP.CD,1973,3881002302275
HIC,Países de renda alta,NY.GDP.MKTP.CD,1974,4389268376898
HIC,Países de renda alta,NY.GDP.MKTP.CD,1975,4897055272007
HIC,Países de renda alta,NY.GDP.MKTP.CD,1976,5333825487162
HIC,Países de renda alta,NY.GDP.MKTP.CD,1977,6039607406670
HIC,Países de renda alta,NY.GDP.MKTP.CD,1978,7253869868401
HIC,Países de renda alta,NY.GDP.MKTP.CD,1979,8381490069234
HIC,Países de renda alta,NY.GDP.MKTP.CD,1980,9355362025071
HIC,Países de renda alta,NY.GDP.MKTP.CD,1981,9499244851320
HIC,Países de renda alta,NY.GDP.MKTP.CD,1982,9403911575323
HIC,Países de renda alta,NY.GDP.MKTP.CD,1983,9716550701230
HIC,Países de renda alta,NY.GDP.MKTP.CD,1984,10130161302689
HIC,Países de renda alta,NY.GDP.MKTP.CD,1985,10630484274611
HIC,Países de renda alta,NY.GDP.MKTP.CD,1986,12920589410729
HIC,Países de renda alta,NY.GDP.MKTP.CD,1987,14983743728468
HIC,Países de renda alta,NY.GDP.MKTP.CD,1988,16869194658968
HIC,Países de renda alta,NY.GDP.MKTP.CD,1989,17566085159647
HIC,Países de renda alta,NY.GDP.MKTP.CD,1990,19667490187457
HIC,Países de renda alta,NY.GDP.MKTP.CD,1991,20754390160177
HIC,Países de renda alta,NY.GDP.MKTP.CD,1992,22226176245107
HIC,Países de renda alta,NY.GDP.MKTP.CD,1993,22395792091846
HIC,Países de renda alta,NY.GDP.MKTP.CD,1994,23957531730600
HIC,Países de renda alta,NY.GDP.MKTP.CD,1995,26567418298133
HIC,Países de renda alta,NY.GDP.MKTP.CD,1996,26785161174426
HIC,Países de renda alta,NY.GDP.MKTP.CD,1997,26340216405261
HIC,Países de renda alta,NY.GDP.MKTP.CD,1998,26260273154078
HIC,Países de renda alta,NY.GDP.MKTP.CD,1999,27503045905190
HIC,Países de renda alta,NY.GDP.MKTP.CD,2000,28162974031506
HIC,Países de renda alta,NY.GDP.MKTP.CD,2001,27928896371817
HIC,Países de renda alta,NY.GDP.MKTP.CD,2002,29144343172969
HIC,Países de renda alta,NY.GDP.MKTP.CD,2003,32698820544966
HIC,Países de renda alta,NY.GDP.MKTP.CD,2004,36519104666599
HIC,Países de renda alta,NY.GDP.MKTP.CD,2005,38777915773379
HIC,Países de renda alta,NY.GDP.MKTP.CD,2006,41167629825978
HIC,Países de renda alta,NY.GDP.MKTP.CD,2007,45307766399565
HIC,Países de renda alta,NY.GDP.MKTP.CD,2008,48575377625136
HIC,Países de renda alta,NY.GDP.MKTP.CD,2009,45185733854676
HIC,Países de renda alta,NY.GDP.MKTP.CD,2010,47610738714068
HIC,Países de renda alta,NY.GDP.MKTP.CD,2011,51830653433932
HIC,Países de renda alta,NY.GDP.MKTP.CD,2012,52028174318125
HIC,Países de renda alta,NY.GDP.MKTP.CD,2013,52790662359056
HIC,Países de renda alta,NY.GDP.MKTP.CD,2014,53724417584286
HIC,Países de renda alta,NY.GDP.MKTP.CD,2015,50179969310921
HIC,Países de renda alta,NY.GDP.MKTP.CD,2016,51167643745037
HIC,Países de renda alta,NY.GDP.MKTP.CD,2017,53791631491481
HIC,Países de renda alta,NY.GDP.MKTP.CD,2018,57187415577395
HIC,Países de renda alta,NY.GDP.MKTP.CD,2019,57773149281724
HIC,Países de renda alta,NY.GDP.MKTP.CD,2020,56371361601600
HIC,Países de renda alta,NY.GDP.MKTP.CD,2021,63391298085503
HIC,Países de renda alta,NY.GDP.MKTP.CD,2022,65786278258966
HIC,Países de renda alta,NY.GDP.MKTP.CD,2023,69198099195981
HIC,Países de renda alta,NY.GDP.MKTP.CD,2024,72182761740089
HIC,Países de renda alta,NY.GDP.MKTP.CD,2025,76878050747687
LMY,Países de renda baixa e média,NY.GDP.MKTP.CD,1960,275665121888
LMY,Países de renda baixa e média,NY.GDP.MKTP.CD,1961,279630505584
LMY,Países de renda baixa e média,NY.GDP.MKTP.CD,1962,284777640397
LMY,Países de renda baixa e média,NY.GDP.MKTP.CD,1963,315523066619
LMY,Países de renda baixa e média,NY.GDP.MKTP.CD,1964,350573998977
LMY,Países de renda baixa e média,NY.GDP.MKTP.CD,1965,386378424083
LMY,Países de renda baixa e média,NY.GDP.MKTP.CD,1966,400984771947
LMY,Países de renda baixa e média,NY.GDP.MKTP.CD,1967,411947863637
LMY,Países de renda baixa e média,NY.GDP.MKTP.CD,1968,436993884412
LMY,Países de renda baixa e média,NY.GDP.MKTP.CD,1969,487771957384
LMY,Países de renda baixa e média,NY.GDP.MKTP.CD,1970,532671427135
LMY,Países de renda baixa e média,NY.GDP.MKTP.CD,1971,573388737740
LMY,Países de renda baixa e média,NY.GDP.MKTP.CD,1972,643291231935
LMY,Países de renda baixa e média,NY.GDP.MKTP.CD,1973,818869246636
LMY,Países de renda baixa e média,NY.GDP.MKTP.CD,1974,1046587235416
LMY,Países de renda baixa e média,NY.GDP.MKTP.CD,1975,1155657258424
LMY,Países de renda baixa e média,NY.GDP.MKTP.CD,1976,1245470476930
LMY,Países de renda baixa e média,NY.GDP.MKTP.CD,1977,1399395532730
LMY,Países de renda baixa e média,NY.GDP.MKTP.CD,1978,1552563815827
LMY,Países de renda baixa e média,NY.GDP.MKTP.CD,1979,1802470051829
LMY,Países de renda baixa e média,NY.GDP.MKTP.CD,1980,2131073559225
LMY,Países de renda baixa e média,NY.GDP.MKTP.CD,1981,2386286975932
LMY,Países de renda baixa e média,NY.GDP.MKTP.CD,1982,2355578947616
LMY,Países de renda baixa e média,NY.GDP.MKTP.CD,1983,2285518085289
LMY,Países de renda baixa e média,NY.GDP.MKTP.CD,1984,2337208338309
LMY,Países de renda baixa e média,NY.GDP.MKTP.CD,1985,2427929398268
LMY,Países de renda baixa e média,NY.GDP.MKTP.CD,1986,2476732622742
LMY,Países de renda baixa e média,NY.GDP.MKTP.CD,1987,2541527062169
LMY,Países de renda baixa e média,NY.GDP.MKTP.CD,1988,2720912074684
LMY,Países de renda baixa e média,NY.GDP.MKTP.CD,1989,2895004151542
LMY,Países de renda baixa e média,NY.GDP.MKTP.CD,1990,3318762167936
LMY,Países de renda baixa e média,NY.GDP.MKTP.CD,1991,3236623796985
LMY,Países de renda baixa e média,NY.GDP.MKTP.CD,1992,3396912933460
LMY,Países de renda baixa e média,NY.GDP.MKTP.CD,1993,3668066247500
LMY,Países de renda baixa e média,NY.GDP.MKTP.CD,1994,4101804124809
LMY,Países de renda baixa e média,NY.GDP.MKTP.CD,1995,4763797923693
LMY,Países de renda baixa e média,NY.GDP.MKTP.CD,1996,5273504290076
LMY,Países de renda baixa e média,NY.GDP.MKTP.CD,1997,5609087530584
LMY,Países de renda baixa e média,NY.GDP.MKTP.CD,1998,5514938515915
LMY,Países de renda baixa e média,NY.GDP.MKTP.CD,1999,5319459832733
LMY,Países de renda baixa e média,NY.GDP.MKTP.CD,2000,5796667553560
LMY,Países de renda baixa e média,NY.GDP.MKTP.CD,2001,5812896698083
LMY,Países de renda baixa e média,NY.GDP.MKTP.CD,2002,5897424611643
LMY,Países de renda baixa e média,NY.GDP.MKTP.CD,2003,6582329229106
LMY,Países de renda baixa e média,NY.GDP.MKTP.CD,2004,7738117921918
LMY,Países de renda baixa e média,NY.GDP.MKTP.CD,2005,9153616469907
LMY,Países de renda baixa e média,NY.GDP.MKTP.CD,2006,10792069669289
LMY,Países de renda baixa e média,NY.GDP.MKTP.CD,2007,13261896828487
LMY,Países de renda baixa e média,NY.GDP.MKTP.CD,2008,15800077993603
LMY,Países de renda baixa e média,NY.GDP.MKTP.CD,2009,15860983059370
LMY,Países de renda baixa e média,NY.GDP.MKTP.CD,2010,19281238913054
LMY,Países de renda baixa e média,NY.GDP.MKTP.CD,2011,22556775919423
LMY,Países de renda baixa e média,NY.GDP.MKTP.CD,2012,24026419350636
LMY,Países de renda baixa e média,NY.GDP.MKTP.CD,2013,25380075062403
LMY,Países de renda baixa e média,NY.GDP.MKTP.CD,2014,26519136607008
LMY,Países de renda baixa e média,NY.GDP.MKTP.CD,2015,25659752659960
LMY,Países de renda baixa e média,NY.GDP.MKTP.CD,2016,25917599955465
LMY,Países de renda baixa e média,NY.GDP.MKTP.CD,2017,28319199325293
LMY,Países de renda baixa e média,NY.GDP.MKTP.CD,2018,30124203119691
LMY,Países de renda baixa e média,NY.GDP.MKTP.CD,2019,31024374981412
LMY,Países de renda baixa e média,NY.GDP.MKTP.CD,2020,30018039872474
LMY,Países de renda baixa e média,NY.GDP.MKTP.CD,2021,35394243111591
LMY,Países de renda baixa e média,NY.GDP.MKTP.CD,2022,37082867531465
LMY,Países de renda baixa e média,NY.GDP.MKTP.CD,2023,38155314219988
LMY,Países de renda baixa e média,NY.GDP.MKTP.CD,2024,39490940514620
LMY,Países de renda baixa e média,NY.GDP.MKTP.CD,2025,41478597585192
BRA,Brasil,NY.GDP.MKTP.PP.KD,1990,1884169357425
BRA,Brasil,NY.GDP.MKTP.PP.KD,1991,1903617557306
BRA,Brasil,NY.GDP.MKTP.PP.KD,1992,1893260506242
BRA,Brasil,NY.GDP.MKTP.PP.KD,1993,1986497717137
BRA,Brasil,NY.GDP.MKTP.PP.KD,1994,2102764853269
BRA,Brasil,NY.GDP.MKTP.PP.KD,1995,2191581301269
BRA,Brasil,NY.GDP.MKTP.PP.KD,1996,2239990352768
BRA,Brasil,NY.GDP.MKTP.PP.KD,1997,2316034575352
BRA,Brasil,NY.GDP.MKTP.PP.KD,1998,2323865039643
BRA,Brasil,NY.GDP.MKTP.PP.KD,1999,2334739277157
BRA,Brasil,NY.GDP.MKTP.PP.KD,2000,2437186456369
BRA,Brasil,NY.GDP.MKTP.PP.KD,2001,2471060823211
BRA,Brasil,NY.GDP.MKTP.PP.KD,2002,2546513722962
BRA,Brasil,NY.GDP.MKTP.PP.KD,2003,2575565089958
BRA,Brasil,NY.GDP.MKTP.PP.KD,2004,2723916728335
BRA,Brasil,NY.GDP.MKTP.PP.KD,2005,2811140139217
BRA,Brasil,NY.GDP.MKTP.PP.KD,2006,2922517194189
BRA,Brasil,NY.GDP.MKTP.PP.KD,2007,3099910206337
BRA,Brasil,NY.GDP.MKTP.PP.KD,2008,3257825690917
BRA,Brasil,NY.GDP.MKTP.PP.KD,2009,3253726955188
BRA,Brasil,NY.GDP.MKTP.PP.KD,2010,3498674867881
BRA,Brasil,NY.GDP.MKTP.PP.KD,2011,3637727009305
BRA,Brasil,NY.GDP.MKTP.PP.KD,2012,3707614147035
BRA,Brasil,NY.GDP.MKTP.PP.KD,2013,3819021377421
BRA,Brasil,NY.GDP.MKTP.PP.KD,2014,3838267554873
BRA,Brasil,NY.GDP.MKTP.PP.KD,2015,3702171668999
BRA,Brasil,NY.GDP.MKTP.PP.KD,2016,3580891601338
BRA,Brasil,NY.GDP.MKTP.PP.KD,2017,3628262108191
BRA,Brasil,NY.GDP.MKTP.PP.KD,2018,3692978213439
BRA,Brasil,NY.GDP.MKTP.PP.KD,2019,3738061272500
BRA,Brasil,NY.GDP.MKTP.PP.KD,2020,3615574020936
BRA,Brasil,NY.GDP.MKTP.PP.KD,2021,3787769507586
BRA,Brasil,NY.GDP.MKTP.PP.KD,2022,3902034936461
BRA,Brasil,NY.GDP.MKTP.PP.KD,2023,4028525459921
BRA,Brasil,NY.GDP.MKTP.PP.KD,2024,4166273441899
BRA,Brasil,NY.GDP.MKTP.PP.KD,2025,4261503890871
ARG,Argentina,NY.GDP.MKTP.PP.KD,1990,557088925124
ARG,Argentina,NY.GDP.MKTP.PP.KD,1991,607968472615
ARG,Argentina,NY.GDP.MKTP.PP.KD,1992,656224702857
ARG,Argentina,NY.GDP.MKTP.PP.KD,1993,710080926887
ARG,Argentina,NY.GDP.MKTP.PP.KD,1994,751522674939
ARG,Argentina,NY.GDP.MKTP.PP.KD,1995,730140279566
ARG,Argentina,NY.GDP.MKTP.PP.KD,1996,770492868121
ARG,Argentina,NY.GDP.MKTP.PP.KD,1997,832987905019
ARG,Argentina,NY.GDP.MKTP.PP.KD,1998,865059429174
ARG,Argentina,NY.GDP.MKTP.PP.KD,1999,835773213824
ARG,Argentina,NY.GDP.MKTP.PP.KD,2000,829178972034
ARG,Argentina,NY.GDP.MKTP.PP.KD,2001,792621800475
ARG,Argentina,NY.GDP.MKTP.PP.KD,2002,706269738674
ARG,Argentina,NY.GDP.MKTP.PP.KD,2003,768683083609
ARG,Argentina,NY.GDP.MKTP.PP.KD,2004,838091886093
ARG,Argentina,NY.GDP.MKTP.PP.KD,2005,912276929669
ARG,Argentina,NY.GDP.MKTP.PP.KD,2006,985689236303
ARG,Argentina,NY.GDP.MKTP.PP.KD,2007,1074476681422
ARG,Argentina,NY.GDP.MKTP.PP.KD,2008,1118070705029
ARG,Argentina,NY.GDP.MKTP.PP.KD,2009,1051897409981
ARG,Argentina,NY.GDP.MKTP.PP.KD,2010,1158406210935
ARG,Argentina,NY.GDP.MKTP.PP.KD,2011,1227956360246
ARG,Argentina,NY.GDP.MKTP.PP.KD,2012,1215352364993
ARG,Argentina,NY.GDP.MKTP.PP.KD,2013,1244585524449
ARG,Argentina,NY.GDP.MKTP.PP.KD,2014,1213313877881
ARG,Argentina,NY.GDP.MKTP.PP.KD,2015,1246451419104
ARG,Argentina,NY.GDP.MKTP.PP.KD,2016,1220521143174
ARG,Argentina,NY.GDP.MKTP.PP.KD,2017,1254921567938
ARG,Argentina,NY.GDP.MKTP.PP.KD,2018,1222075295208
ARG,Argentina,NY.GDP.MKTP.PP.KD,2019,1197623267200
ARG,Argentina,NY.GDP.MKTP.PP.KD,2020,1079052757507
ARG,Argentina,NY.GDP.MKTP.PP.KD,2021,1191725417699
ARG,Argentina,NY.GDP.MKTP.PP.KD,2022,1263476170672
ARG,Argentina,NY.GDP.MKTP.PP.KD,2023,1240028731129
ARG,Argentina,NY.GDP.MKTP.PP.KD,2024,1223376004343
ARG,Argentina,NY.GDP.MKTP.PP.KD,2025,1276804911991
CHL,Chile,NY.GDP.MKTP.PP.KD,1990,147207604209
CHL,Chile,NY.GDP.MKTP.PP.KD,1991,158625323193
CHL,Chile,NY.GDP.MKTP.PP.KD,1992,176870299109
CHL,Chile,NY.GDP.MKTP.PP.KD,1993,188695112236
CHL,Chile,NY.GDP.MKTP.PP.KD,1994,198274792763
CHL,Chile,NY.GDP.MKTP.PP.KD,1995,216625972612
CHL,Chile,NY.GDP.MKTP.PP.KD,1996,232038612978
CHL,Chile,NY.GDP.MKTP.PP.KD,1997,249190302252
CHL,Chile,NY.GDP.MKTP.PP.KD,1998,259608666274
CHL,Chile,NY.GDP.MKTP.PP.KD,1999,258898295451
CHL,Chile,NY.GDP.MKTP.PP.KD,2000,271769738740
CHL,Chile,NY.GDP.MKTP.PP.KD,2001,280341451215
CHL,Chile,NY.GDP.MKTP.PP.KD,2002,289320224790
CHL,Chile,NY.GDP.MKTP.PP.KD,2003,302985528618
CHL,Chile,NY.GDP.MKTP.PP.KD,2004,323207552891
CHL,Chile,NY.GDP.MKTP.PP.KD,2005,342073325521
CHL,Chile,NY.GDP.MKTP.PP.KD,2006,362768730332
CHL,Chile,NY.GDP.MKTP.PP.KD,2007,381517456258
CHL,Chile,NY.GDP.MKTP.PP.KD,2008,395974651301
CHL,Chile,NY.GDP.MKTP.PP.KD,2009,391547507252
CHL,Chile,NY.GDP.MKTP.PP.KD,2010,414459500963
CHL,Chile,NY.GDP.MKTP.PP.KD,2011,440255032519
CHL,Chile,NY.GDP.MKTP.PP.KD,2012,467354226719
CHL,Chile,NY.GDP.MKTP.PP.KD,2013,482816679854
CHL,Chile,NY.GDP.MKTP.PP.KD,2014,491471890513
CHL,Chile,NY.GDP.MKTP.PP.KD,2015,502048082999
CHL,Chile,NY.GDP.MKTP.PP.KD,2016,510849180433
CHL,Chile,NY.GDP.MKTP.PP.KD,2017,517784956121
CHL,Chile,NY.GDP.MKTP.PP.KD,2018,538444728503
CHL,Chile,NY.GDP.MKTP.PP.KD,2019,541913515454
CHL,Chile,NY.GDP.MKTP.PP.KD,2020,508641667922
CHL,Chile,NY.GDP.MKTP.PP.KD,2021,566308424866
CHL,Chile,NY.GDP.MKTP.PP.KD,2022,577996570021
CHL,Chile,NY.GDP.MKTP.PP.KD,2023,581909750326
CHL,Chile,NY.GDP.MKTP.PP.KD,2024,598233054188
CHL,Chile,NY.GDP.MKTP.PP.KD,2025,612945128976
COL,Colômbia,NY.GDP.MKTP.PP.KD,1990,324362108924
COL,Colômbia,NY.GDP.MKTP.PP.KD,1991,330854565533
COL,Colômbia,NY.GDP.MKTP.PP.KD,1992,344237399256
COL,Colômbia,NY.GDP.MKTP.PP.KD,1993,362775994369
COL,Colômbia,NY.GDP.MKTP.PP.KD,1994,383870191922
COL,Colômbia,NY.GDP.MKTP.PP.KD,1995,403840799094
COL,Colômbia,NY.GDP.MKTP.PP.KD,1996,412143179195
COL,Colômbia,NY.GDP.MKTP.PP.KD,1997,426280900615
COL,Colômbia,NY.GDP.MKTP.PP.KD,1998,428709781358
COL,Colômbia,NY.GDP.MKTP.PP.KD,1999,410686756804
COL,Colômbia,NY.GDP.MKTP.PP.KD,2000,422698775565
COL,Colômbia,NY.GDP.MKTP.PP.KD,2001,429791231167
COL,Colômbia,NY.GDP.MKTP.PP.KD,2002,440553119643
COL,Colômbia,NY.GDP.MKTP.PP.KD,2003,457815188749
COL,Colômbia,NY.GDP.MKTP.PP.KD,2004,482230573793
COL,Colômbia,NY.GDP.MKTP.PP.KD,2005,505516336190
COL,Colômbia,NY.GDP.MKTP.PP.KD,2006,539471204741
COL,Colômbia,NY.GDP.MKTP.PP.KD,2007,575821824818
COL,Colômbia,NY.GDP.MKTP.PP.KD,2008,594728624564
COL,Colômbia,NY.GDP.MKTP.PP.KD,2009,601506441279
COL,Colômbia,NY.GDP.MKTP.PP.KD,2010,628542104501
COL,Colômbia,NY.GDP.MKTP.PP.KD,2011,672212530981
COL,Colômbia,NY.GDP.MKTP.PP.KD,2012,698513758900
COL,Colômbia,NY.GDP.MKTP.PP.KD,2013,734375410018
COL,Colômbia,NY.GDP.MKTP.PP.KD,2014,767415180035
COL,Colômbia,NY.GDP.MKTP.PP.KD,2015,790099215896
COL,Colômbia,NY.GDP.MKTP.PP.KD,2016,806591608674
COL,Colômbia,NY.GDP.MKTP.PP.KD,2017,817556099366
COL,Colômbia,NY.GDP.MKTP.PP.KD,2018,838520888947
COL,Colômbia,NY.GDP.MKTP.PP.KD,2019,865243337114
COL,Colômbia,NY.GDP.MKTP.PP.KD,2020,803067693827
COL,Colômbia,NY.GDP.MKTP.PP.KD,2021,889808627041
COL,Colômbia,NY.GDP.MKTP.PP.KD,2022,955016270619
COL,Colômbia,NY.GDP.MKTP.PP.KD,2023,963055784346
COL,Colômbia,NY.GDP.MKTP.PP.KD,2024,977437166558
COL,Colômbia,NY.GDP.MKTP.PP.KD,2025,1003261207903
MEX,México,NY.GDP.MKTP.PP.KD,1990,1421988576802
MEX,México,NY.GDP.MKTP.PP.KD,1991,1478525491319
MEX,México,NY.GDP.MKTP.PP.KD,1992,1531288352256
MEX,México,NY.GDP.MKTP.PP.KD,1993,1575190380963
MEX,México,NY.GDP.MKTP.PP.KD,1994,1644406260777
MEX,México,NY.GDP.MKTP.PP.KD,1995,1547216923736
MEX,México,NY.GDP.MKTP.PP.KD,1996,1643427469743
MEX,México,NY.GDP.MKTP.PP.KD,1997,1761735777952
MEX,México,NY.GDP.MKTP.PP.KD,1998,1870700526371
MEX,México,NY.GDP.MKTP.PP.KD,1999,1922238894435
MEX,México,NY.GDP.MKTP.PP.KD,2000,2018913747475
MEX,México,NY.GDP.MKTP.PP.KD,2001,2009811570678
MEX,México,NY.GDP.MKTP.PP.KD,2002,2005056597640
MEX,México,NY.GDP.MKTP.PP.KD,2003,2028827443216
MEX,México,NY.GDP.MKTP.PP.KD,2004,2101164089228
MEX,México,NY.GDP.MKTP.PP.KD,2005,2145566878719
MEX,México,NY.GDP.MKTP.PP.KD,2006,2248661657250
MEX,México,NY.GDP.MKTP.PP.KD,2007,2295385786948
MEX,México,NY.GDP.MKTP.PP.KD,2008,2317038892683
MEX,México,NY.GDP.MKTP.PP.KD,2009,2171175488654
MEX,México,NY.GDP.MKTP.PP.KD,2010,2279111886584
MEX,México,NY.GDP.MKTP.PP.KD,2011,2357605526766
MEX,México,NY.GDP.MKTP.PP.KD,2012,2441376220024
MEX,México,NY.GDP.MKTP.PP.KD,2013,2462179224640
MEX,México,NY.GDP.MKTP.PP.KD,2014,2523826369564
MEX,México,NY.GDP.MKTP.PP.KD,2015,2592028320887
MEX,México,NY.GDP.MKTP.PP.KD,2016,2637971847276
MEX,México,NY.GDP.MKTP.PP.KD,2017,2687347519389
MEX,México,NY.GDP.MKTP.PP.KD,2018,2740344219080
MEX,México,NY.GDP.MKTP.PP.KD,2019,2729583147300
MEX,México,NY.GDP.MKTP.PP.KD,2020,2501552826908
MEX,México,NY.GDP.MKTP.PP.KD,2021,2652858836181
MEX,México,NY.GDP.MKTP.PP.KD,2022,2751273454760
MEX,México,NY.GDP.MKTP.PP.KD,2023,2836749919769
MEX,México,NY.GDP.MKTP.PP.KD,2024,2875062392268
MEX,México,NY.GDP.MKTP.PP.KD,2025,2891211142079
PER,Peru,NY.GDP.MKTP.PP.KD,1990,139050289093
PER,Peru,NY.GDP.MKTP.PP.KD,1991,142136175291
PER,Peru,NY.GDP.MKTP.PP.KD,1992,141367916294
PER,Peru,NY.GDP.MKTP.PP.KD,1993,148780651849
PER,Peru,NY.GDP.MKTP.PP.KD,1994,167093119291
PER,Peru,NY.GDP.MKTP.PP.KD,1995,179477050459
PER,Peru,NY.GDP.MKTP.PP.KD,1996,184500564784
PER,Peru,NY.GDP.MKTP.PP.KD,1997,196450342421
PER,Peru,NY.GDP.MKTP.PP.KD,1998,195681165551
PER,Peru,NY.GDP.MKTP.PP.KD,1999,198606424122
PER,Peru,NY.GDP.MKTP.PP.KD,2000,203957618808
PER,Peru,NY.GDP.MKTP.PP.KD,2001,205217857282
PER,Peru,NY.GDP.MKTP.PP.KD,2002,216409472515
PER,Peru,NY.GDP.MKTP.PP.KD,2003,225422977116
PER,Peru,NY.GDP.MKTP.PP.KD,2004,236599906394
PER,Peru,NY.GDP.MKTP.PP.KD,2005,251470353240
PER,Peru,NY.GDP.MKTP.PP.KD,2006,270403302261
PER,Peru,NY.GDP.MKTP.PP.KD,2007,293437304089
PER,Peru,NY.GDP.MKTP.PP.KD,2008,320218060068
PER,Peru,NY.GDP.MKTP.PP.KD,2009,323727085332
PER,Peru,NY.GDP.MKTP.PP.KD,2010,350701512337
PER,Peru,NY.GDP.MKTP.PP.KD,2011,372891071778
PER,Peru,NY.GDP.MKTP.PP.KD,2012,395785557037
PER,Peru,NY.GDP.MKTP.PP.KD,2013,418948978838
PER,Peru,NY.GDP.MKTP.PP.KD,2014,428929002821
PER,Peru,NY.GDP.MKTP.PP.KD,2015,442878823892
PER,Peru,NY.GDP.MKTP.PP.KD,2016,460387235323
PER,Peru,NY.GDP.MKTP.PP.KD,2017,471983632178
PER,Peru,NY.GDP.MKTP.PP.KD,2018,490718320813
PER,Peru,NY.GDP.MKTP.PP.KD,2019,501713511404
PER,Peru,NY.GDP.MKTP.PP.KD,2020,446859635445
PER,Peru,NY.GDP.MKTP.PP.KD,2021,506813209119
PER,Peru,NY.GDP.MKTP.PP.KD,2022,521096217783
PER,Peru,NY.GDP.MKTP.PP.KD,2023,519268734315
PER,Peru,NY.GDP.MKTP.PP.KD,2024,537522457938
PER,Peru,NY.GDP.MKTP.PP.KD,2025,555962509610
USA,Estados Unidos,NY.GDP.MKTP.PP.KD,1990,11079319700573
USA,Estados Unidos,NY.GDP.MKTP.PP.KD,1991,11067319371015
USA,Estados Unidos,NY.GDP.MKTP.PP.KD,1992,11457165382936
USA,Estados Unidos,NY.GDP.MKTP.PP.KD,1993,11772443185977
USA,Estados Unidos,NY.GDP.MKTP.PP.KD,1994,12246757597390
USA,Estados Unidos,NY.GDP.MKTP.PP.KD,1995,12575513322951
USA,Estados Unidos,NY.GDP.MKTP.PP.KD,1996,13049958855286
USA,Estados Unidos,NY.GDP.MKTP.PP.KD,1997,13630307220971
USA,Estados Unidos,NY.GDP.MKTP.PP.KD,1998,14241372070382
USA,Estados Unidos,NY.GDP.MKTP.PP.KD,1999,14923309497831
USA,Estados Unidos,NY.GDP.MKTP.PP.KD,2000,15531820240832
USA,Estados Unidos,NY.GDP.MKTP.PP.KD,2001,15680232737760
USA,Estados Unidos,NY.GDP.MKTP.PP.KD,2002,15946866836810
USA,Estados Unidos,NY.GDP.MKTP.PP.KD,2003,16392678397137
USA,Estados Unidos,NY.GDP.MKTP.PP.KD,2004,17023431236173
USA,Estados Unidos,NY.GDP.MKTP.PP.KD,2005,17616450964293
USA,Estados Unidos,NY.GDP.MKTP.PP.KD,2006,18106988023981
USA,Estados Unidos,NY.GDP.MKTP.PP.KD,2007,18469826407095
USA,Estados Unidos,NY.GDP.MKTP.PP.KD,2008,18490805774529
USA,Estados Unidos,NY.GDP.MKTP.PP.KD,2009,18014390119987
USA,Estados Unidos,NY.GDP.MKTP.PP.KD,2010,18499912627047
USA,Estados Unidos,NY.GDP.MKTP.PP.KD,2011,18789326527808
USA,Estados Unidos,NY.GDP.MKTP.PP.KD,2012,19219435517265
USA,Estados Unidos,NY.GDP.MKTP.PP.KD,2013,19626470506630
USA,Estados Unidos,NY.GDP.MKTP.PP.KD,2014,20121807258768
USA,Estados Unidos,NY.GDP.MKTP.PP.KD,2015,20714505243484
USA,Estados Unidos,NY.GDP.MKTP.PP.KD,2016,21091395615523
USA,Estados Unidos,NY.GDP.MKTP.PP.KD,2017,21609742457818
USA,Estados Unidos,NY.GDP.MKTP.PP.KD,2018,22250796562799
USA,Estados Unidos,NY.GDP.MKTP.PP.KD,2019,22825718280632
USA,Estados Unidos,NY.GDP.MKTP.PP.KD,2020,22350629263579
USA,Estados Unidos,NY.GDP.MKTP.PP.KD,2021,23725645000000
USA,Estados Unidos,NY.GDP.MKTP.PP.KD,2022,24324531017266
USA,Estados Unidos,NY.GDP.MKTP.PP.KD,2023,25038301109944
USA,Estados Unidos,NY.GDP.MKTP.PP.KD,2024,25737667720037
USA,Estados Unidos,NY.GDP.MKTP.PP.KD,2025,26293957026094
CHN,China,NY.GDP.MKTP.PP.KD,1990,1892142389584
CHN,China,NY.GDP.MKTP.PP.KD,1991,2069542704119
CHN,China,NY.GDP.MKTP.PP.KD,1992,2365438109816
CHN,China,NY.GDP.MKTP.PP.KD,1993,2694851453398
CHN,China,NY.GDP.MKTP.PP.KD,1994,3047411115925
CHN,China,NY.GDP.MKTP.PP.KD,1995,3383096056447
CHN,China,NY.GDP.MKTP.PP.KD,1996,3720501963123
CHN,China,NY.GDP.MKTP.PP.KD,1997,4066419152961
CHN,China,NY.GDP.MKTP.PP.KD,1998,4388623718711
CHN,China,NY.GDP.MKTP.PP.KD,1999,4728357537870
CHN,China,NY.GDP.MKTP.PP.KD,2000,5133746736757
CHN,China,NY.GDP.MKTP.PP.KD,2001,5561082225597
CHN,China,NY.GDP.MKTP.PP.KD,2002,6074706488414
CHN,China,NY.GDP.MKTP.PP.KD,2003,6689090876282
CHN,China,NY.GDP.MKTP.PP.KD,2004,7367393399861
CHN,China,NY.GDP.MKTP.PP.KD,2005,8211218760901
CHN,China,NY.GDP.MKTP.PP.KD,2006,9252014077441
CHN,China,NY.GDP.MKTP.PP.KD,2007,10561245407110
CHN,China,NY.GDP.MKTP.PP.KD,2008,11582388576956
CHN,China,NY.GDP.MKTP.PP.KD,2009,12671839645498
CHN,China,NY.GDP.MKTP.PP.KD,2010,14014001667285
CHN,China,NY.GDP.MKTP.PP.KD,2011,15340013860010
CHN,China,NY.GDP.MKTP.PP.KD,2012,16545404559826
CHN,China,NY.GDP.MKTP.PP.KD,2013,17832377196873
CHN,China,NY.GDP.MKTP.PP.KD,2014,19162852171599
CHN,China,NY.GDP.MKTP.PP.KD,2015,20500730181113
CHN,China,NY.GDP.MKTP.PP.KD,2016,21889385822096
CHN,China,NY.GDP.MKTP.PP.KD,2017,23397835751145
CHN,China,NY.GDP.MKTP.PP.KD,2018,24979016132707
CHN,China,NY.GDP.MKTP.PP.KD,2019,26494587477980
CHN,China,NY.GDP.MKTP.PP.KD,2020,27114429372607
CHN,China,NY.GDP.MKTP.PP.KD,2021,29438240129870
CHN,China,NY.GDP.MKTP.PP.KD,2022,30360791708735
CHN,China,NY.GDP.MKTP.PP.KD,2023,32005133203227
CHN,China,NY.GDP.MKTP.PP.KD,2024,33592044935159
CHN,China,NY.GDP.MKTP.PP.KD,2025,35258193185781
IND,Índia,NY.GDP.MKTP.PP.KD,1990,1850891338088
IND,Índia,NY.GDP.MKTP.PP.KD,1991,1870452139539
IND,Índia,NY.GDP.MKTP.PP.KD,1992,1972997733224
IND,Índia,NY.GDP.MKTP.PP.KD,1993,2066730440347
IND,Índia,NY.GDP.MKTP.PP.KD,1994,2204352451049
IND,Índia,NY.GDP.MKTP.PP.KD,1995,2371320947585
IND,Índia,NY.GDP.MKTP.PP.KD,1996,2550344350116
IND,Índia,NY.GDP.MKTP.PP.KD,1997,2653628727328
IND,Índia,NY.GDP.MKTP.PP.KD,1998,2817740162167
IND,Índia,NY.GDP.MKTP.PP.KD,1999,3066990569260
IND,Índia,NY.GDP.MKTP.PP.KD,2000,3184793405807
IND,Índia,NY.GDP.MKTP.PP.KD,2001,3338426765281
IND,Índia,NY.GDP.MKTP.PP.KD,2002,3465419695548
IND,Índia,NY.GDP.MKTP.PP.KD,2003,3737814903344
IND,Índia,NY.GDP.MKTP.PP.KD,2004,4033959608850
IND,Índia,NY.GDP.MKTP.PP.KD,2005,4353587599749
IND,Índia,NY.GDP.MKTP.PP.KD,2006,4704518653498
IND,Índia,NY.GDP.MKTP.PP.KD,2007,5064923127246
IND,Índia,NY.GDP.MKTP.PP.KD,2008,5221262011130
IND,Índia,NY.GDP.MKTP.PP.KD,2009,5631751826127
IND,Índia,NY.GDP.MKTP.PP.KD,2010,6110314707739
IND,Índia,NY.GDP.MKTP.PP.KD,2011,6430575622402
IND,Índia,NY.GDP.MKTP.PP.KD,2012,6781452750162
IND,Índia,NY.GDP.MKTP.PP.KD,2013,7214523538315
IND,Índia,NY.GDP.MKTP.PP.KD,2014,7749136153132
IND,Índia,NY.GDP.MKTP.PP.KD,2015,8368776746135
IND,Índia,NY.GDP.MKTP.PP.KD,2016,9059728521057
IND,Índia,NY.GDP.MKTP.PP.KD,2017,9675371810785
IND,Índia,NY.GDP.MKTP.PP.KD,2018,10299805924525
IND,Índia,NY.GDP.MKTP.PP.KD,2019,10698556415908
IND,Índia,NY.GDP.MKTP.PP.KD,2020,10080423278587
IND,Índia,NY.GDP.MKTP.PP.KD,2021,11057175215742
IND,Índia,NY.GDP.MKTP.PP.KD,2022,11898556034131
IND,Índia,NY.GDP.MKTP.PP.KD,2023,12756468651839
IND,Índia,NY.GDP.MKTP.PP.KD,2024,13662085943277
IND,Índia,NY.GDP.MKTP.PP.KD,2025,14695849780452
KOR,Coreia do Sul,NY.GDP.MKTP.PP.KD,1990,616369574722
KOR,Coreia do Sul,NY.GDP.MKTP.PP.KD,1991,683399605271
KOR,Coreia do Sul,NY.GDP.MKTP.PP.KD,1992,726806359901
KOR,Coreia do Sul,NY.GDP.MKTP.PP.KD,1993,777644414582
KOR,Coreia do Sul,NY.GDP.MKTP.PP.KD,1994,850523972035
KOR,Coreia do Sul,NY.GDP.MKTP.PP.KD,1995,933330082276
KOR,Coreia do Sul,NY.GDP.MKTP.PP.KD,1996,1007907167538
KOR,Coreia do Sul,NY.GDP.MKTP.PP.KD,1997,1071225837574
KOR,Coreia do Sul,NY.GDP.MKTP.PP.KD,1998,1018318746032
KOR,Coreia do Sul,NY.GDP.MKTP.PP.KD,1999,1136619512488
KOR,Coreia do Sul,NY.GDP.MKTP.PP.KD,2000,1241209630438
KOR,Coreia do Sul,NY.GDP.MKTP.PP.KD,2001,1299868398274
KOR,Coreia do Sul,NY.GDP.MKTP.PP.KD,2002,1400530193429
KOR,Coreia do Sul,NY.GDP.MKTP.PP.KD,2003,1443592668084
KOR,Coreia do Sul,NY.GDP.MKTP.PP.KD,2004,1518423269731
KOR,Coreia do Sul,NY.GDP.MKTP.PP.KD,2005,1584599749529
KOR,Coreia do Sul,NY.GDP.MKTP.PP.KD,2006,1667712093637
KOR,Coreia do Sul,NY.GDP.MKTP.PP.KD,2007,1765139223629
KOR,Coreia do Sul,NY.GDP.MKTP.PP.KD,2008,1818171146191
KOR,Coreia do Sul,NY.GDP.MKTP.PP.KD,2009,1833077636085
KOR,Coreia do Sul,NY.GDP.MKTP.PP.KD,2010,1961056909626
KOR,Coreia do Sul,NY.GDP.MKTP.PP.KD,2011,2033381317173
KOR,Coreia do Sul,NY.GDP.MKTP.PP.KD,2012,2085185071590
KOR,Coreia do Sul,NY.GDP.MKTP.PP.KD,2013,2153816768677
KOR,Coreia do Sul,NY.GDP.MKTP.PP.KD,2014,2223055089815
KOR,Coreia do Sul,NY.GDP.MKTP.PP.KD,2015,2287974804720
KOR,Coreia do Sul,NY.GDP.MKTP.PP.KD,2016,2360538554613
KOR,Coreia do Sul,NY.GDP.MKTP.PP.KD,2017,2441580369855
KOR,Coreia do Sul,NY.GDP.MKTP.PP.KD,2018,2519127786865
KOR,Coreia do Sul,NY.GDP.MKTP.PP.KD,2019,2577415418649
KOR,Coreia do Sul,NY.GDP.MKTP.PP.KD,2020,2559367265189
KOR,Coreia do Sul,NY.GDP.MKTP.PP.KD,2021,2677430056971
KOR,Coreia do Sul,NY.GDP.MKTP.PP.KD,2022,2750458690514
KOR,Coreia do Sul,NY.GDP.MKTP.PP.KD,2023,2793998855188
KOR,Coreia do Sul,NY.GDP.MKTP.PP.KD,2024,2849979724104
KOR,Coreia do Sul,NY.GDP.MKTP.PP.KD,2025,2878679544405
ZAF,África do Sul,NY.GDP.MKTP.PP.KD,1990,440514077745
ZAF,África do Sul,NY.GDP.MKTP.PP.KD,1991,436028565317
ZAF,África do Sul,NY.GDP.MKTP.PP.KD,1992,426710491663
ZAF,África do Sul,NY.GDP.MKTP.PP.KD,1993,431974212808
ZAF,África do Sul,NY.GDP.MKTP.PP.KD,1994,445797387631
ZAF,África do Sul,NY.GDP.MKTP.PP.KD,1995,459617106649
ZAF,África do Sul,NY.GDP.MKTP.PP.KD,1996,479380642223
ZAF,África do Sul,NY.GDP.MKTP.PP.KD,1997,491844538928
ZAF,África do Sul,NY.GDP.MKTP.PP.KD,1998,494303761624
ZAF,África do Sul,NY.GDP.MKTP.PP.KD,1999,506167051890
ZAF,África do Sul,NY.GDP.MKTP.PP.KD,2000,527426068073
ZAF,África do Sul,NY.GDP.MKTP.PP.KD,2001,541666571912
ZAF,África do Sul,NY.GDP.MKTP.PP.KD,2002,561710263095
ZAF,África do Sul,NY.GDP.MKTP.PP.KD,2003,578275522662
ZAF,África do Sul,NY.GDP.MKTP.PP.KD,2004,604613427771
ZAF,África do Sul,NY.GDP.MKTP.PP.KD,2005,636519192590
ZAF,África do Sul,NY.GDP.MKTP.PP.KD,2006,672188496216
ZAF,África do Sul,NY.GDP.MKTP.PP.KD,2007,708220986150
ZAF,África do Sul,NY.GDP.MKTP.PP.KD,2008,730820628630
ZAF,África do Sul,NY.GDP.MKTP.PP.KD,2009,719579955943
ZAF,África do Sul,NY.GDP.MKTP.PP.KD,2010,741453264471
ZAF,África do Sul,NY.GDP.MKTP.PP.KD,2011,764946628435
ZAF,África do Sul,NY.GDP.MKTP.PP.KD,2012,783276527271
ZAF,África do Sul,NY.GDP.MKTP.PP.KD,2013,802744614772
ZAF,África do Sul,NY.GDP.MKTP.PP.KD,2014,814094030480
ZAF,África do Sul,NY.GDP.MKTP.PP.KD,2015,824855232041
ZAF,África do Sul,NY.GDP.MKTP.PP.KD,2016,830336826522
ZAF,África do Sul,NY.GDP.MKTP.PP.KD,2017,839951686494
ZAF,África do Sul,NY.GDP.MKTP.PP.KD,2018,853027918674
ZAF,África do Sul,NY.GDP.MKTP.PP.KD,2019,855245241715
ZAF,África do Sul,NY.GDP.MKTP.PP.KD,2020,802485866495
ZAF,África do Sul,NY.GDP.MKTP.PP.KD,2021,841475835219
ZAF,África do Sul,NY.GDP.MKTP.PP.KD,2022,858794557506
ZAF,África do Sul,NY.GDP.MKTP.PP.KD,2023,865717339518
ZAF,África do Sul,NY.GDP.MKTP.PP.KD,2024,870347572713
ZAF,África do Sul,NY.GDP.MKTP.PP.KD,2025,880048693754
RUS,Rússia,NY.GDP.MKTP.PP.KD,1990,4386345138172
RUS,Rússia,NY.GDP.MKTP.PP.KD,1991,4164968954918
RUS,Rússia,NY.GDP.MKTP.PP.KD,1992,3559754243459
RUS,Rússia,NY.GDP.MKTP.PP.KD,1993,3251175510768
RUS,Rússia,NY.GDP.MKTP.PP.KD,1994,2842510682576
RUS,Rússia,NY.GDP.MKTP.PP.KD,1995,2724730445020
RUS,Rússia,NY.GDP.MKTP.PP.KD,1996,2622414924802
RUS,Rússia,NY.GDP.MKTP.PP.KD,1997,2659126525815
RUS,Rússia,NY.GDP.MKTP.PP.KD,1998,2518193840343
RUS,Rússia,NY.GDP.MKTP.PP.KD,1999,2679356097890
RUS,Rússia,NY.GDP.MKTP.PP.KD,2000,2947293497855
RUS,Rússia,NY.GDP.MKTP.PP.KD,2001,3097606976018
RUS,Rússia,NY.GDP.MKTP.PP.KD,2002,3243194253268
RUS,Rússia,NY.GDP.MKTP.PP.KD,2003,3479945888221
RUS,Rússia,NY.GDP.MKTP.PP.KD,2004,3730500178062
RUS,Rússia,NY.GDP.MKTP.PP.KD,2005,3969250900495
RUS,Rússia,NY.GDP.MKTP.PP.KD,2006,4294732183530
RUS,Rússia,NY.GDP.MKTP.PP.KD,2007,4659783464376
RUS,Rússia,NY.GDP.MKTP.PP.KD,2008,4902090772294
RUS,Rússia,NY.GDP.MKTP.PP.KD,2009,4519727990460
RUS,Rússia,NY.GDP.MKTP.PP.KD,2010,4723115749995
RUS,Rússia,NY.GDP.MKTP.PP.KD,2011,4926211105735
RUS,Rússia,NY.GDP.MKTP.PP.KD,2012,5124446084914
RUS,Rússia,NY.GDP.MKTP.PP.KD,2013,5214401746511
RUS,Rússia,NY.GDP.MKTP.PP.KD,2014,5252793677363
RUS,Rússia,NY.GDP.MKTP.PP.KD,2015,5149170806565
RUS,Rússia,NY.GDP.MKTP.PP.KD,2016,5159143263887
RUS,Rússia,NY.GDP.MKTP.PP.KD,2017,5253385606059
RUS,Rússia,NY.GDP.MKTP.PP.KD,2018,5400813510778
RUS,Rússia,NY.GDP.MKTP.PP.KD,2019,5519527480907
RUS,Rússia,NY.GDP.MKTP.PP.KD,2020,5373058291700
RUS,Rússia,NY.GDP.MKTP.PP.KD,2021,5688268314340
RUS,Rússia,NY.GDP.MKTP.PP.KD,2022,5606620581334
RUS,Rússia,NY.GDP.MKTP.PP.KD,2023,5834620196474
RUS,Rússia,NY.GDP.MKTP.PP.KD,2024,6121781512040
RUS,Rússia,NY.GDP.MKTP.PP.KD,2025,6183071354160
TUR,Turquia,NY.GDP.MKTP.PP.KD,1990,682505591965
TUR,Turquia,NY.GDP.MKTP.PP.KD,1991,687421536685
TUR,Turquia,NY.GDP.MKTP.PP.KD,1992,722037575720
TUR,Turquia,NY.GDP.MKTP.PP.KD,1993,777282585537
TUR,Turquia,NY.GDP.MKTP.PP.KD,1994,740997888984
TUR,Turquia,NY.GDP.MKTP.PP.KD,1995,799375680240
TUR,Turquia,NY.GDP.MKTP.PP.KD,1996,856593380524
TUR,Turquia,NY.GDP.MKTP.PP.KD,1997,919620342574
TUR,Turquia,NY.GDP.MKTP.PP.KD,1998,937171946464
TUR,Turquia,NY.GDP.MKTP.PP.KD,1999,908562237208
TUR,Turquia,NY.GDP.MKTP.PP.KD,2000,972027916852
TUR,Turquia,NY.GDP.MKTP.PP.KD,2001,918960943249
TUR,Turquia,NY.GDP.MKTP.PP.KD,2002,978100755969
TUR,Turquia,NY.GDP.MKTP.PP.KD,2003,1034821730499
TUR,Turquia,NY.GDP.MKTP.PP.KD,2004,1137531983652
TUR,Turquia,NY.GDP.MKTP.PP.KD,2005,1241179091459
TUR,Turquia,NY.GDP.MKTP.PP.KD,2006,1328900988580
TUR,Turquia,NY.GDP.MKTP.PP.KD,2007,1396783711391
TUR,Turquia,NY.GDP.MKTP.PP.KD,2008,1409635772832
TUR,Turquia,NY.GDP.MKTP.PP.KD,2009,1340807571290
TUR,Turquia,NY.GDP.MKTP.PP.KD,2010,1455342015327
TUR,Turquia,NY.GDP.MKTP.PP.KD,2011,1615138023255
TUR,Turquia,NY.GDP.MKTP.PP.KD,2012,1692787834404
TUR,Turquia,NY.GDP.MKTP.PP.KD,2013,1836476014442
TUR,Turquia,NY.GDP.MKTP.PP.KD,2014,1920968501407
TUR,Turquia,NY.GDP.MKTP.PP.KD,2015,2032491746704
TUR,Turquia,NY.GDP.MKTP.PP.KD,2016,2100044965184
TUR,Turquia,NY.GDP.MKTP.PP.KD,2017,2264391487395
TUR,Turquia,NY.GDP.MKTP.PP.KD,2018,2342924050077
TUR,Turquia,NY.GDP.MKTP.PP.KD,2019,2373420103723
TUR,Turquia,NY.GDP.MKTP.PP.KD,2020,2416214350889
TUR,Turquia,NY.GDP.MKTP.PP.KD,2021,2701595710002
TUR,Turquia,NY.GDP.MKTP.PP.KD,2022,2848595614232
TUR,Turquia,NY.GDP.MKTP.PP.KD,2023,2992310786630
TUR,Turquia,NY.GDP.MKTP.PP.KD,2024,3091883611272
TUR,Turquia,NY.GDP.MKTP.PP.KD,2025,3203334425249
IDN,Indonésia,NY.GDP.MKTP.PP.KD,1990,894210723158
IDN,Indonésia,NY.GDP.MKTP.PP.KD,1991,956018414859
IDN,Indonésia,NY.GDP.MKTP.PP.KD,1992,1018135773667
IDN,Indonésia,NY.GDP.MKTP.PP.KD,1993,1084278028744
IDN,Indonésia,NY.GDP.MKTP.PP.KD,1994,1166032278707
IDN,Indonésia,NY.GDP.MKTP.PP.KD,1995,1261880218292
IDN,Indonésia,NY.GDP.MKTP.PP.KD,1996,1360536374442
IDN,Indonésia,NY.GDP.MKTP.PP.KD,1997,1424479935804
IDN,Indonésia,NY.GDP.MKTP.PP.KD,1998,1237492364937
IDN,Indonésia,NY.GDP.MKTP.PP.KD,1999,1247282489798
IDN,Indonésia,NY.GDP.MKTP.PP.KD,2000,1308649633293
IDN,Indonésia,NY.GDP.MKTP.PP.KD,2001,1356329843594
IDN,Indonésia,NY.GDP.MKTP.PP.KD,2002,1417357571125
IDN,Indonésia,NY.GDP.MKTP.PP.KD,2003,1485112494799
IDN,Indonésia,NY.GDP.MKTP.PP.KD,2004,1559826632354
IDN,Indonésia,NY.GDP.MKTP.PP.KD,2005,1648620875617
IDN,Indonésia,NY.GDP.MKTP.PP.KD,2006,1739310715105
IDN,Indonésia,NY.GDP.MKTP.PP.KD,2007,1849670366570
IDN,Indonésia,NY.GDP.MKTP.PP.KD,2008,1960904059994
IDN,Indonésia,NY.GDP.MKTP.PP.KD,2009,2051671782945
IDN,Indonésia,NY.GDP.MKTP.PP.KD,2010,2179364842980
IDN,Indonésia,NY.GDP.MKTP.PP.KD,2011,2313826950891
IDN,Indonésia,NY.GDP.MKTP.PP.KD,2012,2453351888054
IDN,Indonésia,NY.GDP.MKTP.PP.KD,2013,2589691121690
IDN,Indonésia,NY.GDP.MKTP.PP.KD,2014,2719348369404
IDN,Indonésia,NY.GDP.MKTP.PP.KD,2015,2851952560362
IDN,Indonésia,NY.GDP.MKTP.PP.KD,2016,2995493305785
IDN,Indonésia,NY.GDP.MKTP.PP.KD,2017,3147358403078
IDN,Indonésia,NY.GDP.MKTP.PP.KD,2018,3310211902648
IDN,Indonésia,NY.GDP.MKTP.PP.KD,2019,3476360960875
IDN,Indonésia,NY.GDP.MKTP.PP.KD,2020,3404556313997
IDN,Indonésia,NY.GDP.MKTP.PP.KD,2021,3530623140455
IDN,Indonésia,NY.GDP.MKTP.PP.KD,2022,3718000273848
IDN,Indonésia,NY.GDP.MKTP.PP.KD,2023,3905715830893
IDN,Indonésia,NY.GDP.MKTP.PP.KD,2024,4102273900421
IDN,Indonésia,NY.GDP.MKTP.PP.KD,2025,4311821704099
WLD,Mundo,NY.GDP.MKTP.PP.KD,1990,59746506695071
WLD,Mundo,NY.GDP.MKTP.PP.KD,1991,60258490453633
WLD,Mundo,NY.GDP.MKTP.PP.KD,1992,61053199066222
WLD,Mundo,NY.GDP.MKTP.PP.KD,1993,61978794358267
WLD,Mundo,NY.GDP.MKTP.PP.KD,1994,63652014872828
WLD,Mundo,NY.GDP.MKTP.PP.KD,1995,65638271921048
WLD,Mundo,NY.GDP.MKTP.PP.KD,1996,68072956904076
WLD,Mundo,NY.GDP.MKTP.PP.KD,1997,70778368389422
WLD,Mundo,NY.GDP.MKTP.PP.KD,1998,72514571649884
WLD,Mundo,NY.GDP.MKTP.PP.KD,1999,75129460995882
WLD,Mundo,NY.GDP.MKTP.PP.KD,2000,78748266091432
WLD,Mundo,NY.GDP.MKTP.PP.KD,2001,80651158295443
WLD,Mundo,NY.GDP.MKTP.PP.KD,2002,82913446416271
WLD,Mundo,NY.GDP.MKTP.PP.KD,2003,85953247177967
WLD,Mundo,NY.GDP.MKTP.PP.KD,2004,90382276783126
WLD,Mundo,NY.GDP.MKTP.PP.KD,2005,94536020338349
WLD,Mundo,NY.GDP.MKTP.PP.KD,2006,99458127988160
WLD,Mundo,NY.GDP.MKTP.PP.KD,2007,104664529164622
WLD,Mundo,NY.GDP.MKTP.PP.KD,2008,107616102342598
WLD,Mundo,NY.GDP.MKTP.PP.KD,2009,106900393523163
WLD,Mundo,NY.GDP.MKTP.PP.KD,2010,112369774826692
WLD,Mundo,NY.GDP.MKTP.PP.KD,2011,116779323374085
WLD,Mundo,NY.GDP.MKTP.PP.KD,2012,120457639815694
WLD,Mundo,NY.GDP.MKTP.PP.KD,2013,124396248689855
WLD,Mundo,NY.GDP.MKTP.PP.KD,2014,128707260097480
WLD,Mundo,NY.GDP.MKTP.PP.KD,2015,132979475190067
WLD,Mundo,NY.GDP.MKTP.PP.KD,2016,137269733552341
WLD,Mundo,NY.GDP.MKTP.PP.KD,2017,142488808751000
WLD,Mundo,NY.GDP.MKTP.PP.KD,2018,147685397273163
WLD,Mundo,NY.GDP.MKTP.PP.KD,2019,152051967520231
WLD,Mundo,NY.GDP.MKTP.PP.KD,2020,147750738921631
WLD,Mundo,NY.GDP.MKTP.PP.KD,2021,157405903630917
WLD,Mundo,NY.GDP.MKTP.PP.KD,2022,163140044693829
WLD,Mundo,NY.GDP.MKTP.PP.KD,2023,168473707388178
WLD,Mundo,NY.GDP.MKTP.PP.KD,2024,174159721560706
WLD,Mundo,NY.GDP.MKTP.PP.KD,2025,180028791385506
LCN,América Latina e Caribe,NY.GDP.MKTP.PP.KD,1990,5479159853314
LCN,América Latina e Caribe,NY.GDP.MKTP.PP.KD,1991,5660629417929
LCN,América Latina e Caribe,NY.GDP.MKTP.PP.KD,1992,5822981699138
LCN,América Latina e Caribe,NY.GDP.MKTP.PP.KD,1993,6097185567183
LCN,América Latina e Caribe,NY.GDP.MKTP.PP.KD,1994,6423104648766
LCN,América Latina e Caribe,NY.GDP.MKTP.PP.KD,1995,6480197670764
LCN,América Latina e Caribe,NY.GDP.MKTP.PP.KD,1996,6738319100003
LCN,América Latina e Caribe,NY.GDP.MKTP.PP.KD,1997,7107504412599
LCN,América Latina e Caribe,NY.GDP.MKTP.PP.KD,1998,7322457465014
LCN,América Latina e Caribe,NY.GDP.MKTP.PP.KD,1999,7364707459534
LCN,América Latina e Caribe,NY.GDP.MKTP.PP.KD,2000,7628739709479
LCN,América Latina e Caribe,NY.GDP.MKTP.PP.KD,2001,7659033971376
LCN,América Latina e Caribe,NY.GDP.MKTP.PP.KD,2002,7698568286428
LCN,América Latina e Caribe,NY.GDP.MKTP.PP.KD,2003,7890493309520
LCN,América Latina e Caribe,NY.GDP.MKTP.PP.KD,2004,8314506615026
LCN,América Latina e Caribe,NY.GDP.MKTP.PP.KD,2005,8640552100124
LCN,América Latina e Caribe,NY.GDP.MKTP.PP.KD,2006,9084682427899
LCN,América Latina e Caribe,NY.GDP.MKTP.PP.KD,2007,9559726228777
LCN,América Latina e Caribe,NY.GDP.MKTP.PP.KD,2008,9912947476745
LCN,América Latina e Caribe,NY.GDP.MKTP.PP.KD,2009,9688892480933
LCN,América Latina e Caribe,NY.GDP.MKTP.PP.KD,2010,10315490098909
LCN,América Latina e Caribe,NY.GDP.MKTP.PP.KD,2011,10783025420825
LCN,América Latina e Caribe,NY.GDP.MKTP.PP.KD,2012,11067991236079
LCN,América Latina e Caribe,NY.GDP.MKTP.PP.KD,2013,11385575626725
LCN,América Latina e Caribe,NY.GDP.MKTP.PP.KD,2014,11553699276155
LCN,América Latina e Caribe,NY.GDP.MKTP.PP.KD,2015,11611769533594
LCN,América Latina e Caribe,NY.GDP.MKTP.PP.KD,2016,11589431274782
LCN,América Latina e Caribe,NY.GDP.MKTP.PP.KD,2017,11816892056526
LCN,América Latina e Caribe,NY.GDP.MKTP.PP.KD,2018,12012263240741
LCN,América Latina e Caribe,NY.GDP.MKTP.PP.KD,2019,12103412241878
LCN,América Latina e Caribe,NY.GDP.MKTP.PP.KD,2020,11301780746658
LCN,América Latina e Caribe,NY.GDP.MKTP.PP.KD,2021,12138326403001
LCN,América Latina e Caribe,NY.GDP.MKTP.PP.KD,2022,12640957959784
LCN,América Latina e Caribe,NY.GDP.MKTP.PP.KD,2023,12923304503634
LCN,América Latina e Caribe,NY.GDP.MKTP.PP.KD,2024,13213350844125
LCN,América Latina e Caribe,NY.GDP.MKTP.PP.KD,2025,13522982483474
UMC,Países de renda média-alta,NY.GDP.MKTP.PP.KD,1990,13021622009790
UMC,Países de renda média-alta,NY.GDP.MKTP.PP.KD,1991,13276010563258
UMC,Países de renda média-alta,NY.GDP.MKTP.PP.KD,1992,13715091289212
UMC,Países de renda média-alta,NY.GDP.MKTP.PP.KD,1993,14325672580356
UMC,Países de renda média-alta,NY.GDP.MKTP.PP.KD,1994,14876468446032
UMC,Países de renda média-alta,NY.GDP.MKTP.PP.KD,1995,15455349575442
UMC,Países de renda média-alta,NY.GDP.MKTP.PP.KD,1996,16335236864253
UMC,Países de renda média-alta,NY.GDP.MKTP.PP.KD,1997,17245187108877
UMC,Países de renda média-alta,NY.GDP.MKTP.PP.KD,1998,17604661301307
UMC,Países de renda média-alta,NY.GDP.MKTP.PP.KD,1999,18124397743683
UMC,Países de renda média-alta,NY.GDP.MKTP.PP.KD,2000,19187223937848
UMC,Países de renda média-alta,NY.GDP.MKTP.PP.KD,2001,19827554140329
UMC,Países de renda média-alta,NY.GDP.MKTP.PP.KD,2002,20761451472366
UMC,Países de renda média-alta,NY.GDP.MKTP.PP.KD,2003,21934221749801
UMC,Países de renda média-alta,NY.GDP.MKTP.PP.KD,2004,23639584825886
UMC,Países de renda média-alta,NY.GDP.MKTP.PP.KD,2005,25302316629898
UMC,Países de renda média-alta,NY.GDP.MKTP.PP.KD,2006,27341171241745
UMC,Países de renda média-alta,NY.GDP.MKTP.PP.KD,2007,29745274885306
UMC,Países de renda média-alta,NY.GDP.MKTP.PP.KD,2008,31472419034973
UMC,Países de renda média-alta,NY.GDP.MKTP.PP.KD,2009,32297881182535
UMC,Países de renda média-alta,NY.GDP.MKTP.PP.KD,2010,34906017117271
UMC,Países de renda média-alta,NY.GDP.MKTP.PP.KD,2011,37195500781944
UMC,Países de renda média-alta,NY.GDP.MKTP.PP.KD,2012,39213108675608
UMC,Países de renda média-alta,NY.GDP.MKTP.PP.KD,2013,41307278658546
UMC,Países de renda média-alta,NY.GDP.MKTP.PP.KD,2014,43209396749307
UMC,Países de renda média-alta,NY.GDP.MKTP.PP.KD,2015,44988242549466
UMC,Países de renda média-alta,NY.GDP.MKTP.PP.KD,2016,47002777398323
UMC,Países de renda média-alta,NY.GDP.MKTP.PP.KD,2017,49424819350796
UMC,Países de renda média-alta,NY.GDP.MKTP.PP.KD,2018,51742860674538
UMC,Países de renda média-alta,NY.GDP.MKTP.PP.KD,2019,53834881894873
UMC,Países de renda média-alta,NY.GDP.MKTP.PP.KD,2020,53327081790857
UMC,Países de renda média-alta,NY.GDP.MKTP.PP.KD,2021,57167014516834
UMC,Países de renda média-alta,NY.GDP.MKTP.PP.KD,2022,59110891411667
UMC,Países de renda média-alta,NY.GDP.MKTP.PP.KD,2023,61753143040268
UMC,Países de renda média-alta,NY.GDP.MKTP.PP.KD,2024,64337062986163
UMC,Países de renda média-alta,NY.GDP.MKTP.PP.KD,2025,66962886121422
HIC,Países de renda alta,NY.GDP.MKTP.PP.KD,1990,41433967583821
HIC,Países de renda alta,NY.GDP.MKTP.PP.KD,1991,41596267172778
HIC,Países de renda alta,NY.GDP.MKTP.PP.KD,1992,41772142462650
HIC,Países de renda alta,NY.GDP.MKTP.PP.KD,1993,41977511104273
HIC,Países de renda alta,NY.GDP.MKTP.PP.KD,1994,42892821840890
HIC,Países de renda alta,NY.GDP.MKTP.PP.KD,1995,44000392263944
HIC,Países de renda alta,NY.GDP.MKTP.PP.KD,1996,45168362488399
HIC,Países de renda alta,NY.GDP.MKTP.PP.KD,1997,46701278280612
HIC,Países de renda alta,NY.GDP.MKTP.PP.KD,1998,47748421422959
HIC,Países de renda alta,NY.GDP.MKTP.PP.KD,1999,49449712682766
HIC,Países de renda alta,NY.GDP.MKTP.PP.KD,2000,51698901691853
HIC,Países de renda alta,NY.GDP.MKTP.PP.KD,2001,52613235270027
HIC,Países de renda alta,NY.GDP.MKTP.PP.KD,2002,53569389820906
HIC,Países de renda alta,NY.GDP.MKTP.PP.KD,2003,54934430855938
HIC,Países de renda alta,NY.GDP.MKTP.PP.KD,2004,57019872409858
HIC,Países de renda alta,NY.GDP.MKTP.PP.KD,2005,58853835826769
HIC,Países de renda alta,NY.GDP.MKTP.PP.KD,2006,61008520666053
HIC,Países de renda alta,NY.GDP.MKTP.PP.KD,2007,63048650049097
HIC,Países de renda alta,NY.GDP.MKTP.PP.KD,2008,63743704245086
HIC,Países de renda alta,NY.GDP.MKTP.PP.KD,2009,61455859508105
HIC,Países de renda alta,NY.GDP.MKTP.PP.KD,2010,63407024709822
HIC,Países de renda alta,NY.GDP.MKTP.PP.KD,2011,64883407588116
HIC,Países de renda alta,NY.GDP.MKTP.PP.KD,2012,65911316697362
HIC,Países de renda alta,NY.GDP.MKTP.PP.KD,2013,66941461722482
HIC,Países de renda alta,NY.GDP.MKTP.PP.KD,2014,68388325874946
HIC,Países de renda alta,NY.GDP.MKTP.PP.KD,2015,69875460639971
HIC,Países de renda alta,NY.GDP.MKTP.PP.KD,2016,71133779229411
HIC,Países de renda alta,NY.GDP.MKTP.PP.KD,2017,72918642018383
HIC,Países de renda alta,NY.GDP.MKTP.PP.KD,2018,74717781139919
HIC,Países de renda alta,NY.GDP.MKTP.PP.KD,2019,76161368688793
HIC,Países de renda alta,NY.GDP.MKTP.PP.KD,2020,73166913632934
HIC,Países de renda alta,NY.GDP.MKTP.PP.KD,2021,77573598174131
HIC,Países de renda alta,NY.GDP.MKTP.PP.KD,2022,79959740876874
HIC,Países de renda alta,NY.GDP.MKTP.PP.KD,2023,81409312943999
HIC,Países de renda alta,NY.GDP.MKTP.PP.KD,2024,83154342267503
HIC,Países de renda alta,NY.GDP.MKTP.PP.KD,2025,84791560358972
LMY,Países de renda baixa e média,NY.GDP.MKTP.PP.KD,1990,18280883718421
LMY,Países de renda baixa e média,NY.GDP.MKTP.PP.KD,1991,18634365087859
LMY,Países de renda baixa e média,NY.GDP.MKTP.PP.KD,1992,19260578488647
LMY,Países de renda baixa e média,NY.GDP.MKTP.PP.KD,1993,19989389742316
LMY,Países de renda baixa e média,NY.GDP.MKTP.PP.KD,1994,20751508771161
LMY,Países de renda baixa e média,NY.GDP.MKTP.PP.KD,1995,21634646317181
LMY,Países de renda baixa e média,NY.GDP.MKTP.PP.KD,1996,22909063815318
LMY,Países de renda baixa e média,NY.GDP.MKTP.PP.KD,1997,24086156588198
LMY,Países de renda baixa e média,NY.GDP.MKTP.PP.KD,1998,24777064379845
LMY,Países de renda baixa e média,NY.GDP.MKTP.PP.KD,1999,25691394902064
LMY,Países de renda baixa e média,NY.GDP.MKTP.PP.KD,2000,27063762506534
LMY,Países de renda baixa e média,NY.GDP.MKTP.PP.KD,2001,28057812257912
LMY,Países de renda baixa e média,NY.GDP.MKTP.PP.KD,2002,29372483656569
LMY,Países de renda baixa e média,NY.GDP.MKTP.PP.KD,2003,31057549855945
LMY,Países de renda baixa e média,NY.GDP.MKTP.PP.KD,2004,33414661017505
LMY,Países de renda baixa e média,NY.GDP.MKTP.PP.KD,2005,35749008611271
LMY,Países de renda baixa e média,NY.GDP.MKTP.PP.KD,2006,38533980156362
LMY,Países de renda baixa e média,NY.GDP.MKTP.PP.KD,2007,41722596684770
LMY,Países de renda baixa e média,NY.GDP.MKTP.PP.KD,2008,43998966134056
LMY,Países de renda baixa e média,NY.GDP.MKTP.PP.KD,2009,45598765737360
LMY,Países de renda baixa e média,NY.GDP.MKTP.PP.KD,2010,49143153351138
LMY,Países de renda baixa e média,NY.GDP.MKTP.PP.KD,2011,52098900636359
LMY,Países de renda baixa e média,NY.GDP.MKTP.PP.KD,2012,54771265073871
LMY,Países de renda baixa e média,NY.GDP.MKTP.PP.KD,2013,57704320018527
LMY,Países de renda baixa e média,NY.GDP.MKTP.PP.KD,2014,60590422353020
LMY,Países de renda baixa e média,NY.GDP.MKTP.PP.KD,2015,63396447863790
LMY,Países de renda baixa e média,NY.GDP.MKTP.PP.KD,2016,66453004831324
LMY,Países de renda baixa e média,NY.GDP.MKTP.PP.KD,2017,69913290321777
LMY,Países de renda baixa e média,NY.GDP.MKTP.PP.KD,2018,73336365633182
LMY,Países de renda baixa e média,NY.GDP.MKTP.PP.KD,2019,76281920534127
LMY,Países de renda baixa e média,NY.GDP.MKTP.PP.KD,2020,74976881504866
LMY,Países de renda baixa e média,NY.GDP.MKTP.PP.KD,2021,80256756983112
LMY,Países de renda baixa e média,NY.GDP.MKTP.PP.KD,2022,83626921300739
LMY,Países de renda baixa e média,NY.GDP.MKTP.PP.KD,2023,87544772861990
LMY,Países de renda baixa e média,NY.GDP.MKTP.PP.KD,2024,91518382983910
LMY,Países de renda baixa e média,NY.GDP.MKTP.PP.KD,2025,95776963853355
BRA,Brasil,NY.GDP.PCAP.PP.KD,1990,12633.29
BRA,Brasil,NY.GDP.PCAP.PP.KD,1991,12546.56
BRA,Brasil,NY.GDP.PCAP.PP.KD,1992,12271.98
BRA,Brasil,NY.GDP.PCAP.PP.KD,1993,12669.43
BRA,Brasil,NY.GDP.PCAP.PP.KD,1994,13202.93
BRA,Brasil,NY.GDP.PCAP.PP.KD,1995,13550.44
BRA,Brasil,NY.GDP.PCAP.PP.KD,1996,13641.63
BRA,Brasil,NY.GDP.PCAP.PP.KD,1997,13896.62
BRA,Brasil,NY.GDP.PCAP.PP.KD,1998,13737.70
BRA,Brasil,NY.GDP.PCAP.PP.KD,1999,13602.41
BRA,Brasil,NY.GDP.PCAP.PP.KD,2000,14005.35
BRA,Brasil,NY.GDP.PCAP.PP.KD,2001,14016.13
BRA,Brasil,NY.GDP.PCAP.PP.KD,2002,14265.90
BRA,Brasil,NY.GDP.PCAP.PP.KD,2003,14259.37
BRA,Brasil,NY.GDP.PCAP.PP.KD,2004,14911.26
BRA,Brasil,NY.GDP.PCAP.PP.KD,2005,15221.01
BRA,Brasil,NY.GDP.PCAP.PP.KD,2006,15657.48
BRA,Brasil,NY.GDP.PCAP.PP.KD,2007,16440.58
BRA,Brasil,NY.GDP.PCAP.PP.KD,2008,17113.37
BRA,Brasil,NY.GDP.PCAP.PP.KD,2009,16939.44
BRA,Brasil,NY.GDP.PCAP.PP.KD,2010,18062.16
BRA,Brasil,NY.GDP.PCAP.PP.KD,2011,18627.81
BRA,Brasil,NY.GDP.PCAP.PP.KD,2012,18832.22
BRA,Brasil,NY.GDP.PCAP.PP.KD,2013,19241.51
BRA,Brasil,NY.GDP.PCAP.PP.KD,2014,19183.17
BRA,Brasil,NY.GDP.PCAP.PP.KD,2015,18357.07
BRA,Brasil,NY.GDP.PCAP.PP.KD,2016,17620.93
BRA,Brasil,NY.GDP.PCAP.PP.KD,2017,17724.48
BRA,Brasil,NY.GDP.PCAP.PP.KD,2018,17917.75
BRA,Brasil,NY.GDP.PCAP.PP.KD,2019,18018.62
BRA,Brasil,NY.GDP.PCAP.PP.KD,2020,17327.52
BRA,Brasil,NY.GDP.PCAP.PP.KD,2021,18075.71
BRA,Brasil,NY.GDP.PCAP.PP.KD,2022,18554.05
BRA,Brasil,NY.GDP.PCAP.PP.KD,2023,19079.81
BRA,Brasil,NY.GDP.PCAP.PP.KD,2024,19652.37
BRA,Brasil,NY.GDP.PCAP.PP.KD,2025,20024.70
ARG,Argentina,NY.GDP.PCAP.PP.KD,1990,17007.28
ARG,Argentina,NY.GDP.PCAP.PP.KD,1991,18295.61
ARG,Argentina,NY.GDP.PCAP.PP.KD,1992,19476.28
ARG,Argentina,NY.GDP.PCAP.PP.KD,1993,20791.35
ARG,Argentina,NY.GDP.PCAP.PP.KD,1994,21711.84
ARG,Argentina,NY.GDP.PCAP.PP.KD,1995,20819.50
ARG,Argentina,NY.GDP.PCAP.PP.KD,1996,21695.59
ARG,Argentina,NY.GDP.PCAP.PP.KD,1997,23172.16
ARG,Argentina,NY.GDP.PCAP.PP.KD,1998,23783.10
ARG,Argentina,NY.GDP.PCAP.PP.KD,1999,22714.51
ARG,Argentina,NY.GDP.PCAP.PP.KD,2000,22281.38
ARG,Argentina,NY.GDP.PCAP.PP.KD,2001,21066.46
ARG,Argentina,NY.GDP.PCAP.PP.KD,2002,18571.70
ARG,Argentina,NY.GDP.PCAP.PP.KD,2003,20005.14
ARG,Argentina,NY.GDP.PCAP.PP.KD,2004,21591.45
ARG,Argentina,NY.GDP.PCAP.PP.KD,2005,23262.41
ARG,Argentina,NY.GDP.PCAP.PP.KD,2006,24877.25
ARG,Argentina,NY.GDP.PCAP.PP.KD,2007,26850.66
ARG,Argentina,NY.GDP.PCAP.PP.KD,2008,27658.49
ARG,Argentina,NY.GDP.PCAP.PP.KD,2009,25747.20
ARG,Argentina,NY.GDP.PCAP.PP.KD,2010,28056.26
ARG,Argentina,NY.GDP.PCAP.PP.KD,2011,29425.76
ARG,Argentina,NY.GDP.PCAP.PP.KD,2012,28825.97
ARG,Argentina,NY.GDP.PCAP.PP.KD,2013,29227.66
ARG,Argentina,NY.GDP.PCAP.PP.KD,2014,28200.82
ARG,Argentina,NY.GDP.PCAP.PP.KD,2015,28669.21
ARG,Argentina,NY.GDP.PCAP.PP.KD,2016,27802.11
ARG,Argentina,NY.GDP.PCAP.PP.KD,2017,28334.90
ARG,Argentina,NY.GDP.PCAP.PP.KD,2018,27367.12
ARG,Argentina,NY.GDP.PCAP.PP.KD,2019,26629.55
ARG,Argentina,NY.GDP.PCAP.PP.KD,2020,23877.09
ARG,Argentina,NY.GDP.PCAP.PP.KD,2021,26300.27
ARG,Argentina,NY.GDP.PCAP.PP.KD,2022,27825.03
ARG,Argentina,NY.GDP.PCAP.PP.KD,2023,27230.40
ARG,Argentina,NY.GDP.PCAP.PP.KD,2024,26771.97
ARG,Argentina,NY.GDP.PCAP.PP.KD,2025,27846.60
CHL,Chile,NY.GDP.PCAP.PP.KD,1990,10955.25
CHL,Chile,NY.GDP.PCAP.PP.KD,1991,11610.28
CHL,Chile,NY.GDP.PCAP.PP.KD,1992,12738.62
CHL,Chile,NY.GDP.PCAP.PP.KD,1993,13380.47
CHL,Chile,NY.GDP.PCAP.PP.KD,1994,13849.63
CHL,Chile,NY.GDP.PCAP.PP.KD,1995,14911.56
CHL,Chile,NY.GDP.PCAP.PP.KD,1996,15748.47
CHL,Chile,NY.GDP.PCAP.PP.KD,1997,16687.86
CHL,Chile,NY.GDP.PCAP.PP.KD,1998,17161.03
CHL,Chile,NY.GDP.PCAP.PP.KD,1999,16900.12
CHL,Chile,NY.GDP.PCAP.PP.KD,2000,17529.42
CHL,Chile,NY.GDP.PCAP.PP.KD,2001,17874.53
CHL,Chile,NY.GDP.PCAP.PP.KD,2002,18244.52
CHL,Chile,NY.GDP.PCAP.PP.KD,2003,18907.35
CHL,Chile,NY.GDP.PCAP.PP.KD,2004,19966.71
CHL,Chile,NY.GDP.PCAP.PP.KD,2005,20923.48
CHL,Chile,NY.GDP.PCAP.PP.KD,2006,21973.74
CHL,Chile,NY.GDP.PCAP.PP.KD,2007,22884.30
CHL,Chile,NY.GDP.PCAP.PP.KD,2008,23515.35
CHL,Chile,NY.GDP.PCAP.PP.KD,2009,23019.03
CHL,Chile,NY.GDP.PCAP.PP.KD,2010,24122.48
CHL,Chile,NY.GDP.PCAP.PP.KD,2011,25372.27
CHL,Chile,NY.GDP.PCAP.PP.KD,2012,26676.81
CHL,Chile,NY.GDP.PCAP.PP.KD,2013,27297.82
CHL,Chile,NY.GDP.PCAP.PP.KD,2014,27511.56
CHL,Chile,NY.GDP.PCAP.PP.KD,2015,27817.96
CHL,Chile,NY.GDP.PCAP.PP.KD,2016,27965.35
CHL,Chile,NY.GDP.PCAP.PP.KD,2017,27899.60
CHL,Chile,NY.GDP.PCAP.PP.KD,2018,28499.41
CHL,Chile,NY.GDP.PCAP.PP.KD,2019,28227.98
CHL,Chile,NY.GDP.PCAP.PP.KD,2020,26258.40
CHL,Chile,NY.GDP.PCAP.PP.KD,2021,29106.64
CHL,Chile,NY.GDP.PCAP.PP.KD,2022,29560.45
CHL,Chile,NY.GDP.PCAP.PP.KD,2023,29600.42
CHL,Chile,NY.GDP.PCAP.PP.KD,2024,30267.64
CHL,Chile,NY.GDP.PCAP.PP.KD,2025,30863.42
COL,Colômbia,NY.GDP.PCAP.PP.KD,1990,9998.81
COL,Colômbia,NY.GDP.PCAP.PP.KD,1991,9996.10
COL,Colômbia,NY.GDP.PCAP.PP.KD,1992,10196.43
COL,Colômbia,NY.GDP.PCAP.PP.KD,1993,10533.11
COL,Colômbia,NY.GDP.PCAP.PP.KD,1994,10927.94
COL,Colômbia,NY.GDP.PCAP.PP.KD,1995,11279.00
COL,Colômbia,NY.GDP.PCAP.PP.KD,1996,11303.13
COL,Colômbia,NY.GDP.PCAP.PP.KD,1997,11483.51
COL,Colômbia,NY.GDP.PCAP.PP.KD,1998,11343.88
COL,Colômbia,NY.GDP.PCAP.PP.KD,1999,10679.71
COL,Colômbia,NY.GDP.PCAP.PP.KD,2000,10813.49
COL,Colômbia,NY.GDP.PCAP.PP.KD,2001,10823.45
COL,Colômbia,NY.GDP.PCAP.PP.KD,2002,10925.15
COL,Colômbia,NY.GDP.PCAP.PP.KD,2003,11183.29
COL,Colômbia,NY.GDP.PCAP.PP.KD,2004,11607.94
COL,Colômbia,NY.GDP.PCAP.PP.KD,2005,11999.25
COL,Colômbia,NY.GDP.PCAP.PP.KD,2006,12636.62
COL,Colômbia,NY.GDP.PCAP.PP.KD,2007,13318.30
COL,Colômbia,NY.GDP.PCAP.PP.KD,2008,13591.06
COL,Colômbia,NY.GDP.PCAP.PP.KD,2009,13586.75
COL,Colômbia,NY.GDP.PCAP.PP.KD,2010,14037.06
COL,Colômbia,NY.GDP.PCAP.PP.KD,2011,14852.37
COL,Colômbia,NY.GDP.PCAP.PP.KD,2012,15279.48
COL,Colômbia,NY.GDP.PCAP.PP.KD,2013,15912.25
COL,Colômbia,NY.GDP.PCAP.PP.KD,2014,16480.36
COL,Colômbia,NY.GDP.PCAP.PP.KD,2015,16821.38
COL,Colômbia,NY.GDP.PCAP.PP.KD,2016,17003.24
COL,Colômbia,NY.GDP.PCAP.PP.KD,2017,16986.03
COL,Colômbia,NY.GDP.PCAP.PP.KD,2018,17104.13
COL,Colômbia,NY.GDP.PCAP.PP.KD,2019,17336.77
COL,Colômbia,NY.GDP.PCAP.PP.KD,2020,15861.50
COL,Colômbia,NY.GDP.PCAP.PP.KD,2021,17383.09
COL,Colômbia,NY.GDP.PCAP.PP.KD,2022,18458.72
COL,Colômbia,NY.GDP.PCAP.PP.KD,2023,18406.62
COL,Colômbia,NY.GDP.PCAP.PP.KD,2024,18481.84
COL,Colômbia,NY.GDP.PCAP.PP.KD,2025,18778.65
MEX,México,NY.GDP.PCAP.PP.KD,1990,17169.59
MEX,México,NY.GDP.PCAP.PP.KD,1991,17511.73
MEX,México,NY.GDP.PCAP.PP.KD,1992,17796.41
MEX,México,NY.GDP.PCAP.PP.KD,1993,17970.59
MEX,México,NY.GDP.PCAP.PP.KD,1994,18422.82
MEX,México,NY.GDP.PCAP.PP.KD,1995,17028.12
MEX,México,NY.GDP.PCAP.PP.KD,1996,17775.87
MEX,México,NY.GDP.PCAP.PP.KD,1997,18737.64
MEX,México,NY.GDP.PCAP.PP.KD,1998,19573.07
MEX,México,NY.GDP.PCAP.PP.KD,1999,19793.29
MEX,México,NY.GDP.PCAP.PP.KD,2000,20470.49
MEX,México,NY.GDP.PCAP.PP.KD,2001,20078.22
MEX,México,NY.GDP.PCAP.PP.KD,2002,19744.79
MEX,México,NY.GDP.PCAP.PP.KD,2003,19701.46
MEX,México,NY.GDP.PCAP.PP.KD,2004,20127.22
MEX,México,NY.GDP.PCAP.PP.KD,2005,20277.26
MEX,México,NY.GDP.PCAP.PP.KD,2006,20965.83
MEX,México,NY.GDP.PCAP.PP.KD,2007,21102.27
MEX,México,NY.GDP.PCAP.PP.KD,2008,20992.56
MEX,México,NY.GDP.PCAP.PP.KD,2009,19385.54
MEX,México,NY.GDP.PCAP.PP.KD,2010,20058.39
MEX,México,NY.GDP.PCAP.PP.KD,2011,20457.60
MEX,México,NY.GDP.PCAP.PP.KD,2012,20898.94
MEX,México,NY.GDP.PCAP.PP.KD,2013,20805.35
MEX,México,NY.GDP.PCAP.PP.KD,2014,21069.77
MEX,México,NY.GDP.PCAP.PP.KD,2015,21408.93
MEX,México,NY.GDP.PCAP.PP.KD,2016,21578.26
MEX,México,NY.GDP.PCAP.PP.KD,2017,21777.52
MEX,México,NY.GDP.PCAP.PP.KD,2018,21997.77
MEX,México,NY.GDP.PCAP.PP.KD,2019,21704.19
MEX,México,NY.GDP.PCAP.PP.KD,2020,19728.48
MEX,México,NY.GDP.PCAP.PP.KD,2021,20782.59
MEX,México,NY.GDP.PCAP.PP.KD,2022,21391.86
MEX,México,NY.GDP.PCAP.PP.KD,2023,21864.92
MEX,México,NY.GDP.PCAP.PP.KD,2024,21970.35
MEX,México,NY.GDP.PCAP.PP.KD,2025,21911.93
PER,Peru,NY.GDP.PCAP.PP.KD,1990,6316.23
PER,Peru,NY.GDP.PCAP.PP.KD,1991,6321.72
PER,Peru,NY.GDP.PCAP.PP.KD,1992,6160.80
PER,Peru,NY.GDP.PCAP.PP.KD,1993,6354.40
PER,Peru,NY.GDP.PCAP.PP.KD,1994,6996.76
PER,Peru,NY.GDP.PCAP.PP.KD,1995,7371.05
PER,Peru,NY.GDP.PCAP.PP.KD,1996,7436.19
PER,Peru,NY.GDP.PCAP.PP.KD,1997,7772.78
PER,Peru,NY.GDP.PCAP.PP.KD,1998,7602.78
PER,Peru,NY.GDP.PCAP.PP.KD,1999,7584.30
PER,Peru,NY.GDP.PCAP.PP.KD,2000,7668.06
PER,Peru,NY.GDP.PCAP.PP.KD,2001,7610.64
PER,Peru,NY.GDP.PCAP.PP.KD,2002,7930.51
PER,Peru,NY.GDP.PCAP.PP.KD,2003,8173.28
PER,Peru,NY.GDP.PCAP.PP.KD,2004,8494.84
PER,Peru,NY.GDP.PCAP.PP.KD,2005,8948.75
PER,Peru,NY.GDP.PCAP.PP.KD,2006,9546.63
PER,Peru,NY.GDP.PCAP.PP.KD,2007,10284.97
PER,Peru,NY.GDP.PCAP.PP.KD,2008,11150.03
PER,Peru,NY.GDP.PCAP.PP.KD,2009,11202.87
PER,Peru,NY.GDP.PCAP.PP.KD,2010,12057.39
PER,Peru,NY.GDP.PCAP.PP.KD,2011,12724.88
PER,Peru,NY.GDP.PCAP.PP.KD,2012,13393.59
PER,Peru,NY.GDP.PCAP.PP.KD,2013,14050.24
PER,Peru,NY.GDP.PCAP.PP.KD,2014,14242.64
PER,Peru,NY.GDP.PCAP.PP.KD,2015,14540.83
PER,Peru,NY.GDP.PCAP.PP.KD,2016,14915.44
PER,Peru,NY.GDP.PCAP.PP.KD,2017,15067.49
PER,Peru,NY.GDP.PCAP.PP.KD,2018,15384.18
PER,Peru,NY.GDP.PCAP.PP.KD,2019,15461.46
PER,Peru,NY.GDP.PCAP.PP.KD,2020,13607.76
PER,Peru,NY.GDP.PCAP.PP.KD,2021,15285.77
PER,Peru,NY.GDP.PCAP.PP.KD,2022,15566.52
PER,Peru,NY.GDP.PCAP.PP.KD,2023,15342.27
PER,Peru,NY.GDP.PCAP.PP.KD,2024,15708.83
PER,Peru,NY.GDP.PCAP.PP.KD,2025,16079.12
USA,Estados Unidos,NY.GDP.PCAP.PP.KD,1990,44384.21
USA,Estados Unidos,NY.GDP.PCAP.PP.KD,1991,43747.63
USA,Estados Unidos,NY.GDP.PCAP.PP.KD,1992,44664.87
USA,Estados Unidos,NY.GDP.PCAP.PP.KD,1993,45292.74
USA,Estados Unidos,NY.GDP.PCAP.PP.KD,1994,46543.32
USA,Estados Unidos,NY.GDP.PCAP.PP.KD,1995,47227.01
USA,Estados Unidos,NY.GDP.PCAP.PP.KD,1996,48441.91
USA,Estados Unidos,NY.GDP.PCAP.PP.KD,1997,49990.67
USA,Estados Unidos,NY.GDP.PCAP.PP.KD,1998,51626.48
USA,Estados Unidos,NY.GDP.PCAP.PP.KD,1999,53480.90
USA,Estados Unidos,NY.GDP.PCAP.PP.KD,2000,55045.67
USA,Estados Unidos,NY.GDP.PCAP.PP.KD,2001,55024.35
USA,Estados Unidos,NY.GDP.PCAP.PP.KD,2002,55443.22
USA,Estados Unidos,NY.GDP.PCAP.PP.KD,2003,56505.45
USA,Estados Unidos,NY.GDP.PCAP.PP.KD,2004,58139.08
USA,Estados Unidos,NY.GDP.PCAP.PP.KD,2005,59612.39
USA,Estados Unidos,NY.GDP.PCAP.PP.KD,2006,60684.34
USA,Estados Unidos,NY.GDP.PCAP.PP.KD,2007,61314.45
USA,Estados Unidos,NY.GDP.PCAP.PP.KD,2008,60806.22
USA,Estados Unidos,NY.GDP.PCAP.PP.KD,2009,58722.50
USA,Estados Unidos,NY.GDP.PCAP.PP.KD,2010,59797.07
USA,Estados Unidos,NY.GDP.PCAP.PP.KD,2011,60253.20
USA,Estados Unidos,NY.GDP.PCAP.PP.KD,2012,61142.36
USA,Estados Unidos,NY.GDP.PCAP.PP.KD,2013,61966.66
USA,Estados Unidos,NY.GDP.PCAP.PP.KD,2014,63026.88
USA,Estados Unidos,NY.GDP.PCAP.PP.KD,2015,64367.72
USA,Estados Unidos,NY.GDP.PCAP.PP.KD,2016,65025.99
USA,Estados Unidos,NY.GDP.PCAP.PP.KD,2017,66164.03
USA,Estados Unidos,NY.GDP.PCAP.PP.KD,2018,67728.44
USA,Estados Unidos,NY.GDP.PCAP.PP.KD,2019,69121.46
USA,Estados Unidos,NY.GDP.PCAP.PP.KD,2020,67406.83
USA,Estados Unidos,NY.GDP.PCAP.PP.KD,2021,71441.23
USA,Estados Unidos,NY.GDP.PCAP.PP.KD,2022,72828.74
USA,Estados Unidos,NY.GDP.PCAP.PP.KD,2023,74351.67
USA,Estados Unidos,NY.GDP.PCAP.PP.KD,2024,75698.18
USA,Estados Unidos,NY.GDP.PCAP.PP.KD,2025,76931.31
CHN,China,NY.GDP.PCAP.PP.KD,1990,1666.81
CHN,China,NY.GDP.PCAP.PP.KD,1991,1798.38
CHN,China,NY.GDP.PCAP.PP.KD,1992,2030.47
CHN,China,NY.GDP.PCAP.PP.KD,1993,2286.80
CHN,China,NY.GDP.PCAP.PP.KD,1994,2556.91
CHN,China,NY.GDP.PCAP.PP.KD,1995,2807.89
CHN,China,NY.GDP.PCAP.PP.KD,1996,3055.73
CHN,China,NY.GDP.PCAP.PP.KD,1997,3305.83
CHN,China,NY.GDP.PCAP.PP.KD,1998,3533.70
CHN,China,NY.GDP.PCAP.PP.KD,1999,3774.43
CHN,China,NY.GDP.PCAP.PP.KD,2000,4065.87
CHN,China,NY.GDP.PCAP.PP.KD,2001,4372.44
CHN,China,NY.GDP.PCAP.PP.KD,2002,4744.38
CHN,China,NY.GDP.PCAP.PP.KD,2003,5191.78
CHN,China,NY.GDP.PCAP.PP.KD,2004,5684.39
CHN,China,NY.GDP.PCAP.PP.KD,2005,6298.30
CHN,China,NY.GDP.PCAP.PP.KD,2006,7057.11
CHN,China,NY.GDP.PCAP.PP.KD,2007,8013.78
CHN,China,NY.GDP.PCAP.PP.KD,2008,8743.70
CHN,China,NY.GDP.PCAP.PP.KD,2009,9518.68
CHN,China,NY.GDP.PCAP.PP.KD,2010,10476.15
CHN,China,NY.GDP.PCAP.PP.KD,2011,11404.92
CHN,China,NY.GDP.PCAP.PP.KD,2012,12217.93
CHN,China,NY.GDP.PCAP.PP.KD,2013,13080.88
CHN,China,NY.GDP.PCAP.PP.KD,2014,13968.52
CHN,China,NY.GDP.PCAP.PP.KD,2015,14857.11
CHN,China,NY.GDP.PCAP.PP.KD,2016,15772.84
CHN,China,NY.GDP.PCAP.PP.KD,2017,16758.05
CHN,China,NY.GDP.PCAP.PP.KD,2018,17807.05
CHN,China,NY.GDP.PCAP.PP.KD,2019,18820.59
CHN,China,NY.GDP.PCAP.PP.KD,2020,19215.10
CHN,China,NY.GDP.PCAP.PP.KD,2021,20843.30
CHN,China,NY.GDP.PCAP.PP.KD,2022,21499.31
CHN,China,NY.GDP.PCAP.PP.KD,2023,22687.25
CHN,China,NY.GDP.PCAP.PP.KD,2024,23841.48
CHN,China,NY.GDP.PCAP.PP.KD,2025,25066.52
IND,Índia,NY.GDP.PCAP.PP.KD,1990,2139.83
IND,Índia,NY.GDP.PCAP.PP.KD,1991,2116.07
IND,Índia,NY.GDP.PCAP.PP.KD,1992,2185.04
IND,Índia,NY.GDP.PCAP.PP.KD,1993,2241.29
IND,Índia,NY.GDP.PCAP.PP.KD,1994,2342.16
IND,Índia,NY.GDP.PCAP.PP.KD,1995,2469.35
IND,Índia,NY.GDP.PCAP.PP.KD,1996,2603.25
IND,Índia,NY.GDP.PCAP.PP.KD,1997,2655.93
IND,Índia,NY.GDP.PCAP.PP.KD,1998,2766.11
IND,Índia,NY.GDP.PCAP.PP.KD,1999,2954.07
IND,Índia,NY.GDP.PCAP.PP.KD,2000,3010.42
IND,Índia,NY.GDP.PCAP.PP.KD,2001,3097.16
IND,Índia,NY.GDP.PCAP.PP.KD,2002,3157.27
IND,Índia,NY.GDP.PCAP.PP.KD,2003,3346.89
IND,Índia,NY.GDP.PCAP.PP.KD,2004,3551.05
IND,Índia,NY.GDP.PCAP.PP.KD,2005,3770.40
IND,Índia,NY.GDP.PCAP.PP.KD,2006,4011.09
IND,Índia,NY.GDP.PCAP.PP.KD,2007,4253.82
IND,Índia,NY.GDP.PCAP.PP.KD,2008,4322.48
IND,Índia,NY.GDP.PCAP.PP.KD,2009,4595.38
IND,Índia,NY.GDP.PCAP.PP.KD,2010,4913.88
IND,Índia,NY.GDP.PCAP.PP.KD,2011,5098.67
IND,Índia,NY.GDP.PCAP.PP.KD,2012,5303.50
IND,Índia,NY.GDP.PCAP.PP.KD,2013,5567.49
IND,Índia,NY.GDP.PCAP.PP.KD,2014,5905.11
IND,Índia,NY.GDP.PCAP.PP.KD,2015,6301.67
IND,Índia,NY.GDP.PCAP.PP.KD,2016,6741.15
IND,Índia,NY.GDP.PCAP.PP.KD,2017,7116.04
IND,Índia,NY.GDP.PCAP.PP.KD,2018,7492.63
IND,Índia,NY.GDP.PCAP.PP.KD,2019,7702.18
IND,Índia,NY.GDP.PCAP.PP.KD,2020,7186.86
IND,Índia,NY.GDP.PCAP.PP.KD,2021,7818.66
IND,Índia,NY.GDP.PCAP.PP.KD,2022,8347.38
IND,Índia,NY.GDP.PCAP.PP.KD,2023,8870.55
IND,Índia,NY.GDP.PCAP.PP.KD,2024,9416.05
IND,Índia,NY.GDP.PCAP.PP.KD,2025,10039.07
KOR,Coreia do Sul,NY.GDP.PCAP.PP.KD,1990,14377.88
KOR,Coreia do Sul,NY.GDP.PCAP.PP.KD,1991,15784.47
KOR,Coreia do Sul,NY.GDP.PCAP.PP.KD,1992,16613.49
KOR,Coreia do Sul,NY.GDP.PCAP.PP.KD,1993,17595.90
KOR,Coreia do Sul,NY.GDP.PCAP.PP.KD,1994,19052.30
KOR,Coreia do Sul,NY.GDP.PCAP.PP.KD,1995,20697.90
KOR,Coreia do Sul,NY.GDP.PCAP.PP.KD,1996,22139.80
KOR,Coreia do Sul,NY.GDP.PCAP.PP.KD,1997,23311.04
KOR,Coreia do Sul,NY.GDP.PCAP.PP.KD,1998,22000.34
KOR,Coreia do Sul,NY.GDP.PCAP.PP.KD,1999,24382.25
KOR,Coreia do Sul,NY.GDP.PCAP.PP.KD,2000,26404.16
KOR,Coreia do Sul,NY.GDP.PCAP.PP.KD,2001,27440.66
KOR,Coreia do Sul,NY.GDP.PCAP.PP.KD,2002,29395.28
KOR,Coreia do Sul,NY.GDP.PCAP.PP.KD,2003,30142.46
KOR,Coreia do Sul,NY.GDP.PCAP.PP.KD,2004,31579.53
KOR,Coreia do Sul,NY.GDP.PCAP.PP.KD,2005,32886.05
KOR,Coreia do Sul,NY.GDP.PCAP.PP.KD,2006,34429.62
KOR,Coreia do Sul,NY.GDP.PCAP.PP.KD,2007,36257.34
KOR,Coreia do Sul,NY.GDP.PCAP.PP.KD,2008,37064.15
KOR,Coreia do Sul,NY.GDP.PCAP.PP.KD,2009,37176.19
KOR,Coreia do Sul,NY.GDP.PCAP.PP.KD,2010,39574.05
KOR,Coreia do Sul,NY.GDP.PCAP.PP.KD,2011,40719.23
KOR,Coreia do Sul,NY.GDP.PCAP.PP.KD,2012,41537.67
KOR,Coreia do Sul,NY.GDP.PCAP.PP.KD,2013,42709.98
KOR,Coreia do Sul,NY.GDP.PCAP.PP.KD,2014,43806.93
KOR,Coreia do Sul,NY.GDP.PCAP.PP.KD,2015,44849.11
KOR,Coreia do Sul,NY.GDP.PCAP.PP.KD,2016,46088.24
KOR,Coreia do Sul,NY.GDP.PCAP.PP.KD,2017,47536.79
KOR,Coreia do Sul,NY.GDP.PCAP.PP.KD,2018,48834.45
KOR,Coreia do Sul,NY.GDP.PCAP.PP.KD,2019,49790.87
KOR,Coreia do Sul,NY.GDP.PCAP.PP.KD,2020,49374.09
KOR,Coreia do Sul,NY.GDP.PCAP.PP.KD,2021,51718.25
KOR,Coreia do Sul,NY.GDP.PCAP.PP.KD,2022,53228.60
KOR,Coreia do Sul,NY.GDP.PCAP.PP.KD,2023,54029.34
KOR,Coreia do Sul,NY.GDP.PCAP.PP.KD,2024,55070.94
KOR,Coreia do Sul,NY.GDP.PCAP.PP.KD,2025,55697.08
ZAF,África do Sul,NY.GDP.PCAP.PP.KD,1990,10811.15
ZAF,África do Sul,NY.GDP.PCAP.PP.KD,1991,10459.36
ZAF,África do Sul,NY.GDP.PCAP.PP.KD,1992,10053.61
ZAF,África do Sul,NY.GDP.PCAP.PP.KD,1993,9976.97
ZAF,África do Sul,NY.GDP.PCAP.PP.KD,1994,10130.81
ZAF,África do Sul,NY.GDP.PCAP.PP.KD,1995,10318.84
ZAF,África do Sul,NY.GDP.PCAP.PP.KD,1996,10623.86
ZAF,África do Sul,NY.GDP.PCAP.PP.KD,1997,10770.28
ZAF,África do Sul,NY.GDP.PCAP.PP.KD,1998,10693.69
ZAF,África do Sul,NY.GDP.PCAP.PP.KD,1999,10831.66
ZAF,África do Sul,NY.GDP.PCAP.PP.KD,2000,11183.83
ZAF,África do Sul,NY.GDP.PCAP.PP.KD,2001,11387.49
ZAF,África do Sul,NY.GDP.PCAP.PP.KD,2002,11697.57
ZAF,África do Sul,NY.GDP.PCAP.PP.KD,2003,11923.12
ZAF,África do Sul,NY.GDP.PCAP.PP.KD,2004,12341.21
ZAF,África do Sul,NY.GDP.PCAP.PP.KD,2005,12861.56
ZAF,África do Sul,NY.GDP.PCAP.PP.KD,2006,13444.23
ZAF,África do Sul,NY.GDP.PCAP.PP.KD,2007,14016.24
ZAF,África do Sul,NY.GDP.PCAP.PP.KD,2008,14297.69
ZAF,África do Sul,NY.GDP.PCAP.PP.KD,2009,13910.70
ZAF,África do Sul,NY.GDP.PCAP.PP.KD,2010,14165.00
ZAF,África do Sul,NY.GDP.PCAP.PP.KD,2011,14434.26
ZAF,África do Sul,NY.GDP.PCAP.PP.KD,2012,14563.76
ZAF,África do Sul,NY.GDP.PCAP.PP.KD,2013,14681.10
ZAF,África do Sul,NY.GDP.PCAP.PP.KD,2014,14643.34
ZAF,África do Sul,NY.GDP.PCAP.PP.KD,2015,14541.67
ZAF,África do Sul,NY.GDP.PCAP.PP.KD,2016,14501.28
ZAF,África do Sul,NY.GDP.PCAP.PP.KD,2017,14573.60
ZAF,África do Sul,NY.GDP.PCAP.PP.KD,2018,14553.56
ZAF,África do Sul,NY.GDP.PCAP.PP.KD,2019,14352.67
ZAF,África do Sul,NY.GDP.PCAP.PP.KD,2020,13250.57
ZAF,África do Sul,NY.GDP.PCAP.PP.KD,2021,13681.95
ZAF,África do Sul,NY.GDP.PCAP.PP.KD,2022,13767.50
ZAF,África do Sul,NY.GDP.PCAP.PP.KD,2023,13695.38
ZAF,África do Sul,NY.GDP.PCAP.PP.KD,2024,13597.65
ZAF,África do Sul,NY.GDP.PCAP.PP.KD,2025,13592.05
RUS,Rússia,NY.GDP.PCAP.PP.KD,1990,29643.60
RUS,Rússia,NY.GDP.PCAP.PP.KD,1991,28066.92
RUS,Rússia,NY.GDP.PCAP.PP.KD,1992,23965.24
RUS,Rússia,NY.GDP.PCAP.PP.KD,1993,21899.52
RUS,Rússia,NY.GDP.PCAP.PP.KD,1994,19153.36
RUS,Rússia,NY.GDP.PCAP.PP.KD,1995,18363.71
RUS,Rússia,NY.GDP.PCAP.PP.KD,1996,17699.87
RUS,Rússia,NY.GDP.PCAP.PP.KD,1997,17977.35
RUS,Rússia,NY.GDP.PCAP.PP.KD,1998,17052.76
RUS,Rússia,NY.GDP.PCAP.PP.KD,1999,18200.32
RUS,Rússia,NY.GDP.PCAP.PP.KD,2000,20104.75
RUS,Rússia,NY.GDP.PCAP.PP.KD,2001,21219.90
RUS,Rússia,NY.GDP.PCAP.PP.KD,2002,22319.68
RUS,Rússia,NY.GDP.PCAP.PP.KD,2003,24057.93
RUS,Rússia,NY.GDP.PCAP.PP.KD,2004,25894.15
RUS,Rússia,NY.GDP.PCAP.PP.KD,2005,27656.66
RUS,Rússia,NY.GDP.PCAP.PP.KD,2006,30022.67
RUS,Rússia,NY.GDP.PCAP.PP.KD,2007,32630.37
RUS,Rússia,NY.GDP.PCAP.PP.KD,2008,34342.23
RUS,Rússia,NY.GDP.PCAP.PP.KD,2009,31654.00
RUS,Rússia,NY.GDP.PCAP.PP.KD,2010,33063.59
RUS,Rússia,NY.GDP.PCAP.PP.KD,2011,34444.64
RUS,Rússia,NY.GDP.PCAP.PP.KD,2012,35740.70
RUS,Rússia,NY.GDP.PCAP.PP.KD,2013,36260.07
RUS,Rússia,NY.GDP.PCAP.PP.KD,2014,35853.25
RUS,Rússia,NY.GDP.PCAP.PP.KD,2015,35037.15
RUS,Rússia,NY.GDP.PCAP.PP.KD,2016,35005.45
RUS,Rússia,NY.GDP.PCAP.PP.KD,2017,35570.70
RUS,Rússia,NY.GDP.PCAP.PP.KD,2018,36536.70
RUS,Rússia,NY.GDP.PCAP.PP.KD,2019,37319.32
RUS,Rússia,NY.GDP.PCAP.PP.KD,2020,36376.34
RUS,Rússia,NY.GDP.PCAP.PP.KD,2021,38638.43
RUS,Rússia,NY.GDP.PCAP.PP.KD,2022,38214.69
RUS,Rússia,NY.GDP.PCAP.PP.KD,2023,39881.45
RUS,Rússia,NY.GDP.PCAP.PP.KD,2024,41891.17
RUS,Rússia,NY.GDP.PCAP.PP.KD,2025,42357.99
TUR,Turquia,NY.GDP.PCAP.PP.KD,1990,12184.20
TUR,Turquia,NY.GDP.PCAP.PP.KD,1991,12057.94
TUR,Turquia,NY.GDP.PCAP.PP.KD,1992,12451.05
TUR,Turquia,NY.GDP.PCAP.PP.KD,1993,13174.47
TUR,Turquia,NY.GDP.PCAP.PP.KD,1994,12343.00
TUR,Turquia,NY.GDP.PCAP.PP.KD,1995,13099.26
TUR,Turquia,NY.GDP.PCAP.PP.KD,1996,13826.92
TUR,Turquia,NY.GDP.PCAP.PP.KD,1997,14631.30
TUR,Turquia,NY.GDP.PCAP.PP.KD,1998,14704.34
TUR,Turquia,NY.GDP.PCAP.PP.KD,1999,14066.19
TUR,Turquia,NY.GDP.PCAP.PP.KD,2000,14856.91
TUR,Turquia,NY.GDP.PCAP.PP.KD,2001,13872.13
TUR,Turquia,NY.GDP.PCAP.PP.KD,2002,14587.89
TUR,Turquia,NY.GDP.PCAP.PP.KD,2003,15255.72
TUR,Turquia,NY.GDP.PCAP.PP.KD,2004,16583.88
TUR,Turquia,NY.GDP.PCAP.PP.KD,2005,17902.60
TUR,Turquia,NY.GDP.PCAP.PP.KD,2006,18972.01
TUR,Turquia,NY.GDP.PCAP.PP.KD,2007,19909.08
TUR,Turquia,NY.GDP.PCAP.PP.KD,2008,19839.58
TUR,Turquia,NY.GDP.PCAP.PP.KD,2009,18612.19
TUR,Turquia,NY.GDP.PCAP.PP.KD,2010,19897.45
TUR,Turquia,NY.GDP.PCAP.PP.KD,2011,21760.43
TUR,Turquia,NY.GDP.PCAP.PP.KD,2012,22517.71
TUR,Turquia,NY.GDP.PCAP.PP.KD,2013,24117.31
TUR,Turquia,NY.GDP.PCAP.PP.KD,2014,24888.85
TUR,Turquia,NY.GDP.PCAP.PP.KD,2015,25984.80
TUR,Turquia,NY.GDP.PCAP.PP.KD,2016,26489.64
TUR,Turquia,NY.GDP.PCAP.PP.KD,2017,28194.69
TUR,Turquia,NY.GDP.PCAP.PP.KD,2018,28780.30
TUR,Turquia,NY.GDP.PCAP.PP.KD,2019,28741.05
TUR,Turquia,NY.GDP.PCAP.PP.KD,2020,28976.72
TUR,Turquia,NY.GDP.PCAP.PP.KD,2021,32105.55
TUR,Turquia,NY.GDP.PCAP.PP.KD,2022,33520.81
TUR,Turquia,NY.GDP.PCAP.PP.KD,2023,35069.17
TUR,Turquia,NY.GDP.PCAP.PP.KD,2024,36154.49
TUR,Turquia,NY.GDP.PCAP.PP.KD,2025,37300.75
IDN,Indonésia,NY.GDP.PCAP.PP.KD,1990,4873.05
IDN,Indonésia,NY.GDP.PCAP.PP.KD,1991,5118.47
IDN,Indonésia,NY.GDP.PCAP.PP.KD,1992,5357.38
IDN,Indonésia,NY.GDP.PCAP.PP.KD,1993,5609.15
IDN,Indonésia,NY.GDP.PCAP.PP.KD,1994,5931.23
IDN,Indonésia,NY.GDP.PCAP.PP.KD,1995,6312.93
IDN,Indonésia,NY.GDP.PCAP.PP.KD,1996,6695.41
IDN,Indonésia,NY.GDP.PCAP.PP.KD,1997,6897.00
IDN,Indonésia,NY.GDP.PCAP.PP.KD,1998,5897.69
IDN,Indonésia,NY.GDP.PCAP.PP.KD,1999,5855.66
IDN,Indonésia,NY.GDP.PCAP.PP.KD,2000,6056.38
IDN,Indonésia,NY.GDP.PCAP.PP.KD,2001,6190.52
IDN,Indonésia,NY.GDP.PCAP.PP.KD,2002,6381.95
IDN,Indonésia,NY.GDP.PCAP.PP.KD,2003,6599.09
IDN,Indonésia,NY.GDP.PCAP.PP.KD,2004,6843.55
IDN,Indonésia,NY.GDP.PCAP.PP.KD,2005,7140.85
IDN,Indonésia,NY.GDP.PCAP.PP.KD,2006,7434.49
IDN,Indonésia,NY.GDP.PCAP.PP.KD,2007,7802.46
IDN,Indonésia,NY.GDP.PCAP.PP.KD,2008,8165.06
IDN,Indonésia,NY.GDP.PCAP.PP.KD,2009,8435.46
IDN,Indonésia,NY.GDP.PCAP.PP.KD,2010,8848.22
IDN,Indonésia,NY.GDP.PCAP.PP.KD,2011,9274.97
IDN,Indonésia,NY.GDP.PCAP.PP.KD,2012,9708.61
IDN,Indonésia,NY.GDP.PCAP.PP.KD,2013,10121.81
IDN,Indonésia,NY.GDP.PCAP.PP.KD,2014,10504.39
IDN,Indonésia,NY.GDP.PCAP.PP.KD,2015,10893.66
IDN,Indonésia,NY.GDP.PCAP.PP.KD,2016,11319.66
IDN,Indonésia,NY.GDP.PCAP.PP.KD,2017,11772.57
IDN,Indonésia,NY.GDP.PCAP.PP.KD,2018,12262.23
IDN,Indonésia,NY.GDP.PCAP.PP.KD,2019,12757.79
IDN,Indonésia,NY.GDP.PCAP.PP.KD,2020,12388.54
IDN,Indonésia,NY.GDP.PCAP.PP.KD,2021,12757.07
IDN,Indonésia,NY.GDP.PCAP.PP.KD,2022,13334.27
IDN,Indonésia,NY.GDP.PCAP.PP.KD,2023,13889.95
IDN,Indonésia,NY.GDP.PCAP.PP.KD,2024,14470.72
IDN,Indonésia,NY.GDP.PCAP.PP.KD,2025,15091.01
WLD,Mundo,NY.GDP.PCAP.PP.KD,1990,11275.13
WLD,Mundo,NY.GDP.PCAP.PP.KD,1991,11183.41
WLD,Mundo,NY.GDP.PCAP.PP.KD,1992,11147.56
WLD,Mundo,NY.GDP.PCAP.PP.KD,1993,11138.33
WLD,Mundo,NY.GDP.PCAP.PP.KD,1994,11264.78
WLD,Mundo,NY.GDP.PCAP.PP.KD,1995,11442.80
WLD,Mundo,NY.GDP.PCAP.PP.KD,1996,11691.71
WLD,Mundo,NY.GDP.PCAP.PP.KD,1997,11979.72
WLD,Mundo,NY.GDP.PCAP.PP.KD,1998,12098.40
WLD,Mundo,NY.GDP.PCAP.PP.KD,1999,12360.74
WLD,Mundo,NY.GDP.PCAP.PP.KD,2000,12780.64
WLD,Mundo,NY.GDP.PCAP.PP.KD,2001,12915.06
WLD,Mundo,NY.GDP.PCAP.PP.KD,2002,13104.35
WLD,Mundo,NY.GDP.PCAP.PP.KD,2003,13410.60
WLD,Mundo,NY.GDP.PCAP.PP.KD,2004,13921.34
WLD,Mundo,NY.GDP.PCAP.PP.KD,2005,14377.21
WLD,Mundo,NY.GDP.PCAP.PP.KD,2006,14934.69
WLD,Mundo,NY.GDP.PCAP.PP.KD,2007,15519.54
WLD,Mundo,NY.GDP.PCAP.PP.KD,2008,15756.20
WLD,Mundo,NY.GDP.PCAP.PP.KD,2009,15456.59
WLD,Mundo,NY.GDP.PCAP.PP.KD,2010,16050.85
WLD,Mundo,NY.GDP.PCAP.PP.KD,2011,16478.65
WLD,Mundo,NY.GDP.PCAP.PP.KD,2012,16785.05
WLD,Mundo,NY.GDP.PCAP.PP.KD,2013,17121.72
WLD,Mundo,NY.GDP.PCAP.PP.KD,2014,17502.78
WLD,Mundo,NY.GDP.PCAP.PP.KD,2015,17870.98
WLD,Mundo,NY.GDP.PCAP.PP.KD,2016,18234.02
WLD,Mundo,NY.GDP.PCAP.PP.KD,2017,18714.57
WLD,Mundo,NY.GDP.PCAP.PP.KD,2018,19189.49
WLD,Mundo,NY.GDP.PCAP.PP.KD,2019,19551.09
WLD,Mundo,NY.GDP.PCAP.PP.KD,2020,18812.49
WLD,Mundo,NY.GDP.PCAP.PP.KD,2021,19875.57
WLD,Mundo,NY.GDP.PCAP.PP.KD,2022,20421.73
WLD,Mundo,NY.GDP.PCAP.PP.KD,2023,20894.87
WLD,Mundo,NY.GDP.PCAP.PP.KD,2024,21393.18
WLD,Mundo,NY.GDP.PCAP.PP.KD,2025,21913.51
LCN,América Latina e Caribe,NY.GDP.PCAP.PP.KD,1990,12425.58
LCN,América Latina e Caribe,NY.GDP.PCAP.PP.KD,1991,12603.57
LCN,América Latina e Caribe,NY.GDP.PCAP.PP.KD,1992,12734.92
LCN,América Latina e Caribe,NY.GDP.PCAP.PP.KD,1993,13103.05
LCN,América Latina e Caribe,NY.GDP.PCAP.PP.KD,1994,13570.07
LCN,América Latina e Caribe,NY.GDP.PCAP.PP.KD,1995,13463.69
LCN,América Latina e Caribe,NY.GDP.PCAP.PP.KD,1996,13773.17
LCN,América Latina e Caribe,NY.GDP.PCAP.PP.KD,1997,14298.02
LCN,América Latina e Caribe,NY.GDP.PCAP.PP.KD,1998,14501.28
LCN,América Latina e Caribe,NY.GDP.PCAP.PP.KD,1999,14363.69
LCN,América Latina e Caribe,NY.GDP.PCAP.PP.KD,2000,14662.98
LCN,América Latina e Caribe,NY.GDP.PCAP.PP.KD,2001,14517.50
LCN,América Latina e Caribe,NY.GDP.PCAP.PP.KD,2002,14398.15
LCN,América Latina e Caribe,NY.GDP.PCAP.PP.KD,2003,14567.69
LCN,América Latina e Caribe,NY.GDP.PCAP.PP.KD,2004,15159.85
LCN,América Latina e Caribe,NY.GDP.PCAP.PP.KD,2005,15565.18
LCN,América Latina e Caribe,NY.GDP.PCAP.PP.KD,2006,16172.05
LCN,América Latina e Caribe,NY.GDP.PCAP.PP.KD,2007,16820.28
LCN,América Latina e Caribe,NY.GDP.PCAP.PP.KD,2008,17242.65
LCN,América Latina e Caribe,NY.GDP.PCAP.PP.KD,2009,16665.10
LCN,América Latina e Caribe,NY.GDP.PCAP.PP.KD,2010,17550.74
LCN,América Latina e Caribe,NY.GDP.PCAP.PP.KD,2011,18150.59
LCN,América Latina e Caribe,NY.GDP.PCAP.PP.KD,2012,18433.74
LCN,América Latina e Caribe,NY.GDP.PCAP.PP.KD,2013,18766.92
LCN,América Latina e Caribe,NY.GDP.PCAP.PP.KD,2014,18852.43
LCN,América Latina e Caribe,NY.GDP.PCAP.PP.KD,2015,18762.90
LCN,América Latina e Caribe,NY.GDP.PCAP.PP.KD,2016,18550.87
LCN,América Latina e Caribe,NY.GDP.PCAP.PP.KD,2017,18744.62
LCN,América Latina e Caribe,NY.GDP.PCAP.PP.KD,2018,18893.80
LCN,América Latina e Caribe,NY.GDP.PCAP.PP.KD,2019,18883.19
LCN,América Latina e Caribe,NY.GDP.PCAP.PP.KD,2020,17508.62
LCN,América Latina e Caribe,NY.GDP.PCAP.PP.KD,2021,18696.32
LCN,América Latina e Caribe,NY.GDP.PCAP.PP.KD,2022,19355.08
LCN,América Latina e Caribe,NY.GDP.PCAP.PP.KD,2023,19651.73
LCN,América Latina e Caribe,NY.GDP.PCAP.PP.KD,2024,19954.15
LCN,América Latina e Caribe,NY.GDP.PCAP.PP.KD,2025,20286.73
UMC,Países de renda média-alta,NY.GDP.PCAP.PP.KD,1990,5810.42
UMC,Países de renda média-alta,NY.GDP.PCAP.PP.KD,1991,5832.26
UMC,Países de renda média-alta,NY.GDP.PCAP.PP.KD,1992,5937.93
UMC,Países de renda média-alta,NY.GDP.PCAP.PP.KD,1993,6118.06
UMC,Países de renda média-alta,NY.GDP.PCAP.PP.KD,1994,6270.84
UMC,Países de renda média-alta,NY.GDP.PCAP.PP.KD,1995,6432.69
UMC,Países de renda média-alta,NY.GDP.PCAP.PP.KD,1996,6714.81
UMC,Países de renda média-alta,NY.GDP.PCAP.PP.KD,1997,7003.14
UMC,Países de renda média-alta,NY.GDP.PCAP.PP.KD,1998,7065.41
UMC,Países de renda média-alta,NY.GDP.PCAP.PP.KD,1999,7193.23
UMC,Países de renda média-alta,NY.GDP.PCAP.PP.KD,2000,7534.47
UMC,Países de renda média-alta,NY.GDP.PCAP.PP.KD,2001,7707.83
UMC,Países de renda média-alta,NY.GDP.PCAP.PP.KD,2002,7995.27
UMC,Países de renda média-alta,NY.GDP.PCAP.PP.KD,2003,8370.32
UMC,Países de renda média-alta,NY.GDP.PCAP.PP.KD,2004,8939.43
UMC,Países de renda média-alta,NY.GDP.PCAP.PP.KD,2005,9482.47
UMC,Países de renda média-alta,NY.GDP.PCAP.PP.KD,2006,10156.83
UMC,Países de renda média-alta,NY.GDP.PCAP.PP.KD,2007,10958.71
UMC,Países de renda média-alta,NY.GDP.PCAP.PP.KD,2008,11494.89
UMC,Países de renda média-alta,NY.GDP.PCAP.PP.KD,2009,11694.22
UMC,Países de renda média-alta,NY.GDP.PCAP.PP.KD,2010,12531.09
UMC,Países de renda média-alta,NY.GDP.PCAP.PP.KD,2011,13236.52
UMC,Países de renda média-alta,NY.GDP.PCAP.PP.KD,2012,13822.30
UMC,Países de renda média-alta,NY.GDP.PCAP.PP.KD,2013,14423.83
UMC,Países de renda média-alta,NY.GDP.PCAP.PP.KD,2014,14947.24
UMC,Países de renda média-alta,NY.GDP.PCAP.PP.KD,2015,15424.56
UMC,Países de renda média-alta,NY.GDP.PCAP.PP.KD,2016,15979.55
UMC,Países de renda média-alta,NY.GDP.PCAP.PP.KD,2017,16662.43
UMC,Países de renda média-alta,NY.GDP.PCAP.PP.KD,2018,17308.09
UMC,Países de renda média-alta,NY.GDP.PCAP.PP.KD,2019,17882.20
UMC,Países de renda média-alta,NY.GDP.PCAP.PP.KD,2020,17611.74
UMC,Países de renda média-alta,NY.GDP.PCAP.PP.KD,2021,18796.44
UMC,Países de renda média-alta,NY.GDP.PCAP.PP.KD,2022,19378.71
UMC,Países de renda média-alta,NY.GDP.PCAP.PP.KD,2023,20194.44
UMC,Países de renda média-alta,NY.GDP.PCAP.PP.KD,2024,20967.36
UMC,Países de renda média-alta,NY.GDP.PCAP.PP.KD,2025,21748.88
HIC,Países de renda alta,NY.GDP.PCAP.PP.KD,1990,35048.49
HIC,Países de renda alta,NY.GDP.PCAP.PP.KD,1991,34936.62
HIC,Países de renda alta,NY.GDP.PCAP.PP.KD,1992,34831.45
HIC,Países de renda alta,NY.GDP.PCAP.PP.KD,1993,34769.11
HIC,Países de renda alta,NY.GDP.PCAP.PP.KD,1994,35306.65
HIC,Países de renda alta,NY.GDP.PCAP.PP.KD,1995,36005.21
HIC,Países de renda alta,NY.GDP.PCAP.PP.KD,1996,36746.94
HIC,Países de renda alta,NY.GDP.PCAP.PP.KD,1997,37780.22
HIC,Países de renda alta,NY.GDP.PCAP.PP.KD,1998,38417.02
HIC,Países de renda alta,NY.GDP.PCAP.PP.KD,1999,39579.80
HIC,Países de renda alta,NY.GDP.PCAP.PP.KD,2000,41171.50
HIC,Países de renda alta,NY.GDP.PCAP.PP.KD,2001,41687.26
HIC,Países de renda alta,NY.GDP.PCAP.PP.KD,2002,42228.52
HIC,Países de renda alta,NY.GDP.PCAP.PP.KD,2003,43079.05
HIC,Países de renda alta,NY.GDP.PCAP.PP.KD,2004,44471.45
HIC,Países de renda alta,NY.GDP.PCAP.PP.KD,2005,45654.07
HIC,Países de renda alta,NY.GDP.PCAP.PP.KD,2006,47042.12
HIC,Países de renda alta,NY.GDP.PCAP.PP.KD,2007,48291.75
HIC,Países de renda alta,NY.GDP.PCAP.PP.KD,2008,48486.43
HIC,Países de renda alta,NY.GDP.PCAP.PP.KD,2009,46460.53
HIC,Países de renda alta,NY.GDP.PCAP.PP.KD,2010,47722.62
HIC,Países de renda alta,NY.GDP.PCAP.PP.KD,2011,48617.91
HIC,Países de renda alta,NY.GDP.PCAP.PP.KD,2012,49098.57
HIC,Países de renda alta,NY.GDP.PCAP.PP.KD,2013,49580.80
HIC,Países de renda alta,NY.GDP.PCAP.PP.KD,2014,50378.32
HIC,Países de renda alta,NY.GDP.PCAP.PP.KD,2015,51152.87
HIC,Países de renda alta,NY.GDP.PCAP.PP.KD,2016,51760.63
HIC,Países de renda alta,NY.GDP.PCAP.PP.KD,2017,52827.43
HIC,Países de renda alta,NY.GDP.PCAP.PP.KD,2018,53954.49
HIC,Países de renda alta,NY.GDP.PCAP.PP.KD,2019,54801.53
HIC,Países de renda alta,NY.GDP.PCAP.PP.KD,2020,52507.02
HIC,Países de renda alta,NY.GDP.PCAP.PP.KD,2021,55735.77
HIC,Países de renda alta,NY.GDP.PCAP.PP.KD,2022,57194.67
HIC,Países de renda alta,NY.GDP.PCAP.PP.KD,2023,57813.42
HIC,Países de renda alta,NY.GDP.PCAP.PP.KD,2024,58645.04
HIC,Países de renda alta,NY.GDP.PCAP.PP.KD,2025,59555.51
LMY,Países de renda baixa e média,NY.GDP.PCAP.PP.KD,1990,4440.59
LMY,Países de renda baixa e média,NY.GDP.PCAP.PP.KD,1991,4439.31
LMY,Países de renda baixa e média,NY.GDP.PCAP.PP.KD,1992,4502.70
LMY,Países de renda baixa e média,NY.GDP.PCAP.PP.KD,1993,4587.73
LMY,Países de renda baixa e média,NY.GDP.PCAP.PP.KD,1994,4678.33
LMY,Países de renda baixa e média,NY.GDP.PCAP.PP.KD,1995,4792.63
LMY,Países de renda baixa e média,NY.GDP.PCAP.PP.KD,1996,4987.65
LMY,Países de renda baixa e média,NY.GDP.PCAP.PP.KD,1997,5155.37
LMY,Países de renda baixa e média,NY.GDP.PCAP.PP.KD,1998,5215.31
LMY,Países de renda baixa e média,NY.GDP.PCAP.PP.KD,1999,5320.56
LMY,Países de renda baixa e média,NY.GDP.PCAP.PP.KD,2000,5516.65
LMY,Países de renda baixa e média,NY.GDP.PCAP.PP.KD,2001,5631.11
LMY,Países de renda baixa e média,NY.GDP.PCAP.PP.KD,2002,5806.43
LMY,Países de renda baixa e média,NY.GDP.PCAP.PP.KD,2003,6049.21
LMY,Países de renda baixa e média,NY.GDP.PCAP.PP.KD,2004,6413.33
LMY,Países de renda baixa e média,NY.GDP.PCAP.PP.KD,2005,6762.60
LMY,Países de renda baixa e média,NY.GDP.PCAP.PP.KD,2006,7185.63
LMY,Países de renda baixa e média,NY.GDP.PCAP.PP.KD,2007,7671.75
LMY,Países de renda baixa e média,NY.GDP.PCAP.PP.KD,2008,7977.46
LMY,Países de renda baixa e média,NY.GDP.PCAP.PP.KD,2009,8152.22
LMY,Países de renda baixa e média,NY.GDP.PCAP.PP.KD,2010,8663.86
LMY,Países de renda baixa e média,NY.GDP.PCAP.PP.KD,2011,9057.30
LMY,Países de renda baixa e média,NY.GDP.PCAP.PP.KD,2012,9388.20
LMY,Países de renda baixa e média,NY.GDP.PCAP.PP.KD,2013,9755.17
LMY,Países de renda baixa e média,NY.GDP.PCAP.PP.KD,2014,10105.08
LMY,Países de renda baixa e média,NY.GDP.PCAP.PP.KD,2015,10435.51
LMY,Países de renda baixa e média,NY.GDP.PCAP.PP.KD,2016,10798.45
LMY,Países de renda baixa e média,NY.GDP.PCAP.PP.KD,2017,11215.79
LMY,Países de renda baixa e média,NY.GDP.PCAP.PP.KD,2018,11619.80
LMY,Países de renda baixa e média,NY.GDP.PCAP.PP.KD,2019,11942.57
LMY,Países de renda baixa e média,NY.GDP.PCAP.PP.KD,2020,11605.62
LMY,Países de renda baixa e média,NY.GDP.PCAP.PP.KD,2021,12294.69
LMY,Países de renda baixa e média,NY.GDP.PCAP.PP.KD,2022,12688.97
LMY,Países de renda baixa e média,NY.GDP.PCAP.PP.KD,2023,13155.16
LMY,Países de renda baixa e média,NY.GDP.PCAP.PP.KD,2024,13612.79
LMY,Países de renda baixa e média,NY.GDP.PCAP.PP.KD,2025,14102.09
BRA,Brasil,NY.GDP.PCAP.CD,1960,235.27
BRA,Brasil,NY.GDP.PCAP.CD,1961,231.56
BRA,Brasil,NY.GDP.PCAP.CD,1962,250.20
BRA,Brasil,NY.GDP.PCAP.CD,1963,294.17
BRA,Brasil,NY.GDP.PCAP.CD,1964,257.26
BRA,Brasil,NY.GDP.PCAP.CD,1965,268.03
BRA,Brasil,NY.GDP.PCAP.CD,1966,328.34
BRA,Brasil,NY.GDP.PCAP.CD,1967,351.47
BRA,Brasil,NY.GDP.PCAP.CD,1968,373.93
BRA,Brasil,NY.GDP.PCAP.CD,1969,399.50
BRA,Brasil,NY.GDP.PCAP.CD,1970,443.80
BRA,Brasil,NY.GDP.PCAP.CD,1971,500.00
BRA,Brasil,NY.GDP.PCAP.CD,1972,583.49
BRA,Brasil,NY.GDP.PCAP.CD,1973,814.73
BRA,Brasil,NY.GDP.PCAP.CD,1974,1044.77
BRA,Brasil,NY.GDP.PCAP.CD,1975,1200.56
BRA,Brasil,NY.GDP.PCAP.CD,1976,1389.75
BRA,Brasil,NY.GDP.PCAP.CD,1977,1562.29
BRA,Brasil,NY.GDP.PCAP.CD,1978,1732.50
BRA,Brasil,NY.GDP.PCAP.CD,1979,1869.71
BRA,Brasil,NY.GDP.PCAP.CD,1980,1958.57
BRA,Brasil,NY.GDP.PCAP.CD,1981,2079.71
BRA,Brasil,NY.GDP.PCAP.CD,1982,2137.63
BRA,Brasil,NY.GDP.PCAP.CD,1983,1461.26
BRA,Brasil,NY.GDP.PCAP.CD,1984,1419.73
BRA,Brasil,NY.GDP.PCAP.CD,1985,1556.13
BRA,Brasil,NY.GDP.PCAP.CD,1986,1854.04
BRA,Brasil,NY.GDP.PCAP.CD,1987,2006.00
BRA,Brasil,NY.GDP.PCAP.CD,1988,2140.65
BRA,Brasil,NY.GDP.PCAP.CD,1989,2818.99
BRA,Brasil,NY.GDP.PCAP.CD,1990,2581.14
BRA,Brasil,NY.GDP.PCAP.CD,1991,2257.61
BRA,Brasil,NY.GDP.PCAP.CD,1992,2127.32
BRA,Brasil,NY.GDP.PCAP.CD,1993,2348.88
BRA,Brasil,NY.GDP.PCAP.CD,1994,3298.71
BRA,Brasil,NY.GDP.PCAP.CD,1995,4756.75
BRA,Brasil,NY.GDP.PCAP.CD,1996,5179.13
BRA,Brasil,NY.GDP.PCAP.CD,1997,5299.40
BRA,Brasil,NY.GDP.PCAP.CD,1998,5105.89
BRA,Brasil,NY.GDP.PCAP.CD,1999,3493.57
BRA,Brasil,NY.GDP.PCAP.CD,2000,3766.55
BRA,Brasil,NY.GDP.PCAP.CD,2001,3176.29
BRA,Brasil,NY.GDP.PCAP.CD,2002,2855.94
BRA,Brasil,NY.GDP.PCAP.CD,2003,3090.61
BRA,Brasil,NY.GDP.PCAP.CD,2004,3663.82
BRA,Brasil,NY.GDP.PCAP.CD,2005,4827.78
BRA,Brasil,NY.GDP.PCAP.CD,2006,5934.14
BRA,Brasil,NY.GDP.PCAP.CD,2007,7409.69
BRA,Brasil,NY.GDP.PCAP.CD,2008,8908.33
BRA,Brasil,NY.GDP.PCAP.CD,2009,8678.66
BRA,Brasil,NY.GDP.PCAP.CD,2010,11403.28
BRA,Brasil,NY.GDP.PCAP.CD,2011,13396.62
BRA,Brasil,NY.GDP.PCAP.CD,2012,12521.72
BRA,Brasil,NY.GDP.PCAP.CD,2013,12458.89
BRA,Brasil,NY.GDP.PCAP.CD,2014,12274.99
BRA,Brasil,NY.GDP.PCAP.CD,2015,8936.20
BRA,Brasil,NY.GDP.PCAP.CD,2016,8836.29
BRA,Brasil,NY.GDP.PCAP.CD,2017,10080.51
BRA,Brasil,NY.GDP.PCAP.CD,2018,9300.66
BRA,Brasil,NY.GDP.PCAP.CD,2019,9029.83
BRA,Brasil,NY.GDP.PCAP.CD,2020,7074.19
BRA,Brasil,NY.GDP.PCAP.CD,2021,7972.54
BRA,Brasil,NY.GDP.PCAP.CD,2022,9281.33
BRA,Brasil,NY.GDP.PCAP.CD,2023,10377.59
BRA,Brasil,NY.GDP.PCAP.CD,2024,10310.55
BRA,Brasil,NY.GDP.PCAP.CD,2025,10713.29
ARG,Argentina,NY.GDP.PCAP.CD,1960,778.25
ARG,Argentina,NY.GDP.PCAP.CD,1961,971.34
ARG,Argentina,NY.GDP.PCAP.CD,1962,870.22
ARG,Argentina,NY.GDP.PCAP.CD,1963,852.97
ARG,Argentina,NY.GDP.PCAP.CD,1964,1176.20
ARG,Argentina,NY.GDP.PCAP.CD,1965,1281.83
ARG,Argentina,NY.GDP.PCAP.CD,1966,1275.08
ARG,Argentina,NY.GDP.PCAP.CD,1967,1063.93
ARG,Argentina,NY.GDP.PCAP.CD,1968,1141.95
ARG,Argentina,NY.GDP.PCAP.CD,1969,1329.56
ARG,Argentina,NY.GDP.PCAP.CD,1970,1322.71
ARG,Argentina,NY.GDP.PCAP.CD,1971,1372.51
ARG,Argentina,NY.GDP.PCAP.CD,1972,1409.37
ARG,Argentina,NY.GDP.PCAP.CD,1973,2097.90
ARG,Argentina,NY.GDP.PCAP.CD,1974,2844.97
ARG,Argentina,NY.GDP.PCAP.CD,1975,2026.68
ARG,Argentina,NY.GDP.PCAP.CD,1976,1946.92
ARG,Argentina,NY.GDP.PCAP.CD,1977,2126.49
ARG,Argentina,NY.GDP.PCAP.CD,1978,3282.06
ARG,Argentina,NY.GDP.PCAP.CD,1979,2511.97
ARG,Argentina,NY.GDP.PCAP.CD,1980,2747.50
ARG,Argentina,NY.GDP.PCAP.CD,1981,2764.09
ARG,Argentina,NY.GDP.PCAP.CD,1982,2914.77
ARG,Argentina,NY.GDP.PCAP.CD,1983,3537.75
ARG,Argentina,NY.GDP.PCAP.CD,1984,3915.03
ARG,Argentina,NY.GDP.PCAP.CD,1985,2905.78
ARG,Argentina,NY.GDP.PCAP.CD,1986,3436.08
ARG,Argentina,NY.GDP.PCAP.CD,1987,3477.30
ARG,Argentina,NY.GDP.PCAP.CD,1988,3992.70
ARG,Argentina,NY.GDP.PCAP.CD,1989,2374.57
ARG,Argentina,NY.GDP.PCAP.CD,1990,4315.33
ARG,Argentina,NY.GDP.PCAP.CD,1991,5709.25
ARG,Argentina,NY.GDP.PCAP.CD,1992,6790.00
ARG,Argentina,NY.GDP.PCAP.CD,1993,6931.86
ARG,Argentina,NY.GDP.PCAP.CD,1994,7437.56
ARG,Argentina,NY.GDP.PCAP.CD,1995,7357.62
ARG,Argentina,NY.GDP.PCAP.CD,1996,7663.21
ARG,Argentina,NY.GDP.PCAP.CD,1997,8146.79
ARG,Argentina,NY.GDP.PCAP.CD,1998,8218.99
ARG,Argentina,NY.GDP.PCAP.CD,1999,7705.54
ARG,Argentina,NY.GDP.PCAP.CD,2000,7637.01
ARG,Argentina,NY.GDP.PCAP.CD,2001,7141.48
ARG,Argentina,NY.GDP.PCAP.CD,2002,2569.70
ARG,Argentina,NY.GDP.PCAP.CD,2003,3320.48
ARG,Argentina,NY.GDP.PCAP.CD,2004,4242.02
ARG,Argentina,NY.GDP.PCAP.CD,2005,5067.65
ARG,Argentina,NY.GDP.PCAP.CD,2006,5869.38
ARG,Argentina,NY.GDP.PCAP.CD,2007,7185.25
ARG,Argentina,NY.GDP.PCAP.CD,2008,8944.11
ARG,Argentina,NY.GDP.PCAP.CD,2009,8150.24
ARG,Argentina,NY.GDP.PCAP.CD,2010,10260.13
ARG,Argentina,NY.GDP.PCAP.CD,2011,12704.28
ARG,Argentina,NY.GDP.PCAP.CD,2012,12949.72
ARG,Argentina,NY.GDP.PCAP.CD,2013,12963.68
ARG,Argentina,NY.GDP.PCAP.CD,2014,12233.14
ARG,Argentina,NY.GDP.PCAP.CD,2015,13679.63
ARG,Argentina,NY.GDP.PCAP.CD,2016,12699.96
ARG,Argentina,NY.GDP.PCAP.CD,2017,14532.50
ARG,Argentina,NY.GDP.PCAP.CD,2018,11752.80
ARG,Argentina,NY.GDP.PCAP.CD,2019,9955.97
ARG,Argentina,NY.GDP.PCAP.CD,2020,8535.60
ARG,Argentina,NY.GDP.PCAP.CD,2021,10738.02
ARG,Argentina,NY.GDP.PCAP.CD,2022,13962.19
ARG,Argentina,NY.GDP.PCAP.CD,2023,14261.85
ARG,Argentina,NY.GDP.PCAP.CD,2024,13969.78
ARG,Argentina,NY.GDP.PCAP.CD,2025,14898.09
CHL,Chile,NY.GDP.PCAP.CD,1960,516.49
CHL,Chile,NY.GDP.PCAP.CD,1961,594.44
CHL,Chile,NY.GDP.PCAP.CD,1962,678.58
CHL,Chile,NY.GDP.PCAP.CD,1963,657.72
CHL,Chile,NY.GDP.PCAP.CD,1964,685.97
CHL,Chile,NY.GDP.PCAP.CD,1965,686.12
CHL,Chile,NY.GDP.PCAP.CD,1966,790.36
CHL,Chile,NY.GDP.PCAP.CD,1967,764.27
CHL,Chile,NY.GDP.PCAP.CD,1968,765.85
CHL,Chile,NY.GDP.PCAP.CD,1969,873.58
CHL,Chile,NY.GDP.PCAP.CD,1970,940.65
CHL,Chile,NY.GDP.PCAP.CD,1971,1098.91
CHL,Chile,NY.GDP.PCAP.CD,1972,1185.05
CHL,Chile,NY.GDP.PCAP.CD,1973,1667.00
CHL,Chile,NY.GDP.PCAP.CD,1974,1578.58
CHL,Chile,NY.GDP.PCAP.CD,1975,732.05
CHL,Chile,NY.GDP.PCAP.CD,1976,970.96
CHL,Chile,NY.GDP.PCAP.CD,1977,1296.87
CHL,Chile,NY.GDP.PCAP.CD,1978,1465.46
CHL,Chile,NY.GDP.PCAP.CD,1979,1962.08
CHL,Chile,NY.GDP.PCAP.CD,1980,2570.84
CHL,Chile,NY.GDP.PCAP.CD,1981,3012.34
CHL,Chile,NY.GDP.PCAP.CD,1982,1663.28
CHL,Chile,NY.GDP.PCAP.CD,1983,1715.40
CHL,Chile,NY.GDP.PCAP.CD,1984,1636.22
CHL,Chile,NY.GDP.PCAP.CD,1985,1446.81
CHL,Chile,NY.GDP.PCAP.CD,1986,1524.98
CHL,Chile,NY.GDP.PCAP.CD,1987,1767.41
CHL,Chile,NY.GDP.PCAP.CD,1988,2013.54
CHL,Chile,NY.GDP.PCAP.CD,1989,2277.85
CHL,Chile,NY.GDP.PCAP.CD,1990,2487.77
CHL,Chile,NY.GDP.PCAP.CD,1991,2798.34
CHL,Chile,NY.GDP.PCAP.CD,1992,3351.84
CHL,Chile,NY.GDP.PCAP.CD,1993,3540.91
CHL,Chile,NY.GDP.PCAP.CD,1994,4012.10
CHL,Chile,NY.GDP.PCAP.CD,1995,5081.47
CHL,Chile,NY.GDP.PCAP.CD,1996,5333.50
CHL,Chile,NY.GDP.PCAP.CD,1997,5741.96
CHL,Chile,NY.GDP.PCAP.CD,1998,5419.82
CHL,Chile,NY.GDP.PCAP.CD,1999,4933.56
CHL,Chile,NY.GDP.PCAP.CD,2000,5052.99
CHL,Chile,NY.GDP.PCAP.CD,2001,4563.60
CHL,Chile,NY.GDP.PCAP.CD,2002,4430.85
CHL,Chile,NY.GDP.PCAP.CD,2003,4773.40
CHL,Chile,NY.GDP.PCAP.CD,2004,6120.59
CHL,Chile,NY.GDP.PCAP.CD,2005,7480.32
CHL,Chile,NY.GDP.PCAP.CD,2006,9318.66
CHL,Chile,NY.GDP.PCAP.CD,2007,10346.41
CHL,Chile,NY.GDP.PCAP.CD,2008,10683.22
CHL,Chile,NY.GDP.PCAP.CD,2009,10098.80
CHL,Chile,NY.GDP.PCAP.CD,2010,12632.87
CHL,Chile,NY.GDP.PCAP.CD,2011,14487.39
CHL,Chile,NY.GDP.PCAP.CD,2012,15241.91
CHL,Chile,NY.GDP.PCAP.CD,2013,15683.55
CHL,Chile,NY.GDP.PCAP.CD,2014,14529.68
CHL,Chile,NY.GDP.PCAP.CD,2015,13433.92
CHL,Chile,NY.GDP.PCAP.CD,2016,13649.85
CHL,Chile,NY.GDP.PCAP.CD,2017,14879.91
CHL,Chile,NY.GDP.PCAP.CD,2018,15659.48
CHL,Chile,NY.GDP.PCAP.CD,2019,14496.93
CHL,Chile,NY.GDP.PCAP.CD,2020,13117.99
CHL,Chile,NY.GDP.PCAP.CD,2021,16216.18
CHL,Chile,NY.GDP.PCAP.CD,2022,15399.10
CHL,Chile,NY.GDP.PCAP.CD,2023,17081.52
CHL,Chile,NY.GDP.PCAP.CD,2024,16658.97
CHL,Chile,NY.GDP.PCAP.CD,2025,17994.59
COL,Colômbia,NY.GDP.PCAP.CD,1960,258.30
COL,Colômbia,NY.GDP.PCAP.CD,1961,282.10
COL,Colômbia,NY.GDP.PCAP.CD,1962,298.54
COL,Colômbia,NY.GDP.PCAP.CD,1963,282.59
COL,Colômbia,NY.GDP.PCAP.CD,1964,338.68
COL,Colômbia,NY.GDP.PCAP.CD,1965,317.06
COL,Colômbia,NY.GDP.PCAP.CD,1966,290.25
COL,Colômbia,NY.GDP.PCAP.CD,1967,302.83
COL,Colômbia,NY.GDP.PCAP.CD,1968,301.53
COL,Colômbia,NY.GDP.PCAP.CD,1969,317.87
COL,Colômbia,NY.GDP.PCAP.CD,1970,345.88
COL,Colômbia,NY.GDP.PCAP.CD,1971,366.83
COL,Colômbia,NY.GDP.PCAP.CD,1972,397.41
COL,Colômbia,NY.GDP.PCAP.CD,1973,462.06
COL,Colômbia,NY.GDP.PCAP.CD,1974,541.75
COL,Colômbia,NY.GDP.PCAP.CD,1975,561.10
COL,Colômbia,NY.GDP.PCAP.CD,1976,643.01
COL,Colômbia,NY.GDP.PCAP.CD,1977,798.20
COL,Colômbia,NY.GDP.PCAP.CD,1978,932.39
COL,Colômbia,NY.GDP.PCAP.CD,1979,1095.03
COL,Colômbia,NY.GDP.PCAP.CD,1980,1279.50
COL,Colômbia,NY.GDP.PCAP.CD,1981,1362.18
COL,Colômbia,NY.GDP.PCAP.CD,1982,1425.40
COL,Colômbia,NY.GDP.PCAP.CD,1983,1383.79
COL,Colômbia,NY.GDP.PCAP.CD,1984,1335.53
COL,Colômbia,NY.GDP.PCAP.CD,1985,1192.22
COL,Colômbia,NY.GDP.PCAP.CD,1986,1169.46
COL,Colômbia,NY.GDP.PCAP.CD,1987,1192.59
COL,Colômbia,NY.GDP.PCAP.CD,1988,1259.62
COL,Colômbia,NY.GDP.PCAP.CD,1989,1244.33
COL,Colômbia,NY.GDP.PCAP.CD,1990,1474.85
COL,Colômbia,NY.GDP.PCAP.CD,1991,1485.74
COL,Colômbia,NY.GDP.PCAP.CD,1992,1730.39
COL,Colômbia,NY.GDP.PCAP.CD,1993,1929.27
COL,Colômbia,NY.GDP.PCAP.CD,1994,2325.92
COL,Colômbia,NY.GDP.PCAP.CD,1995,2583.67
COL,Colômbia,NY.GDP.PCAP.CD,1996,2664.64
COL,Colômbia,NY.GDP.PCAP.CD,1997,2873.28
COL,Colômbia,NY.GDP.PCAP.CD,1998,2604.87
COL,Colômbia,NY.GDP.PCAP.CD,1999,2241.23
COL,Colômbia,NY.GDP.PCAP.CD,2000,2555.01
COL,Colômbia,NY.GDP.PCAP.CD,2001,2472.99
COL,Colômbia,NY.GDP.PCAP.CD,2002,2428.93
COL,Colômbia,NY.GDP.PCAP.CD,2003,2311.94
COL,Colômbia,NY.GDP.PCAP.CD,2004,2818.57
COL,Colômbia,NY.GDP.PCAP.CD,2005,3456.07
COL,Colômbia,NY.GDP.PCAP.CD,2006,3789.85
COL,Colômbia,NY.GDP.PCAP.CD,2007,4769.93
COL,Colômbia,NY.GDP.PCAP.CD,2008,5541.84
COL,Colômbia,NY.GDP.PCAP.CD,2009,5250.97
COL,Colômbia,NY.GDP.PCAP.CD,2010,6398.30
COL,Colômbia,NY.GDP.PCAP.CD,2011,7400.99
COL,Colômbia,NY.GDP.PCAP.CD,2012,8108.60
COL,Colômbia,NY.GDP.PCAP.CD,2013,8279.10
COL,Colômbia,NY.GDP.PCAP.CD,2014,8187.21
COL,Colômbia,NY.GDP.PCAP.CD,2015,6248.51
COL,Colômbia,NY.GDP.PCAP.CD,2016,5959.84
COL,Colômbia,NY.GDP.PCAP.CD,2017,6479.53
COL,Colômbia,NY.GDP.PCAP.CD,2018,6816.97
COL,Colômbia,NY.GDP.PCAP.CD,2019,6472.55
COL,Colômbia,NY.GDP.PCAP.CD,2020,5339.69
COL,Colômbia,NY.GDP.PCAP.CD,2021,6222.62
COL,Colômbia,NY.GDP.PCAP.CD,2022,6680.45
COL,Colômbia,NY.GDP.PCAP.CD,2023,7012.49
COL,Colômbia,NY.GDP.PCAP.CD,2024,7951.09
COL,Colômbia,NY.GDP.PCAP.CD,2025,8561.62
MEX,México,NY.GDP.PCAP.CD,1960,355.08
MEX,México,NY.GDP.PCAP.CD,1961,373.71
MEX,México,NY.GDP.PCAP.CD,1962,388.46
MEX,México,NY.GDP.PCAP.CD,1963,419.55
MEX,México,NY.GDP.PCAP.CD,1964,480.70
MEX,México,NY.GDP.PCAP.CD,1965,505.85
MEX,México,NY.GDP.PCAP.CD,1966,544.94
MEX,México,NY.GDP.PCAP.CD,1967,575.77
MEX,México,NY.GDP.PCAP.CD,1968,615.92
MEX,México,NY.GDP.PCAP.CD,1969,659.72
MEX,México,NY.GDP.PCAP.CD,1970,699.01
MEX,México,NY.GDP.PCAP.CD,1971,747.91
MEX,México,NY.GDP.PCAP.CD,1972,836.57
MEX,México,NY.GDP.PCAP.CD,1973,993.04
MEX,México,NY.GDP.PCAP.CD,1974,1256.10
MEX,México,NY.GDP.PCAP.CD,1975,1491.97
MEX,México,NY.GDP.PCAP.CD,1976,1465.50
MEX,México,NY.GDP.PCAP.CD,1977,1314.62
MEX,México,NY.GDP.PCAP.CD,1978,1604.41
MEX,México,NY.GDP.PCAP.CD,1979,2049.26
MEX,México,NY.GDP.PCAP.CD,1980,3054.62
MEX,México,NY.GDP.PCAP.CD,1981,3829.14
MEX,México,NY.GDP.PCAP.CD,1982,2620.96
MEX,México,NY.GDP.PCAP.CD,1983,2169.85
MEX,México,NY.GDP.PCAP.CD,1984,2506.31
MEX,México,NY.GDP.PCAP.CD,1985,2601.71
MEX,México,NY.GDP.PCAP.CD,1986,1756.94
MEX,México,NY.GDP.PCAP.CD,1987,1888.26
MEX,México,NY.GDP.PCAP.CD,1988,2278.81
MEX,México,NY.GDP.PCAP.CD,1989,2725.06
MEX,México,NY.GDP.PCAP.CD,1990,3154.47
MEX,México,NY.GDP.PCAP.CD,1991,3708.84
MEX,México,NY.GDP.PCAP.CD,1992,4220.57
MEX,México,NY.GDP.PCAP.CD,1993,6048.35
MEX,México,NY.GDP.PCAP.CD,1994,6202.37
MEX,México,NY.GDP.PCAP.CD,1995,4183.88
MEX,México,NY.GDP.PCAP.CD,1996,4674.37
MEX,México,NY.GDP.PCAP.CD,1997,5567.36
MEX,México,NY.GDP.PCAP.CD,1998,5832.69
MEX,México,NY.GDP.PCAP.CD,1999,6499.97
MEX,México,NY.GDP.PCAP.CD,2000,7524.03
MEX,México,NY.GDP.PCAP.CD,2001,7952.76
MEX,México,NY.GDP.PCAP.CD,2002,7983.03
MEX,México,NY.GDP.PCAP.CD,2003,7434.07
MEX,México,NY.GDP.PCAP.CD,2004,7849.67
MEX,México,NY.GDP.PCAP.CD,2005,8671.76
MEX,México,NY.GDP.PCAP.CD,2006,9512.64
MEX,México,NY.GDP.PCAP.CD,2007,10134.33
MEX,México,NY.GDP.PCAP.CD,2008,10523.77
MEX,México,NY.GDP.PCAP.CD,2009,8423.57
MEX,México,NY.GDP.PCAP.CD,2010,9728.80
MEX,México,NY.GDP.PCAP.CD,2011,10664.49
MEX,México,NY.GDP.PCAP.CD,2012,10744.13
MEX,México,NY.GDP.PCAP.CD,2013,11216.80
MEX,México,NY.GDP.PCAP.CD,2014,11391.38
MEX,México,NY.GDP.PCAP.CD,2015,10021.24
MEX,México,NY.GDP.PCAP.CD,2016,9097.92
MEX,México,NY.GDP.PCAP.CD,2017,9649.28
MEX,México,NY.GDP.PCAP.CD,2018,10084.79
MEX,México,NY.GDP.PCAP.CD,2019,10369.56
MEX,México,NY.GDP.PCAP.CD,2020,8841.27
MEX,México,NY.GDP.PCAP.CD,2021,10314.05
MEX,México,NY.GDP.PCAP.CD,2022,11405.79
MEX,México,NY.GDP.PCAP.CD,2023,13830.84
MEX,México,NY.GDP.PCAP.CD,2024,13988.04
MEX,México,NY.GDP.PCAP.CD,2025,13889.23
PER,Peru,NY.GDP.PCAP.CD,1960,252.80
PER,Peru,NY.GDP.PCAP.CD,1961,276.64
PER,Peru,NY.GDP.PCAP.CD,1962,304.54
PER,Peru,NY.GDP.PCAP.CD,1963,324.11
PER,Peru,NY.GDP.PCAP.CD,1964,380.97
PER,Peru,NY.GDP.PCAP.CD,1965,438.99
PER,Peru,NY.GDP.PCAP.CD,1966,504.83
PER,Peru,NY.GDP.PCAP.CD,1967,497.58
PER,Peru,NY.GDP.PCAP.CD,1968,447.99
PER,Peru,NY.GDP.PCAP.CD,1969,487.66
PER,Peru,NY.GDP.PCAP.CD,1970,550.48
PER,Peru,NY.GDP.PCAP.CD,1971,599.04
PER,Peru,NY.GDP.PCAP.CD,1972,646.68
PER,Peru,NY.GDP.PCAP.CD,1973,753.92
PER,Peru,NY.GDP.PCAP.CD,1974,926.58
PER,Peru,NY.GDP.PCAP.CD,1975,1104.16
PER,Peru,NY.GDP.PCAP.CD,1976,1026.41
PER,Peru,NY.GDP.PCAP.CD,1977,902.86
PER,Peru,NY.GDP.PCAP.CD,1978,756.35
PER,Peru,NY.GDP.PCAP.CD,1979,942.18
PER,Peru,NY.GDP.PCAP.CD,1980,1044.69
PER,Peru,NY.GDP.PCAP.CD,1981,1216.27
PER,Peru,NY.GDP.PCAP.CD,1982,1194.45
PER,Peru,NY.GDP.PCAP.CD,1983,927.26
PER,Peru,NY.GDP.PCAP.CD,1984,917.90
PER,Peru,NY.GDP.PCAP.CD,1985,767.44
PER,Peru,NY.GDP.PCAP.CD,1986,1086.61
PER,Peru,NY.GDP.PCAP.CD,1987,1792.30
PER,Peru,NY.GDP.PCAP.CD,1988,733.30
PER,Peru,NY.GDP.PCAP.CD,1989,1044.91
PER,Peru,NY.GDP.PCAP.CD,1990,1199.67
PER,Peru,NY.GDP.PCAP.CD,1991,1527.39
PER,Peru,NY.GDP.PCAP.CD,1992,1567.41
PER,Peru,NY.GDP.PCAP.CD,1993,1487.67
PER,Peru,NY.GDP.PCAP.CD,1994,1879.37
PER,Peru,NY.GDP.PCAP.CD,1995,2189.53
PER,Peru,NY.GDP.PCAP.CD,1996,2226.92
PER,Peru,NY.GDP.PCAP.CD,1997,2300.67
PER,Peru,NY.GDP.PCAP.CD,1998,2156.39
PER,Peru,NY.GDP.PCAP.CD,1999,1916.53
PER,Peru,NY.GDP.PCAP.CD,2000,1945.41
PER,Peru,NY.GDP.PCAP.CD,2001,1929.57
PER,Peru,NY.GDP.PCAP.CD,2002,2007.37
PER,Peru,NY.GDP.PCAP.CD,2003,2129.44
PER,Peru,NY.GDP.PCAP.CD,2004,2397.25
PER,Peru,NY.GDP.PCAP.CD,2005,2706.67
PER,Peru,NY.GDP.PCAP.CD,2006,3129.56
PER,Peru,NY.GDP.PCAP.CD,2007,3581.09
PER,Peru,NY.GDP.PCAP.CD,2008,4197.58
PER,Peru,NY.GDP.PCAP.CD,2009,4181.19
PER,Peru,NY.GDP.PCAP.CD,2010,5072.11
PER,Peru,NY.GDP.PCAP.CD,2011,5861.36
PER,Peru,NY.GDP.PCAP.CD,2012,6519.38
PER,Peru,NY.GDP.PCAP.CD,2013,6746.80
PER,Peru,NY.GDP.PCAP.CD,2014,6667.13
PER,Peru,NY.GDP.PCAP.CD,2015,6231.71
PER,Peru,NY.GDP.PCAP.CD,2016,6217.04
PER,Peru,NY.GDP.PCAP.CD,2017,6736.17
PER,Peru,NY.GDP.PCAP.CD,2018,6978.49
PER,Peru,NY.GDP.PCAP.CD,2019,7037.01
PER,Peru,NY.GDP.PCAP.CD,2020,6133.33
PER,Peru,NY.GDP.PCAP.CD,2021,6828.53
PER,Peru,NY.GDP.PCAP.CD,2022,7353.75
PER,Peru,NY.GDP.PCAP.CD,2023,7919.05
PER,Peru,NY.GDP.PCAP.CD,2024,8526.30
PER,Peru,NY.GDP.PCAP.CD,2025,9684.41
USA,Estados Unidos,NY.GDP.PCAP.CD,1960,2999.86
USA,Estados Unidos,NY.GDP.PCAP.CD,1961,3059.16
USA,Estados Unidos,NY.GDP.PCAP.CD,1962,3236.01
USA,Estados Unidos,NY.GDP.PCAP.CD,1963,3366.37
USA,Estados Unidos,NY.GDP.PCAP.CD,1964,3565.31
USA,Estados Unidos,NY.GDP.PCAP.CD,1965,3818.29
USA,Estados Unidos,NY.GDP.PCAP.CD,1966,4136.31
USA,Estados Unidos,NY.GDP.PCAP.CD,1967,4325.96
USA,Estados Unidos,NY.GDP.PCAP.CD,1968,4684.59
USA,Estados Unidos,NY.GDP.PCAP.CD,1969,5020.00
USA,Estados Unidos,NY.GDP.PCAP.CD,1970,5234.30
USA,Estados Unidos,NY.GDP.PCAP.CD,1971,5609.38
USA,Estados Unidos,NY.GDP.PCAP.CD,1972,6094.02
USA,Estados Unidos,NY.GDP.PCAP.CD,1973,6726.36
USA,Estados Unidos,NY.GDP.PCAP.CD,1974,7225.69
USA,Estados Unidos,NY.GDP.PCAP.CD,1975,7801.46
USA,Estados Unidos,NY.GDP.PCAP.CD,1976,8592.25
USA,Estados Unidos,NY.GDP.PCAP.CD,1977,9452.58
USA,Estados Unidos,NY.GDP.PCAP.CD,1978,10564.95
USA,Estados Unidos,NY.GDP.PCAP.CD,1979,11674.18
USA,Estados Unidos,NY.GDP.PCAP.CD,1980,12574.79
USA,Estados Unidos,NY.GDP.PCAP.CD,1981,13976.11
USA,Estados Unidos,NY.GDP.PCAP.CD,1982,14433.79
USA,Estados Unidos,NY.GDP.PCAP.CD,1983,15543.89
USA,Estados Unidos,NY.GDP.PCAP.CD,1984,17121.23
USA,Estados Unidos,NY.GDP.PCAP.CD,1985,18236.83
USA,Estados Unidos,NY.GDP.PCAP.CD,1986,19071.23
USA,Estados Unidos,NY.GDP.PCAP.CD,1987,20038.94
USA,Estados Unidos,NY.GDP.PCAP.CD,1988,21417.01
USA,Estados Unidos,NY.GDP.PCAP.CD,1989,22857.15
USA,Estados Unidos,NY.GDP.PCAP.CD,1990,23888.60
USA,Estados Unidos,NY.GDP.PCAP.CD,1991,24342.26
USA,Estados Unidos,NY.GDP.PCAP.CD,1992,25418.99
USA,Estados Unidos,NY.GDP.PCAP.CD,1993,26387.29
USA,Estados Unidos,NY.GDP.PCAP.CD,1994,27694.85
USA,Estados Unidos,NY.GDP.PCAP.CD,1995,28690.88
USA,Estados Unidos,NY.GDP.PCAP.CD,1996,29967.71
USA,Estados Unidos,NY.GDP.PCAP.CD,1997,31459.13
USA,Estados Unidos,NY.GDP.PCAP.CD,1998,32853.67
USA,Estados Unidos,NY.GDP.PCAP.CD,1999,34515.38
USA,Estados Unidos,NY.GDP.PCAP.CD,2000,36329.97
USA,Estados Unidos,NY.GDP.PCAP.CD,2001,37133.62
USA,Estados Unidos,NY.GDP.PCAP.CD,2002,37997.74
USA,Estados Unidos,NY.GDP.PCAP.CD,2003,39490.30
USA,Estados Unidos,NY.GDP.PCAP.CD,2004,41724.64
USA,Estados Unidos,NY.GDP.PCAP.CD,2005,44123.40
USA,Estados Unidos,NY.GDP.PCAP.CD,2006,46301.99
USA,Estados Unidos,NY.GDP.PCAP.CD,2007,48050.23
USA,Estados Unidos,NY.GDP.PCAP.CD,2008,48570.06
USA,Estados Unidos,NY.GDP.PCAP.CD,2009,47194.95
USA,Estados Unidos,NY.GDP.PCAP.CD,2010,48642.63
USA,Estados Unidos,NY.GDP.PCAP.CD,2011,50024.88
USA,Estados Unidos,NY.GDP.PCAP.CD,2012,51708.39
USA,Estados Unidos,NY.GDP.PCAP.CD,2013,53297.39
USA,Estados Unidos,NY.GDP.PCAP.CD,2014,55153.39
USA,Estados Unidos,NY.GDP.PCAP.CD,2015,56849.47
USA,Estados Unidos,NY.GDP.PCAP.CD,2016,57976.63
USA,Estados Unidos,NY.GDP.PCAP.CD,2017,60047.72
USA,Estados Unidos,NY.GDP.PCAP.CD,2018,62875.67
USA,Estados Unidos,NY.GDP.PCAP.CD,2019,65227.96
USA,Estados Unidos,NY.GDP.PCAP.CD,2020,64465.30
USA,Estados Unidos,NY.GDP.PCAP.CD,2021,71441.23
USA,Estados Unidos,NY.GDP.PCAP.CD,2022,78008.69
USA,Estados Unidos,NY.GDP.PCAP.CD,2023,82586.78
USA,Estados Unidos,NY.GDP.PCAP.CD,2024,86169.66
USA,Estados Unidos,NY.GDP.PCAP.CD,2025,90026.52
CHN,China,NY.GDP.PCAP.CD,1960,89.72
CHN,China,NY.GDP.PCAP.CD,1961,75.97
CHN,China,NY.GDP.PCAP.CD,1962,71.06
CHN,China,NY.GDP.PCAP.CD,1963,74.47
CHN,China,NY.GDP.PCAP.CD,1964,85.66
CHN,China,NY.GDP.PCAP.CD,1965,98.67
CHN,China,NY.GDP.PCAP.CD,1966,104.51
CHN,China,NY.GDP.PCAP.CD,1967,96.76
CHN,China,NY.GDP.PCAP.CD,1968,91.65
CHN,China,NY.GDP.PCAP.CD,1969,100.31
CHN,China,NY.GDP.PCAP.CD,1970,113.35
CHN,China,NY.GDP.PCAP.CD,1971,118.84
CHN,China,NY.GDP.PCAP.CD,1972,132.10
CHN,China,NY.GDP.PCAP.CD,1973,157.34
CHN,China,NY.GDP.PCAP.CD,1974,160.40
CHN,China,NY.GDP.PCAP.CD,1975,178.62
CHN,China,NY.GDP.PCAP.CD,1976,165.68
CHN,China,NY.GDP.PCAP.CD,1977,185.73
CHN,China,NY.GDP.PCAP.CD,1978,156.66
CHN,China,NY.GDP.PCAP.CD,1979,184.29
CHN,China,NY.GDP.PCAP.CD,1980,195.15
CHN,China,NY.GDP.PCAP.CD,1981,197.43
CHN,China,NY.GDP.PCAP.CD,1982,203.72
CHN,China,NY.GDP.PCAP.CD,1983,225.87
CHN,China,NY.GDP.PCAP.CD,1984,251.19
CHN,China,NY.GDP.PCAP.CD,1985,295.01
CHN,China,NY.GDP.PCAP.CD,1986,282.45
CHN,China,NY.GDP.PCAP.CD,1987,252.26
CHN,China,NY.GDP.PCAP.CD,1988,284.02
CHN,China,NY.GDP.PCAP.CD,1989,311.43
CHN,China,NY.GDP.PCAP.CD,1990,318.50
CHN,China,NY.GDP.PCAP.CD,1991,334.13
CHN,China,NY.GDP.PCAP.CD,1992,367.82
CHN,China,NY.GDP.PCAP.CD,1993,378.94
CHN,China,NY.GDP.PCAP.CD,1994,475.68
CHN,China,NY.GDP.PCAP.CD,1995,612.68
CHN,China,NY.GDP.PCAP.CD,1996,713.34
CHN,China,NY.GDP.PCAP.CD,1997,786.74
CHN,China,NY.GDP.PCAP.CD,1998,835.10
CHN,China,NY.GDP.PCAP.CD,1999,881.15
CHN,China,NY.GDP.PCAP.CD,2000,969.20
CHN,China,NY.GDP.PCAP.CD,2001,1065.41
CHN,China,NY.GDP.PCAP.CD,2002,1163.56
CHN,China,NY.GDP.PCAP.CD,2003,1306.97
CHN,China,NY.GDP.PCAP.CD,2004,1530.93
CHN,China,NY.GDP.PCAP.CD,2005,1777.64
CHN,China,NY.GDP.PCAP.CD,2006,2129.26
CHN,China,NY.GDP.PCAP.CD,2007,2734.73
CHN,China,NY.GDP.PCAP.CD,2008,3523.44
CHN,China,NY.GDP.PCAP.CD,2009,3898.24
CHN,China,NY.GDP.PCAP.CD,2010,4629.25
CHN,China,NY.GDP.PCAP.CD,2011,5703.76
CHN,China,NY.GDP.PCAP.CD,2012,6405.06
CHN,China,NY.GDP.PCAP.CD,2013,7147.04
CHN,China,NY.GDP.PCAP.CD,2014,7781.07
CHN,China,NY.GDP.PCAP.CD,2015,8175.33
CHN,China,NY.GDP.PCAP.CD,2016,8254.87
CHN,China,NY.GDP.PCAP.CD,2017,8979.68
CHN,China,NY.GDP.PCAP.CD,2018,10085.66
CHN,China,NY.GDP.PCAP.CD,2019,10342.90
CHN,China,NY.GDP.PCAP.CD,2020,10627.46
CHN,China,NY.GDP.PCAP.CD,2021,12887.44
CHN,China,NY.GDP.PCAP.CD,2022,12970.61
CHN,China,NY.GDP.PCAP.CD,2023,12951.18
CHN,China,NY.GDP.PCAP.CD,2024,13293.12
CHN,China,NY.GDP.PCAP.CD,2025,13861.97
IND,Índia,NY.GDP.PCAP.CD,1960,84.93
IND,Índia,NY.GDP.PCAP.CD,1961,87.85
IND,Índia,NY.GDP.PCAP.CD,1962,92.20
IND,Índia,NY.GDP.PCAP.CD,1963,103.44
IND,Índia,NY.GDP.PCAP.CD,1964,117.86
IND,Índia,NY.GDP.PCAP.CD,1965,121.51
IND,Índia,NY.GDP.PCAP.CD,1966,91.03
IND,Índia,NY.GDP.PCAP.CD,1967,98.00
IND,Índia,NY.GDP.PCAP.CD,1968,101.56
IND,Índia,NY.GDP.PCAP.CD,1969,109.48
IND,Índia,NY.GDP.PCAP.CD,1970,114.36
IND,Índia,NY.GDP.PCAP.CD,1971,120.68
IND,Índia,NY.GDP.PCAP.CD,1972,125.27
IND,Índia,NY.GDP.PCAP.CD,1973,146.57
IND,Índia,NY.GDP.PCAP.CD,1974,166.70
IND,Índia,NY.GDP.PCAP.CD,1975,161.09
IND,Índia,NY.GDP.PCAP.CD,1976,164.12
IND,Índia,NY.GDP.PCAP.CD,1977,189.59
IND,Índia,NY.GDP.PCAP.CD,1978,209.39
IND,Índia,NY.GDP.PCAP.CD,1979,227.96
IND,Índia,NY.GDP.PCAP.CD,1980,271.08
IND,Índia,NY.GDP.PCAP.CD,1981,274.96
IND,Índia,NY.GDP.PCAP.CD,1982,278.65
IND,Índia,NY.GDP.PCAP.CD,1983,296.00
IND,Índia,NY.GDP.PCAP.CD,1984,281.05
IND,Índia,NY.GDP.PCAP.CD,1985,300.93
IND,Índia,NY.GDP.PCAP.CD,1986,314.90
IND,Índia,NY.GDP.PCAP.CD,1987,344.94
IND,Índia,NY.GDP.PCAP.CD,1988,358.48
IND,Índia,NY.GDP.PCAP.CD,1989,349.92
IND,Índia,NY.GDP.PCAP.CD,1990,371.09
IND,Índia,NY.GDP.PCAP.CD,1991,305.57
IND,Índia,NY.GDP.PCAP.CD,1992,319.18
IND,Índia,NY.GDP.PCAP.CD,1993,302.88
IND,Índia,NY.GDP.PCAP.CD,1994,347.73
IND,Índia,NY.GDP.PCAP.CD,1995,375.18
IND,Índia,NY.GDP.PCAP.CD,1996,401.05
IND,Índia,NY.GDP.PCAP.CD,1997,416.23
IND,Índia,NY.GDP.PCAP.CD,1998,413.63
IND,Índia,NY.GDP.PCAP.CD,1999,441.93
IND,Índia,NY.GDP.PCAP.CD,2000,442.75
IND,Índia,NY.GDP.PCAP.CD,2001,450.36
IND,Índia,NY.GDP.PCAP.CD,2002,469.15
IND,Índia,NY.GDP.PCAP.CD,2003,544.14
IND,Índia,NY.GDP.PCAP.CD,2004,624.26
IND,Índia,NY.GDP.PCAP.CD,2005,710.49
IND,Índia,NY.GDP.PCAP.CD,2006,801.67
IND,Índia,NY.GDP.PCAP.CD,2007,1021.89
IND,Índia,NY.GDP.PCAP.CD,2008,992.52
IND,Índia,NY.GDP.PCAP.CD,2009,1094.95
IND,Índia,NY.GDP.PCAP.CD,2010,1347.52
IND,Índia,NY.GDP.PCAP.CD,2011,1445.46
IND,Índia,NY.GDP.PCAP.CD,2012,1429.32
IND,Índia,NY.GDP.PCAP.CD,2013,1432.84
IND,Índia,NY.GDP.PCAP.CD,2014,1553.88
IND,Índia,NY.GDP.PCAP.CD,2015,1584.00
IND,Índia,NY.GDP.PCAP.CD,2016,1707.51
IND,Índia,NY.GDP.PCAP.CD,2017,1950.10
IND,Índia,NY.GDP.PCAP.CD,2018,1966.25
IND,Índia,NY.GDP.PCAP.CD,2019,2041.43
IND,Índia,NY.GDP.PCAP.CD,2020,1907.04
IND,Índia,NY.GDP.PCAP.CD,2021,2239.61
IND,Índia,NY.GDP.PCAP.CD,2022,2279.98
IND,Índia,NY.GDP.PCAP.CD,2023,2434.45
IND,Índia,NY.GDP.PCAP.CD,2024,2591.99
IND,Índia,NY.GDP.PCAP.CD,2025,2702.48
KOR,Coreia do Sul,NY.GDP.PCAP.CD,1960,158.84
KOR,Coreia do Sul,NY.GDP.PCAP.CD,1961,94.20
KOR,Coreia do Sul,NY.GDP.PCAP.CD,1962,106.62
KOR,Coreia do Sul,NY.GDP.PCAP.CD,1963,147.01
KOR,Coreia do Sul,NY.GDP.PCAP.CD,1964,124.24
KOR,Coreia do Sul,NY.GDP.PCAP.CD,1965,109.43
KOR,Coreia do Sul,NY.GDP.PCAP.CD,1966,134.43
KOR,Coreia do Sul,NY.GDP.PCAP.CD,1967,162.46
KOR,Coreia do Sul,NY.GDP.PCAP.CD,1968,199.98
KOR,Coreia do Sul,NY.GDP.PCAP.CD,1969,245.49
KOR,Coreia do Sul,NY.GDP.PCAP.CD,1970,281.79
KOR,Coreia do Sul,NY.GDP.PCAP.CD,1971,304.27
KOR,Coreia do Sul,NY.GDP.PCAP.CD,1972,328.02
KOR,Coreia do Sul,NY.GDP.PCAP.CD,1973,412.50
KOR,Coreia do Sul,NY.GDP.PCAP.CD,1974,572.49
KOR,Coreia do Sul,NY.GDP.PCAP.CD,1975,627.14
KOR,Coreia do Sul,NY.GDP.PCAP.CD,1976,847.21
KOR,Coreia do Sul,NY.GDP.PCAP.CD,1977,1072.85
KOR,Coreia do Sul,NY.GDP.PCAP.CD,1978,1428.89
KOR,Coreia do Sul,NY.GDP.PCAP.CD,1979,1813.91
KOR,Coreia do Sul,NY.GDP.PCAP.CD,1980,1745.58
KOR,Coreia do Sul,NY.GDP.PCAP.CD,1981,1918.42
KOR,Coreia do Sul,NY.GDP.PCAP.CD,1982,2032.26
KOR,Coreia do Sul,NY.GDP.PCAP.CD,1983,2245.56
KOR,Coreia do Sul,NY.GDP.PCAP.CD,1984,2468.69
KOR,Coreia do Sul,NY.GDP.PCAP.CD,1985,2542.88
KOR,Coreia do Sul,NY.GDP.PCAP.CD,1986,2910.83
KOR,Coreia do Sul,NY.GDP.PCAP.CD,1987,3657.72
KOR,Coreia do Sul,NY.GDP.PCAP.CD,1988,4888.69
KOR,Coreia do Sul,NY.GDP.PCAP.CD,1989,5989.21
KOR,Coreia do Sul,NY.GDP.PCAP.CD,1990,6812.90
KOR,Coreia do Sul,NY.GDP.PCAP.CD,1991,7872.65
KOR,Coreia do Sul,NY.GDP.PCAP.CD,1992,8387.16
KOR,Coreia do Sul,NY.GDP.PCAP.CD,1993,9179.97
KOR,Coreia do Sul,NY.GDP.PCAP.CD,1994,10733.99
KOR,Coreia do Sul,NY.GDP.PCAP.CD,1995,13001.72
KOR,Coreia do Sul,NY.GDP.PCAP.CD,1996,13864.94
KOR,Coreia do Sul,NY.GDP.PCAP.CD,1997,12821.69
KOR,Coreia do Sul,NY.GDP.PCAP.CD,1998,8583.44
KOR,Coreia do Sul,NY.GDP.PCAP.CD,1999,11062.50
KOR,Coreia do Sul,NY.GDP.PCAP.CD,2000,12710.30
KOR,Coreia do Sul,NY.GDP.PCAP.CD,2001,11981.48
KOR,Coreia do Sul,NY.GDP.PCAP.CD,2002,13642.94
KOR,Coreia do Sul,NY.GDP.PCAP.CD,2003,15211.55
KOR,Coreia do Sul,NY.GDP.PCAP.CD,2004,17121.63
KOR,Coreia do Sul,NY.GDP.PCAP.CD,2005,20167.05
KOR,Coreia do Sul,NY.GDP.PCAP.CD,2006,22609.71
KOR,Coreia do Sul,NY.GDP.PCAP.CD,2007,25078.49
KOR,Coreia do Sul,NY.GDP.PCAP.CD,2008,22252.31
KOR,Coreia do Sul,NY.GDP.PCAP.CD,2009,19937.30
KOR,Coreia do Sul,NY.GDP.PCAP.CD,2010,24071.26
KOR,Coreia do Sul,NY.GDP.PCAP.CD,2011,26175.24
KOR,Coreia do Sul,NY.GDP.PCAP.CD,2012,26600.55
KOR,Coreia do Sul,NY.GDP.PCAP.CD,2013,28449.36
KOR,Coreia do Sul,NY.GDP.PCAP.CD,2014,30667.09
KOR,Coreia do Sul,NY.GDP.PCAP.CD,2015,30171.79
KOR,Coreia do Sul,NY.GDP.PCAP.CD,2016,30832.06
KOR,Coreia do Sul,NY.GDP.PCAP.CD,2017,33296.98
KOR,Coreia do Sul,NY.GDP.PCAP.CD,2018,35363.95
KOR,Coreia do Sul,NY.GDP.PCAP.CD,2019,33826.94
KOR,Coreia do Sul,NY.GDP.PCAP.CD,2020,33645.77
KOR,Coreia do Sul,NY.GDP.PCAP.CD,2021,37518.46
KOR,Coreia do Sul,NY.GDP.PCAP.CD,2022,34822.40
KOR,Coreia do Sul,NY.GDP.PCAP.CD,2023,35674.10
KOR,Coreia do Sul,NY.GDP.PCAP.CD,2024,36238.64
KOR,Coreia do Sul,NY.GDP.PCAP.CD,2025,36226.97
ZAF,África do Sul,NY.GDP.PCAP.CD,1960,532.15
ZAF,África do Sul,NY.GDP.PCAP.CD,1961,545.66
ZAF,África do Sul,NY.GDP.PCAP.CD,1962,563.42
ZAF,África do Sul,NY.GDP.PCAP.CD,1963,604.54
ZAF,África do Sul,NY.GDP.PCAP.CD,1964,645.87
ZAF,África do Sul,NY.GDP.PCAP.CD,1965,684.62
ZAF,África do Sul,NY.GDP.PCAP.CD,1966,721.75
ZAF,África do Sul,NY.GDP.PCAP.CD,1967,778.84
ZAF,África do Sul,NY.GDP.PCAP.CD,1968,817.13
ZAF,África do Sul,NY.GDP.PCAP.CD,1969,890.92
ZAF,África do Sul,NY.GDP.PCAP.CD,1970,952.35
ZAF,África do Sul,NY.GDP.PCAP.CD,1971,1020.44
ZAF,África do Sul,NY.GDP.PCAP.CD,1972,1038.39
ZAF,África do Sul,NY.GDP.PCAP.CD,1973,1369.16
ZAF,África do Sul,NY.GDP.PCAP.CD,1974,1656.29
ZAF,África do Sul,NY.GDP.PCAP.CD,1975,1670.12
ZAF,África do Sul,NY.GDP.PCAP.CD,1976,1559.00
ZAF,África do Sul,NY.GDP.PCAP.CD,1977,1671.47
ZAF,África do Sul,NY.GDP.PCAP.CD,1978,1851.75
ZAF,África do Sul,NY.GDP.PCAP.CD,1979,2201.52
ZAF,África do Sul,NY.GDP.PCAP.CD,1980,3028.97
ZAF,África do Sul,NY.GDP.PCAP.CD,1981,3049.71
ZAF,África do Sul,NY.GDP.PCAP.CD,1982,2717.16
ZAF,África do Sul,NY.GDP.PCAP.CD,1983,2938.49
ZAF,África do Sul,NY.GDP.PCAP.CD,1984,2504.08
ZAF,África do Sul,NY.GDP.PCAP.CD,1985,1839.48
ZAF,África do Sul,NY.GDP.PCAP.CD,1986,2027.47
ZAF,África do Sul,NY.GDP.PCAP.CD,1987,2586.27
ZAF,África do Sul,NY.GDP.PCAP.CD,1988,2702.06
ZAF,África do Sul,NY.GDP.PCAP.CD,1989,2726.71
ZAF,África do Sul,NY.GDP.PCAP.CD,1990,3093.49
ZAF,África do Sul,NY.GDP.PCAP.CD,1991,3243.24
ZAF,África do Sul,NY.GDP.PCAP.CD,1992,3462.39
ZAF,África do Sul,NY.GDP.PCAP.CD,1993,3399.64
ZAF,África do Sul,NY.GDP.PCAP.CD,1994,3488.60
ZAF,África do Sul,NY.GDP.PCAP.CD,1995,3855.63
ZAF,África do Sul,NY.GDP.PCAP.CD,1996,3617.55
ZAF,África do Sul,NY.GDP.PCAP.CD,1997,3700.24
ZAF,África do Sul,NY.GDP.PCAP.CD,1998,3309.61
ZAF,África do Sul,NY.GDP.PCAP.CD,1999,3242.37
ZAF,África do Sul,NY.GDP.PCAP.CD,2000,3217.85
ZAF,África do Sul,NY.GDP.PCAP.CD,2001,2847.15
ZAF,África do Sul,NY.GDP.PCAP.CD,2002,2688.24
ZAF,África do Sul,NY.GDP.PCAP.CD,2003,4062.22
ZAF,África do Sul,NY.GDP.PCAP.CD,2004,5221.46
ZAF,África do Sul,NY.GDP.PCAP.CD,2005,5836.88
ZAF,África do Sul,NY.GDP.PCAP.CD,2006,6077.38
ZAF,África do Sul,NY.GDP.PCAP.CD,2007,6591.86
ZAF,África do Sul,NY.GDP.PCAP.CD,2008,6184.75
ZAF,África do Sul,NY.GDP.PCAP.CD,2009,6374.71
ZAF,África do Sul,NY.GDP.PCAP.CD,2010,7973.47
ZAF,África do Sul,NY.GDP.PCAP.CD,2011,8646.06
ZAF,África do Sul,NY.GDP.PCAP.CD,2012,8076.98
ZAF,África do Sul,NY.GDP.PCAP.CD,2013,7331.65
ZAF,África do Sul,NY.GDP.PCAP.CD,2014,6856.73
ZAF,África do Sul,NY.GDP.PCAP.CD,2015,6112.27
ZAF,África do Sul,NY.GDP.PCAP.CD,2016,5651.21
ZAF,África do Sul,NY.GDP.PCAP.CD,2017,6618.34
ZAF,África do Sul,NY.GDP.PCAP.CD,2018,6914.18
ZAF,África do Sul,NY.GDP.PCAP.CD,2019,6533.71
ZAF,África do Sul,NY.GDP.PCAP.CD,2020,5580.60
ZAF,África do Sul,NY.GDP.PCAP.CD,2021,6828.76
ZAF,África do Sul,NY.GDP.PCAP.CD,2022,6534.25
ZAF,África do Sul,NY.GDP.PCAP.CD,2023,6034.27
ZAF,África do Sul,NY.GDP.PCAP.CD,2024,6267.19
ZAF,África do Sul,NY.GDP.PCAP.CD,2025,6597.71
RUS,Rússia,NY.GDP.PCAP.CD,1988,3778.02
RUS,Rússia,NY.GDP.PCAP.CD,1989,3429.65
RUS,Rússia,NY.GDP.PCAP.CD,1990,3494.06
RUS,Rússia,NY.GDP.PCAP.CD,1991,3490.45
RUS,Rússia,NY.GDP.PCAP.CD,1992,3098.80
RUS,Rússia,NY.GDP.PCAP.CD,1993,2930.67
RUS,Rússia,NY.GDP.PCAP.CD,1994,2662.10
RUS,Rússia,NY.GDP.PCAP.CD,1995,2665.78
RUS,Rússia,NY.GDP.PCAP.CD,1996,2643.93
RUS,Rússia,NY.GDP.PCAP.CD,1997,2737.57
RUS,Rússia,NY.GDP.PCAP.CD,1998,1834.86
RUS,Rússia,NY.GDP.PCAP.CD,1999,1330.76
RUS,Rússia,NY.GDP.PCAP.CD,2000,1771.59
RUS,Rússia,NY.GDP.PCAP.CD,2001,2100.35
RUS,Rússia,NY.GDP.PCAP.CD,2002,2377.53
RUS,Rússia,NY.GDP.PCAP.CD,2003,2975.12
RUS,Rússia,NY.GDP.PCAP.CD,2004,4102.36
RUS,Rússia,NY.GDP.PCAP.CD,2005,5323.46
RUS,Rússia,NY.GDP.PCAP.CD,2006,6920.20
RUS,Rússia,NY.GDP.PCAP.CD,2007,9101.24
RUS,Rússia,NY.GDP.PCAP.CD,2008,11635.28
RUS,Rússia,NY.GDP.PCAP.CD,2009,8562.82
RUS,Rússia,NY.GDP.PCAP.CD,2010,10674.99
RUS,Rússia,NY.GDP.PCAP.CD,2011,14305.33
RUS,Rússia,NY.GDP.PCAP.CD,2012,15401.85
RUS,Rússia,NY.GDP.PCAP.CD,2013,15941.45
RUS,Rússia,NY.GDP.PCAP.CD,2014,14055.47
RUS,Rússia,NY.GDP.PCAP.CD,2015,9277.71
RUS,Rússia,NY.GDP.PCAP.CD,2016,8663.16
RUS,Rússia,NY.GDP.PCAP.CD,2017,10658.91
RUS,Rússia,NY.GDP.PCAP.CD,2018,11211.89
RUS,Rússia,NY.GDP.PCAP.CD,2019,11447.70
RUS,Rússia,NY.GDP.PCAP.CD,2020,10108.33
RUS,Rússia,NY.GDP.PCAP.CD,2021,12425.03
RUS,Rússia,NY.GDP.PCAP.CD,2022,15625.63
RUS,Rússia,NY.GDP.PCAP.CD,2023,13987.00
RUS,Rússia,NY.GDP.PCAP.CD,2024,14961.90
RUS,Rússia,NY.GDP.PCAP.CD,2025,17546.61
TUR,Turquia,NY.GDP.PCAP.CD,1960,267.09
TUR,Turquia,NY.GDP.PCAP.CD,1961,274.35
TUR,Turquia,NY.GDP.PCAP.CD,1962,298.24
TUR,Turquia,NY.GDP.PCAP.CD,1963,337.02
TUR,Turquia,NY.GDP.PCAP.CD,1964,354.37
TUR,Turquia,NY.GDP.PCAP.CD,1965,369.97
TUR,Turquia,NY.GDP.PCAP.CD,1966,424.98
TUR,Turquia,NY.GDP.PCAP.CD,1967,459.45
TUR,Turquia,NY.GDP.PCAP.CD,1968,501.12
TUR,Turquia,NY.GDP.PCAP.CD,1969,543.95
TUR,Turquia,NY.GDP.PCAP.CD,1970,487.57
TUR,Turquia,NY.GDP.PCAP.CD,1971,430.90
TUR,Turquia,NY.GDP.PCAP.CD,1972,537.34
TUR,Turquia,NY.GDP.PCAP.CD,1973,661.08
TUR,Turquia,NY.GDP.PCAP.CD,1974,880.73
TUR,Turquia,NY.GDP.PCAP.CD,1975,1121.54
TUR,Turquia,NY.GDP.PCAP.CD,1976,1227.92
TUR,Turquia,NY.GDP.PCAP.CD,1977,1371.96
TUR,Turquia,NY.GDP.PCAP.CD,1978,1510.19
TUR,Turquia,NY.GDP.PCAP.CD,1979,2013.37
TUR,Turquia,NY.GDP.PCAP.CD,1980,1515.65
TUR,Turquia,NY.GDP.PCAP.CD,1981,1536.67
TUR,Turquia,NY.GDP.PCAP.CD,1982,1360.24
TUR,Turquia,NY.GDP.PCAP.CD,1983,1275.68
TUR,Turquia,NY.GDP.PCAP.CD,1984,1209.05
TUR,Turquia,NY.GDP.PCAP.CD,1985,1326.43
TUR,Turquia,NY.GDP.PCAP.CD,1986,1461.50
TUR,Turquia,NY.GDP.PCAP.CD,1987,1649.96
TUR,Turquia,NY.GDP.PCAP.CD,1988,1685.69
TUR,Turquia,NY.GDP.PCAP.CD,1989,1948.59
TUR,Turquia,NY.GDP.PCAP.CD,1990,2689.53
TUR,Turquia,NY.GDP.PCAP.CD,1991,2649.27
TUR,Turquia,NY.GDP.PCAP.CD,1992,2743.65
TUR,Turquia,NY.GDP.PCAP.CD,1993,3057.94
TUR,Turquia,NY.GDP.PCAP.CD,1994,2176.28
TUR,Turquia,NY.GDP.PCAP.CD,1995,3845.99
TUR,Turquia,NY.GDP.PCAP.CD,1996,4041.36
TUR,Turquia,NY.GDP.PCAP.CD,1997,4197.38
TUR,Turquia,NY.GDP.PCAP.CD,1998,4331.03
TUR,Turquia,NY.GDP.PCAP.CD,1999,3973.78
TUR,Turquia,NY.GDP.PCAP.CD,2000,4199.38
TUR,Turquia,NY.GDP.PCAP.CD,2001,3052.23
TUR,Turquia,NY.GDP.PCAP.CD,2002,3591.09
TUR,Turquia,NY.GDP.PCAP.CD,2003,4649.64
TUR,Turquia,NY.GDP.PCAP.CD,2004,5979.61
TUR,Turquia,NY.GDP.PCAP.CD,2005,7331.85
TUR,Turquia,NY.GDP.PCAP.CD,2006,7990.08
TUR,Turquia,NY.GDP.PCAP.CD,2007,9766.92
TUR,Turquia,NY.GDP.PCAP.CD,2008,10913.41
TUR,Turquia,NY.GDP.PCAP.CD,2009,9076.92
TUR,Turquia,NY.GDP.PCAP.CD,2010,10698.97
TUR,Turquia,NY.GDP.PCAP.CD,2011,11373.64
TUR,Turquia,NY.GDP.PCAP.CD,2012,11776.76
TUR,Turquia,NY.GDP.PCAP.CD,2013,12635.56
TUR,Turquia,NY.GDP.PCAP.CD,2014,12209.39
TUR,Turquia,NY.GDP.PCAP.CD,2015,11064.65
TUR,Turquia,NY.GDP.PCAP.CD,2016,10984.36
TUR,Turquia,NY.GDP.PCAP.CD,2017,10756.39
TUR,Turquia,NY.GDP.PCAP.CD,2018,9684.12
TUR,Turquia,NY.GDP.PCAP.CD,2019,9395.23
TUR,Turquia,NY.GDP.PCAP.CD,2020,8798.12
TUR,Turquia,NY.GDP.PCAP.CD,2021,9981.76
TUR,Turquia,NY.GDP.PCAP.CD,2022,10897.84
TUR,Turquia,NY.GDP.PCAP.CD,2023,13375.09
TUR,Turquia,NY.GDP.PCAP.CD,2024,15892.72
TUR,Turquia,NY.GDP.PCAP.CD,2025,18599.44
IDN,Indonésia,NY.GDP.PCAP.CD,1967,53.21
IDN,Indonésia,NY.GDP.PCAP.CD,1968,64.65
IDN,Indonésia,NY.GDP.PCAP.CD,1969,74.10
IDN,Indonésia,NY.GDP.PCAP.CD,1970,79.12
IDN,Indonésia,NY.GDP.PCAP.CD,1971,78.54
IDN,Indonésia,NY.GDP.PCAP.CD,1972,90.11
IDN,Indonésia,NY.GDP.PCAP.CD,1973,129.89
IDN,Indonésia,NY.GDP.PCAP.CD,1974,200.71
IDN,Indonésia,NY.GDP.PCAP.CD,1975,231.06
IDN,Indonésia,NY.GDP.PCAP.CD,1976,275.71
IDN,Indonésia,NY.GDP.PCAP.CD,1977,330.67
IDN,Indonésia,NY.GDP.PCAP.CD,1978,362.48
IDN,Indonésia,NY.GDP.PCAP.CD,1979,353.42
IDN,Indonésia,NY.GDP.PCAP.CD,1980,486.62
IDN,Indonésia,NY.GDP.PCAP.CD,1981,560.83
IDN,Indonésia,NY.GDP.PCAP.CD,1982,577.75
IDN,Indonésia,NY.GDP.PCAP.CD,1983,507.68
IDN,Indonésia,NY.GDP.PCAP.CD,1984,519.77
IDN,Indonésia,NY.GDP.PCAP.CD,1985,511.40
IDN,Indonésia,NY.GDP.PCAP.CD,1986,469.83
IDN,Indonésia,NY.GDP.PCAP.CD,1987,437.61
IDN,Indonésia,NY.GDP.PCAP.CD,1988,476.66
IDN,Indonésia,NY.GDP.PCAP.CD,1989,524.14
IDN,Indonésia,NY.GDP.PCAP.CD,1990,578.42
IDN,Indonésia,NY.GDP.PCAP.CD,1991,624.39
IDN,Indonésia,NY.GDP.PCAP.CD,1992,673.67
IDN,Indonésia,NY.GDP.PCAP.CD,1993,817.40
IDN,Indonésia,NY.GDP.PCAP.CD,1994,899.79
IDN,Indonésia,NY.GDP.PCAP.CD,1995,1011.23
IDN,Indonésia,NY.GDP.PCAP.CD,1996,1118.92
IDN,Indonésia,NY.GDP.PCAP.CD,1997,1044.61
IDN,Indonésia,NY.GDP.PCAP.CD,1998,454.88
IDN,Indonésia,NY.GDP.PCAP.CD,1999,657.27
IDN,Indonésia,NY.GDP.PCAP.CD,2000,763.71
IDN,Indonésia,NY.GDP.PCAP.CD,2001,732.31
IDN,Indonésia,NY.GDP.PCAP.CD,2002,881.00
IDN,Indonésia,NY.GDP.PCAP.CD,2003,1043.21
IDN,Indonésia,NY.GDP.PCAP.CD,2004,1126.84
IDN,Indonésia,NY.GDP.PCAP.CD,2005,1238.21
IDN,Indonésia,NY.GDP.PCAP.CD,2006,1558.32
IDN,Indonésia,NY.GDP.PCAP.CD,2007,1823.22
IDN,Indonésia,NY.GDP.PCAP.CD,2008,2124.55
IDN,Indonésia,NY.GDP.PCAP.CD,2009,2218.49
IDN,Indonésia,NY.GDP.PCAP.CD,2010,3065.68
IDN,Indonésia,NY.GDP.PCAP.CD,2011,3579.46
IDN,Indonésia,NY.GDP.PCAP.CD,2012,3632.27
IDN,Indonésia,NY.GDP.PCAP.CD,2013,3566.60
IDN,Indonésia,NY.GDP.PCAP.CD,2014,3441.07
IDN,Indonésia,NY.GDP.PCAP.CD,2015,3288.22
IDN,Indonésia,NY.GDP.PCAP.CD,2016,3521.47
IDN,Indonésia,NY.GDP.PCAP.CD,2017,3798.88
IDN,Indonésia,NY.GDP.PCAP.CD,2018,3860.95
IDN,Indonésia,NY.GDP.PCAP.CD,2019,4106.95
IDN,Indonésia,NY.GDP.PCAP.CD,2020,3853.70
IDN,Indonésia,NY.GDP.PCAP.CD,2021,4287.17
IDN,Indonésia,NY.GDP.PCAP.CD,2022,4730.83
IDN,Indonésia,NY.GDP.PCAP.CD,2023,4876.30
IDN,Indonésia,NY.GDP.PCAP.CD,2024,4925.44
IDN,Indonésia,NY.GDP.PCAP.CD,2025,5059.63
WLD,Mundo,NY.GDP.PCAP.CD,1960,452.65
WLD,Mundo,NY.GDP.PCAP.CD,1961,471.93
WLD,Mundo,NY.GDP.PCAP.CD,1962,496.11
WLD,Mundo,NY.GDP.PCAP.CD,1963,525.19
WLD,Mundo,NY.GDP.PCAP.CD,1964,563.85
WLD,Mundo,NY.GDP.PCAP.CD,1965,601.89
WLD,Mundo,NY.GDP.PCAP.CD,1966,638.97
WLD,Mundo,NY.GDP.PCAP.CD,1967,664.40
WLD,Mundo,NY.GDP.PCAP.CD,1968,703.46
WLD,Mundo,NY.GDP.PCAP.CD,1969,761.11
WLD,Mundo,NY.GDP.PCAP.CD,1970,817.68
WLD,Mundo,NY.GDP.PCAP.CD,1971,884.88
WLD,Mundo,NY.GDP.PCAP.CD,1972,1002.00
WLD,Mundo,NY.GDP.PCAP.CD,1973,1201.53
WLD,Mundo,NY.GDP.PCAP.CD,1974,1362.19
WLD,Mundo,NY.GDP.PCAP.CD,1975,1488.94
WLD,Mundo,NY.GDP.PCAP.CD,1976,1589.73
WLD,Mundo,NY.GDP.PCAP.CD,1977,1766.28
WLD,Mundo,NY.GDP.PCAP.CD,1978,2055.49
WLD,Mundo,NY.GDP.PCAP.CD,1979,2335.19
WLD,Mundo,NY.GDP.PCAP.CD,1980,2587.01
WLD,Mundo,NY.GDP.PCAP.CD,1981,2628.62
WLD,Mundo,NY.GDP.PCAP.CD,1982,2554.08
WLD,Mundo,NY.GDP.PCAP.CD,1983,2561.17
WLD,Mundo,NY.GDP.PCAP.CD,1984,2614.33
WLD,Mundo,NY.GDP.PCAP.CD,1985,2690.59
WLD,Mundo,NY.GDP.PCAP.CD,1986,3118.57
WLD,Mundo,NY.GDP.PCAP.CD,1987,3487.88
WLD,Mundo,NY.GDP.PCAP.CD,1988,3829.99
WLD,Mundo,NY.GDP.PCAP.CD,1989,3930.51
WLD,Mundo,NY.GDP.PCAP.CD,1990,4338.94
WLD,Mundo,NY.GDP.PCAP.CD,1991,4453.90
WLD,Mundo,NY.GDP.PCAP.CD,1992,4679.98
WLD,Mundo,NY.GDP.PCAP.CD,1993,4685.30
WLD,Mundo,NY.GDP.PCAP.CD,1994,4967.01
WLD,Mundo,NY.GDP.PCAP.CD,1995,5463.20
WLD,Mundo,NY.GDP.PCAP.CD,1996,5507.22
WLD,Mundo,NY.GDP.PCAP.CD,1997,5408.57
WLD,Mundo,NY.GDP.PCAP.CD,1998,5302.34
WLD,Mundo,NY.GDP.PCAP.CD,1999,5401.23
WLD,Mundo,NY.GDP.PCAP.CD,2000,5512.56
WLD,Mundo,NY.GDP.PCAP.CD,2001,5404.20
WLD,Mundo,NY.GDP.PCAP.CD,2002,5539.32
WLD,Mundo,NY.GDP.PCAP.CD,2003,6129.87
WLD,Mundo,NY.GDP.PCAP.CD,2004,6818.00
WLD,Mundo,NY.GDP.PCAP.CD,2005,7290.57
WLD,Mundo,NY.GDP.PCAP.CD,2006,7803.19
WLD,Mundo,NY.GDP.PCAP.CD,2007,8685.33
WLD,Mundo,NY.GDP.PCAP.CD,2008,9425.74
WLD,Mundo,NY.GDP.PCAP.CD,2009,8827.04
WLD,Mundo,NY.GDP.PCAP.CD,2010,9555.07
WLD,Mundo,NY.GDP.PCAP.CD,2011,10496.93
WLD,Mundo,NY.GDP.PCAP.CD,2012,10597.85
WLD,Mundo,NY.GDP.PCAP.CD,2013,10759.35
WLD,Mundo,NY.GDP.PCAP.CD,2014,10912.24
WLD,Mundo,NY.GDP.PCAP.CD,2015,10191.98
WLD,Mundo,NY.GDP.PCAP.CD,2016,10239.47
WLD,Mundo,NY.GDP.PCAP.CD,2017,10784.40
WLD,Mundo,NY.GDP.PCAP.CD,2018,11344.73
WLD,Mundo,NY.GDP.PCAP.CD,2019,11417.60
WLD,Mundo,NY.GDP.PCAP.CD,2020,10999.49
WLD,Mundo,NY.GDP.PCAP.CD,2021,12472.91
WLD,Mundo,NY.GDP.PCAP.CD,2022,12876.24
WLD,Mundo,NY.GDP.PCAP.CD,2023,13313.86
WLD,Mundo,NY.GDP.PCAP.CD,2024,13717.09
WLD,Mundo,NY.GDP.PCAP.CD,2025,14405.85
LCN,América Latina e Caribe,NY.GDP.PCAP.CD,1960,362.35
LCN,América Latina e Caribe,NY.GDP.PCAP.CD,1961,390.20
LCN,América Latina e Caribe,NY.GDP.PCAP.CD,1962,398.85
LCN,América Latina e Caribe,NY.GDP.PCAP.CD,1963,421.72
LCN,América Latina e Caribe,NY.GDP.PCAP.CD,1964,455.99
LCN,América Latina e Caribe,NY.GDP.PCAP.CD,1965,476.96
LCN,América Latina e Caribe,NY.GDP.PCAP.CD,1966,511.40
LCN,América Latina e Caribe,NY.GDP.PCAP.CD,1967,508.22
LCN,América Latina e Caribe,NY.GDP.PCAP.CD,1968,531.65
LCN,América Latina e Caribe,NY.GDP.PCAP.CD,1969,579.04
LCN,América Latina e Caribe,NY.GDP.PCAP.CD,1970,616.28
LCN,América Latina e Caribe,NY.GDP.PCAP.CD,1971,670.82
LCN,América Latina e Caribe,NY.GDP.PCAP.CD,1972,736.60
LCN,América Latina e Caribe,NY.GDP.PCAP.CD,1973,956.60
LCN,América Latina e Caribe,NY.GDP.PCAP.CD,1974,1210.29
LCN,América Latina e Caribe,NY.GDP.PCAP.CD,1975,1239.54
LCN,América Latina e Caribe,NY.GDP.PCAP.CD,1976,1328.46
LCN,América Latina e Caribe,NY.GDP.PCAP.CD,1977,1426.21
LCN,América Latina e Caribe,NY.GDP.PCAP.CD,1978,1668.78
LCN,América Latina e Caribe,NY.GDP.PCAP.CD,1979,1830.95
LCN,América Latina e Caribe,NY.GDP.PCAP.CD,1980,2177.73
LCN,América Latina e Caribe,NY.GDP.PCAP.CD,1981,2434.06
LCN,América Latina e Caribe,NY.GDP.PCAP.CD,1982,2191.99
LCN,América Latina e Caribe,NY.GDP.PCAP.CD,1983,1893.26
LCN,América Latina e Caribe,NY.GDP.PCAP.CD,1984,1950.31
LCN,América Latina e Caribe,NY.GDP.PCAP.CD,1985,1888.89
LCN,América Latina e Caribe,NY.GDP.PCAP.CD,1986,1874.47
LCN,América Latina e Caribe,NY.GDP.PCAP.CD,1987,1972.15
LCN,América Latina e Caribe,NY.GDP.PCAP.CD,1988,2121.45
LCN,América Latina e Caribe,NY.GDP.PCAP.CD,1989,2298.35
LCN,América Latina e Caribe,NY.GDP.PCAP.CD,1990,2498.31
LCN,América Latina e Caribe,NY.GDP.PCAP.CD,1991,2648.10
LCN,América Latina e Caribe,NY.GDP.PCAP.CD,1992,2841.13
LCN,América Latina e Caribe,NY.GDP.PCAP.CD,1993,3303.34
LCN,América Latina e Caribe,NY.GDP.PCAP.CD,1994,3793.92
LCN,América Latina e Caribe,NY.GDP.PCAP.CD,1995,4035.55
LCN,América Latina e Caribe,NY.GDP.PCAP.CD,1996,4294.37
LCN,América Latina e Caribe,NY.GDP.PCAP.CD,1997,4634.24
LCN,América Latina e Caribe,NY.GDP.PCAP.CD,1998,4618.21
LCN,América Latina e Caribe,NY.GDP.PCAP.CD,1999,4110.68
LCN,América Latina e Caribe,NY.GDP.PCAP.CD,2000,4472.58
LCN,América Latina e Caribe,NY.GDP.PCAP.CD,2001,4326.64
LCN,América Latina e Caribe,NY.GDP.PCAP.CD,2002,3839.20
LCN,América Latina e Caribe,NY.GDP.PCAP.CD,2003,3862.14
LCN,América Latina e Caribe,NY.GDP.PCAP.CD,2004,4385.90
LCN,América Latina e Caribe,NY.GDP.PCAP.CD,2005,5229.90
LCN,América Latina e Caribe,NY.GDP.PCAP.CD,2006,6047.73
LCN,América Latina e Caribe,NY.GDP.PCAP.CD,2007,7035.80
LCN,América Latina e Caribe,NY.GDP.PCAP.CD,2008,8077.97
LCN,América Latina e Caribe,NY.GDP.PCAP.CD,2009,7495.06
LCN,América Latina e Caribe,NY.GDP.PCAP.CD,2010,9183.55
LCN,América Latina e Caribe,NY.GDP.PCAP.CD,2011,10334.04
LCN,América Latina e Caribe,NY.GDP.PCAP.CD,2012,10328.65
LCN,América Latina e Caribe,NY.GDP.PCAP.CD,2013,10305.42
LCN,América Latina e Caribe,NY.GDP.PCAP.CD,2014,10146.15
LCN,América Latina e Caribe,NY.GDP.PCAP.CD,2015,8546.92
LCN,América Latina e Caribe,NY.GDP.PCAP.CD,2016,8241.51
LCN,América Latina e Caribe,NY.GDP.PCAP.CD,2017,9065.82
LCN,América Latina e Caribe,NY.GDP.PCAP.CD,2018,8778.56
LCN,América Latina e Caribe,NY.GDP.PCAP.CD,2019,8539.96
LCN,América Latina e Caribe,NY.GDP.PCAP.CD,2020,7169.39
LCN,América Latina e Caribe,NY.GDP.PCAP.CD,2021,8292.15
LCN,América Latina e Caribe,NY.GDP.PCAP.CD,2022,9412.06
LCN,América Latina e Caribe,NY.GDP.PCAP.CD,2023,10507.61
LCN,América Latina e Caribe,NY.GDP.PCAP.CD,2024,10705.11
LCN,América Latina e Caribe,NY.GDP.PCAP.CD,2025,11095.22
UMC,Países de renda média-alta,NY.GDP.PCAP.CD,1960,147.18
UMC,Países de renda média-alta,NY.GDP.PCAP.CD,1961,144.91
UMC,Países de renda média-alta,NY.GDP.PCAP.CD,1962,140.74
UMC,Países de renda média-alta,NY.GDP.PCAP.CD,1963,150.56
UMC,Países de renda média-alta,NY.GDP.PCAP.CD,1964,167.97
UMC,Países de renda média-alta,NY.GDP.PCAP.CD,1965,183.44
UMC,Países de renda média-alta,NY.GDP.PCAP.CD,1966,197.04
UMC,Países de renda média-alta,NY.GDP.PCAP.CD,1967,194.90
UMC,Países de renda média-alta,NY.GDP.PCAP.CD,1968,201.24
UMC,Países de renda média-alta,NY.GDP.PCAP.CD,1969,219.95
UMC,Países de renda média-alta,NY.GDP.PCAP.CD,1970,233.36
UMC,Países de renda média-alta,NY.GDP.PCAP.CD,1971,247.60
UMC,Países de renda média-alta,NY.GDP.PCAP.CD,1972,276.93
UMC,Países de renda média-alta,NY.GDP.PCAP.CD,1973,356.07
UMC,Países de renda média-alta,NY.GDP.PCAP.CD,1974,448.95
UMC,Países de renda média-alta,NY.GDP.PCAP.CD,1975,486.60
UMC,Países de renda média-alta,NY.GDP.PCAP.CD,1976,517.79
UMC,Países de renda média-alta,NY.GDP.PCAP.CD,1977,570.51
UMC,Países de renda média-alta,NY.GDP.PCAP.CD,1978,617.43
UMC,Países de renda média-alta,NY.GDP.PCAP.CD,1979,707.35
UMC,Países de renda média-alta,NY.GDP.PCAP.CD,1980,814.70
UMC,Países de renda média-alta,NY.GDP.PCAP.CD,1981,865.82
UMC,Países de renda média-alta,NY.GDP.PCAP.CD,1982,836.52
UMC,Países de renda média-alta,NY.GDP.PCAP.CD,1983,802.00
UMC,Países de renda média-alta,NY.GDP.PCAP.CD,1984,830.74
UMC,Países de renda média-alta,NY.GDP.PCAP.CD,1985,841.05
UMC,Países de renda média-alta,NY.GDP.PCAP.CD,1986,854.06
UMC,Países de renda média-alta,NY.GDP.PCAP.CD,1987,853.78
UMC,Países de renda média-alta,NY.GDP.PCAP.CD,1988,899.74
UMC,Países de renda média-alta,NY.GDP.PCAP.CD,1989,967.45
UMC,Países de renda média-alta,NY.GDP.PCAP.CD,1990,1103.82
UMC,Países de renda média-alta,NY.GDP.PCAP.CD,1991,1059.01
UMC,Países de renda média-alta,NY.GDP.PCAP.CD,1992,1118.02
UMC,Países de renda média-alta,NY.GDP.PCAP.CD,1993,1214.55
UMC,Países de renda média-alta,NY.GDP.PCAP.CD,1994,1352.20
UMC,Países de renda média-alta,NY.GDP.PCAP.CD,1995,1546.57
UMC,Países de renda média-alta,NY.GDP.PCAP.CD,1996,1689.36
UMC,Países de renda média-alta,NY.GDP.PCAP.CD,1997,1775.03
UMC,Países de renda média-alta,NY.GDP.PCAP.CD,1998,1696.52
UMC,Países de renda média-alta,NY.GDP.PCAP.CD,1999,1640.11
UMC,Países de renda média-alta,NY.GDP.PCAP.CD,2000,1770.11
UMC,Países de renda média-alta,NY.GDP.PCAP.CD,2001,1752.86
UMC,Países de renda média-alta,NY.GDP.PCAP.CD,2002,1753.63
UMC,Países de renda média-alta,NY.GDP.PCAP.CD,2003,1935.25
UMC,Países de renda média-alta,NY.GDP.PCAP.CD,2004,2258.66
UMC,Países de renda média-alta,NY.GDP.PCAP.CD,2005,2659.85
UMC,Países de renda média-alta,NY.GDP.PCAP.CD,2006,3110.02
UMC,Países de renda média-alta,NY.GDP.PCAP.CD,2007,3790.62
UMC,Países de renda média-alta,NY.GDP.PCAP.CD,2008,4548.12
UMC,Países de renda média-alta,NY.GDP.PCAP.CD,2009,4481.74
UMC,Países de renda média-alta,NY.GDP.PCAP.CD,2010,5435.75
UMC,Países de renda média-alta,NY.GDP.PCAP.CD,2011,6434.65
UMC,Países de renda média-alta,NY.GDP.PCAP.CD,2012,6813.15
UMC,Países de renda média-alta,NY.GDP.PCAP.CD,2013,7183.80
UMC,Países de renda média-alta,NY.GDP.PCAP.CD,2014,7399.16
UMC,Países de renda média-alta,NY.GDP.PCAP.CD,2015,7083.48
UMC,Países de renda média-alta,NY.GDP.PCAP.CD,2016,7068.01
UMC,Países de renda média-alta,NY.GDP.PCAP.CD,2017,7676.40
UMC,Países de renda média-alta,NY.GDP.PCAP.CD,2018,8149.60
UMC,Países de renda média-alta,NY.GDP.PCAP.CD,2019,8244.31
UMC,Países de renda média-alta,NY.GDP.PCAP.CD,2020,7949.26
UMC,Países de renda média-alta,NY.GDP.PCAP.CD,2021,9409.61
UMC,Países de renda média-alta,NY.GDP.PCAP.CD,2022,9796.27
UMC,Países de renda média-alta,NY.GDP.PCAP.CD,2023,10118.62
UMC,Países de renda média-alta,NY.GDP.PCAP.CD,2024,10443.35
UMC,Países de renda média-alta,NY.GDP.PCAP.CD,2025,10890.10
HIC,Países de renda alta,NY.GDP.PCAP.CD,1960,1205.23
HIC,Países de renda alta,NY.GDP.PCAP.CD,1961,1269.99
HIC,Países de renda alta,NY.GDP.PCAP.CD,1962,1356.63
HIC,Países de renda alta,NY.GDP.PCAP.CD,1963,1441.78
HIC,Países de renda alta,NY.GDP.PCAP.CD,1964,1557.24
HIC,Países de renda alta,NY.GDP.PCAP.CD,1965,1673.41
HIC,Países de renda alta,NY.GDP.PCAP.CD,1966,1812.93
HIC,Países de renda alta,NY.GDP.PCAP.CD,1967,1918.49
HIC,Países de renda alta,NY.GDP.PCAP.CD,1968,2061.78
HIC,Países de renda alta,NY.GDP.PCAP.CD,1969,2251.31
HIC,Países de renda alta,NY.GDP.PCAP.CD,1970,2448.68
HIC,Países de renda alta,NY.GDP.PCAP.CD,1971,2691.14
HIC,Países de renda alta,NY.GDP.PCAP.CD,1972,3097.16
HIC,Países de renda alta,NY.GDP.PCAP.CD,1973,3724.03
HIC,Países de renda alta,NY.GDP.PCAP.CD,1974,4174.53
HIC,Países de renda alta,NY.GDP.PCAP.CD,1975,4617.80
HIC,Países de renda alta,NY.GDP.PCAP.CD,1976,4988.94
HIC,Países de renda alta,NY.GDP.PCAP.CD,1977,5604.02
HIC,Países de renda alta,NY.GDP.PCAP.CD,1978,6677.23
HIC,Países de renda alta,NY.GDP.PCAP.CD,1979,7652.36
HIC,Países de renda alta,NY.GDP.PCAP.CD,1980,8474.01
HIC,Países de renda alta,NY.GDP.PCAP.CD,1981,8537.57
HIC,Países de renda alta,NY.GDP.PCAP.CD,1982,8391.40
HIC,Países de renda alta,NY.GDP.PCAP.CD,1983,8611.96
HIC,Países de renda alta,NY.GDP.PCAP.CD,1984,8919.83
HIC,Países de renda alta,NY.GDP.PCAP.CD,1985,9299.05
HIC,Países de renda alta,NY.GDP.PCAP.CD,1986,11227.38
HIC,Países de renda alta,NY.GDP.PCAP.CD,1987,12932.55
HIC,Países de renda alta,NY.GDP.PCAP.CD,1988,14461.03
HIC,Países de renda alta,NY.GDP.PCAP.CD,1989,14952.83
HIC,Países de renda alta,NY.GDP.PCAP.CD,1990,16636.49
HIC,Países de renda alta,NY.GDP.PCAP.CD,1991,17431.57
HIC,Países de renda alta,NY.GDP.PCAP.CD,1992,18533.16
HIC,Países de renda alta,NY.GDP.PCAP.CD,1993,18549.98
HIC,Países de renda alta,NY.GDP.PCAP.CD,1994,19720.32
HIC,Países de renda alta,NY.GDP.PCAP.CD,1995,21739.93
HIC,Países de renda alta,NY.GDP.PCAP.CD,1996,21791.20
HIC,Países de renda alta,NY.GDP.PCAP.CD,1997,21308.61
HIC,Países de renda alta,NY.GDP.PCAP.CD,1998,21128.27
HIC,Países de renda alta,NY.GDP.PCAP.CD,1999,22013.58
HIC,Países de renda alta,NY.GDP.PCAP.CD,2000,22428.17
HIC,Países de renda alta,NY.GDP.PCAP.CD,2001,22129.02
HIC,Países de renda alta,NY.GDP.PCAP.CD,2002,22974.36
HIC,Países de renda alta,NY.GDP.PCAP.CD,2003,25642.10
HIC,Países de renda alta,NY.GDP.PCAP.CD,2004,28482.30
HIC,Países de renda alta,NY.GDP.PCAP.CD,2005,30080.78
HIC,Países de renda alta,NY.GDP.PCAP.CD,2006,31743.31
HIC,Países de renda alta,NY.GDP.PCAP.CD,2007,34703.22
HIC,Países de renda alta,NY.GDP.PCAP.CD,2008,36948.69
HIC,Países de renda alta,NY.GDP.PCAP.CD,2009,34160.34
HIC,Países de renda alta,NY.GDP.PCAP.CD,2010,35833.71
HIC,Países de renda alta,NY.GDP.PCAP.CD,2011,38837.33
HIC,Países de renda alta,NY.GDP.PCAP.CD,2012,38756.76
HIC,Países de renda alta,NY.GDP.PCAP.CD,2013,39099.88
HIC,Países de renda alta,NY.GDP.PCAP.CD,2014,39576.14
HIC,Países de renda alta,NY.GDP.PCAP.CD,2015,36734.63
HIC,Países de renda alta,NY.GDP.PCAP.CD,2016,37232.24
HIC,Países de renda alta,NY.GDP.PCAP.CD,2017,38970.47
HIC,Países de renda alta,NY.GDP.PCAP.CD,2018,41295.63
HIC,Países de renda alta,NY.GDP.PCAP.CD,2019,41570.38
HIC,Países de renda alta,NY.GDP.PCAP.CD,2020,40453.97
HIC,Países de renda alta,NY.GDP.PCAP.CD,2021,45545.95
HIC,Países de renda alta,NY.GDP.PCAP.CD,2022,47056.49
HIC,Países de renda alta,NY.GDP.PCAP.CD,2023,49141.54
HIC,Países de renda alta,NY.GDP.PCAP.CD,2024,50907.28
HIC,Países de renda alta,NY.GDP.PCAP.CD,2025,53997.26
LMY,Países de renda baixa e média,NY.GDP.PCAP.CD,1960,130.45
LMY,Países de renda baixa e média,NY.GDP.PCAP.CD,1961,130.47
LMY,Países de renda baixa e média,NY.GDP.PCAP.CD,1962,130.24
LMY,Países de renda baixa e média,NY.GDP.PCAP.CD,1963,140.74
LMY,Países de renda baixa e média,NY.GDP.PCAP.CD,1964,152.57
LMY,Países de renda baixa e média,NY.GDP.PCAP.CD,1965,164.10
LMY,Países de renda baixa e média,NY.GDP.PCAP.CD,1966,166.05
LMY,Países de renda baixa e média,NY.GDP.PCAP.CD,1967,166.42
LMY,Países de renda baixa e média,NY.GDP.PCAP.CD,1968,172.20
LMY,Países de renda baixa e média,NY.GDP.PCAP.CD,1969,187.44
LMY,Países de renda baixa e média,NY.GDP.PCAP.CD,1970,199.60
LMY,Países de renda baixa e média,NY.GDP.PCAP.CD,1971,209.60
LMY,Países de renda baixa e média,NY.GDP.PCAP.CD,1972,229.61
LMY,Países de renda baixa e média,NY.GDP.PCAP.CD,1973,285.44
LMY,Países de renda baixa e média,NY.GDP.PCAP.CD,1974,356.50
LMY,Países de renda baixa e média,NY.GDP.PCAP.CD,1975,385.03
LMY,Países de renda baixa e média,NY.GDP.PCAP.CD,1976,406.15
LMY,Países de renda baixa e média,NY.GDP.PCAP.CD,1977,446.93
LMY,Países de renda baixa e média,NY.GDP.PCAP.CD,1978,485.64
LMY,Países de renda baixa e média,NY.GDP.PCAP.CD,1979,552.12
LMY,Países de renda baixa e média,NY.GDP.PCAP.CD,1980,639.30
LMY,Países de renda baixa e média,NY.GDP.PCAP.CD,1981,700.99
LMY,Países de renda baixa e média,NY.GDP.PCAP.CD,1982,677.14
LMY,Países de renda baixa e média,NY.GDP.PCAP.CD,1983,643.00
LMY,Países de renda baixa e média,NY.GDP.PCAP.CD,1984,643.84
LMY,Países de renda baixa e média,NY.GDP.PCAP.CD,1985,654.90
LMY,Países de renda baixa e média,NY.GDP.PCAP.CD,1986,654.07
LMY,Países de renda baixa e média,NY.GDP.PCAP.CD,1987,657.04
LMY,Países de renda baixa e média,NY.GDP.PCAP.CD,1988,688.77
LMY,Países de renda baixa e média,NY.GDP.PCAP.CD,1989,717.90
LMY,Países de renda baixa e média,NY.GDP.PCAP.CD,1990,806.16
LMY,Países de renda baixa e média,NY.GDP.PCAP.CD,1991,771.07
LMY,Países de renda baixa e média,NY.GDP.PCAP.CD,1992,794.12
LMY,Países de renda baixa e média,NY.GDP.PCAP.CD,1993,841.85
LMY,Países de renda baixa e média,NY.GDP.PCAP.CD,1994,924.73
LMY,Países de renda baixa e média,NY.GDP.PCAP.CD,1995,1055.30
LMY,Países de renda baixa e média,NY.GDP.PCAP.CD,1996,1148.12
LMY,Países de renda baixa e média,NY.GDP.PCAP.CD,1997,1200.56
LMY,Países de renda baixa e média,NY.GDP.PCAP.CD,1998,1160.84
LMY,Países de renda baixa e média,NY.GDP.PCAP.CD,1999,1101.63
LMY,Países de renda baixa e média,NY.GDP.PCAP.CD,2000,1181.59
LMY,Países de renda baixa e média,NY.GDP.PCAP.CD,2001,1166.63
LMY,Países de renda baixa e média,NY.GDP.PCAP.CD,2002,1165.82
LMY,Países de renda baixa e média,NY.GDP.PCAP.CD,2003,1282.07
LMY,Países de renda baixa e média,NY.GDP.PCAP.CD,2004,1485.19
LMY,Países de renda baixa e média,NY.GDP.PCAP.CD,2005,1731.58
LMY,Países de renda baixa e média,NY.GDP.PCAP.CD,2006,2012.45
LMY,Países de renda baixa e média,NY.GDP.PCAP.CD,2007,2438.53
LMY,Países de renda baixa e média,NY.GDP.PCAP.CD,2008,2864.72
LMY,Países de renda baixa e média,NY.GDP.PCAP.CD,2009,2835.65
LMY,Países de renda baixa e média,NY.GDP.PCAP.CD,2010,3399.25
LMY,Países de renda baixa e média,NY.GDP.PCAP.CD,2011,3921.45
LMY,Países de renda baixa e média,NY.GDP.PCAP.CD,2012,4118.31
LMY,Países de renda baixa e média,NY.GDP.PCAP.CD,2013,4290.61
LMY,Países de renda baixa e média,NY.GDP.PCAP.CD,2014,4422.78
LMY,Países de renda baixa e média,NY.GDP.PCAP.CD,2015,4223.78
LMY,Países de renda baixa e média,NY.GDP.PCAP.CD,2016,4211.55
LMY,Países de renda baixa e média,NY.GDP.PCAP.CD,2017,4543.09
LMY,Países de renda baixa e média,NY.GDP.PCAP.CD,2018,4773.04
LMY,Países de renda baixa e média,NY.GDP.PCAP.CD,2019,4857.12
LMY,Países de renda baixa e média,NY.GDP.PCAP.CD,2020,4646.47
LMY,Países de renda baixa e média,NY.GDP.PCAP.CD,2021,5422.11
LMY,Países de renda baixa e média,NY.GDP.PCAP.CD,2022,5626.70
LMY,Países de renda baixa e média,NY.GDP.PCAP.CD,2023,5733.52
LMY,Países de renda baixa e média,NY.GDP.PCAP.CD,2024,5874.03
LMY,Países de renda baixa e média,NY.GDP.PCAP.CD,2025,6107.26
BRA,Brasil,SP.POP.TOTL,1960,72388126
BRA,Brasil,SP.POP.TOTL,1961,74605447
BRA,Brasil,SP.POP.TOTL,1962,76865323
BRA,Brasil,SP.POP.TOTL,1963,79164235
BRA,Brasil,SP.POP.TOTL,1964,81488595
BRA,Brasil,SP.POP.TOTL,1965,83817583
BRA,Brasil,SP.POP.TOTL,1966,86139359
BRA,Brasil,SP.POP.TOTL,1967,88446124
BRA,Brasil,SP.POP.TOTL,1968,90741240
BRA,Brasil,SP.POP.TOTL,1969,93045777
BRA,Brasil,SP.POP.TOTL,1970,95375651
BRA,Brasil,SP.POP.TOTL,1971,97739273
BRA,Brasil,SP.POP.TOTL,1972,100146797
BRA,Brasil,SP.POP.TOTL,1973,102600976
BRA,Brasil,SP.POP.TOTL,1974,105089675
BRA,Brasil,SP.POP.TOTL,1975,107619565
BRA,Brasil,SP.POP.TOTL,1976,110213349
BRA,Brasil,SP.POP.TOTL,1977,112875292
BRA,Brasil,SP.POP.TOTL,1978,115600942
BRA,Brasil,SP.POP.TOTL,1979,118380821
BRA,Brasil,SP.POP.TOTL,1980,121207461
BRA,Brasil,SP.POP.TOTL,1981,124063109
BRA,Brasil,SP.POP.TOTL,1982,126923155
BRA,Brasil,SP.POP.TOTL,1983,129790077
BRA,Brasil,SP.POP.TOTL,1984,132658864
BRA,Brasil,SP.POP.TOTL,1985,135515595
BRA,Brasil,SP.POP.TOTL,1986,138336370
BRA,Brasil,SP.POP.TOTL,1987,141104944
BRA,Brasil,SP.POP.TOTL,1988,143826357
BRA,Brasil,SP.POP.TOTL,1989,146502972
BRA,Brasil,SP.POP.TOTL,1990,149143223
BRA,Brasil,SP.POP.TOTL,1991,151724256
BRA,Brasil,SP.POP.TOTL,1992,154275079
BRA,Brasil,SP.POP.TOTL,1993,156794577
BRA,Brasil,SP.POP.TOTL,1994,159265006
BRA,Brasil,SP.POP.TOTL,1995,161735073
BRA,Brasil,SP.POP.TOTL,1996,164202549
BRA,Brasil,SP.POP.TOTL,1997,166661659
BRA,Brasil,SP.POP.TOTL,1998,169159655
BRA,Brasil,SP.POP.TOTL,1999,171641543
BRA,Brasil,SP.POP.TOTL,2000,174018282
BRA,Brasil,SP.POP.TOTL,2001,176301203
BRA,Brasil,SP.POP.TOTL,2002,178503484
BRA,Brasil,SP.POP.TOTL,2003,180622688
BRA,Brasil,SP.POP.TOTL,2004,182675143
BRA,Brasil,SP.POP.TOTL,2005,184688101
BRA,Brasil,SP.POP.TOTL,2006,186653106
BRA,Brasil,SP.POP.TOTL,2007,188552320
BRA,Brasil,SP.POP.TOTL,2008,190367302
BRA,Brasil,SP.POP.TOTL,2009,192079951
BRA,Brasil,SP.POP.TOTL,2010,193701929
BRA,Brasil,SP.POP.TOTL,2011,195284734
BRA,Brasil,SP.POP.TOTL,2012,196876111
BRA,Brasil,SP.POP.TOTL,2013,198478299
BRA,Brasil,SP.POP.TOTL,2014,200085127
BRA,Brasil,SP.POP.TOTL,2015,201675532
BRA,Brasil,SP.POP.TOTL,2016,203218114
BRA,Brasil,SP.POP.TOTL,2017,204703445
BRA,Brasil,SP.POP.TOTL,2018,206107261
BRA,Brasil,SP.POP.TOTL,2019,207455459
BRA,Brasil,SP.POP.TOTL,2020,208660842
BRA,Brasil,SP.POP.TOTL,2021,209550294
BRA,Brasil,SP.POP.TOTL,2022,210306415
BRA,Brasil,SP.POP.TOTL,2023,211140729
BRA,Brasil,SP.POP.TOTL,2024,211998573
BRA,Brasil,SP.POP.TOTL,2025,212812405
ARG,Argentina,SP.POP.TOTL,1960,20386045
ARG,Argentina,SP.POP.TOTL,1961,20726276
ARG,Argentina,SP.POP.TOTL,1962,21072538
ARG,Argentina,SP.POP.TOTL,1963,21421705
ARG,Argentina,SP.POP.TOTL,1964,21769453
ARG,Argentina,SP.POP.TOTL,1965,22112629
ARG,Argentina,SP.POP.TOTL,1966,22453893
ARG,Argentina,SP.POP.TOTL,1967,22799059
ARG,Argentina,SP.POP.TOTL,1968,23150583
ARG,Argentina,SP.POP.TOTL,1969,23508711
ARG,Argentina,SP.POP.TOTL,1970,23878327
ARG,Argentina,SP.POP.TOTL,1971,24257208
ARG,Argentina,SP.POP.TOTL,1972,24644328
ARG,Argentina,SP.POP.TOTL,1973,25046005
ARG,Argentina,SP.POP.TOTL,1974,25461351
ARG,Argentina,SP.POP.TOTL,1975,25874107
ARG,Argentina,SP.POP.TOTL,1976,26282283
ARG,Argentina,SP.POP.TOTL,1977,26701805
ARG,Argentina,SP.POP.TOTL,1978,27132158
ARG,Argentina,SP.POP.TOTL,1979,27568895
ARG,Argentina,SP.POP.TOTL,1980,28011596
ARG,Argentina,SP.POP.TOTL,1981,28463959
ARG,Argentina,SP.POP.TOTL,1982,28924262
ARG,Argentina,SP.POP.TOTL,1983,29391332
ARG,Argentina,SP.POP.TOTL,1984,29863093
ARG,Argentina,SP.POP.TOTL,1985,30336441
ARG,Argentina,SP.POP.TOTL,1986,30811980
ARG,Argentina,SP.POP.TOTL,1987,31291762
ARG,Argentina,SP.POP.TOTL,1988,31780532
ARG,Argentina,SP.POP.TOTL,1989,32270948
ARG,Argentina,SP.POP.TOTL,1990,32755901
ARG,Argentina,SP.POP.TOTL,1991,33230294
ARG,Argentina,SP.POP.TOTL,1992,33693527
ARG,Argentina,SP.POP.TOTL,1993,34152717
ARG,Argentina,SP.POP.TOTL,1994,34613491
ARG,Argentina,SP.POP.TOTL,1995,35070020
ARG,Argentina,SP.POP.TOTL,1996,35513793
ARG,Argentina,SP.POP.TOTL,1997,35947791
ARG,Argentina,SP.POP.TOTL,1998,36372860
ARG,Argentina,SP.POP.TOTL,1999,36794682
ARG,Argentina,SP.POP.TOTL,2000,37213984
ARG,Argentina,SP.POP.TOTL,2001,37624825
ARG,Argentina,SP.POP.TOTL,2002,38029349
ARG,Argentina,SP.POP.TOTL,2003,38424282
ARG,Argentina,SP.POP.TOTL,2004,38815916
ARG,Argentina,SP.POP.TOTL,2005,39216789
ARG,Argentina,SP.POP.TOTL,2006,39622115
ARG,Argentina,SP.POP.TOTL,2007,40016763
ARG,Argentina,SP.POP.TOTL,2008,40424148
ARG,Argentina,SP.POP.TOTL,2009,40854831
ARG,Argentina,SP.POP.TOTL,2010,41288694
ARG,Argentina,SP.POP.TOTL,2011,41730660
ARG,Argentina,SP.POP.TOTL,2012,42161721
ARG,Argentina,SP.POP.TOTL,2013,42582455
ARG,Argentina,SP.POP.TOTL,2014,43024071
ARG,Argentina,SP.POP.TOTL,2015,43477012
ARG,Argentina,SP.POP.TOTL,2016,43900313
ARG,Argentina,SP.POP.TOTL,2017,44288894
ARG,Argentina,SP.POP.TOTL,2018,44654882
ARG,Argentina,SP.POP.TOTL,2019,44973465
ARG,Argentina,SP.POP.TOTL,2020,45191965
ARG,Argentina,SP.POP.TOTL,2021,45312281
ARG,Argentina,SP.POP.TOTL,2022,45407904
ARG,Argentina,SP.POP.TOTL,2023,45538401
ARG,Argentina,SP.POP.TOTL,2024,45696159
ARG,Argentina,SP.POP.TOTL,2025,45851378
CHL,Chile,SP.POP.TOTL,1960,8153350
CHL,Chile,SP.POP.TOTL,1961,8324802
CHL,Chile,SP.POP.TOTL,1962,8497059
CHL,Chile,SP.POP.TOTL,1963,8670144
CHL,Chile,SP.POP.TOTL,1964,8842525
CHL,Chile,SP.POP.TOTL,1965,9012938
CHL,Chile,SP.POP.TOTL,1966,9181722
CHL,Chile,SP.POP.TOTL,1967,9348939
CHL,Chile,SP.POP.TOTL,1968,9514716
CHL,Chile,SP.POP.TOTL,1969,9680282
CHL,Chile,SP.POP.TOTL,1970,9845344
CHL,Chile,SP.POP.TOTL,1971,10009701
CHL,Chile,SP.POP.TOTL,1972,10174678
CHL,Chile,SP.POP.TOTL,1973,10340362
CHL,Chile,SP.POP.TOTL,1974,10505817
CHL,Chile,SP.POP.TOTL,1975,10671559
CHL,Chile,SP.POP.TOTL,1976,10838251
CHL,Chile,SP.POP.TOTL,1977,11005519
CHL,Chile,SP.POP.TOTL,1978,11172695
CHL,Chile,SP.POP.TOTL,1979,11339779
CHL,Chile,SP.POP.TOTL,1980,11508550
CHL,Chile,SP.POP.TOTL,1981,11678717
CHL,Chile,SP.POP.TOTL,1982,11850214
CHL,Chile,SP.POP.TOTL,1983,12026138
CHL,Chile,SP.POP.TOTL,1984,12207733
CHL,Chile,SP.POP.TOTL,1985,12395274
CHL,Chile,SP.POP.TOTL,1986,12588914
CHL,Chile,SP.POP.TOTL,1987,12790150
CHL,Chile,SP.POP.TOTL,1988,12999424
CHL,Chile,SP.POP.TOTL,1989,13215005
CHL,Chile,SP.POP.TOTL,1990,13437176
CHL,Chile,SP.POP.TOTL,1991,13662491
CHL,Chile,SP.POP.TOTL,1992,13884577
CHL,Chile,SP.POP.TOTL,1993,14102276
CHL,Chile,SP.POP.TOTL,1994,14316256
CHL,Chile,SP.POP.TOTL,1995,14527381
CHL,Chile,SP.POP.TOTL,1996,14734046
CHL,Chile,SP.POP.TOTL,1997,14932434
CHL,Chile,SP.POP.TOTL,1998,15127799
CHL,Chile,SP.POP.TOTL,1999,15319313
CHL,Chile,SP.POP.TOTL,2000,15503635
CHL,Chile,SP.POP.TOTL,2001,15683849
CHL,Chile,SP.POP.TOTL,2002,15857925
CHL,Chile,SP.POP.TOTL,2003,16024752
CHL,Chile,SP.POP.TOTL,2004,16187322
CHL,Chile,SP.POP.TOTL,2005,16348778
CHL,Chile,SP.POP.TOTL,2006,16509195
CHL,Chile,SP.POP.TOTL,2007,16671581
CHL,Chile,SP.POP.TOTL,2008,16838988
CHL,Chile,SP.POP.TOTL,2009,17009731
CHL,Chile,SP.POP.TOTL,2010,17181464
CHL,Chile,SP.POP.TOTL,2011,17351816
CHL,Chile,SP.POP.TOTL,2012,17519119
CHL,Chile,SP.POP.TOTL,2013,17687006
CHL,Chile,SP.POP.TOTL,2014,17864195
CHL,Chile,SP.POP.TOTL,2015,18047625
CHL,Chile,SP.POP.TOTL,2016,18267221
CHL,Chile,SP.POP.TOTL,2017,18558868
CHL,Chile,SP.POP.TOTL,2018,18893191
CHL,Chile,SP.POP.TOTL,2019,19197744
CHL,Chile,SP.POP.TOTL,2020,19370624
CHL,Chile,SP.POP.TOTL,2021,19456334
CHL,Chile,SP.POP.TOTL,2022,19553036
CHL,Chile,SP.POP.TOTL,2023,19658835
CHL,Chile,SP.POP.TOTL,2024,19764771
CHL,Chile,SP.POP.TOTL,2025,19859921
COL,Colômbia,SP.POP.TOTL,1960,15606209
COL,Colômbia,SP.POP.TOTL,1961,16095203
COL,Colômbia,SP.POP.TOTL,1962,16599029
COL,Colômbia,SP.POP.TOTL,1963,17113823
COL,Colômbia,SP.POP.TOTL,1964,17637411
COL,Colômbia,SP.POP.TOTL,1965,18169050
COL,Colômbia,SP.POP.TOTL,1966,18702688
COL,Colômbia,SP.POP.TOTL,1967,19235618
COL,Colômbia,SP.POP.TOTL,1968,19766796
COL,Colômbia,SP.POP.TOTL,1969,20291942
COL,Colômbia,SP.POP.TOTL,1970,20811782
COL,Colômbia,SP.POP.TOTL,1971,21319096
COL,Colômbia,SP.POP.TOTL,1972,21819563
COL,Colômbia,SP.POP.TOTL,1973,22325374
COL,Colômbia,SP.POP.TOTL,1974,22833469
COL,Colômbia,SP.POP.TOTL,1975,23344644
COL,Colômbia,SP.POP.TOTL,1976,23858810
COL,Colômbia,SP.POP.TOTL,1977,24393494
COL,Colômbia,SP.POP.TOTL,1978,24950337
COL,Colômbia,SP.POP.TOTL,1979,25515626
COL,Colômbia,SP.POP.TOTL,1980,26104498
COL,Colômbia,SP.POP.TOTL,1981,26713267
COL,Colômbia,SP.POP.TOTL,1982,27338331
COL,Colômbia,SP.POP.TOTL,1983,27988173
COL,Colômbia,SP.POP.TOTL,1984,28642690
COL,Colômbia,SP.POP.TOTL,1985,29268470
COL,Colômbia,SP.POP.TOTL,1986,29879112
COL,Colômbia,SP.POP.TOTL,1987,30499467
COL,Colômbia,SP.POP.TOTL,1988,31130524
COL,Colômbia,SP.POP.TOTL,1989,31776279
COL,Colômbia,SP.POP.TOTL,1990,32440069
COL,Colômbia,SP.POP.TOTL,1991,33098372
COL,Colômbia,SP.POP.TOTL,1992,33760571
COL,Colômbia,SP.POP.TOTL,1993,34441473
COL,Colômbia,SP.POP.TOTL,1994,35127410
COL,Colômbia,SP.POP.TOTL,1995,35804662
COL,Colômbia,SP.POP.TOTL,1996,36462745
COL,Colômbia,SP.POP.TOTL,1997,37121149
COL,Colômbia,SP.POP.TOTL,1998,37792165
COL,Colômbia,SP.POP.TOTL,1999,38454863
COL,Colômbia,SP.POP.TOTL,2000,39089934
COL,Colômbia,SP.POP.TOTL,2001,39709262
COL,Colômbia,SP.POP.TOTL,2002,40324680
COL,Colômbia,SP.POP.TOTL,2003,40937429
COL,Colômbia,SP.POP.TOTL,2004,41543171
COL,Colômbia,SP.POP.TOTL,2005,42128977
COL,Colômbia,SP.POP.TOTL,2006,42691084
COL,Colômbia,SP.POP.TOTL,2007,43235374
COL,Colômbia,SP.POP.TOTL,2008,43758808
COL,Colômbia,SP.POP.TOTL,2009,44271541
COL,Colômbia,SP.POP.TOTL,2010,44777319
COL,Colômbia,SP.POP.TOTL,2011,45259614
COL,Colômbia,SP.POP.TOTL,2012,45715810
COL,Colômbia,SP.POP.TOTL,2013,46151584
COL,Colômbia,SP.POP.TOTL,2014,46565429
COL,Colômbia,SP.POP.TOTL,2015,46969940
COL,Colômbia,SP.POP.TOTL,2016,47437512
COL,Colômbia,SP.POP.TOTL,2017,48131078
COL,Colômbia,SP.POP.TOTL,2018,49024465
COL,Colômbia,SP.POP.TOTL,2019,49907985
COL,Colômbia,SP.POP.TOTL,2020,50629997
COL,Colômbia,SP.POP.TOTL,2021,51188173
COL,Colômbia,SP.POP.TOTL,2022,51737944
COL,Colômbia,SP.POP.TOTL,2023,52321152
COL,Colômbia,SP.POP.TOTL,2024,52886363
COL,Colômbia,SP.POP.TOTL,2025,53425635
MEX,México,SP.POP.TOTL,1960,36724615
MEX,México,SP.POP.TOTL,1961,37890118
MEX,México,SP.POP.TOTL,1962,39129200
MEX,México,SP.POP.TOTL,1963,40424065
MEX,México,SP.POP.TOTL,1964,41772049
MEX,México,SP.POP.TOTL,1965,43174477
MEX,México,SP.POP.TOTL,1966,44629106
MEX,México,SP.POP.TOTL,1967,46129608
MEX,México,SP.POP.TOTL,1968,47668303
MEX,México,SP.POP.TOTL,1969,49233194
MEX,México,SP.POP.TOTL,1970,50814953
MEX,México,SP.POP.TOTL,1971,52412558
MEX,México,SP.POP.TOTL,1972,54030168
MEX,México,SP.POP.TOTL,1973,55667284
MEX,México,SP.POP.TOTL,1974,57320149
MEX,México,SP.POP.TOTL,1975,58982400
MEX,México,SP.POP.TOTL,1976,60645512
MEX,México,SP.POP.TOTL,1977,62308493
MEX,México,SP.POP.TOTL,1978,63979046
MEX,México,SP.POP.TOTL,1979,65648865
MEX,México,SP.POP.TOTL,1980,67300334
MEX,México,SP.POP.TOTL,1981,68892108
MEX,México,SP.POP.TOTL,1982,70433260
MEX,México,SP.POP.TOTL,1983,71971240
MEX,México,SP.POP.TOTL,1984,73506846
MEX,México,SP.POP.TOTL,1985,75043414
MEX,México,SP.POP.TOTL,1986,76585637
MEX,México,SP.POP.TOTL,1987,78136651
MEX,México,SP.POP.TOTL,1988,79695531
MEX,México,SP.POP.TOTL,1989,81247182
MEX,México,SP.POP.TOTL,1990,82820170
MEX,México,SP.POP.TOTL,1991,84430572
MEX,México,SP.POP.TOTL,1992,86044809
MEX,México,SP.POP.TOTL,1993,87653807
MEX,México,SP.POP.TOTL,1994,89259205
MEX,México,SP.POP.TOTL,1995,90862455
MEX,México,SP.POP.TOTL,1996,92452702
MEX,México,SP.POP.TOTL,1997,94021207
MEX,México,SP.POP.TOTL,1998,95575245
MEX,México,SP.POP.TOTL,1999,97115707
MEX,México,SP.POP.TOTL,2000,98625552
MEX,México,SP.POP.TOTL,2001,100099099
MEX,México,SP.POP.TOTL,2002,101548624
MEX,México,SP.POP.TOTL,2003,102978515
MEX,México,SP.POP.TOTL,2004,104394131
MEX,México,SP.POP.TOTL,2005,105811504
MEX,México,SP.POP.TOTL,2006,107253666
MEX,México,SP.POP.TOTL,2007,108774360
MEX,México,SP.POP.TOTL,2008,110374288
MEX,México,SP.POP.TOTL,2009,111999721
MEX,México,SP.POP.TOTL,2010,113623895
MEX,México,SP.POP.TOTL,2011,115243504
MEX,México,SP.POP.TOTL,2012,116818208
MEX,México,SP.POP.TOTL,2013,118343573
MEX,México,SP.POP.TOTL,2014,119784261
MEX,México,SP.POP.TOTL,2015,121072306
MEX,México,SP.POP.TOTL,2016,122251351
MEX,México,SP.POP.TOTL,2017,123400057
MEX,México,SP.POP.TOTL,2018,124573711
MEX,México,SP.POP.TOTL,2019,125762982
MEX,México,SP.POP.TOTL,2020,126799054
MEX,México,SP.POP.TOTL,2021,127648148
MEX,México,SP.POP.TOTL,2022,128613117
MEX,México,SP.POP.TOTL,2023,129739759
MEX,México,SP.POP.TOTL,2024,130861007
MEX,México,SP.POP.TOTL,2025,131946900
PER,Peru,SP.POP.TOTL,1960,10174127
PER,Peru,SP.POP.TOTL,1961,10475123
PER,Peru,SP.POP.TOTL,1962,10784612
PER,Peru,SP.POP.TOTL,1963,11102099
PER,Peru,SP.POP.TOTL,1964,11427978
PER,Peru,SP.POP.TOTL,1965,11761085
PER,Peru,SP.POP.TOTL,1966,12101297
PER,Peru,SP.POP.TOTL,1967,12448814
PER,Peru,SP.POP.TOTL,1968,12803993
PER,Peru,SP.POP.TOTL,1969,13166767
PER,Peru,SP.POP.TOTL,1970,13501237
PER,Peru,SP.POP.TOTL,1971,13838067
PER,Peru,SP.POP.TOTL,1972,14210147
PER,Peru,SP.POP.TOTL,1973,14582867
PER,Peru,SP.POP.TOTL,1974,14956552
PER,Peru,SP.POP.TOTL,1975,15333957
PER,Peru,SP.POP.TOTL,1976,15716809
PER,Peru,SP.POP.TOTL,1977,16109806
PER,Peru,SP.POP.TOTL,1978,16516059
PER,Peru,SP.POP.TOTL,1979,16933139
PER,Peru,SP.POP.TOTL,1980,17360949
PER,Peru,SP.POP.TOTL,1981,17798805
PER,Peru,SP.POP.TOTL,1982,18246503
PER,Peru,SP.POP.TOTL,1983,18705957
PER,Peru,SP.POP.TOTL,1984,19174716
PER,Peru,SP.POP.TOTL,1985,19648204
PER,Peru,SP.POP.TOTL,1986,20117122
PER,Peru,SP.POP.TOTL,1987,20582320
PER,Peru,SP.POP.TOTL,1988,21054702
PER,Peru,SP.POP.TOTL,1989,21532589
PER,Peru,SP.POP.TOTL,1990,22014771
PER,Peru,SP.POP.TOTL,1991,22483775
PER,Peru,SP.POP.TOTL,1992,22946340
PER,Peru,SP.POP.TOTL,1993,23413783
PER,Peru,SP.POP.TOTL,1994,23881493
PER,Peru,SP.POP.TOTL,1995,24348919
PER,Peru,SP.POP.TOTL,1996,24811171
PER,Peru,SP.POP.TOTL,1997,25274147
PER,Peru,SP.POP.TOTL,1998,25738095
PER,Peru,SP.POP.TOTL,1999,26186504
PER,Peru,SP.POP.TOTL,2000,26598331
PER,Peru,SP.POP.TOTL,2001,26964601
PER,Peru,SP.POP.TOTL,2002,27288217
PER,Peru,SP.POP.TOTL,2003,27580490
PER,Peru,SP.POP.TOTL,2004,27852190
PER,Peru,SP.POP.TOTL,2005,28101180
PER,Peru,SP.POP.TOTL,2006,28324491
PER,Peru,SP.POP.TOTL,2007,28530699
PER,Peru,SP.POP.TOTL,2008,28719041
PER,Peru,SP.POP.TOTL,2009,28896811
PER,Peru,SP.POP.TOTL,2010,29086019
PER,Peru,SP.POP.TOTL,2011,29304086
PER,Peru,SP.POP.TOTL,2012,29550366
PER,Peru,SP.POP.TOTL,2013,29817919
PER,Peru,SP.POP.TOTL,2014,30115826
PER,Peru,SP.POP.TOTL,2015,30457600
PER,Peru,SP.POP.TOTL,2016,30866494
PER,Peru,SP.POP.TOTL,2017,31324637
PER,Peru,SP.POP.TOTL,2018,31897584
PER,Peru,SP.POP.TOTL,2019,32449303
PER,Peru,SP.POP.TOTL,2020,32838579
PER,Peru,SP.POP.TOTL,2021,33155882
PER,Peru,SP.POP.TOTL,2022,33475438
PER,Peru,SP.POP.TOTL,2023,33845617
PER,Peru,SP.POP.TOTL,2024,34217848
PER,Peru,SP.POP.TOTL,2025,34576665
USA,Estados Unidos,SP.POP.TOTL,1960,180671000
USA,Estados Unidos,SP.POP.TOTL,1961,183691000
USA,Estados Unidos,SP.POP.TOTL,1962,186538000
USA,Estados Unidos,SP.POP.TOTL,1963,189242000
USA,Estados Unidos,SP.POP.TOTL,1964,191889000
USA,Estados Unidos,SP.POP.TOTL,1965,194303000
USA,Estados Unidos,SP.POP.TOTL,1966,196560000
USA,Estados Unidos,SP.POP.TOTL,1967,198712000
USA,Estados Unidos,SP.POP.TOTL,1968,200706000
USA,Estados Unidos,SP.POP.TOTL,1969,202677000
USA,Estados Unidos,SP.POP.TOTL,1970,205052000
USA,Estados Unidos,SP.POP.TOTL,1971,207661000
USA,Estados Unidos,SP.POP.TOTL,1972,209896000
USA,Estados Unidos,SP.POP.TOTL,1973,211909000
USA,Estados Unidos,SP.POP.TOTL,1974,213854000
USA,Estados Unidos,SP.POP.TOTL,1975,215973000
USA,Estados Unidos,SP.POP.TOTL,1976,218035000
USA,Estados Unidos,SP.POP.TOTL,1977,220239000
USA,Estados Unidos,SP.POP.TOTL,1978,222585000
USA,Estados Unidos,SP.POP.TOTL,1979,225055000
USA,Estados Unidos,SP.POP.TOTL,1980,227225000
USA,Estados Unidos,SP.POP.TOTL,1981,229466000
USA,Estados Unidos,SP.POP.TOTL,1982,231664000
USA,Estados Unidos,SP.POP.TOTL,1983,233792000
USA,Estados Unidos,SP.POP.TOTL,1984,235825000
USA,Estados Unidos,SP.POP.TOTL,1985,237924000
USA,Estados Unidos,SP.POP.TOTL,1986,240133000
USA,Estados Unidos,SP.POP.TOTL,1987,242289000
USA,Estados Unidos,SP.POP.TOTL,1988,244499000
USA,Estados Unidos,SP.POP.TOTL,1989,246819000
USA,Estados Unidos,SP.POP.TOTL,1990,249623000
USA,Estados Unidos,SP.POP.TOTL,1991,252981000
USA,Estados Unidos,SP.POP.TOTL,1992,256514000
USA,Estados Unidos,SP.POP.TOTL,1993,259919000
USA,Estados Unidos,SP.POP.TOTL,1994,263126000
USA,Estados Unidos,SP.POP.TOTL,1995,266278000
USA,Estados Unidos,SP.POP.TOTL,1996,269394000
USA,Estados Unidos,SP.POP.TOTL,1997,272657000
USA,Estados Unidos,SP.POP.TOTL,1998,275854000
USA,Estados Unidos,SP.POP.TOTL,1999,279040000
USA,Estados Unidos,SP.POP.TOTL,2000,282162411
USA,Estados Unidos,SP.POP.TOTL,2001,284968955
USA,Estados Unidos,SP.POP.TOTL,2002,287625193
USA,Estados Unidos,SP.POP.TOTL,2003,290107933
USA,Estados Unidos,SP.POP.TOTL,2004,292805298
USA,Estados Unidos,SP.POP.TOTL,2005,295516599
USA,Estados Unidos,SP.POP.TOTL,2006,298379912
USA,Estados Unidos,SP.POP.TOTL,2007,301231207
USA,Estados Unidos,SP.POP.TOTL,2008,304093966
USA,Estados Unidos,SP.POP.TOTL,2009,306771529
USA,Estados Unidos,SP.POP.TOTL,2010,309378227
USA,Estados Unidos,SP.POP.TOTL,2011,311839461
USA,Estados Unidos,SP.POP.TOTL,2012,314339099
USA,Estados Unidos,SP.POP.TOTL,2013,316726282
USA,Estados Unidos,SP.POP.TOTL,2014,319257560
USA,Estados Unidos,SP.POP.TOTL,2015,321815121
USA,Estados Unidos,SP.POP.TOTL,2016,324353340
USA,Estados Unidos,SP.POP.TOTL,2017,326608609
USA,Estados Unidos,SP.POP.TOTL,2018,328529577
USA,Estados Unidos,SP.POP.TOTL,2019,330226227
USA,Estados Unidos,SP.POP.TOTL,2020,331578104
USA,Estados Unidos,SP.POP.TOTL,2021,332100166
USA,Estados Unidos,SP.POP.TOTL,2022,333996304
USA,Estados Unidos,SP.POP.TOTL,2023,336755052
USA,Estados Unidos,SP.POP.TOTL,2024,340003797
USA,Estados Unidos,SP.POP.TOTL,2025,341784857
CHN,China,SP.POP.TOTL,1960,667070000
CHN,China,SP.POP.TOTL,1961,660330000
CHN,China,SP.POP.TOTL,1962,665770000
CHN,China,SP.POP.TOTL,1963,682335000
CHN,China,SP.POP.TOTL,1964,698355000
CHN,China,SP.POP.TOTL,1965,715185000
CHN,China,SP.POP.TOTL,1966,735400000
CHN,China,SP.POP.TOTL,1967,754550000
CHN,China,SP.POP.TOTL,1968,774510000
CHN,China,SP.POP.TOTL,1969,796025000
CHN,China,SP.POP.TOTL,1970,818315000
CHN,China,SP.POP.TOTL,1971,841105000
CHN,China,SP.POP.TOTL,1972,862030000
CHN,China,SP.POP.TOTL,1973,881940000
CHN,China,SP.POP.TOTL,1974,900350000
CHN,China,SP.POP.TOTL,1975,916395000
CHN,China,SP.POP.TOTL,1976,930685000
CHN,China,SP.POP.TOTL,1977,943455000
CHN,China,SP.POP.TOTL,1978,956165000
CHN,China,SP.POP.TOTL,1979,969005000
CHN,China,SP.POP.TOTL,1980,981235000
CHN,China,SP.POP.TOTL,1981,993885000
CHN,China,SP.POP.TOTL,1982,1008630000
CHN,China,SP.POP.TOTL,1983,1023310000
CHN,China,SP.POP.TOTL,1984,1036825000
CHN,China,SP.POP.TOTL,1985,1051040000
CHN,China,SP.POP.TOTL,1986,1066790000
CHN,China,SP.POP.TOTL,1987,1084035000
CHN,China,SP.POP.TOTL,1988,1101630000
CHN,China,SP.POP.TOTL,1989,1118650000
CHN,China,SP.POP.TOTL,1990,1135185000
CHN,China,SP.POP.TOTL,1991,1150780000
CHN,China,SP.POP.TOTL,1992,1164970000
CHN,China,SP.POP.TOTL,1993,1178440000
CHN,China,SP.POP.TOTL,1994,1191835000
CHN,China,SP.POP.TOTL,1995,1204855000
CHN,China,SP.POP.TOTL,1996,1217550000
CHN,China,SP.POP.TOTL,1997,1230075000
CHN,China,SP.POP.TOTL,1998,1241935000
CHN,China,SP.POP.TOTL,1999,1252735000
CHN,China,SP.POP.TOTL,2000,1262645000
CHN,China,SP.POP.TOTL,2001,1271850000
CHN,China,SP.POP.TOTL,2002,1280400000
CHN,China,SP.POP.TOTL,2003,1288400000
CHN,China,SP.POP.TOTL,2004,1296075000
CHN,China,SP.POP.TOTL,2005,1303720000
CHN,China,SP.POP.TOTL,2006,1311020000
CHN,China,SP.POP.TOTL,2007,1317885000
CHN,China,SP.POP.TOTL,2008,1324655000
CHN,China,SP.POP.TOTL,2009,1331260000
CHN,China,SP.POP.TOTL,2010,1337705000
CHN,China,SP.POP.TOTL,2011,1345035000
CHN,China,SP.POP.TOTL,2012,1354190000
CHN,China,SP.POP.TOTL,2013,1363240000
CHN,China,SP.POP.TOTL,2014,1371860000
CHN,China,SP.POP.TOTL,2015,1379860000
CHN,China,SP.POP.TOTL,2016,1387790000
CHN,China,SP.POP.TOTL,2017,1396215000
CHN,China,SP.POP.TOTL,2018,1402760000
CHN,China,SP.POP.TOTL,2019,1407745000
CHN,China,SP.POP.TOTL,2020,1411100000
CHN,China,SP.POP.TOTL,2021,1412360000
CHN,China,SP.POP.TOTL,2022,1412175000
CHN,China,SP.POP.TOTL,2023,1410710000
CHN,China,SP.POP.TOTL,2024,1408975000
CHN,China,SP.POP.TOTL,2025,1406585000
IND,Índia,SP.POP.TOTL,1960,435990338
IND,Índia,SP.POP.TOTL,1961,446564729
IND,Índia,SP.POP.TOTL,1962,457283090
IND,Índia,SP.POP.TOTL,1963,468138575
IND,Índia,SP.POP.TOTL,1964,479229598
IND,Índia,SP.POP.TOTL,1965,490140146
IND,Índia,SP.POP.TOTL,1966,500740247
IND,Índia,SP.POP.TOTL,1967,511606372
IND,Índia,SP.POP.TOTL,1968,522716889
IND,Índia,SP.POP.TOTL,1969,533880544
IND,Índia,SP.POP.TOTL,1970,545864268
IND,Índia,SP.POP.TOTL,1971,558096387
IND,Índia,SP.POP.TOTL,1972,570482142
IND,Índia,SP.POP.TOTL,1973,583465598
IND,Índia,SP.POP.TOTL,1974,597041391
IND,Índia,SP.POP.TOTL,1975,611309535
IND,Índia,SP.POP.TOTL,1976,625861883
IND,Índia,SP.POP.TOTL,1977,640801103
IND,Índia,SP.POP.TOTL,1978,655728229
IND,Índia,SP.POP.TOTL,1979,671155747
IND,Índia,SP.POP.TOTL,1980,687354025
IND,Índia,SP.POP.TOTL,1981,703696250
IND,Índia,SP.POP.TOTL,1982,720313473
IND,Índia,SP.POP.TOTL,1983,737372681
IND,Índia,SP.POP.TOTL,1984,754875449
IND,Índia,SP.POP.TOTL,1985,772647793
IND,Índia,SP.POP.TOTL,1986,790689978
IND,Índia,SP.POP.TOTL,1987,808931270
IND,Índia,SP.POP.TOTL,1988,827342990
IND,Índia,SP.POP.TOTL,1989,846039529
IND,Índia,SP.POP.TOTL,1990,864972221
IND,Índia,SP.POP.TOTL,1991,883927600
IND,Índia,SP.POP.TOTL,1992,902957070
IND,Índia,SP.POP.TOTL,1993,922118387
IND,Índia,SP.POP.TOTL,1994,941163767
IND,Índia,SP.POP.TOTL,1995,960301044
IND,Índia,SP.POP.TOTL,1996,979678458
IND,Índia,SP.POP.TOTL,1997,999133762
IND,Índia,SP.POP.TOTL,1998,1018665080
IND,Índia,SP.POP.TOTL,1999,1038225823
IND,Índia,SP.POP.TOTL,2000,1057922733
IND,Índia,SP.POP.TOTL,2001,1077898575
IND,Índia,SP.POP.TOTL,2002,1097600380
IND,Índia,SP.POP.TOTL,2003,1116803006
IND,Índia,SP.POP.TOTL,2004,1135991513
IND,Índia,SP.POP.TOTL,2005,1154676322
IND,Índia,SP.POP.TOTL,2006,1172878890
IND,Índia,SP.POP.TOTL,2007,1190676021
IND,Índia,SP.POP.TOTL,2008,1207930964
IND,Índia,SP.POP.TOTL,2009,1225524753
IND,Índia,SP.POP.TOTL,2010,1243481564
IND,Índia,SP.POP.TOTL,2011,1261224954
IND,Índia,SP.POP.TOTL,2012,1278674502
IND,Índia,SP.POP.TOTL,2013,1295829511
IND,Índia,SP.POP.TOTL,2014,1312277191
IND,Índia,SP.POP.TOTL,2015,1328024498
IND,Índia,SP.POP.TOTL,2016,1343944296
IND,Índia,SP.POP.TOTL,2017,1359657400
IND,Índia,SP.POP.TOTL,2018,1374659064
IND,Índia,SP.POP.TOTL,2019,1389030312
IND,Índia,SP.POP.TOTL,2020,1402617695
IND,Índia,SP.POP.TOTL,2021,1414203896
IND,Índia,SP.POP.TOTL,2022,1425423212
IND,Índia,SP.POP.TOTL,2023,1438069596
IND,Índia,SP.POP.TOTL,2024,1450935791
IND,Índia,SP.POP.TOTL,2025,1463865525
KOR,Coreia do Sul,SP.POP.TOTL,1960,25012374
KOR,Coreia do Sul,SP.POP.TOTL,1961,25765673
KOR,Coreia do Sul,SP.POP.TOTL,1962,26513030
KOR,Coreia do Sul,SP.POP.TOTL,1963,27261747
KOR,Coreia do Sul,SP.POP.TOTL,1964,27984155
KOR,Coreia do Sul,SP.POP.TOTL,1965,28704674
KOR,Coreia do Sul,SP.POP.TOTL,1966,29435571
KOR,Coreia do Sul,SP.POP.TOTL,1967,30130983
KOR,Coreia do Sul,SP.POP.TOTL,1968,30838302
KOR,Coreia do Sul,SP.POP.TOTL,1969,31544266
KOR,Coreia do Sul,SP.POP.TOTL,1970,32240827
KOR,Coreia do Sul,SP.POP.TOTL,1971,32882704
KOR,Coreia do Sul,SP.POP.TOTL,1972,33505406
KOR,Coreia do Sul,SP.POP.TOTL,1973,34103149
KOR,Coreia do Sul,SP.POP.TOTL,1974,34692266
KOR,Coreia do Sul,SP.POP.TOTL,1975,35280725
KOR,Coreia do Sul,SP.POP.TOTL,1976,35848523
KOR,Coreia do Sul,SP.POP.TOTL,1977,36411795
KOR,Coreia do Sul,SP.POP.TOTL,1978,36969185
KOR,Coreia do Sul,SP.POP.TOTL,1979,37534236
KOR,Coreia do Sul,SP.POP.TOTL,1980,38123775
KOR,Coreia do Sul,SP.POP.TOTL,1981,38723248
KOR,Coreia do Sul,SP.POP.TOTL,1982,39326352
KOR,Coreia do Sul,SP.POP.TOTL,1983,39910403
KOR,Coreia do Sul,SP.POP.TOTL,1984,40405956
KOR,Coreia do Sul,SP.POP.TOTL,1985,40805744
KOR,Coreia do Sul,SP.POP.TOTL,1986,41213674
KOR,Coreia do Sul,SP.POP.TOTL,1987,41621690
KOR,Coreia do Sul,SP.POP.TOTL,1988,42031247
KOR,Coreia do Sul,SP.POP.TOTL,1989,42449038
KOR,Coreia do Sul,SP.POP.TOTL,1990,42869283
KOR,Coreia do Sul,SP.POP.TOTL,1991,43295704
KOR,Coreia do Sul,SP.POP.TOTL,1992,43747962
KOR,Coreia do Sul,SP.POP.TOTL,1993,44194628
KOR,Coreia do Sul,SP.POP.TOTL,1994,44641540
KOR,Coreia do Sul,SP.POP.TOTL,1995,45092991
KOR,Coreia do Sul,SP.POP.TOTL,1996,45524681
KOR,Coreia do Sul,SP.POP.TOTL,1997,45953580
KOR,Coreia do Sul,SP.POP.TOTL,1998,46286503
KOR,Coreia do Sul,SP.POP.TOTL,1999,46616677
KOR,Coreia do Sul,SP.POP.TOTL,2000,47008111
KOR,Coreia do Sul,SP.POP.TOTL,2001,47370164
KOR,Coreia do Sul,SP.POP.TOTL,2002,47644736
KOR,Coreia do Sul,SP.POP.TOTL,2003,47892330
KOR,Coreia do Sul,SP.POP.TOTL,2004,48082519
KOR,Coreia do Sul,SP.POP.TOTL,2005,48184561
KOR,Coreia do Sul,SP.POP.TOTL,2006,48438292
KOR,Coreia do Sul,SP.POP.TOTL,2007,48683638
KOR,Coreia do Sul,SP.POP.TOTL,2008,49054708
KOR,Coreia do Sul,SP.POP.TOTL,2009,49307835
KOR,Coreia do Sul,SP.POP.TOTL,2010,49554112
KOR,Coreia do Sul,SP.POP.TOTL,2011,49936638
KOR,Coreia do Sul,SP.POP.TOTL,2012,50199853
KOR,Coreia do Sul,SP.POP.TOTL,2013,50428893
KOR,Coreia do Sul,SP.POP.TOTL,2014,50746659
KOR,Coreia do Sul,SP.POP.TOTL,2015,51014947
KOR,Coreia do Sul,SP.POP.TOTL,2016,51217803
KOR,Coreia do Sul,SP.POP.TOTL,2017,51361911
KOR,Coreia do Sul,SP.POP.TOTL,2018,51585058
KOR,Coreia do Sul,SP.POP.TOTL,2019,51764822
KOR,Coreia do Sul,SP.POP.TOTL,2020,51836239
KOR,Coreia do Sul,SP.POP.TOTL,2021,51769539
KOR,Coreia do Sul,SP.POP.TOTL,2022,51672569
KOR,Coreia do Sul,SP.POP.TOTL,2023,51712619
KOR,Coreia do Sul,SP.POP.TOTL,2024,51751065
KOR,Coreia do Sul,SP.POP.TOTL,2025,51684564
ZAF,África do Sul,SP.POP.TOTL,1960,16440172
ZAF,África do Sul,SP.POP.TOTL,1961,16908035
ZAF,África do Sul,SP.POP.TOTL,1962,17418522
ZAF,África do Sul,SP.POP.TOTL,1963,17954564
ZAF,África do Sul,SP.POP.TOTL,1964,18511361
ZAF,África do Sul,SP.POP.TOTL,1965,19089380
ZAF,África do Sul,SP.POP.TOTL,1966,19690087
ZAF,África do Sul,SP.POP.TOTL,1967,20314066
ZAF,África do Sul,SP.POP.TOTL,1968,20957287
ZAF,África do Sul,SP.POP.TOTL,1969,21614676
ZAF,África do Sul,SP.POP.TOTL,1970,22279984
ZAF,África do Sul,SP.POP.TOTL,1971,22942143
ZAF,África do Sul,SP.POP.TOTL,1972,23609456
ZAF,África do Sul,SP.POP.TOTL,1973,24294263
ZAF,África do Sul,SP.POP.TOTL,1974,24989108
ZAF,África do Sul,SP.POP.TOTL,1975,25690940
ZAF,África do Sul,SP.POP.TOTL,1976,26395450
ZAF,África do Sul,SP.POP.TOTL,1977,27118952
ZAF,África do Sul,SP.POP.TOTL,1978,27869507
ZAF,África do Sul,SP.POP.TOTL,1979,28634162
ZAF,África do Sul,SP.POP.TOTL,1980,29518857
ZAF,África do Sul,SP.POP.TOTL,1981,30541044
ZAF,África do Sul,SP.POP.TOTL,1982,31615339
ZAF,África do Sul,SP.POP.TOTL,1983,32739304
ZAF,África do Sul,SP.POP.TOTL,1984,33892788
ZAF,África do Sul,SP.POP.TOTL,1985,35042093
ZAF,África do Sul,SP.POP.TOTL,1986,36180515
ZAF,África do Sul,SP.POP.TOTL,1987,37326190
ZAF,África do Sul,SP.POP.TOTL,1988,38480649
ZAF,África do Sul,SP.POP.TOTL,1989,39628575
ZAF,África do Sul,SP.POP.TOTL,1990,40746268
ZAF,África do Sul,SP.POP.TOTL,1991,41687898
ZAF,África do Sul,SP.POP.TOTL,1992,42443509
ZAF,África do Sul,SP.POP.TOTL,1993,43297156
ZAF,África do Sul,SP.POP.TOTL,1994,44004139
ZAF,África do Sul,SP.POP.TOTL,1995,44541554
ZAF,África do Sul,SP.POP.TOTL,1996,45123018
ZAF,África do Sul,SP.POP.TOTL,1997,45666838
ZAF,África do Sul,SP.POP.TOTL,1998,46223880
ZAF,África do Sul,SP.POP.TOTL,1999,46730335
ZAF,África do Sul,SP.POP.TOTL,2000,47159719
ZAF,África do Sul,SP.POP.TOTL,2001,47566800
ZAF,África do Sul,SP.POP.TOTL,2002,48019415
ZAF,África do Sul,SP.POP.TOTL,2003,48500348
ZAF,África do Sul,SP.POP.TOTL,2004,48991421
ZAF,África do Sul,SP.POP.TOTL,2005,49490033
ZAF,África do Sul,SP.POP.TOTL,2006,49998277
ZAF,África do Sul,SP.POP.TOTL,2007,50528584
ZAF,África do Sul,SP.POP.TOTL,2008,51114599
ZAF,África do Sul,SP.POP.TOTL,2009,51728516
ZAF,África do Sul,SP.POP.TOTL,2010,52344051
ZAF,África do Sul,SP.POP.TOTL,2011,52995205
ZAF,África do Sul,SP.POP.TOTL,2012,53782567
ZAF,África do Sul,SP.POP.TOTL,2013,54678791
ZAF,África do Sul,SP.POP.TOTL,2014,55594838
ZAF,África do Sul,SP.POP.TOTL,2015,56723537
ZAF,África do Sul,SP.POP.TOTL,2016,57259551
ZAF,África do Sul,SP.POP.TOTL,2017,57635162
ZAF,África do Sul,SP.POP.TOTL,2018,58613001
ZAF,África do Sul,SP.POP.TOTL,2019,59587885
ZAF,África do Sul,SP.POP.TOTL,2020,60562381
ZAF,África do Sul,SP.POP.TOTL,2021,61502603
ZAF,África do Sul,SP.POP.TOTL,2022,62378410
ZAF,África do Sul,SP.POP.TOTL,2023,63212384
ZAF,África do Sul,SP.POP.TOTL,2024,64007187
ZAF,África do Sul,SP.POP.TOTL,2025,64747319
RUS,Rússia,SP.POP.TOTL,1960,119897000
RUS,Rússia,SP.POP.TOTL,1961,121236000
RUS,Rússia,SP.POP.TOTL,1962,122591000
RUS,Rússia,SP.POP.TOTL,1963,123960000
RUS,Rússia,SP.POP.TOTL,1964,125345000
RUS,Rússia,SP.POP.TOTL,1965,126745000
RUS,Rússia,SP.POP.TOTL,1966,127468000
RUS,Rússia,SP.POP.TOTL,1967,128196000
RUS,Rússia,SP.POP.TOTL,1968,128928000
RUS,Rússia,SP.POP.TOTL,1969,129664000
RUS,Rússia,SP.POP.TOTL,1970,130404000
RUS,Rússia,SP.POP.TOTL,1971,131155000
RUS,Rússia,SP.POP.TOTL,1972,131909000
RUS,Rússia,SP.POP.TOTL,1973,132669000
RUS,Rússia,SP.POP.TOTL,1974,133432000
RUS,Rússia,SP.POP.TOTL,1975,134200000
RUS,Rússia,SP.POP.TOTL,1976,135147000
RUS,Rússia,SP.POP.TOTL,1977,136100000
RUS,Rússia,SP.POP.TOTL,1978,137060000
RUS,Rússia,SP.POP.TOTL,1979,138027000
RUS,Rússia,SP.POP.TOTL,1980,139010000
RUS,Rússia,SP.POP.TOTL,1981,139941000
RUS,Rússia,SP.POP.TOTL,1982,140823000
RUS,Rússia,SP.POP.TOTL,1983,141668000
RUS,Rússia,SP.POP.TOTL,1984,142745000
RUS,Rússia,SP.POP.TOTL,1985,143858000
RUS,Rússia,SP.POP.TOTL,1986,144894000
RUS,Rússia,SP.POP.TOTL,1987,145908000
RUS,Rússia,SP.POP.TOTL,1988,146857000
RUS,Rússia,SP.POP.TOTL,1989,147721000
RUS,Rússia,SP.POP.TOTL,1990,147969406
RUS,Rússia,SP.POP.TOTL,1991,148394216
RUS,Rússia,SP.POP.TOTL,1992,148538197
RUS,Rússia,SP.POP.TOTL,1993,148458777
RUS,Rússia,SP.POP.TOTL,1994,148407912
RUS,Rússia,SP.POP.TOTL,1995,148375787
RUS,Rússia,SP.POP.TOTL,1996,148160129
RUS,Rússia,SP.POP.TOTL,1997,147915361
RUS,Rússia,SP.POP.TOTL,1998,147670784
RUS,Rússia,SP.POP.TOTL,1999,147214776
RUS,Rússia,SP.POP.TOTL,2000,146596869
RUS,Rússia,SP.POP.TOTL,2001,145976482
RUS,Rússia,SP.POP.TOTL,2002,145306497
RUS,Rússia,SP.POP.TOTL,2003,144648618
RUS,Rússia,SP.POP.TOTL,2004,144067316
RUS,Rússia,SP.POP.TOTL,2005,143518814
RUS,Rússia,SP.POP.TOTL,2006,143049637
RUS,Rússia,SP.POP.TOTL,2007,142805114
RUS,Rússia,SP.POP.TOTL,2008,142742366
RUS,Rússia,SP.POP.TOTL,2009,142785348
RUS,Rússia,SP.POP.TOTL,2010,142849468
RUS,Rússia,SP.POP.TOTL,2011,143018195
RUS,Rússia,SP.POP.TOTL,2012,143378447
RUS,Rússia,SP.POP.TOTL,2013,143805638
RUS,Rússia,SP.POP.TOTL,2014,144237223
RUS,Rússia,SP.POP.TOTL,2015,144640716
RUS,Rússia,SP.POP.TOTL,2016,145015460
RUS,Rússia,SP.POP.TOTL,2017,145293260
RUS,Rússia,SP.POP.TOTL,2018,145398106
RUS,Rússia,SP.POP.TOTL,2019,145453291
RUS,Rússia,SP.POP.TOTL,2020,145245148
RUS,Rússia,SP.POP.TOTL,2021,144746762
RUS,Rússia,SP.POP.TOTL,2022,144236933
RUS,Rússia,SP.POP.TOTL,2023,143826130
RUS,Rússia,SP.POP.TOTL,2024,143669648
RUS,Rússia,SP.POP.TOTL,2025,143513328
TUR,Turquia,SP.POP.TOTL,1960,28329898
TUR,Turquia,SP.POP.TOTL,1961,29119238
TUR,Turquia,SP.POP.TOTL,1962,29916147
TUR,Turquia,SP.POP.TOTL,1963,30726841
TUR,Turquia,SP.POP.TOTL,1964,31543072
TUR,Turquia,SP.POP.TOTL,1965,32345220
TUR,Turquia,SP.POP.TOTL,1966,33177672
TUR,Turquia,SP.POP.TOTL,1967,34050421
TUR,Turquia,SP.POP.TOTL,1968,34921684
TUR,Turquia,SP.POP.TOTL,1969,35787774
TUR,Turquia,SP.POP.TOTL,1970,36638465
TUR,Turquia,SP.POP.TOTL,1971,37518611
TUR,Turquia,SP.POP.TOTL,1972,38430221
TUR,Turquia,SP.POP.TOTL,1973,39329533
TUR,Turquia,SP.POP.TOTL,1974,40210234
TUR,Turquia,SP.POP.TOTL,1975,41053126
TUR,Turquia,SP.POP.TOTL,1976,41899984
TUR,Turquia,SP.POP.TOTL,1977,42773298
TUR,Turquia,SP.POP.TOTL,1978,43645306
TUR,Turquia,SP.POP.TOTL,1979,44510429
TUR,Turquia,SP.POP.TOTL,1980,45408815
TUR,Turquia,SP.POP.TOTL,1981,46321190
TUR,Turquia,SP.POP.TOTL,1982,47322096
TUR,Turquia,SP.POP.TOTL,1983,48447410
TUR,Turquia,SP.POP.TOTL,1984,49574069
TUR,Turquia,SP.POP.TOTL,1985,50687115
TUR,Turquia,SP.POP.TOTL,1986,51777772
TUR,Turquia,SP.POP.TOTL,1987,52843670
TUR,Turquia,SP.POP.TOTL,1988,53909626
TUR,Turquia,SP.POP.TOTL,1989,54976723
TUR,Turquia,SP.POP.TOTL,1990,56015628
TUR,Turquia,SP.POP.TOTL,1991,57009887
TUR,Turquia,SP.POP.TOTL,1992,57990118
TUR,Turquia,SP.POP.TOTL,1993,58999167
TUR,Turquia,SP.POP.TOTL,1994,60033836
TUR,Turquia,SP.POP.TOTL,1995,61024503
TUR,Turquia,SP.POP.TOTL,1996,61951134
TUR,Turquia,SP.POP.TOTL,1997,62852966
TUR,Turquia,SP.POP.TOTL,1998,63734383
TUR,Turquia,SP.POP.TOTL,1999,64591923
TUR,Turquia,SP.POP.TOTL,2000,65425961
TUR,Turquia,SP.POP.TOTL,2001,66245128
TUR,Turquia,SP.POP.TOTL,2002,67048795
TUR,Turquia,SP.POP.TOTL,2003,67831730
TUR,Turquia,SP.POP.TOTL,2004,68592617
TUR,Turquia,SP.POP.TOTL,2005,69329557
TUR,Turquia,SP.POP.TOTL,2006,70045349
TUR,Turquia,SP.POP.TOTL,2007,70158112
TUR,Turquia,SP.POP.TOTL,2008,71051678
TUR,Turquia,SP.POP.TOTL,2009,72039206
TUR,Turquia,SP.POP.TOTL,2010,73142150
TUR,Turquia,SP.POP.TOTL,2011,74223629
TUR,Turquia,SP.POP.TOTL,2012,75175827
TUR,Turquia,SP.POP.TOTL,2013,76147624
TUR,Turquia,SP.POP.TOTL,2014,77181884
TUR,Turquia,SP.POP.TOTL,2015,78218479
TUR,Turquia,SP.POP.TOTL,2016,79277962
TUR,Turquia,SP.POP.TOTL,2017,80312698
TUR,Turquia,SP.POP.TOTL,2018,81407204
TUR,Turquia,SP.POP.TOTL,2019,82579440
TUR,Turquia,SP.POP.TOTL,2020,83384680
TUR,Turquia,SP.POP.TOTL,2021,84147318
TUR,Turquia,SP.POP.TOTL,2022,84979913
TUR,Turquia,SP.POP.TOTL,2023,85325965
TUR,Turquia,SP.POP.TOTL,2024,85518661
TUR,Turquia,SP.POP.TOTL,2025,85878556
IDN,Indonésia,SP.POP.TOTL,1960,88296070
IDN,Indonésia,SP.POP.TOTL,1961,90791249
IDN,Indonésia,SP.POP.TOTL,1962,93375850
IDN,Indonésia,SP.POP.TOTL,1963,96051424
IDN,Indonésia,SP.POP.TOTL,1964,98833749
IDN,Indonésia,SP.POP.TOTL,1965,101365130
IDN,Indonésia,SP.POP.TOTL,1966,103792754
IDN,Indonésia,SP.POP.TOTL,1967,106526393
IDN,Indonésia,SP.POP.TOTL,1968,109450006
IDN,Indonésia,SP.POP.TOTL,1969,112517639
IDN,Indonésia,SP.POP.TOTL,1970,115657495
IDN,Indonésia,SP.POP.TOTL,1971,118833702
IDN,Indonésia,SP.POP.TOTL,1972,122039841
IDN,Indonésia,SP.POP.TOTL,1973,125288515
IDN,Indonésia,SP.POP.TOTL,1974,128555045
IDN,Indonésia,SP.POP.TOTL,1975,131843848
IDN,Indonésia,SP.POP.TOTL,1976,135173655
IDN,Indonésia,SP.POP.TOTL,1977,138533541
IDN,Indonésia,SP.POP.TOTL,1978,141953163
IDN,Indonésia,SP.POP.TOTL,1979,145434834
IDN,Indonésia,SP.POP.TOTL,1980,148950540
IDN,Indonésia,SP.POP.TOTL,1981,152485035
IDN,Indonésia,SP.POP.TOTL,1982,156052152
IDN,Indonésia,SP.POP.TOTL,1983,159651381
IDN,Indonésia,SP.POP.TOTL,1984,163251124
IDN,Indonésia,SP.POP.TOTL,1985,166776185
IDN,Indonésia,SP.POP.TOTL,1986,170175065
IDN,Indonésia,SP.POP.TOTL,1987,173511154
IDN,Indonésia,SP.POP.TOTL,1988,176855065
IDN,Indonésia,SP.POP.TOTL,1989,180201630
IDN,Indonésia,SP.POP.TOTL,1990,183501098
IDN,Indonésia,SP.POP.TOTL,1991,186778238
IDN,Indonésia,SP.POP.TOTL,1992,190043744
IDN,Indonésia,SP.POP.TOTL,1993,193305168
IDN,Indonésia,SP.POP.TOTL,1994,196591828
IDN,Indonésia,SP.POP.TOTL,1995,199888057
IDN,Indonésia,SP.POP.TOTL,1996,203204348
IDN,Indonésia,SP.POP.TOTL,1997,206536095
IDN,Indonésia,SP.POP.TOTL,1998,209826788
IDN,Indonésia,SP.POP.TOTL,1999,213004668
IDN,Indonésia,SP.POP.TOTL,2000,216077790
IDN,Indonésia,SP.POP.TOTL,2001,219097902
IDN,Indonésia,SP.POP.TOTL,2002,222088495
IDN,Indonésia,SP.POP.TOTL,2003,225048008
IDN,Indonésia,SP.POP.TOTL,2004,227926649
IDN,Indonésia,SP.POP.TOTL,2005,230871650
IDN,Indonésia,SP.POP.TOTL,2006,233951652
IDN,Indonésia,SP.POP.TOTL,2007,237062337
IDN,Indonésia,SP.POP.TOTL,2008,240157903
IDN,Indonésia,SP.POP.TOTL,2009,243220028
IDN,Indonésia,SP.POP.TOTL,2010,246305322
IDN,Indonésia,SP.POP.TOTL,2011,249470032
IDN,Indonésia,SP.POP.TOTL,2012,252698525
IDN,Indonésia,SP.POP.TOTL,2013,255852467
IDN,Indonésia,SP.POP.TOTL,2014,258877399
IDN,Indonésia,SP.POP.TOTL,2015,261799249
IDN,Indonésia,SP.POP.TOTL,2016,264627418
IDN,Indonésia,SP.POP.TOTL,2017,267346658
IDN,Indonésia,SP.POP.TOTL,2018,269951846
IDN,Indonésia,SP.POP.TOTL,2019,272489381
IDN,Indonésia,SP.POP.TOTL,2020,274814866
IDN,Indonésia,SP.POP.TOTL,2021,276758053
IDN,Indonésia,SP.POP.TOTL,2022,278830529
IDN,Indonésia,SP.POP.TOTL,2023,281190067
IDN,Indonésia,SP.POP.TOTL,2024,283487931
IDN,Indonésia,SP.POP.TOTL,2025,285721236
WLD,Mundo,SP.POP.TOTL,1960,3021512598
WLD,Mundo,SP.POP.TOTL,1961,3062768116
WLD,Mundo,SP.POP.TOTL,1962,3117372187
WLD,Mundo,SP.POP.TOTL,1963,3184063049
WLD,Mundo,SP.POP.TOTL,1964,3251249170
WLD,Mundo,SP.POP.TOTL,1965,3318979339
WLD,Mundo,SP.POP.TOTL,1966,3389042165
WLD,Mundo,SP.POP.TOTL,1967,3458932230
WLD,Mundo,SP.POP.TOTL,1968,3530576858
WLD,Mundo,SP.POP.TOTL,1969,3604694154
WLD,Mundo,SP.POP.TOTL,1970,3680493750
WLD,Mundo,SP.POP.TOTL,1971,3758515396
WLD,Mundo,SP.POP.TOTL,1972,3834345191
WLD,Mundo,SP.POP.TOTL,1973,3910964219
WLD,Mundo,SP.POP.TOTL,1974,3987186772
WLD,Mundo,SP.POP.TOTL,1975,4061959945
WLD,Mundo,SP.POP.TOTL,1976,4135644231
WLD,Mundo,SP.POP.TOTL,1977,4208840894
WLD,Mundo,SP.POP.TOTL,1978,4283309396
WLD,Mundo,SP.POP.TOTL,1979,4359930896
WLD,Mundo,SP.POP.TOTL,1980,4437473406
WLD,Mundo,SP.POP.TOTL,1981,4516792587
WLD,Mundo,SP.POP.TOTL,1982,4599385851
WLD,Mundo,SP.POP.TOTL,1983,4682734714
WLD,Mundo,SP.POP.TOTL,1984,4765813206
WLD,Mundo,SP.POP.TOTL,1985,4850494238
WLD,Mundo,SP.POP.TOTL,1986,4937459951
WLD,Mundo,SP.POP.TOTL,1987,5026770385
WLD,Mundo,SP.POP.TOTL,1988,5116898810
WLD,Mundo,SP.POP.TOTL,1989,5207378374
WLD,Mundo,SP.POP.TOTL,1990,5298962018
WLD,Mundo,SP.POP.TOTL,1991,5388203305
WLD,Mundo,SP.POP.TOTL,1992,5476822930
WLD,Mundo,SP.POP.TOTL,1993,5564459142
WLD,Mundo,SP.POP.TOTL,1994,5650534421
WLD,Mundo,SP.POP.TOTL,1995,5736205135
WLD,Mundo,SP.POP.TOTL,1996,5822327903
WLD,Mundo,SP.POP.TOTL,1997,5908180322
WLD,Mundo,SP.POP.TOTL,1998,5993730786
WLD,Mundo,SP.POP.TOTL,1999,6078069822
WLD,Mundo,SP.POP.TOTL,2000,6161528496
WLD,Mundo,SP.POP.TOTL,2001,6244739668
WLD,Mundo,SP.POP.TOTL,2002,6327171255
WLD,Mundo,SP.POP.TOTL,2003,6409352386
WLD,Mundo,SP.POP.TOTL,2004,6492354627
WLD,Mundo,SP.POP.TOTL,2005,6575410029
WLD,Mundo,SP.POP.TOTL,2006,6659536021
WLD,Mundo,SP.POP.TOTL,2007,6744049498
WLD,Mundo,SP.POP.TOTL,2008,6830080867
WLD,Mundo,SP.POP.TOTL,2009,6916168196
WLD,Mundo,SP.POP.TOTL,2010,7000860073
WLD,Mundo,SP.POP.TOTL,2011,7086704141
WLD,Mundo,SP.POP.TOTL,2012,7176482165
WLD,Mundo,SP.POP.TOTL,2013,7265404737
WLD,Mundo,SP.POP.TOTL,2014,7353532223
WLD,Mundo,SP.POP.TOTL,2015,7441084771
WLD,Mundo,SP.POP.TOTL,2016,7528221579
WLD,Mundo,SP.POP.TOTL,2017,7613788655
WLD,Mundo,SP.POP.TOTL,2018,7696159728
WLD,Mundo,SP.POP.TOTL,2019,7777162476
WLD,Mundo,SP.POP.TOTL,2020,7853863139
WLD,Mundo,SP.POP.TOTL,2021,7919567995
WLD,Mundo,SP.POP.TOTL,2022,7988550201
WLD,Mundo,SP.POP.TOTL,2023,8062923417
WLD,Mundo,SP.POP.TOTL,2024,8140897523
WLD,Mundo,SP.POP.TOTL,2025,8215424893
LCN,América Latina e Caribe,SP.POP.TOTL,1960,218624695
LCN,América Latina e Caribe,SP.POP.TOTL,1961,224737321
LCN,América Latina e Caribe,SP.POP.TOTL,1962,231038261
LCN,América Latina e Caribe,SP.POP.TOTL,1963,237499676
LCN,América Latina e Caribe,SP.POP.TOTL,1964,244080552
LCN,América Latina e Caribe,SP.POP.TOTL,1965,250750949
LCN,América Latina e Caribe,SP.POP.TOTL,1966,257488362
LCN,América Latina e Caribe,SP.POP.TOTL,1967,264279682
LCN,América Latina e Caribe,SP.POP.TOTL,1968,271127278
LCN,América Latina e Caribe,SP.POP.TOTL,1969,278039112
LCN,América Latina e Caribe,SP.POP.TOTL,1970,284995920
LCN,América Latina e Caribe,SP.POP.TOTL,1971,292033454
LCN,América Latina e Caribe,SP.POP.TOTL,1972,299187510
LCN,América Latina e Caribe,SP.POP.TOTL,1973,306451409
LCN,América Latina e Caribe,SP.POP.TOTL,1974,313798324
LCN,América Latina e Caribe,SP.POP.TOTL,1975,321203546
LCN,América Latina e Caribe,SP.POP.TOTL,1976,328673285
LCN,América Latina e Caribe,SP.POP.TOTL,1977,336262441
LCN,América Latina e Caribe,SP.POP.TOTL,1978,344000129
LCN,América Latina e Caribe,SP.POP.TOTL,1979,351820083
LCN,América Latina e Caribe,SP.POP.TOTL,1980,359713036
LCN,América Latina e Caribe,SP.POP.TOTL,1981,367619244
LCN,América Latina e Caribe,SP.POP.TOTL,1982,375568417
LCN,América Latina e Caribe,SP.POP.TOTL,1983,383657148
LCN,América Latina e Caribe,SP.POP.TOTL,1984,391832861
LCN,América Latina e Caribe,SP.POP.TOTL,1985,400012327
LCN,América Latina e Caribe,SP.POP.TOTL,1986,408172564
LCN,América Latina e Caribe,SP.POP.TOTL,1987,416332693
LCN,América Latina e Caribe,SP.POP.TOTL,1988,424525590
LCN,América Latina e Caribe,SP.POP.TOTL,1989,432726590
LCN,América Latina e Caribe,SP.POP.TOTL,1990,440958144
LCN,América Latina e Caribe,SP.POP.TOTL,1991,449128999
LCN,América Latina e Caribe,SP.POP.TOTL,1992,457245250
LCN,América Latina e Caribe,SP.POP.TOTL,1993,465325731
LCN,América Latina e Caribe,SP.POP.TOTL,1994,473328616
LCN,América Latina e Caribe,SP.POP.TOTL,1995,481309028
LCN,América Latina e Caribe,SP.POP.TOTL,1996,489235073
LCN,América Latina e Caribe,SP.POP.TOTL,1997,497097004
LCN,América Latina e Caribe,SP.POP.TOTL,1998,504952583
LCN,América Latina e Caribe,SP.POP.TOTL,1999,512730984
LCN,América Latina e Caribe,SP.POP.TOTL,2000,520272118
LCN,América Latina e Caribe,SP.POP.TOTL,2001,527572583
LCN,América Latina e Caribe,SP.POP.TOTL,2002,534691591
LCN,América Latina e Caribe,SP.POP.TOTL,2003,541643365
LCN,América Latina e Caribe,SP.POP.TOTL,2004,548455563
LCN,América Latina e Caribe,SP.POP.TOTL,2005,555120780
LCN,América Latina e Caribe,SP.POP.TOTL,2006,561751999
LCN,América Latina e Caribe,SP.POP.TOTL,2007,568345245
LCN,América Latina e Caribe,SP.POP.TOTL,2008,574908733
LCN,América Latina e Caribe,SP.POP.TOTL,2009,581388129
LCN,América Latina e Caribe,SP.POP.TOTL,2010,587752505
LCN,América Latina e Caribe,SP.POP.TOTL,2011,594086829
LCN,América Latina e Caribe,SP.POP.TOTL,2012,600420316
LCN,América Latina e Caribe,SP.POP.TOTL,2013,606683307
LCN,América Latina e Caribe,SP.POP.TOTL,2014,612849401
LCN,América Latina e Caribe,SP.POP.TOTL,2015,618868462
LCN,América Latina e Caribe,SP.POP.TOTL,2016,624737786
LCN,América Latina e Caribe,SP.POP.TOTL,2017,630414986
LCN,América Latina e Caribe,SP.POP.TOTL,2018,635778081
LCN,América Latina e Caribe,SP.POP.TOTL,2019,640962372
LCN,América Latina e Caribe,SP.POP.TOTL,2020,645498187
LCN,América Latina e Caribe,SP.POP.TOTL,2021,649236092
LCN,América Latina e Caribe,SP.POP.TOTL,2022,653108131
LCN,América Latina e Caribe,SP.POP.TOTL,2023,657616519
LCN,América Latina e Caribe,SP.POP.TOTL,2024,662185614
LCN,América Latina e Caribe,SP.POP.TOTL,2025,666592570
UMC,Países de renda média-alta,SP.POP.TOTL,1960,1220635123
UMC,Países de renda média-alta,SP.POP.TOTL,1961,1228629220
UMC,Países de renda média-alta,SP.POP.TOTL,1962,1249196839
UMC,Países de renda média-alta,SP.POP.TOTL,1963,1281352889
UMC,Países de renda média-alta,SP.POP.TOTL,1964,1313298952
UMC,Países de renda média-alta,SP.POP.TOTL,1965,1345860971
UMC,Países de renda média-alta,SP.POP.TOTL,1966,1381862372
UMC,Países de renda média-alta,SP.POP.TOTL,1967,1417288324
UMC,Países de renda média-alta,SP.POP.TOTL,1968,1453786965
UMC,Países de renda média-alta,SP.POP.TOTL,1969,1492124525
UMC,Países de renda média-alta,SP.POP.TOTL,1970,1531184008
UMC,Países de renda média-alta,SP.POP.TOTL,1971,1570942395
UMC,Países de renda média-alta,SP.POP.TOTL,1972,1609114137
UMC,Países de renda média-alta,SP.POP.TOTL,1973,1646418729
UMC,Países de renda média-alta,SP.POP.TOTL,1974,1682368860
UMC,Países de renda média-alta,SP.POP.TOTL,1975,1716346696
UMC,Países de renda média-alta,SP.POP.TOTL,1976,1749184018
UMC,Países de renda média-alta,SP.POP.TOTL,1977,1780860890
UMC,Países de renda média-alta,SP.POP.TOTL,1978,1812784090
UMC,Países de renda média-alta,SP.POP.TOTL,1979,1844889395
UMC,Países de renda média-alta,SP.POP.TOTL,1980,1876881730
UMC,Países de renda média-alta,SP.POP.TOTL,1981,1910329127
UMC,Países de renda média-alta,SP.POP.TOTL,1982,1946225597
UMC,Países de renda média-alta,SP.POP.TOTL,1983,1981967691
UMC,Países de renda média-alta,SP.POP.TOTL,1984,2016871091
UMC,Países de renda média-alta,SP.POP.TOTL,1985,2052372268
UMC,Países de renda média-alta,SP.POP.TOTL,1986,2089297175
UMC,Países de renda média-alta,SP.POP.TOTL,1987,2127691602
UMC,Países de renda média-alta,SP.POP.TOTL,1988,2166256853
UMC,Países de renda média-alta,SP.POP.TOTL,1989,2204110210
UMC,Países de renda média-alta,SP.POP.TOTL,1990,2241081172
UMC,Países de renda média-alta,SP.POP.TOTL,1991,2276305314
UMC,Países de renda média-alta,SP.POP.TOTL,1992,2309744108
UMC,Países de renda média-alta,SP.POP.TOTL,1993,2341537701
UMC,Países de renda média-alta,SP.POP.TOTL,1994,2372325180
UMC,Países de renda média-alta,SP.POP.TOTL,1995,2402627925
UMC,Países de renda média-alta,SP.POP.TOTL,1996,2432718091
UMC,Países de renda média-alta,SP.POP.TOTL,1997,2462495090
UMC,Países de renda média-alta,SP.POP.TOTL,1998,2491668937
UMC,Países de renda média-alta,SP.POP.TOTL,1999,2519647655
UMC,Países de renda média-alta,SP.POP.TOTL,2000,2546593734
UMC,Países de renda média-alta,SP.POP.TOTL,2001,2572390086
UMC,Países de renda média-alta,SP.POP.TOTL,2002,2596717081
UMC,Países de renda média-alta,SP.POP.TOTL,2003,2620475154
UMC,Países de renda média-alta,SP.POP.TOTL,2004,2644417001
UMC,Países de renda média-alta,SP.POP.TOTL,2005,2668324624
UMC,Países de renda média-alta,SP.POP.TOTL,2006,2691900432
UMC,Países de renda média-alta,SP.POP.TOTL,2007,2714303370
UMC,Países de renda média-alta,SP.POP.TOTL,2008,2737948611
UMC,Países de renda média-alta,SP.POP.TOTL,2009,2761866575
UMC,Países de renda média-alta,SP.POP.TOTL,2010,2785553248
UMC,Países de renda média-alta,SP.POP.TOTL,2011,2810067448
UMC,Países de renda média-alta,SP.POP.TOTL,2012,2836944313
UMC,Países de renda média-alta,SP.POP.TOTL,2013,2863821883
UMC,Países de renda média-alta,SP.POP.TOTL,2014,2890794270
UMC,Países de renda média-alta,SP.POP.TOTL,2015,2916662642
UMC,Países de renda média-alta,SP.POP.TOTL,2016,2941432440
UMC,Países de renda média-alta,SP.POP.TOTL,2017,2966243458
UMC,Países de renda média-alta,SP.POP.TOTL,2018,2989519673
UMC,Países de renda média-alta,SP.POP.TOTL,2019,3010528196
UMC,Países de renda média-alta,SP.POP.TOTL,2020,3027927471
UMC,Países de renda média-alta,SP.POP.TOTL,2021,3041374322
UMC,Países de renda média-alta,SP.POP.TOTL,2022,3050300704
UMC,Países de renda média-alta,SP.POP.TOTL,2023,3057927413
UMC,Países de renda média-alta,SP.POP.TOTL,2024,3068439051
UMC,Países de renda média-alta,SP.POP.TOTL,2025,3078912188
HIC,Países de renda alta,SP.POP.TOTL,1960,908257300
HIC,Países de renda alta,SP.POP.TOTL,1961,919449343
HIC,Países de renda alta,SP.POP.TOTL,1962,930832910
HIC,Países de renda alta,SP.POP.TOTL,1963,942141564
HIC,Países de renda alta,SP.POP.TOTL,1964,953477851
HIC,Países de renda alta,SP.POP.TOTL,1965,964459737
HIC,Países de renda alta,SP.POP.TOTL,1966,974216640
HIC,Países de renda alta,SP.POP.TOTL,1967,983598764
HIC,Países de renda alta,SP.POP.TOTL,1968,992893702
HIC,Países de renda alta,SP.POP.TOTL,1969,1002359669
HIC,Países de renda alta,SP.POP.TOTL,1970,1011801481
HIC,Países de renda alta,SP.POP.TOTL,1971,1022885127
HIC,Países de renda alta,SP.POP.TOTL,1972,1032671994
HIC,Países de renda alta,SP.POP.TOTL,1973,1042151537
HIC,Países de renda alta,SP.POP.TOTL,1974,1051440406
HIC,Países de renda alta,SP.POP.TOTL,1975,1060472674
HIC,Países de renda alta,SP.POP.TOTL,1976,1069129380
HIC,Países de renda alta,SP.POP.TOTL,1977,1077728159
HIC,Países de renda alta,SP.POP.TOTL,1978,1086358633
HIC,Países de renda alta,SP.POP.TOTL,1979,1095282220
HIC,Países de renda alta,SP.POP.TOTL,1980,1104005914
HIC,Países de renda alta,SP.POP.TOTL,1981,1112639701
HIC,Países de renda alta,SP.POP.TOTL,1982,1120660141
HIC,Países de renda alta,SP.POP.TOTL,1983,1128262810
HIC,Países de renda alta,SP.POP.TOTL,1984,1135690050
HIC,Países de renda alta,SP.POP.TOTL,1985,1143179467
HIC,Países de renda alta,SP.POP.TOTL,1986,1150810380
HIC,Países de renda alta,SP.POP.TOTL,1987,1158607401
HIC,Países de renda alta,SP.POP.TOTL,1988,1166527685
HIC,Países de renda alta,SP.POP.TOTL,1989,1174766408
HIC,Países de renda alta,SP.POP.TOTL,1990,1182189939
HIC,Países de renda alta,SP.POP.TOTL,1991,1190620652
HIC,Países de renda alta,SP.POP.TOTL,1992,1199265190
HIC,Países de renda alta,SP.POP.TOTL,1993,1207321942
HIC,Países de renda alta,SP.POP.TOTL,1994,1214865411
HIC,Países de renda alta,SP.POP.TOTL,1995,1222056186
HIC,Países de renda alta,SP.POP.TOTL,1996,1229173348
HIC,Países de renda alta,SP.POP.TOTL,1997,1236130405
HIC,Países de renda alta,SP.POP.TOTL,1998,1242897726
HIC,Países de renda alta,SP.POP.TOTL,1999,1249367360
HIC,Países de renda alta,SP.POP.TOTL,2000,1255696330
HIC,Países de renda alta,SP.POP.TOTL,2001,1262093741
HIC,Países de renda alta,SP.POP.TOTL,2002,1268559564
HIC,Países de renda alta,SP.POP.TOTL,2003,1275200577
HIC,Países de renda alta,SP.POP.TOTL,2004,1282168195
HIC,Países de renda alta,SP.POP.TOTL,2005,1289125857
HIC,Países de renda alta,SP.POP.TOTL,2006,1296891494
HIC,Países de renda alta,SP.POP.TOTL,2007,1305578110
HIC,Países de renda alta,SP.POP.TOTL,2008,1314671040
HIC,Países de renda alta,SP.POP.TOTL,2009,1322754051
HIC,Países de renda alta,SP.POP.TOTL,2010,1328657753
HIC,Países de renda alta,SP.POP.TOTL,2011,1334557662
HIC,Países de renda alta,SP.POP.TOTL,2012,1342428399
HIC,Países de renda alta,SP.POP.TOTL,2013,1350148878
HIC,Países de renda alta,SP.POP.TOTL,2014,1357495262
HIC,Países de renda alta,SP.POP.TOTL,2015,1366012613
HIC,Países de renda alta,SP.POP.TOTL,2016,1374283414
HIC,Países de renda alta,SP.POP.TOTL,2017,1380317891
HIC,Países de renda alta,SP.POP.TOTL,2018,1384829843
HIC,Países de renda alta,SP.POP.TOTL,2019,1389767299
HIC,Países de renda alta,SP.POP.TOTL,2020,1393469256
HIC,Países de renda alta,SP.POP.TOTL,2021,1391809845
HIC,Países de renda alta,SP.POP.TOTL,2022,1398027812
HIC,Países de renda alta,SP.POP.TOTL,2023,1408138595
HIC,Países de renda alta,SP.POP.TOTL,2024,1417926222
HIC,Países de renda alta,SP.POP.TOTL,2025,1423739902
LMY,Países de renda baixa e média,SP.POP.TOTL,1960,2113255298
LMY,Países de renda baixa e média,SP.POP.TOTL,1961,2143318773
LMY,Países de renda baixa e média,SP.POP.TOTL,1962,2186539277
LMY,Países de renda baixa e média,SP.POP.TOTL,1963,2241921485
LMY,Países de renda baixa e média,SP.POP.TOTL,1964,2297771319
LMY,Países de renda baixa e média,SP.POP.TOTL,1965,2354519602
LMY,Países de renda baixa e média,SP.POP.TOTL,1966,2414825525
LMY,Países de renda baixa e média,SP.POP.TOTL,1967,2475333466
LMY,Países de renda baixa e média,SP.POP.TOTL,1968,2537683156
LMY,Países de renda baixa e média,SP.POP.TOTL,1969,2602334485
LMY,Países de renda baixa e média,SP.POP.TOTL,1970,2668692269
LMY,Países de renda baixa e média,SP.POP.TOTL,1971,2735630269
LMY,Países de renda baixa e média,SP.POP.TOTL,1972,2801673197
LMY,Países de renda baixa e média,SP.POP.TOTL,1973,2868812682
LMY,Países de renda baixa e média,SP.POP.TOTL,1974,2935746366
LMY,Países de renda baixa e média,SP.POP.TOTL,1975,3001487271
LMY,Países de renda baixa e média,SP.POP.TOTL,1976,3066514851
LMY,Países de renda baixa e média,SP.POP.TOTL,1977,3131112735
LMY,Países de renda baixa e média,SP.POP.TOTL,1978,3196950763
LMY,Países de renda baixa e média,SP.POP.TOTL,1979,3264648676
LMY,Países de renda baixa e média,SP.POP.TOTL,1980,3333467492
LMY,Países de renda baixa e média,SP.POP.TOTL,1981,3404152886
LMY,Países de renda baixa e média,SP.POP.TOTL,1982,3478725710
LMY,Países de renda baixa e média,SP.POP.TOTL,1983,3554471904
LMY,Países de renda baixa e média,SP.POP.TOTL,1984,3630123156
LMY,Países de renda baixa e média,SP.POP.TOTL,1985,3707314771
LMY,Países de renda baixa e média,SP.POP.TOTL,1986,3786649571
LMY,Países de renda baixa e média,SP.POP.TOTL,1987,3868162984
LMY,Países de renda baixa e média,SP.POP.TOTL,1988,3950371125
LMY,Países de renda baixa e média,SP.POP.TOTL,1989,4032611966
LMY,Países de renda baixa e média,SP.POP.TOTL,1990,4116772079
LMY,Países de renda baixa e média,SP.POP.TOTL,1991,4197582653
LMY,Países de renda baixa e média,SP.POP.TOTL,1992,4277557740
LMY,Países de renda baixa e média,SP.POP.TOTL,1993,4357137200
LMY,Países de renda baixa e média,SP.POP.TOTL,1994,4435669010
LMY,Países de renda baixa e média,SP.POP.TOTL,1995,4514148949
LMY,Países de renda baixa e média,SP.POP.TOTL,1996,4593154555
LMY,Países de renda baixa e média,SP.POP.TOTL,1997,4672049917
LMY,Países de renda baixa e média,SP.POP.TOTL,1998,4750833060
LMY,Países de renda baixa e média,SP.POP.TOTL,1999,4828702462
LMY,Países de renda baixa e média,SP.POP.TOTL,2000,4905832166
LMY,Países de renda baixa e média,SP.POP.TOTL,2001,4982645927
LMY,Países de renda baixa e média,SP.POP.TOTL,2002,5058611691
LMY,Países de renda baixa e média,SP.POP.TOTL,2003,5134151809
LMY,Países de renda baixa e média,SP.POP.TOTL,2004,5210186432
LMY,Países de renda baixa e média,SP.POP.TOTL,2005,5286284172
LMY,Países de renda baixa e média,SP.POP.TOTL,2006,5362644527
LMY,Países de renda baixa e média,SP.POP.TOTL,2007,5438471388
LMY,Países de renda baixa e média,SP.POP.TOTL,2008,5515409827
LMY,Países de renda baixa e média,SP.POP.TOTL,2009,5593414145
LMY,Países de renda baixa e média,SP.POP.TOTL,2010,5672202320
LMY,Países de renda baixa e média,SP.POP.TOTL,2011,5752146479
LMY,Países de renda baixa e média,SP.POP.TOTL,2012,5834053766
LMY,Países de renda baixa e média,SP.POP.TOTL,2013,5915255859
LMY,Países de renda baixa e média,SP.POP.TOTL,2014,5996036961
LMY,Países de renda baixa e média,SP.POP.TOTL,2015,6075072158
LMY,Países de renda baixa e média,SP.POP.TOTL,2016,6153938165
LMY,Países de renda baixa e média,SP.POP.TOTL,2017,6233470764
LMY,Países de renda baixa e média,SP.POP.TOTL,2018,6311329885
LMY,Países de renda baixa e média,SP.POP.TOTL,2019,6387395177
LMY,Países de renda baixa e média,SP.POP.TOTL,2020,6460393883
LMY,Países de renda baixa e média,SP.POP.TOTL,2021,6527758150
LMY,Países de renda baixa e média,SP.POP.TOTL,2022,6590522389
LMY,Países de renda baixa e média,SP.POP.TOTL,2023,6654784822
LMY,Países de renda baixa e média,SP.POP.TOTL,2024,6722971301
LMY,Países de renda baixa e média,SP.POP.TOTL,2025,6791684991
BRA,Brasil,TT.PRI.MRCH.XD.WD,2005,92.90
BRA,Brasil,TT.PRI.MRCH.XD.WD,2006,97.80
BRA,Brasil,TT.PRI.MRCH.XD.WD,2007,101.40
BRA,Brasil,TT.PRI.MRCH.XD.WD,2008,104.90
BRA,Brasil,TT.PRI.MRCH.XD.WD,2009,101.70
BRA,Brasil,TT.PRI.MRCH.XD.WD,2010,118.50
BRA,Brasil,TT.PRI.MRCH.XD.WD,2011,127.30
BRA,Brasil,TT.PRI.MRCH.XD.WD,2012,120.40
BRA,Brasil,TT.PRI.MRCH.XD.WD,2013,117.10
BRA,Brasil,TT.PRI.MRCH.XD.WD,2014,113.20
BRA,Brasil,TT.PRI.MRCH.XD.WD,2015,100.00
BRA,Brasil,TT.PRI.MRCH.XD.WD,2016,102.40
BRA,Brasil,TT.PRI.MRCH.XD.WD,2017,108.20
BRA,Brasil,TT.PRI.MRCH.XD.WD,2018,106.90
BRA,Brasil,TT.PRI.MRCH.XD.WD,2019,107.00
BRA,Brasil,TT.PRI.MRCH.XD.WD,2020,107.70
BRA,Brasil,TT.PRI.MRCH.XD.WD,2021,123.20
BRA,Brasil,TT.PRI.MRCH.XD.WD,2022,114.50
BRA,Brasil,TT.PRI.MRCH.XD.WD,2023,117.20
BRA,Brasil,TT.PRI.MRCH.XD.WD,2024,120.80
ARG,Argentina,TT.PRI.MRCH.XD.WD,2005,76.80
ARG,Argentina,TT.PRI.MRCH.XD.WD,2006,80.20
ARG,Argentina,TT.PRI.MRCH.XD.WD,2007,85.00
ARG,Argentina,TT.PRI.MRCH.XD.WD,2008,95.30
ARG,Argentina,TT.PRI.MRCH.XD.WD,2009,96.10
ARG,Argentina,TT.PRI.MRCH.XD.WD,2010,99.40
ARG,Argentina,TT.PRI.MRCH.XD.WD,2011,109.70
ARG,Argentina,TT.PRI.MRCH.XD.WD,2012,114.20
ARG,Argentina,TT.PRI.MRCH.XD.WD,2013,106.90
ARG,Argentina,TT.PRI.MRCH.XD.WD,2014,104.70
ARG,Argentina,TT.PRI.MRCH.XD.WD,2015,100.00
ARG,Argentina,TT.PRI.MRCH.XD.WD,2016,106.10
ARG,Argentina,TT.PRI.MRCH.XD.WD,2017,103.00
ARG,Argentina,TT.PRI.MRCH.XD.WD,2018,104.20
ARG,Argentina,TT.PRI.MRCH.XD.WD,2019,103.40
ARG,Argentina,TT.PRI.MRCH.XD.WD,2020,104.00
ARG,Argentina,TT.PRI.MRCH.XD.WD,2021,113.90
ARG,Argentina,TT.PRI.MRCH.XD.WD,2022,113.50
ARG,Argentina,TT.PRI.MRCH.XD.WD,2023,109.10
ARG,Argentina,TT.PRI.MRCH.XD.WD,2024,107.00
CHL,Chile,TT.PRI.MRCH.XD.WD,2005,79.50
CHL,Chile,TT.PRI.MRCH.XD.WD,2006,103.30
CHL,Chile,TT.PRI.MRCH.XD.WD,2007,106.90
CHL,Chile,TT.PRI.MRCH.XD.WD,2008,91.30
CHL,Chile,TT.PRI.MRCH.XD.WD,2009,94.80
CHL,Chile,TT.PRI.MRCH.XD.WD,2010,115.40
CHL,Chile,TT.PRI.MRCH.XD.WD,2011,117.20
CHL,Chile,TT.PRI.MRCH.XD.WD,2012,109.10
CHL,Chile,TT.PRI.MRCH.XD.WD,2013,105.70
CHL,Chile,TT.PRI.MRCH.XD.WD,2014,102.70
CHL,Chile,TT.PRI.MRCH.XD.WD,2015,100.00
CHL,Chile,TT.PRI.MRCH.XD.WD,2016,103.80
CHL,Chile,TT.PRI.MRCH.XD.WD,2017,114.30
CHL,Chile,TT.PRI.MRCH.XD.WD,2018,111.30
CHL,Chile,TT.PRI.MRCH.XD.WD,2019,109.40
CHL,Chile,TT.PRI.MRCH.XD.WD,2020,121.80
CHL,Chile,TT.PRI.MRCH.XD.WD,2021,136.70
CHL,Chile,TT.PRI.MRCH.XD.WD,2022,124.40
CHL,Chile,TT.PRI.MRCH.XD.WD,2023,127.90
CHL,Chile,TT.PRI.MRCH.XD.WD,2024,134.90
COL,Colômbia,TT.PRI.MRCH.XD.WD,2005,114.00
COL,Colômbia,TT.PRI.MRCH.XD.WD,2006,119.00
COL,Colômbia,TT.PRI.MRCH.XD.WD,2007,125.00
COL,Colômbia,TT.PRI.MRCH.XD.WD,2008,132.40
COL,Colômbia,TT.PRI.MRCH.XD.WD,2009,125.00
COL,Colômbia,TT.PRI.MRCH.XD.WD,2010,145.00
COL,Colômbia,TT.PRI.MRCH.XD.WD,2011,166.40
COL,Colômbia,TT.PRI.MRCH.XD.WD,2012,157.20
COL,Colômbia,TT.PRI.MRCH.XD.WD,2013,145.90
COL,Colômbia,TT.PRI.MRCH.XD.WD,2014,132.80
COL,Colômbia,TT.PRI.MRCH.XD.WD,2015,100.00
COL,Colômbia,TT.PRI.MRCH.XD.WD,2016,98.90
COL,Colômbia,TT.PRI.MRCH.XD.WD,2017,115.60
COL,Colômbia,TT.PRI.MRCH.XD.WD,2018,126.50
COL,Colômbia,TT.PRI.MRCH.XD.WD,2019,124.80
COL,Colômbia,TT.PRI.MRCH.XD.WD,2020,105.30
COL,Colômbia,TT.PRI.MRCH.XD.WD,2021,126.40
COL,Colômbia,TT.PRI.MRCH.XD.WD,2022,154.10
COL,Colômbia,TT.PRI.MRCH.XD.WD,2023,139.20
COL,Colômbia,TT.PRI.MRCH.XD.WD,2024,140.10
MEX,México,TT.PRI.MRCH.XD.WD,2005,92.40
MEX,México,TT.PRI.MRCH.XD.WD,2006,99.90
MEX,México,TT.PRI.MRCH.XD.WD,2007,102.20
MEX,México,TT.PRI.MRCH.XD.WD,2008,100.40
MEX,México,TT.PRI.MRCH.XD.WD,2009,106.00
MEX,México,TT.PRI.MRCH.XD.WD,2010,105.10
MEX,México,TT.PRI.MRCH.XD.WD,2011,100.90
MEX,México,TT.PRI.MRCH.XD.WD,2012,100.20
MEX,México,TT.PRI.MRCH.XD.WD,2013,97.70
MEX,México,TT.PRI.MRCH.XD.WD,2014,97.70
MEX,México,TT.PRI.MRCH.XD.WD,2015,100.00
MEX,México,TT.PRI.MRCH.XD.WD,2016,103.20
MEX,México,TT.PRI.MRCH.XD.WD,2017,102.70
MEX,México,TT.PRI.MRCH.XD.WD,2018,102.00
MEX,México,TT.PRI.MRCH.XD.WD,2019,105.20
MEX,México,TT.PRI.MRCH.XD.WD,2020,107.90
MEX,México,TT.PRI.MRCH.XD.WD,2021,103.50
MEX,México,TT.PRI.MRCH.XD.WD,2022,98.90
MEX,México,TT.PRI.MRCH.XD.WD,2023,101.40
MEX,México,TT.PRI.MRCH.XD.WD,2024,104.40
PER,Peru,TT.PRI.MRCH.XD.WD,2005,78.50
PER,Peru,TT.PRI.MRCH.XD.WD,2006,100.90
PER,Peru,TT.PRI.MRCH.XD.WD,2007,107.20
PER,Peru,TT.PRI.MRCH.XD.WD,2008,93.20
PER,Peru,TT.PRI.MRCH.XD.WD,2009,93.30
PER,Peru,TT.PRI.MRCH.XD.WD,2010,111.40
PER,Peru,TT.PRI.MRCH.XD.WD,2011,117.90
PER,Peru,TT.PRI.MRCH.XD.WD,2012,114.60
PER,Peru,TT.PRI.MRCH.XD.WD,2013,108.40
PER,Peru,TT.PRI.MRCH.XD.WD,2014,103.60
PER,Peru,TT.PRI.MRCH.XD.WD,2015,100.00
PER,Peru,TT.PRI.MRCH.XD.WD,2016,103.30
PER,Peru,TT.PRI.MRCH.XD.WD,2017,111.00
PER,Peru,TT.PRI.MRCH.XD.WD,2018,108.20
PER,Peru,TT.PRI.MRCH.XD.WD,2019,109.50
PER,Peru,TT.PRI.MRCH.XD.WD,2020,121.80
PER,Peru,TT.PRI.MRCH.XD.WD,2021,132.90
PER,Peru,TT.PRI.MRCH.XD.WD,2022,119.60
PER,Peru,TT.PRI.MRCH.XD.WD,2023,128.80
PER,Peru,TT.PRI.MRCH.XD.WD,2024,145.00
USA,Estados Unidos,TT.PRI.MRCH.XD.WD,2005,97.20
USA,Estados Unidos,TT.PRI.MRCH.XD.WD,2006,95.90
USA,Estados Unidos,TT.PRI.MRCH.XD.WD,2007,96.60
USA,Estados Unidos,TT.PRI.MRCH.XD.WD,2008,91.80
USA,Estados Unidos,TT.PRI.MRCH.XD.WD,2009,99.00
USA,Estados Unidos,TT.PRI.MRCH.XD.WD,2010,97.10
USA,Estados Unidos,TT.PRI.MRCH.XD.WD,2011,94.60
USA,Estados Unidos,TT.PRI.MRCH.XD.WD,2012,94.70
USA,Estados Unidos,TT.PRI.MRCH.XD.WD,2013,95.30
USA,Estados Unidos,TT.PRI.MRCH.XD.WD,2014,95.90
USA,Estados Unidos,TT.PRI.MRCH.XD.WD,2015,100.00
USA,Estados Unidos,TT.PRI.MRCH.XD.WD,2016,100.10
USA,Estados Unidos,TT.PRI.MRCH.XD.WD,2017,99.60
USA,Estados Unidos,TT.PRI.MRCH.XD.WD,2018,99.80
USA,Estados Unidos,TT.PRI.MRCH.XD.WD,2019,100.30
USA,Estados Unidos,TT.PRI.MRCH.XD.WD,2020,100.00
USA,Estados Unidos,TT.PRI.MRCH.XD.WD,2021,104.70
USA,Estados Unidos,TT.PRI.MRCH.XD.WD,2022,109.00
USA,Estados Unidos,TT.PRI.MRCH.XD.WD,2023,106.50
USA,Estados Unidos,TT.PRI.MRCH.XD.WD,2024,105.40
CHN,China,TT.PRI.MRCH.XD.WD,2005,93.80
CHN,China,TT.PRI.MRCH.XD.WD,2006,94.90
CHN,China,TT.PRI.MRCH.XD.WD,2007,93.90
CHN,China,TT.PRI.MRCH.XD.WD,2008,88.90
CHN,China,TT.PRI.MRCH.XD.WD,2009,96.60
CHN,China,TT.PRI.MRCH.XD.WD,2010,87.00
CHN,China,TT.PRI.MRCH.XD.WD,2011,83.80
CHN,China,TT.PRI.MRCH.XD.WD,2012,86.10
CHN,China,TT.PRI.MRCH.XD.WD,2013,87.20
CHN,China,TT.PRI.MRCH.XD.WD,2014,89.60
CHN,China,TT.PRI.MRCH.XD.WD,2015,100.00
CHN,China,TT.PRI.MRCH.XD.WD,2016,99.80
CHN,China,TT.PRI.MRCH.XD.WD,2017,94.30
CHN,China,TT.PRI.MRCH.XD.WD,2018,91.50
CHN,China,TT.PRI.MRCH.XD.WD,2019,92.70
CHN,China,TT.PRI.MRCH.XD.WD,2020,98.50
CHN,China,TT.PRI.MRCH.XD.WD,2021,89.20
CHN,China,TT.PRI.MRCH.XD.WD,2022,89.50
CHN,China,TT.PRI.MRCH.XD.WD,2023,90.20
CHN,China,TT.PRI.MRCH.XD.WD,2024,84.70
IND,Índia,TT.PRI.MRCH.XD.WD,2005,85.90
IND,Índia,TT.PRI.MRCH.XD.WD,2006,83.80
IND,Índia,TT.PRI.MRCH.XD.WD,2007,79.80
IND,Índia,TT.PRI.MRCH.XD.WD,2008,79.80
IND,Índia,TT.PRI.MRCH.XD.WD,2009,92.90
IND,Índia,TT.PRI.MRCH.XD.WD,2010,91.40
IND,Índia,TT.PRI.MRCH.XD.WD,2011,88.00
IND,Índia,TT.PRI.MRCH.XD.WD,2012,88.10
IND,Índia,TT.PRI.MRCH.XD.WD,2013,90.40
IND,Índia,TT.PRI.MRCH.XD.WD,2014,91.70
IND,Índia,TT.PRI.MRCH.XD.WD,2015,100.00
IND,Índia,TT.PRI.MRCH.XD.WD,2016,105.00
IND,Índia,TT.PRI.MRCH.XD.WD,2017,100.40
IND,Índia,TT.PRI.MRCH.XD.WD,2018,95.60
IND,Índia,TT.PRI.MRCH.XD.WD,2019,97.90
IND,Índia,TT.PRI.MRCH.XD.WD,2020,103.10
IND,Índia,TT.PRI.MRCH.XD.WD,2021,91.00
IND,Índia,TT.PRI.MRCH.XD.WD,2022,81.40
IND,Índia,TT.PRI.MRCH.XD.WD,2023,87.50
IND,Índia,TT.PRI.MRCH.XD.WD,2024,91.30
KOR,Coreia do Sul,TT.PRI.MRCH.XD.WD,2005,131.20
KOR,Coreia do Sul,TT.PRI.MRCH.XD.WD,2006,119.30
KOR,Coreia do Sul,TT.PRI.MRCH.XD.WD,2007,111.70
KOR,Coreia do Sul,TT.PRI.MRCH.XD.WD,2008,99.60
KOR,Coreia do Sul,TT.PRI.MRCH.XD.WD,2009,103.90
KOR,Coreia do Sul,TT.PRI.MRCH.XD.WD,2010,96.30
KOR,Coreia do Sul,TT.PRI.MRCH.XD.WD,2011,86.50
KOR,Coreia do Sul,TT.PRI.MRCH.XD.WD,2012,85.00
KOR,Coreia do Sul,TT.PRI.MRCH.XD.WD,2013,87.80
KOR,Coreia do Sul,TT.PRI.MRCH.XD.WD,2014,89.30
KOR,Coreia do Sul,TT.PRI.MRCH.XD.WD,2015,100.00
KOR,Coreia do Sul,TT.PRI.MRCH.XD.WD,2016,101.00
KOR,Coreia do Sul,TT.PRI.MRCH.XD.WD,2017,100.60
KOR,Coreia do Sul,TT.PRI.MRCH.XD.WD,2018,95.40
KOR,Coreia do Sul,TT.PRI.MRCH.XD.WD,2019,91.50
KOR,Coreia do Sul,TT.PRI.MRCH.XD.WD,2020,94.90
KOR,Coreia do Sul,TT.PRI.MRCH.XD.WD,2021,92.30
KOR,Coreia do Sul,TT.PRI.MRCH.XD.WD,2022,85.50
KOR,Coreia do Sul,TT.PRI.MRCH.XD.WD,2023,85.40
KOR,Coreia do Sul,TT.PRI.MRCH.XD.WD,2024,88.30
ZAF,África do Sul,TT.PRI.MRCH.XD.WD,2005,79.70
ZAF,África do Sul,TT.PRI.MRCH.XD.WD,2006,84.60
ZAF,África do Sul,TT.PRI.MRCH.XD.WD,2007,87.30
ZAF,África do Sul,TT.PRI.MRCH.XD.WD,2008,89.40
ZAF,África do Sul,TT.PRI.MRCH.XD.WD,2009,95.10
ZAF,África do Sul,TT.PRI.MRCH.XD.WD,2010,101.40
ZAF,África do Sul,TT.PRI.MRCH.XD.WD,2011,105.00
ZAF,África do Sul,TT.PRI.MRCH.XD.WD,2012,104.30
ZAF,África do Sul,TT.PRI.MRCH.XD.WD,2013,98.70
ZAF,África do Sul,TT.PRI.MRCH.XD.WD,2014,97.50
ZAF,África do Sul,TT.PRI.MRCH.XD.WD,2015,100.00
ZAF,África do Sul,TT.PRI.MRCH.XD.WD,2016,103.80
ZAF,África do Sul,TT.PRI.MRCH.XD.WD,2017,108.50
ZAF,África do Sul,TT.PRI.MRCH.XD.WD,2018,106.30
ZAF,África do Sul,TT.PRI.MRCH.XD.WD,2019,112.00
ZAF,África do Sul,TT.PRI.MRCH.XD.WD,2020,123.60
ZAF,África do Sul,TT.PRI.MRCH.XD.WD,2021,128.70
ZAF,África do Sul,TT.PRI.MRCH.XD.WD,2022,117.80
ZAF,África do Sul,TT.PRI.MRCH.XD.WD,2023,113.20
ZAF,África do Sul,TT.PRI.MRCH.XD.WD,2024,117.10
RUS,Rússia,TT.PRI.MRCH.XD.WD,2005,99.80
RUS,Rússia,TT.PRI.MRCH.XD.WD,2006,113.60
RUS,Rússia,TT.PRI.MRCH.XD.WD,2007,118.80
RUS,Rússia,TT.PRI.MRCH.XD.WD,2008,142.90
RUS,Rússia,TT.PRI.MRCH.XD.WD,2009,95.20
RUS,Rússia,TT.PRI.MRCH.XD.WD,2010,115.30
RUS,Rússia,TT.PRI.MRCH.XD.WD,2011,140.40
RUS,Rússia,TT.PRI.MRCH.XD.WD,2012,146.60
RUS,Rússia,TT.PRI.MRCH.XD.WD,2013,136.90
RUS,Rússia,TT.PRI.MRCH.XD.WD,2014,131.50
RUS,Rússia,TT.PRI.MRCH.XD.WD,2015,100.00
RUS,Rússia,TT.PRI.MRCH.XD.WD,2016,81.50
RUS,Rússia,TT.PRI.MRCH.XD.WD,2017,92.20
RUS,Rússia,TT.PRI.MRCH.XD.WD,2018,108.10
RUS,Rússia,TT.PRI.MRCH.XD.WD,2019,109.30
RUS,Rússia,TT.PRI.MRCH.XD.WD,2020,89.20
RUS,Rússia,TT.PRI.MRCH.XD.WD,2021,115.20
RUS,Rússia,TT.PRI.MRCH.XD.WD,2022,135.50
RUS,Rússia,TT.PRI.MRCH.XD.WD,2023,114.60
RUS,Rússia,TT.PRI.MRCH.XD.WD,2024,116.10
TUR,Turquia,TT.PRI.MRCH.XD.WD,2005,100.20
TUR,Turquia,TT.PRI.MRCH.XD.WD,2006,95.50
TUR,Turquia,TT.PRI.MRCH.XD.WD,2007,98.10
TUR,Turquia,TT.PRI.MRCH.XD.WD,2008,94.40
TUR,Turquia,TT.PRI.MRCH.XD.WD,2009,98.40
TUR,Turquia,TT.PRI.MRCH.XD.WD,2010,93.90
TUR,Turquia,TT.PRI.MRCH.XD.WD,2011,91.10
TUR,Turquia,TT.PRI.MRCH.XD.WD,2012,91.00
TUR,Turquia,TT.PRI.MRCH.XD.WD,2013,92.60
TUR,Turquia,TT.PRI.MRCH.XD.WD,2014,93.90
TUR,Turquia,TT.PRI.MRCH.XD.WD,2015,100.00
TUR,Turquia,TT.PRI.MRCH.XD.WD,2016,104.00
TUR,Turquia,TT.PRI.MRCH.XD.WD,2017,98.60
TUR,Turquia,TT.PRI.MRCH.XD.WD,2018,95.00
TUR,Turquia,TT.PRI.MRCH.XD.WD,2019,94.70
TUR,Turquia,TT.PRI.MRCH.XD.WD,2020,99.60
TUR,Turquia,TT.PRI.MRCH.XD.WD,2021,88.60
TUR,Turquia,TT.PRI.MRCH.XD.WD,2022,76.00
TUR,Turquia,TT.PRI.MRCH.XD.WD,2023,86.70
TUR,Turquia,TT.PRI.MRCH.XD.WD,2024,86.80
IDN,Indonésia,TT.PRI.MRCH.XD.WD,2005,101.40
IDN,Indonésia,TT.PRI.MRCH.XD.WD,2006,102.10
IDN,Indonésia,TT.PRI.MRCH.XD.WD,2007,104.50
IDN,Indonésia,TT.PRI.MRCH.XD.WD,2008,106.80
IDN,Indonésia,TT.PRI.MRCH.XD.WD,2009,97.90
IDN,Indonésia,TT.PRI.MRCH.XD.WD,2010,108.30
IDN,Indonésia,TT.PRI.MRCH.XD.WD,2011,111.70
IDN,Indonésia,TT.PRI.MRCH.XD.WD,2012,102.80
IDN,Indonésia,TT.PRI.MRCH.XD.WD,2013,100.00
IDN,Indonésia,TT.PRI.MRCH.XD.WD,2014,100.80
IDN,Indonésia,TT.PRI.MRCH.XD.WD,2015,100.00
IDN,Indonésia,TT.PRI.MRCH.XD.WD,2016,105.10
IDN,Indonésia,TT.PRI.MRCH.XD.WD,2017,108.10
IDN,Indonésia,TT.PRI.MRCH.XD.WD,2018,103.70
IDN,Indonésia,TT.PRI.MRCH.XD.WD,2019,98.50
IDN,Indonésia,TT.PRI.MRCH.XD.WD,2020,102.20
IDN,Indonésia,TT.PRI.MRCH.XD.WD,2021,115.00
IDN,Indonésia,TT.PRI.MRCH.XD.WD,2022,125.10
IDN,Indonésia,TT.PRI.MRCH.XD.WD,2023,108.40
IDN,Indonésia,TT.PRI.MRCH.XD.WD,2024,110.20
WLD,Mundo,TT.PRI.MRCH.XD.WD,2005,100.20
WLD,Mundo,TT.PRI.MRCH.XD.WD,2006,100.20
WLD,Mundo,TT.PRI.MRCH.XD.WD,2007,100.70
WLD,Mundo,TT.PRI.MRCH.XD.WD,2008,100.00
WLD,Mundo,TT.PRI.MRCH.XD.WD,2009,100.00
WLD,Mundo,TT.PRI.MRCH.XD.WD,2010,100.10
WLD,Mundo,TT.PRI.MRCH.XD.WD,2011,100.20
WLD,Mundo,TT.PRI.MRCH.XD.WD,2012,99.60
WLD,Mundo,TT.PRI.MRCH.XD.WD,2013,100.50
WLD,Mundo,TT.PRI.MRCH.XD.WD,2014,100.40
WLD,Mundo,TT.PRI.MRCH.XD.WD,2015,100.00
WLD,Mundo,TT.PRI.MRCH.XD.WD,2016,99.40
WLD,Mundo,TT.PRI.MRCH.XD.WD,2017,99.50
WLD,Mundo,TT.PRI.MRCH.XD.WD,2018,99.70
WLD,Mundo,TT.PRI.MRCH.XD.WD,2019,99.60
WLD,Mundo,TT.PRI.MRCH.XD.WD,2020,99.70
WLD,Mundo,TT.PRI.MRCH.XD.WD,2021,101.30
WLD,Mundo,TT.PRI.MRCH.XD.WD,2022,101.00
WLD,Mundo,TT.PRI.MRCH.XD.WD,2023,100.40
WLD,Mundo,TT.PRI.MRCH.XD.WD,2024,100.20
BRA,Brasil,PX.REX.REER,1980,84.31
BRA,Brasil,PX.REX.REER,1981,98.03
BRA,Brasil,PX.REX.REER,1982,106.33
BRA,Brasil,PX.REX.REER,1983,81.55
BRA,Brasil,PX.REX.REER,1984,72.84
BRA,Brasil,PX.REX.REER,1985,70.40
BRA,Brasil,PX.REX.REER,1986,67.38
BRA,Brasil,PX.REX.REER,1987,69.89
BRA,Brasil,PX.REX.REER,1988,69.72
BRA,Brasil,PX.REX.REER,1989,93.74
BRA,Brasil,PX.REX.REER,1990,114.62
BRA,Brasil,PX.REX.REER,1991,96.27
BRA,Brasil,PX.REX.REER,1992,84.46
BRA,Brasil,PX.REX.REER,1993,88.81
BRA,Brasil,PX.REX.REER,1994,92.75
BRA,Brasil,PX.REX.REER,1995,101.51
BRA,Brasil,PX.REX.REER,1996,107.07
BRA,Brasil,PX.REX.REER,1997,109.84
BRA,Brasil,PX.REX.REER,1998,106.76
BRA,Brasil,PX.REX.REER,1999,70.97
BRA,Brasil,PX.REX.REER,2000,76.53
BRA,Brasil,PX.REX.REER,2001,63.91
BRA,Brasil,PX.REX.REER,2002,60.90
BRA,Brasil,PX.REX.REER,2003,57.58
BRA,Brasil,PX.REX.REER,2004,60.45
BRA,Brasil,PX.REX.REER,2005,73.46
BRA,Brasil,PX.REX.REER,2006,81.72
BRA,Brasil,PX.REX.REER,2007,87.43
BRA,Brasil,PX.REX.REER,2008,90.36
BRA,Brasil,PX.REX.REER,2009,89.17
BRA,Brasil,PX.REX.REER,2010,100.00
BRA,Brasil,PX.REX.REER,2011,103.17
BRA,Brasil,PX.REX.REER,2012,91.99
BRA,Brasil,PX.REX.REER,2013,86.41
BRA,Brasil,PX.REX.REER,2014,84.59
BRA,Brasil,PX.REX.REER,2015,69.61
BRA,Brasil,PX.REX.REER,2016,73.24
BRA,Brasil,PX.REX.REER,2017,79.70
BRA,Brasil,PX.REX.REER,2018,71.46
BRA,Brasil,PX.REX.REER,2019,70.04
BRA,Brasil,PX.REX.REER,2020,55.63
BRA,Brasil,PX.REX.REER,2021,53.83
BRA,Brasil,PX.REX.REER,2022,60.30
BRA,Brasil,PX.REX.REER,2023,63.25
BRA,Brasil,PX.REX.REER,2024,60.63
BRA,Brasil,PX.REX.REER,2025,59.15
CHL,Chile,PX.REX.REER,1980,163.96
CHL,Chile,PX.REX.REER,1981,194.37
CHL,Chile,PX.REX.REER,1982,175.30
CHL,Chile,PX.REX.REER,1983,143.56
CHL,Chile,PX.REX.REER,1984,142.39
CHL,Chile,PX.REX.REER,1985,120.48
CHL,Chile,PX.REX.REER,1986,101.41
CHL,Chile,PX.REX.REER,1987,93.14
CHL,Chile,PX.REX.REER,1988,87.48
CHL,Chile,PX.REX.REER,1989,89.87
CHL,Chile,PX.REX.REER,1990,86.20
CHL,Chile,PX.REX.REER,1991,88.27
CHL,Chile,PX.REX.REER,1992,93.28
CHL,Chile,PX.REX.REER,1993,95.12
CHL,Chile,PX.REX.REER,1994,98.44
CHL,Chile,PX.REX.REER,1995,104.38
CHL,Chile,PX.REX.REER,1996,106.92
CHL,Chile,PX.REX.REER,1997,114.75
CHL,Chile,PX.REX.REER,1998,112.71
CHL,Chile,PX.REX.REER,1999,107.34
CHL,Chile,PX.REX.REER,2000,106.48
CHL,Chile,PX.REX.REER,2001,95.92
CHL,Chile,PX.REX.REER,2002,91.65
CHL,Chile,PX.REX.REER,2003,86.21
CHL,Chile,PX.REX.REER,2004,91.03
CHL,Chile,PX.REX.REER,2005,96.32
CHL,Chile,PX.REX.REER,2006,100.13
CHL,Chile,PX.REX.REER,2007,97.51
CHL,Chile,PX.REX.REER,2008,98.26
CHL,Chile,PX.REX.REER,2009,95.14
CHL,Chile,PX.REX.REER,2010,100.00
CHL,Chile,PX.REX.REER,2011,100.70
CHL,Chile,PX.REX.REER,2012,102.89
CHL,Chile,PX.REX.REER,2013,101.35
CHL,Chile,PX.REX.REER,2014,91.87
CHL,Chile,PX.REX.REER,2015,90.99
CHL,Chile,PX.REX.REER,2016,92.62
CHL,Chile,PX.REX.REER,2017,95.77
CHL,Chile,PX.REX.REER,2018,97.04
CHL,Chile,PX.REX.REER,2019,92.14
CHL,Chile,PX.REX.REER,2020,84.66
CHL,Chile,PX.REX.REER,2021,87.53
CHL,Chile,PX.REX.REER,2022,84.41
CHL,Chile,PX.REX.REER,2023,91.84
CHL,Chile,PX.REX.REER,2024,84.08
CHL,Chile,PX.REX.REER,2025,84.56
COL,Colômbia,PX.REX.REER,1980,136.65
COL,Colômbia,PX.REX.REER,1981,147.58
COL,Colômbia,PX.REX.REER,1982,157.24
COL,Colômbia,PX.REX.REER,1983,156.14
COL,Colômbia,PX.REX.REER,1984,145.58
COL,Colômbia,PX.REX.REER,1985,127.27
COL,Colômbia,PX.REX.REER,1986,94.37
COL,Colômbia,PX.REX.REER,1987,84.21
COL,Colômbia,PX.REX.REER,1988,81.67
COL,Colômbia,PX.REX.REER,1989,78.53
COL,Colômbia,PX.REX.REER,1990,69.16
COL,Colômbia,PX.REX.REER,1991,69.46
COL,Colômbia,PX.REX.REER,1992,77.17
COL,Colômbia,PX.REX.REER,1993,81.79
COL,Colômbia,PX.REX.REER,1994,92.09
COL,Colômbia,PX.REX.REER,1995,93.71
COL,Colômbia,PX.REX.REER,1996,99.29
COL,Colômbia,PX.REX.REER,1997,105.56
COL,Colômbia,PX.REX.REER,1998,99.08
COL,Colômbia,PX.REX.REER,1999,89.90
COL,Colômbia,PX.REX.REER,2000,81.44
COL,Colômbia,PX.REX.REER,2001,78.88
COL,Colômbia,PX.REX.REER,2002,78.68
COL,Colômbia,PX.REX.REER,2003,68.97
COL,Colômbia,PX.REX.REER,2004,75.22
COL,Colômbia,PX.REX.REER,2005,84.79
COL,Colômbia,PX.REX.REER,2006,83.09
COL,Colômbia,PX.REX.REER,2007,92.33
COL,Colômbia,PX.REX.REER,2008,95.44
COL,Colômbia,PX.REX.REER,2009,90.45
COL,Colômbia,PX.REX.REER,2010,100.00
COL,Colômbia,PX.REX.REER,2011,100.15
COL,Colômbia,PX.REX.REER,2012,105.29
COL,Colômbia,PX.REX.REER,2013,101.34
COL,Colômbia,PX.REX.REER,2014,95.88
COL,Colômbia,PX.REX.REER,2015,77.58
COL,Colômbia,PX.REX.REER,2016,74.20
COL,Colômbia,PX.REX.REER,2017,77.44
COL,Colômbia,PX.REX.REER,2018,78.32
COL,Colômbia,PX.REX.REER,2019,73.68
COL,Colômbia,PX.REX.REER,2020,68.04
COL,Colômbia,PX.REX.REER,2021,65.86
COL,Colômbia,PX.REX.REER,2022,62.74
COL,Colômbia,PX.REX.REER,2023,66.66
COL,Colômbia,PX.REX.REER,2024,74.58
COL,Colômbia,PX.REX.REER,2025,77.03
MEX,México,PX.REX.REER,1980,120.83
MEX,México,PX.REX.REER,1981,137.48
MEX,México,PX.REX.REER,1982,98.69
MEX,México,PX.REX.REER,1983,86.97
MEX,México,PX.REX.REER,1984,101.88
MEX,México,PX.REX.REER,1985,104.72
MEX,México,PX.REX.REER,1986,73.14
MEX,México,PX.REX.REER,1987,67.36
MEX,México,PX.REX.REER,1988,83.61
MEX,México,PX.REX.REER,1989,89.74
MEX,México,PX.REX.REER,1990,91.93
MEX,México,PX.REX.REER,1991,100.78
MEX,México,PX.REX.REER,1992,108.98
MEX,México,PX.REX.REER,1993,117.18
MEX,México,PX.REX.REER,1994,112.39
MEX,México,PX.REX.REER,1995,75.52
MEX,México,PX.REX.REER,1996,84.78
MEX,México,PX.REX.REER,1997,97.61
MEX,México,PX.REX.REER,1998,98.39
MEX,México,PX.REX.REER,1999,106.79
MEX,México,PX.REX.REER,2000,115.56
MEX,México,PX.REX.REER,2001,123.04
MEX,México,PX.REX.REER,2002,123.07
MEX,México,PX.REX.REER,2003,110.21
MEX,México,PX.REX.REER,2004,105.98
MEX,México,PX.REX.REER,2005,109.80
MEX,México,PX.REX.REER,2006,109.90
MEX,México,PX.REX.REER,2007,108.37
MEX,México,PX.REX.REER,2008,106.07
MEX,México,PX.REX.REER,2009,92.78
MEX,México,PX.REX.REER,2010,100.00
MEX,México,PX.REX.REER,2011,99.80
MEX,México,PX.REX.REER,2012,96.63
MEX,México,PX.REX.REER,2013,102.24
MEX,México,PX.REX.REER,2014,101.14
MEX,México,PX.REX.REER,2015,90.62
MEX,México,PX.REX.REER,2016,79.06
MEX,México,PX.REX.REER,2017,81.02
MEX,México,PX.REX.REER,2018,81.01
MEX,México,PX.REX.REER,2019,83.54
MEX,México,PX.REX.REER,2020,77.10
MEX,México,PX.REX.REER,2021,81.67
MEX,México,PX.REX.REER,2022,85.76
MEX,México,PX.REX.REER,2023,99.77
MEX,México,PX.REX.REER,2024,99.91
MEX,México,PX.REX.REER,2025,95.81
USA,Estados Unidos,PX.REX.REER,1980,105.86
USA,Estados Unidos,PX.REX.REER,1981,116.70
USA,Estados Unidos,PX.REX.REER,1982,130.54
USA,Estados Unidos,PX.REX.REER,1983,136.65
USA,Estados Unidos,PX.REX.REER,1984,145.07
USA,Estados Unidos,PX.REX.REER,1985,150.21
USA,Estados Unidos,PX.REX.REER,1986,126.12
USA,Estados Unidos,PX.REX.REER,1987,113.54
USA,Estados Unidos,PX.REX.REER,1988,107.35
USA,Estados Unidos,PX.REX.REER,1989,111.00
USA,Estados Unidos,PX.REX.REER,1990,105.85
USA,Estados Unidos,PX.REX.REER,1991,104.38
USA,Estados Unidos,PX.REX.REER,1992,101.80
USA,Estados Unidos,PX.REX.REER,1993,104.76
USA,Estados Unidos,PX.REX.REER,1994,104.21
USA,Estados Unidos,PX.REX.REER,1995,100.75
USA,Estados Unidos,PX.REX.REER,1996,103.74
USA,Estados Unidos,PX.REX.REER,1997,108.86
USA,Estados Unidos,PX.REX.REER,1998,116.72
USA,Estados Unidos,PX.REX.REER,1999,115.56
USA,Estados Unidos,PX.REX.REER,2000,119.46
USA,Estados Unidos,PX.REX.REER,2001,126.23
USA,Estados Unidos,PX.REX.REER,2002,125.92
USA,Estados Unidos,PX.REX.REER,2003,118.00
USA,Estados Unidos,PX.REX.REER,2004,112.40
USA,Estados Unidos,PX.REX.REER,2005,110.84
USA,Estados Unidos,PX.REX.REER,2006,109.93
USA,Estados Unidos,PX.REX.REER,2007,104.89
USA,Estados Unidos,PX.REX.REER,2008,100.44
USA,Estados Unidos,PX.REX.REER,2009,104.70
USA,Estados Unidos,PX.REX.REER,2010,100.00
USA,Estados Unidos,PX.REX.REER,2011,95.01
USA,Estados Unidos,PX.REX.REER,2012,97.37
USA,Estados Unidos,PX.REX.REER,2013,97.56
USA,Estados Unidos,PX.REX.REER,2014,99.20
USA,Estados Unidos,PX.REX.REER,2015,109.91
USA,Estados Unidos,PX.REX.REER,2016,114.62
USA,Estados Unidos,PX.REX.REER,2017,114.40
USA,Estados Unidos,PX.REX.REER,2018,113.26
USA,Estados Unidos,PX.REX.REER,2019,116.46
USA,Estados Unidos,PX.REX.REER,2020,118.04
USA,Estados Unidos,PX.REX.REER,2021,115.62
USA,Estados Unidos,PX.REX.REER,2022,126.56
USA,Estados Unidos,PX.REX.REER,2023,127.40
USA,Estados Unidos,PX.REX.REER,2024,130.47
USA,Estados Unidos,PX.REX.REER,2025,130.98
CHN,China,PX.REX.REER,1980,269.95
CHN,China,PX.REX.REER,1981,242.26
CHN,China,PX.REX.REER,1982,231.12
CHN,China,PX.REX.REER,1983,227.17
CHN,China,PX.REX.REER,1984,202.48
CHN,China,PX.REX.REER,1985,171.88
CHN,China,PX.REX.REER,1986,124.16
CHN,China,PX.REX.REER,1987,107.25
CHN,China,PX.REX.REER,1988,117.22
CHN,China,PX.REX.REER,1989,136.39
CHN,China,PX.REX.REER,1990,100.60
CHN,China,PX.REX.REER,1991,88.36
CHN,China,PX.REX.REER,1992,84.60
CHN,China,PX.REX.REER,1993,90.02
CHN,China,PX.REX.REER,1994,70.57
CHN,China,PX.REX.REER,1995,78.65
CHN,China,PX.REX.REER,1996,86.37
CHN,China,PX.REX.REER,1997,93.02
CHN,China,PX.REX.REER,1998,98.03
CHN,China,PX.REX.REER,1999,92.70
CHN,China,PX.REX.REER,2000,92.77
CHN,China,PX.REX.REER,2001,96.78
CHN,China,PX.REX.REER,2002,94.58
CHN,China,PX.REX.REER,2003,88.40
CHN,China,PX.REX.REER,2004,85.86
CHN,China,PX.REX.REER,2005,84.93
CHN,China,PX.REX.REER,2006,86.27
CHN,China,PX.REX.REER,2007,89.34
CHN,China,PX.REX.REER,2008,97.02
CHN,China,PX.REX.REER,2009,101.12
CHN,China,PX.REX.REER,2010,100.00
CHN,China,PX.REX.REER,2011,102.67
CHN,China,PX.REX.REER,2012,108.57
CHN,China,PX.REX.REER,2013,114.27
CHN,China,PX.REX.REER,2014,117.65
CHN,China,PX.REX.REER,2015,129.16
CHN,China,PX.REX.REER,2016,123.06
CHN,China,PX.REX.REER,2017,119.46
CHN,China,PX.REX.REER,2018,121.00
CHN,China,PX.REX.REER,2019,120.12
CHN,China,PX.REX.REER,2020,122.52
CHN,China,PX.REX.REER,2021,126.18
CHN,China,PX.REX.REER,2022,124.74
CHN,China,PX.REX.REER,2023,114.91
CHN,China,PX.REX.REER,2024,113.39
CHN,China,PX.REX.REER,2025,110.09
KOR,Coreia do Sul,PX.REX.REER,1990,132.77
KOR,Coreia do Sul,PX.REX.REER,1991,140.83
KOR,Coreia do Sul,PX.REX.REER,1992,131.49
KOR,Coreia do Sul,PX.REX.REER,1993,131.41
KOR,Coreia do Sul,PX.REX.REER,1994,136.29
KOR,Coreia do Sul,PX.REX.REER,1995,152.76
KOR,Coreia do Sul,PX.REX.REER,1996,164.43
KOR,Coreia do Sul,PX.REX.REER,1997,146.65
KOR,Coreia do Sul,PX.REX.REER,1998,97.89
KOR,Coreia do Sul,PX.REX.REER,1999,99.29
KOR,Coreia do Sul,PX.REX.REER,2000,104.73
KOR,Coreia do Sul,PX.REX.REER,2001,98.47
KOR,Coreia do Sul,PX.REX.REER,2002,104.45
KOR,Coreia do Sul,PX.REX.REER,2003,103.11
KOR,Coreia do Sul,PX.REX.REER,2004,107.24
KOR,Coreia do Sul,PX.REX.REER,2005,127.02
KOR,Coreia do Sul,PX.REX.REER,2006,136.10
KOR,Coreia do Sul,PX.REX.REER,2007,137.15
KOR,Coreia do Sul,PX.REX.REER,2008,108.14
KOR,Coreia do Sul,PX.REX.REER,2009,91.61
KOR,Coreia do Sul,PX.REX.REER,2010,100.00
KOR,Coreia do Sul,PX.REX.REER,2011,97.49
KOR,Coreia do Sul,PX.REX.REER,2012,105.13
KOR,Coreia do Sul,PX.REX.REER,2013,119.03
KOR,Coreia do Sul,PX.REX.REER,2014,134.52
KOR,Coreia do Sul,PX.REX.REER,2015,142.05
KOR,Coreia do Sul,PX.REX.REER,2016,139.06
KOR,Coreia do Sul,PX.REX.REER,2017,143.08
KOR,Coreia do Sul,PX.REX.REER,2018,152.99
KOR,Coreia do Sul,PX.REX.REER,2019,147.62
KOR,Coreia do Sul,PX.REX.REER,2020,136.98
KOR,Coreia do Sul,PX.REX.REER,2021,138.97
ZAF,África do Sul,PX.REX.REER,1979,151.44
ZAF,África do Sul,PX.REX.REER,1980,165.59
ZAF,África do Sul,PX.REX.REER,1981,174.39
ZAF,África do Sul,PX.REX.REER,1982,165.24
ZAF,África do Sul,PX.REX.REER,1983,181.79
ZAF,África do Sul,PX.REX.REER,1984,160.44
ZAF,África do Sul,PX.REX.REER,1985,121.76
ZAF,África do Sul,PX.REX.REER,1986,112.39
ZAF,África do Sul,PX.REX.REER,1987,126.92
ZAF,África do Sul,PX.REX.REER,1988,120.79
ZAF,África do Sul,PX.REX.REER,1989,121.66
ZAF,África do Sul,PX.REX.REER,1990,125.23
ZAF,África do Sul,PX.REX.REER,1991,130.15
ZAF,África do Sul,PX.REX.REER,1992,134.31
ZAF,África do Sul,PX.REX.REER,1993,131.64
ZAF,África do Sul,PX.REX.REER,1994,126.04
ZAF,África do Sul,PX.REX.REER,1995,122.62
ZAF,África do Sul,PX.REX.REER,1996,112.80
ZAF,África do Sul,PX.REX.REER,1997,119.24
ZAF,África do Sul,PX.REX.REER,1998,109.65
ZAF,África do Sul,PX.REX.REER,1999,103.71
ZAF,África do Sul,PX.REX.REER,2000,100.56
ZAF,África do Sul,PX.REX.REER,2001,88.79
ZAF,África do Sul,PX.REX.REER,2002,76.11
ZAF,África do Sul,PX.REX.REER,2003,98.83
ZAF,África do Sul,PX.REX.REER,2004,104.76
ZAF,África do Sul,PX.REX.REER,2005,104.64
ZAF,África do Sul,PX.REX.REER,2006,98.67
ZAF,África do Sul,PX.REX.REER,2007,92.15
ZAF,África do Sul,PX.REX.REER,2008,80.38
ZAF,África do Sul,PX.REX.REER,2009,87.49
ZAF,África do Sul,PX.REX.REER,2010,100.00
ZAF,África do Sul,PX.REX.REER,2011,98.27
ZAF,África do Sul,PX.REX.REER,2012,92.43
ZAF,África do Sul,PX.REX.REER,2013,82.11
ZAF,África do Sul,PX.REX.REER,2014,77.10
ZAF,África do Sul,PX.REX.REER,2015,75.23
ZAF,África do Sul,PX.REX.REER,2016,70.71
ZAF,África do Sul,PX.REX.REER,2017,79.68
ZAF,África do Sul,PX.REX.REER,2018,80.84
ZAF,África do Sul,PX.REX.REER,2019,78.26
ZAF,África do Sul,PX.REX.REER,2020,71.07
ZAF,África do Sul,PX.REX.REER,2021,77.68
ZAF,África do Sul,PX.REX.REER,2022,75.99
ZAF,África do Sul,PX.REX.REER,2023,69.82
ZAF,África do Sul,PX.REX.REER,2024,72.58
ZAF,África do Sul,PX.REX.REER,2025,73.78
RUS,Rússia,PX.REX.REER,1994,49.95
RUS,Rússia,PX.REX.REER,1995,61.61
RUS,Rússia,PX.REX.REER,1996,76.06
RUS,Rússia,PX.REX.REER,1997,81.27
RUS,Rússia,PX.REX.REER,1998,71.74
RUS,Rússia,PX.REX.REER,1999,49.03
RUS,Rússia,PX.REX.REER,2000,55.26
RUS,Rússia,PX.REX.REER,2001,64.91
RUS,Rússia,PX.REX.REER,2002,66.84
RUS,Rússia,PX.REX.REER,2003,68.97
RUS,Rússia,PX.REX.REER,2004,74.47
RUS,Rússia,PX.REX.REER,2005,81.25
RUS,Rússia,PX.REX.REER,2006,89.05
RUS,Rússia,PX.REX.REER,2007,93.50
RUS,Rússia,PX.REX.REER,2008,98.99
RUS,Rússia,PX.REX.REER,2009,92.16
RUS,Rússia,PX.REX.REER,2010,100.00
RUS,Rússia,PX.REX.REER,2011,104.38
RUS,Rússia,PX.REX.REER,2012,105.60
RUS,Rússia,PX.REX.REER,2013,107.15
RUS,Rússia,PX.REX.REER,2014,98.03
RUS,Rússia,PX.REX.REER,2015,79.87
RUS,Rússia,PX.REX.REER,2016,79.67
RUS,Rússia,PX.REX.REER,2017,92.04
RUS,Rússia,PX.REX.REER,2018,85.35
RUS,Rússia,PX.REX.REER,2019,87.66
RUS,Rússia,PX.REX.REER,2020,80.72
RUS,Rússia,PX.REX.REER,2021,79.37
RUS,Rússia,PX.REX.REER,2022,101.65
RUS,Rússia,PX.REX.REER,2023,81.61
RUS,Rússia,PX.REX.REER,2024,79.81
RUS,Rússia,PX.REX.REER,2025,92.21
BRA,Brasil,NE.GDI.TOTL.ZS,1960,17.52
BRA,Brasil,NE.GDI.TOTL.ZS,1961,18.84
BRA,Brasil,NE.GDI.TOTL.ZS,1962,20.31
BRA,Brasil,NE.GDI.TOTL.ZS,1963,19.04
BRA,Brasil,NE.GDI.TOTL.ZS,1964,18.82
BRA,Brasil,NE.GDI.TOTL.ZS,1965,19.42
BRA,Brasil,NE.GDI.TOTL.ZS,1966,19.03
BRA,Brasil,NE.GDI.TOTL.ZS,1967,16.65
BRA,Brasil,NE.GDI.TOTL.ZS,1968,18.89
BRA,Brasil,NE.GDI.TOTL.ZS,1969,22.52
BRA,Brasil,NE.GDI.TOTL.ZS,1970,20.54
BRA,Brasil,NE.GDI.TOTL.ZS,1971,21.26
BRA,Brasil,NE.GDI.TOTL.ZS,1972,21.21
BRA,Brasil,NE.GDI.TOTL.ZS,1973,22.04
BRA,Brasil,NE.GDI.TOTL.ZS,1974,24.31
BRA,Brasil,NE.GDI.TOTL.ZS,1975,25.70
BRA,Brasil,NE.GDI.TOTL.ZS,1976,23.04
BRA,Brasil,NE.GDI.TOTL.ZS,1977,22.05
BRA,Brasil,NE.GDI.TOTL.ZS,1978,23.03
BRA,Brasil,NE.GDI.TOTL.ZS,1979,23.14
BRA,Brasil,NE.GDI.TOTL.ZS,1980,23.11
BRA,Brasil,NE.GDI.TOTL.ZS,1981,23.58
BRA,Brasil,NE.GDI.TOTL.ZS,1982,21.90
BRA,Brasil,NE.GDI.TOTL.ZS,1983,17.88
BRA,Brasil,NE.GDI.TOTL.ZS,1984,17.47
BRA,Brasil,NE.GDI.TOTL.ZS,1985,20.30
BRA,Brasil,NE.GDI.TOTL.ZS,1986,19.96
BRA,Brasil,NE.GDI.TOTL.ZS,1987,23.17
BRA,Brasil,NE.GDI.TOTL.ZS,1988,24.34
BRA,Brasil,NE.GDI.TOTL.ZS,1989,26.90
BRA,Brasil,NE.GDI.TOTL.ZS,1990,20.17
BRA,Brasil,NE.GDI.TOTL.ZS,1991,19.77
BRA,Brasil,NE.GDI.TOTL.ZS,1992,18.93
BRA,Brasil,NE.GDI.TOTL.ZS,1993,20.85
BRA,Brasil,NE.GDI.TOTL.ZS,1994,22.15
BRA,Brasil,NE.GDI.TOTL.ZS,1995,17.29
BRA,Brasil,NE.GDI.TOTL.ZS,1996,17.27
BRA,Brasil,NE.GDI.TOTL.ZS,1997,17.76
BRA,Brasil,NE.GDI.TOTL.ZS,1998,18.16
BRA,Brasil,NE.GDI.TOTL.ZS,1999,17.39
BRA,Brasil,NE.GDI.TOTL.ZS,2000,18.90
BRA,Brasil,NE.GDI.TOTL.ZS,2001,18.74
BRA,Brasil,NE.GDI.TOTL.ZS,2002,17.45
BRA,Brasil,NE.GDI.TOTL.ZS,2003,16.86
BRA,Brasil,NE.GDI.TOTL.ZS,2004,17.91
BRA,Brasil,NE.GDI.TOTL.ZS,2005,17.20
BRA,Brasil,NE.GDI.TOTL.ZS,2006,17.82
BRA,Brasil,NE.GDI.TOTL.ZS,2007,19.82
BRA,Brasil,NE.GDI.TOTL.ZS,2008,21.62
BRA,Brasil,NE.GDI.TOTL.ZS,2009,18.80
BRA,Brasil,NE.GDI.TOTL.ZS,2010,21.80
BRA,Brasil,NE.GDI.TOTL.ZS,2011,21.83
BRA,Brasil,NE.GDI.TOTL.ZS,2012,21.42
BRA,Brasil,NE.GDI.TOTL.ZS,2013,21.69
BRA,Brasil,NE.GDI.TOTL.ZS,2014,20.55
BRA,Brasil,NE.GDI.TOTL.ZS,2015,17.41
BRA,Brasil,NE.GDI.TOTL.ZS,2016,14.97
BRA,Brasil,NE.GDI.TOTL.ZS,2017,14.63
BRA,Brasil,NE.GDI.TOTL.ZS,2018,15.10
BRA,Brasil,NE.GDI.TOTL.ZS,2019,15.52
BRA,Brasil,NE.GDI.TOTL.ZS,2020,16.12
BRA,Brasil,NE.GDI.TOTL.ZS,2021,19.52
BRA,Brasil,NE.GDI.TOTL.ZS,2022,18.09
BRA,Brasil,NE.GDI.TOTL.ZS,2023,15.76
BRA,Brasil,NE.GDI.TOTL.ZS,2024,16.98
BRA,Brasil,NE.GDI.TOTL.ZS,2025,17.08
ARG,Argentina,NE.GDI.TOTL.ZS,1960,23.48
ARG,Argentina,NE.GDI.TOTL.ZS,1961,27.77
ARG,Argentina,NE.GDI.TOTL.ZS,1962,21.73
ARG,Argentina,NE.GDI.TOTL.ZS,1963,18.27
ARG,Argentina,NE.GDI.TOTL.ZS,1964,21.47
ARG,Argentina,NE.GDI.TOTL.ZS,1965,22.43
ARG,Argentina,NE.GDI.TOTL.ZS,1966,20.54
ARG,Argentina,NE.GDI.TOTL.ZS,1967,21.22
ARG,Argentina,NE.GDI.TOTL.ZS,1968,21.69
ARG,Argentina,NE.GDI.TOTL.ZS,1969,23.99
ARG,Argentina,NE.GDI.TOTL.ZS,1970,24.44
ARG,Argentina,NE.GDI.TOTL.ZS,1971,24.11
ARG,Argentina,NE.GDI.TOTL.ZS,1972,23.89
ARG,Argentina,NE.GDI.TOTL.ZS,1973,20.89
ARG,Argentina,NE.GDI.TOTL.ZS,1974,22.26
ARG,Argentina,NE.GDI.TOTL.ZS,1975,29.44
ARG,Argentina,NE.GDI.TOTL.ZS,1976,30.73
ARG,Argentina,NE.GDI.TOTL.ZS,1977,30.94
ARG,Argentina,NE.GDI.TOTL.ZS,1978,27.80
ARG,Argentina,NE.GDI.TOTL.ZS,1979,25.86
ARG,Argentina,NE.GDI.TOTL.ZS,1980,25.26
ARG,Argentina,NE.GDI.TOTL.ZS,1981,22.69
ARG,Argentina,NE.GDI.TOTL.ZS,1982,21.75
ARG,Argentina,NE.GDI.TOTL.ZS,1983,20.89
ARG,Argentina,NE.GDI.TOTL.ZS,1984,19.96
ARG,Argentina,NE.GDI.TOTL.ZS,1985,17.59
ARG,Argentina,NE.GDI.TOTL.ZS,1986,17.46
ARG,Argentina,NE.GDI.TOTL.ZS,1987,19.55
ARG,Argentina,NE.GDI.TOTL.ZS,1988,18.64
ARG,Argentina,NE.GDI.TOTL.ZS,1989,15.51
ARG,Argentina,NE.GDI.TOTL.ZS,1990,14.00
ARG,Argentina,NE.GDI.TOTL.ZS,1991,14.64
ARG,Argentina,NE.GDI.TOTL.ZS,1992,16.70
ARG,Argentina,NE.GDI.TOTL.ZS,1993,19.69
ARG,Argentina,NE.GDI.TOTL.ZS,1994,19.97
ARG,Argentina,NE.GDI.TOTL.ZS,1995,18.50
ARG,Argentina,NE.GDI.TOTL.ZS,1996,19.62
ARG,Argentina,NE.GDI.TOTL.ZS,1997,20.83
ARG,Argentina,NE.GDI.TOTL.ZS,1998,20.97
ARG,Argentina,NE.GDI.TOTL.ZS,1999,17.86
ARG,Argentina,NE.GDI.TOTL.ZS,2000,17.53
ARG,Argentina,NE.GDI.TOTL.ZS,2001,15.63
ARG,Argentina,NE.GDI.TOTL.ZS,2002,10.85
ARG,Argentina,NE.GDI.TOTL.ZS,2003,14.15
ARG,Argentina,NE.GDI.TOTL.ZS,2004,17.55
ARG,Argentina,NE.GDI.TOTL.ZS,2005,18.89
ARG,Argentina,NE.GDI.TOTL.ZS,2006,18.68
ARG,Argentina,NE.GDI.TOTL.ZS,2007,20.10
ARG,Argentina,NE.GDI.TOTL.ZS,2008,19.57
ARG,Argentina,NE.GDI.TOTL.ZS,2009,16.05
ARG,Argentina,NE.GDI.TOTL.ZS,2010,17.71
ARG,Argentina,NE.GDI.TOTL.ZS,2011,18.40
ARG,Argentina,NE.GDI.TOTL.ZS,2012,16.50
ARG,Argentina,NE.GDI.TOTL.ZS,2013,17.31
ARG,Argentina,NE.GDI.TOTL.ZS,2014,17.26
ARG,Argentina,NE.GDI.TOTL.ZS,2015,17.07
ARG,Argentina,NE.GDI.TOTL.ZS,2016,17.66
ARG,Argentina,NE.GDI.TOTL.ZS,2017,18.21
ARG,Argentina,NE.GDI.TOTL.ZS,2018,16.61
ARG,Argentina,NE.GDI.TOTL.ZS,2019,14.21
ARG,Argentina,NE.GDI.TOTL.ZS,2020,14.42
ARG,Argentina,NE.GDI.TOTL.ZS,2021,18.08
ARG,Argentina,NE.GDI.TOTL.ZS,2022,17.39
ARG,Argentina,NE.GDI.TOTL.ZS,2023,19.38
ARG,Argentina,NE.GDI.TOTL.ZS,2024,15.84
ARG,Argentina,NE.GDI.TOTL.ZS,2025,16.11
CHL,Chile,NE.GDI.TOTL.ZS,1960,13.74
CHL,Chile,NE.GDI.TOTL.ZS,1961,15.14
CHL,Chile,NE.GDI.TOTL.ZS,1962,12.44
CHL,Chile,NE.GDI.TOTL.ZS,1963,15.01
CHL,Chile,NE.GDI.TOTL.ZS,1964,14.39
CHL,Chile,NE.GDI.TOTL.ZS,1965,15.27
CHL,Chile,NE.GDI.TOTL.ZS,1966,16.62
CHL,Chile,NE.GDI.TOTL.ZS,1967,16.44
CHL,Chile,NE.GDI.TOTL.ZS,1968,16.73
CHL,Chile,NE.GDI.TOTL.ZS,1969,15.52
CHL,Chile,NE.GDI.TOTL.ZS,1970,16.91
CHL,Chile,NE.GDI.TOTL.ZS,1971,15.06
CHL,Chile,NE.GDI.TOTL.ZS,1972,12.57
CHL,Chile,NE.GDI.TOTL.ZS,1973,8.35
CHL,Chile,NE.GDI.TOTL.ZS,1974,21.65
CHL,Chile,NE.GDI.TOTL.ZS,1975,13.65
CHL,Chile,NE.GDI.TOTL.ZS,1976,13.33
CHL,Chile,NE.GDI.TOTL.ZS,1977,14.97
CHL,Chile,NE.GDI.TOTL.ZS,1978,18.48
CHL,Chile,NE.GDI.TOTL.ZS,1979,18.37
CHL,Chile,NE.GDI.TOTL.ZS,1980,21.69
CHL,Chile,NE.GDI.TOTL.ZS,1981,22.99
CHL,Chile,NE.GDI.TOTL.ZS,1982,11.61
CHL,Chile,NE.GDI.TOTL.ZS,1983,12.00
CHL,Chile,NE.GDI.TOTL.ZS,1984,19.02
CHL,Chile,NE.GDI.TOTL.ZS,1985,16.84
CHL,Chile,NE.GDI.TOTL.ZS,1986,18.57
CHL,Chile,NE.GDI.TOTL.ZS,1987,22.00
CHL,Chile,NE.GDI.TOTL.ZS,1988,23.03
CHL,Chile,NE.GDI.TOTL.ZS,1989,25.66
CHL,Chile,NE.GDI.TOTL.ZS,1990,25.72
CHL,Chile,NE.GDI.TOTL.ZS,1991,23.34
CHL,Chile,NE.GDI.TOTL.ZS,1992,24.86
CHL,Chile,NE.GDI.TOTL.ZS,1993,27.78
CHL,Chile,NE.GDI.TOTL.ZS,1994,25.53
CHL,Chile,NE.GDI.TOTL.ZS,1995,27.53
CHL,Chile,NE.GDI.TOTL.ZS,1996,29.88
CHL,Chile,NE.GDI.TOTL.ZS,1997,29.86
CHL,Chile,NE.GDI.TOTL.ZS,1998,28.62
CHL,Chile,NE.GDI.TOTL.ZS,1999,22.55
CHL,Chile,NE.GDI.TOTL.ZS,2000,23.75
CHL,Chile,NE.GDI.TOTL.ZS,2001,24.09
CHL,Chile,NE.GDI.TOTL.ZS,2002,24.11
CHL,Chile,NE.GDI.TOTL.ZS,2003,23.40
CHL,Chile,NE.GDI.TOTL.ZS,2004,21.24
CHL,Chile,NE.GDI.TOTL.ZS,2005,23.27
CHL,Chile,NE.GDI.TOTL.ZS,2006,22.19
CHL,Chile,NE.GDI.TOTL.ZS,2007,22.35
CHL,Chile,NE.GDI.TOTL.ZS,2008,28.90
CHL,Chile,NE.GDI.TOTL.ZS,2009,22.92
CHL,Chile,NE.GDI.TOTL.ZS,2010,24.78
CHL,Chile,NE.GDI.TOTL.ZS,2011,26.65
CHL,Chile,NE.GDI.TOTL.ZS,2012,28.79
CHL,Chile,NE.GDI.TOTL.ZS,2013,27.50
CHL,Chile,NE.GDI.TOTL.ZS,2014,25.16
CHL,Chile,NE.GDI.TOTL.ZS,2015,25.60
CHL,Chile,NE.GDI.TOTL.ZS,2016,23.71
CHL,Chile,NE.GDI.TOTL.ZS,2017,22.64
CHL,Chile,NE.GDI.TOTL.ZS,2018,24.20
CHL,Chile,NE.GDI.TOTL.ZS,2019,24.95
CHL,Chile,NE.GDI.TOTL.ZS,2020,21.08
CHL,Chile,NE.GDI.TOTL.ZS,2021,24.15
CHL,Chile,NE.GDI.TOTL.ZS,2022,25.77
CHL,Chile,NE.GDI.TOTL.ZS,2023,23.33
CHL,Chile,NE.GDI.TOTL.ZS,2024,23.12
CHL,Chile,NE.GDI.TOTL.ZS,2025,24.06
COL,Colômbia,NE.GDI.TOTL.ZS,1960,20.25
COL,Colômbia,NE.GDI.TOTL.ZS,1961,20.49
COL,Colômbia,NE.GDI.TOTL.ZS,1962,18.13
COL,Colômbia,NE.GDI.TOTL.ZS,1963,17.65
COL,Colômbia,NE.GDI.TOTL.ZS,1964,17.51
COL,Colômbia,NE.GDI.TOTL.ZS,1965,14.73
COL,Colômbia,NE.GDI.TOTL.ZS,1966,19.06
COL,Colômbia,NE.GDI.TOTL.ZS,1967,17.00
COL,Colômbia,NE.GDI.TOTL.ZS,1968,19.09
COL,Colômbia,NE.GDI.TOTL.ZS,1969,17.88
COL,Colômbia,NE.GDI.TOTL.ZS,1970,20.23
COL,Colômbia,NE.GDI.TOTL.ZS,1971,19.42
COL,Colômbia,NE.GDI.TOTL.ZS,1972,18.13
COL,Colômbia,NE.GDI.TOTL.ZS,1973,18.27
COL,Colômbia,NE.GDI.TOTL.ZS,1974,21.46
COL,Colômbia,NE.GDI.TOTL.ZS,1975,16.99
COL,Colômbia,NE.GDI.TOTL.ZS,1976,17.56
COL,Colômbia,NE.GDI.TOTL.ZS,1977,18.75
COL,Colômbia,NE.GDI.TOTL.ZS,1978,18.28
COL,Colômbia,NE.GDI.TOTL.ZS,1979,18.15
COL,Colômbia,NE.GDI.TOTL.ZS,1980,19.07
COL,Colômbia,NE.GDI.TOTL.ZS,1981,20.62
COL,Colômbia,NE.GDI.TOTL.ZS,1982,20.49
COL,Colômbia,NE.GDI.TOTL.ZS,1983,19.89
COL,Colômbia,NE.GDI.TOTL.ZS,1984,18.96
COL,Colômbia,NE.GDI.TOTL.ZS,1985,19.04
COL,Colômbia,NE.GDI.TOTL.ZS,1986,18.00
COL,Colômbia,NE.GDI.TOTL.ZS,1987,20.00
COL,Colômbia,NE.GDI.TOTL.ZS,1988,21.99
COL,Colômbia,NE.GDI.TOTL.ZS,1989,19.98
COL,Colômbia,NE.GDI.TOTL.ZS,1990,20.61
COL,Colômbia,NE.GDI.TOTL.ZS,1991,19.11
COL,Colômbia,NE.GDI.TOTL.ZS,1992,20.55
COL,Colômbia,NE.GDI.TOTL.ZS,1993,24.94
COL,Colômbia,NE.GDI.TOTL.ZS,1994,25.54
COL,Colômbia,NE.GDI.TOTL.ZS,1995,25.80
COL,Colômbia,NE.GDI.TOTL.ZS,1996,22.15
COL,Colômbia,NE.GDI.TOTL.ZS,1997,20.92
COL,Colômbia,NE.GDI.TOTL.ZS,1998,19.73
COL,Colômbia,NE.GDI.TOTL.ZS,1999,12.88
COL,Colômbia,NE.GDI.TOTL.ZS,2000,14.90
COL,Colômbia,NE.GDI.TOTL.ZS,2001,16.03
COL,Colômbia,NE.GDI.TOTL.ZS,2002,17.25
COL,Colômbia,NE.GDI.TOTL.ZS,2003,18.68
COL,Colômbia,NE.GDI.TOTL.ZS,2004,19.44
COL,Colômbia,NE.GDI.TOTL.ZS,2005,21.66
COL,Colômbia,NE.GDI.TOTL.ZS,2006,22.94
COL,Colômbia,NE.GDI.TOTL.ZS,2007,23.45
COL,Colômbia,NE.GDI.TOTL.ZS,2008,23.72
COL,Colômbia,NE.GDI.TOTL.ZS,2009,21.99
COL,Colômbia,NE.GDI.TOTL.ZS,2010,21.89
COL,Colômbia,NE.GDI.TOTL.ZS,2011,23.00
COL,Colômbia,NE.GDI.TOTL.ZS,2012,22.10
COL,Colômbia,NE.GDI.TOTL.ZS,2013,22.18
COL,Colômbia,NE.GDI.TOTL.ZS,2014,24.00
COL,Colômbia,NE.GDI.TOTL.ZS,2015,23.77
COL,Colômbia,NE.GDI.TOTL.ZS,2016,23.17
COL,Colômbia,NE.GDI.TOTL.ZS,2017,21.60
COL,Colômbia,NE.GDI.TOTL.ZS,2018,21.20
COL,Colômbia,NE.GDI.TOTL.ZS,2019,21.38
COL,Colômbia,NE.GDI.TOTL.ZS,2020,19.13
COL,Colômbia,NE.GDI.TOTL.ZS,2021,18.92
COL,Colômbia,NE.GDI.TOTL.ZS,2022,19.79
COL,Colômbia,NE.GDI.TOTL.ZS,2023,16.38
COL,Colômbia,NE.GDI.TOTL.ZS,2024,16.47
COL,Colômbia,NE.GDI.TOTL.ZS,2025,16.72
MEX,México,NE.GDI.TOTL.ZS,1960,18.37
MEX,México,NE.GDI.TOTL.ZS,1961,17.56
MEX,México,NE.GDI.TOTL.ZS,1962,16.45
MEX,México,NE.GDI.TOTL.ZS,1963,18.37
MEX,México,NE.GDI.TOTL.ZS,1964,18.86
MEX,México,NE.GDI.TOTL.ZS,1965,20.26
MEX,México,NE.GDI.TOTL.ZS,1966,19.46
MEX,México,NE.GDI.TOTL.ZS,1967,20.16
MEX,México,NE.GDI.TOTL.ZS,1968,19.39
MEX,México,NE.GDI.TOTL.ZS,1969,19.66
MEX,México,NE.GDI.TOTL.ZS,1970,22.74
MEX,México,NE.GDI.TOTL.ZS,1971,20.24
MEX,México,NE.GDI.TOTL.ZS,1972,20.31
MEX,México,NE.GDI.TOTL.ZS,1973,21.38
MEX,México,NE.GDI.TOTL.ZS,1974,23.17
MEX,México,NE.GDI.TOTL.ZS,1975,23.69
MEX,México,NE.GDI.TOTL.ZS,1976,22.29
MEX,México,NE.GDI.TOTL.ZS,1977,22.85
MEX,México,NE.GDI.TOTL.ZS,1978,23.61
MEX,México,NE.GDI.TOTL.ZS,1979,25.95
MEX,México,NE.GDI.TOTL.ZS,1980,25.73
MEX,México,NE.GDI.TOTL.ZS,1981,25.94
MEX,México,NE.GDI.TOTL.ZS,1982,21.56
MEX,México,NE.GDI.TOTL.ZS,1983,19.78
MEX,México,NE.GDI.TOTL.ZS,1984,18.93
MEX,México,NE.GDI.TOTL.ZS,1985,20.01
MEX,México,NE.GDI.TOTL.ZS,1986,17.83
MEX,México,NE.GDI.TOTL.ZS,1987,18.31
MEX,México,NE.GDI.TOTL.ZS,1988,22.75
MEX,México,NE.GDI.TOTL.ZS,1989,23.11
MEX,México,NE.GDI.TOTL.ZS,1990,23.27
MEX,México,NE.GDI.TOTL.ZS,1991,23.43
MEX,México,NE.GDI.TOTL.ZS,1992,23.32
MEX,México,NE.GDI.TOTL.ZS,1993,22.62
MEX,México,NE.GDI.TOTL.ZS,1994,24.34
MEX,México,NE.GDI.TOTL.ZS,1995,19.31
MEX,México,NE.GDI.TOTL.ZS,1996,19.74
MEX,México,NE.GDI.TOTL.ZS,1997,21.15
MEX,México,NE.GDI.TOTL.ZS,1998,22.80
MEX,México,NE.GDI.TOTL.ZS,1999,22.24
MEX,México,NE.GDI.TOTL.ZS,2000,22.26
MEX,México,NE.GDI.TOTL.ZS,2001,20.27
MEX,México,NE.GDI.TOTL.ZS,2002,20.41
MEX,México,NE.GDI.TOTL.ZS,2003,20.88
MEX,México,NE.GDI.TOTL.ZS,2004,22.05
MEX,México,NE.GDI.TOTL.ZS,2005,21.52
MEX,México,NE.GDI.TOTL.ZS,2006,22.56
MEX,México,NE.GDI.TOTL.ZS,2007,23.07
MEX,México,NE.GDI.TOTL.ZS,2008,24.12
MEX,México,NE.GDI.TOTL.ZS,2009,23.26
MEX,México,NE.GDI.TOTL.ZS,2010,23.33
MEX,México,NE.GDI.TOTL.ZS,2011,24.25
MEX,México,NE.GDI.TOTL.ZS,2012,24.38
MEX,México,NE.GDI.TOTL.ZS,2013,22.68
MEX,México,NE.GDI.TOTL.ZS,2014,22.29
MEX,México,NE.GDI.TOTL.ZS,2015,23.74
MEX,México,NE.GDI.TOTL.ZS,2016,24.34
MEX,México,NE.GDI.TOTL.ZS,2017,23.89
MEX,México,NE.GDI.TOTL.ZS,2018,23.48
MEX,México,NE.GDI.TOTL.ZS,2019,22.15
MEX,México,NE.GDI.TOTL.ZS,2020,20.24
MEX,México,NE.GDI.TOTL.ZS,2021,21.71
MEX,México,NE.GDI.TOTL.ZS,2022,22.77
MEX,México,NE.GDI.TOTL.ZS,2023,23.31
MEX,México,NE.GDI.TOTL.ZS,2024,23.90
MEX,México,NE.GDI.TOTL.ZS,2025,22.61
PER,Peru,NE.GDI.TOTL.ZS,1960,46.24
PER,Peru,NE.GDI.TOTL.ZS,1961,45.25
PER,Peru,NE.GDI.TOTL.ZS,1962,45.24
PER,Peru,NE.GDI.TOTL.ZS,1963,40.83
PER,Peru,NE.GDI.TOTL.ZS,1964,38.26
PER,Peru,NE.GDI.TOTL.ZS,1965,38.04
PER,Peru,NE.GDI.TOTL.ZS,1966,39.78
PER,Peru,NE.GDI.TOTL.ZS,1967,38.84
PER,Peru,NE.GDI.TOTL.ZS,1968,28.74
PER,Peru,NE.GDI.TOTL.ZS,1969,27.78
PER,Peru,NE.GDI.TOTL.ZS,1970,17.13
PER,Peru,NE.GDI.TOTL.ZS,1971,19.78
PER,Peru,NE.GDI.TOTL.ZS,1972,16.79
PER,Peru,NE.GDI.TOTL.ZS,1973,22.49
PER,Peru,NE.GDI.TOTL.ZS,1974,28.58
PER,Peru,NE.GDI.TOTL.ZS,1975,27.27
PER,Peru,NE.GDI.TOTL.ZS,1976,24.24
PER,Peru,NE.GDI.TOTL.ZS,1977,21.24
PER,Peru,NE.GDI.TOTL.ZS,1978,21.42
PER,Peru,NE.GDI.TOTL.ZS,1979,23.97
PER,Peru,NE.GDI.TOTL.ZS,1980,30.34
PER,Peru,NE.GDI.TOTL.ZS,1981,34.77
PER,Peru,NE.GDI.TOTL.ZS,1982,35.10
PER,Peru,NE.GDI.TOTL.ZS,1983,26.53
PER,Peru,NE.GDI.TOTL.ZS,1984,23.44
PER,Peru,NE.GDI.TOTL.ZS,1985,20.92
PER,Peru,NE.GDI.TOTL.ZS,1986,22.42
PER,Peru,NE.GDI.TOTL.ZS,1987,22.50
PER,Peru,NE.GDI.TOTL.ZS,1988,26.43
PER,Peru,NE.GDI.TOTL.ZS,1989,23.17
PER,Peru,NE.GDI.TOTL.ZS,1990,16.16
PER,Peru,NE.GDI.TOTL.ZS,1991,17.40
PER,Peru,NE.GDI.TOTL.ZS,1992,17.78
PER,Peru,NE.GDI.TOTL.ZS,1993,19.07
PER,Peru,NE.GDI.TOTL.ZS,1994,22.25
PER,Peru,NE.GDI.TOTL.ZS,1995,24.74
PER,Peru,NE.GDI.TOTL.ZS,1996,22.59
PER,Peru,NE.GDI.TOTL.ZS,1997,23.79
PER,Peru,NE.GDI.TOTL.ZS,1998,23.20
PER,Peru,NE.GDI.TOTL.ZS,1999,20.66
PER,Peru,NE.GDI.TOTL.ZS,2000,19.63
PER,Peru,NE.GDI.TOTL.ZS,2001,18.16
PER,Peru,NE.GDI.TOTL.ZS,2002,17.97
PER,Peru,NE.GDI.TOTL.ZS,2003,17.51
PER,Peru,NE.GDI.TOTL.ZS,2004,16.86
PER,Peru,NE.GDI.TOTL.ZS,2005,17.28
PER,Peru,NE.GDI.TOTL.ZS,2006,19.65
PER,Peru,NE.GDI.TOTL.ZS,2007,22.03
PER,Peru,NE.GDI.TOTL.ZS,2008,26.18
PER,Peru,NE.GDI.TOTL.ZS,2009,19.98
PER,Peru,NE.GDI.TOTL.ZS,2010,23.76
PER,Peru,NE.GDI.TOTL.ZS,2011,24.20
PER,Peru,NE.GDI.TOTL.ZS,2012,24.61
PER,Peru,NE.GDI.TOTL.ZS,2013,25.57
PER,Peru,NE.GDI.TOTL.ZS,2014,24.67
PER,Peru,NE.GDI.TOTL.ZS,2015,24.31
PER,Peru,NE.GDI.TOTL.ZS,2016,22.02
PER,Peru,NE.GDI.TOTL.ZS,2017,20.71
PER,Peru,NE.GDI.TOTL.ZS,2018,21.31
PER,Peru,NE.GDI.TOTL.ZS,2019,20.83
PER,Peru,NE.GDI.TOTL.ZS,2020,18.19
PER,Peru,NE.GDI.TOTL.ZS,2021,22.31
PER,Peru,NE.GDI.TOTL.ZS,2022,22.36
PER,Peru,NE.GDI.TOTL.ZS,2023,19.57
PER,Peru,NE.GDI.TOTL.ZS,2024,19.73
PER,Peru,NE.GDI.TOTL.ZS,2025,20.34
USA,Estados Unidos,NE.GDI.TOTL.ZS,1970,21.41
USA,Estados Unidos,NE.GDI.TOTL.ZS,1971,21.92
USA,Estados Unidos,NE.GDI.TOTL.ZS,1972,22.58
USA,Estados Unidos,NE.GDI.TOTL.ZS,1973,23.33
USA,Estados Unidos,NE.GDI.TOTL.ZS,1974,22.69
USA,Estados Unidos,NE.GDI.TOTL.ZS,1975,20.28
USA,Estados Unidos,NE.GDI.TOTL.ZS,1976,22.04
USA,Estados Unidos,NE.GDI.TOTL.ZS,1977,23.53
USA,Estados Unidos,NE.GDI.TOTL.ZS,1978,24.83
USA,Estados Unidos,NE.GDI.TOTL.ZS,1979,25.11
USA,Estados Unidos,NE.GDI.TOTL.ZS,1980,23.31
USA,Estados Unidos,NE.GDI.TOTL.ZS,1981,24.28
USA,Estados Unidos,NE.GDI.TOTL.ZS,1982,22.07
USA,Estados Unidos,NE.GDI.TOTL.ZS,1983,22.25
USA,Estados Unidos,NE.GDI.TOTL.ZS,1984,25.10
USA,Estados Unidos,NE.GDI.TOTL.ZS,1985,24.19
USA,Estados Unidos,NE.GDI.TOTL.ZS,1986,23.74
USA,Estados Unidos,NE.GDI.TOTL.ZS,1987,23.62
USA,Estados Unidos,NE.GDI.TOTL.ZS,1988,22.83
USA,Estados Unidos,NE.GDI.TOTL.ZS,1989,22.51
USA,Estados Unidos,NE.GDI.TOTL.ZS,1990,21.53
USA,Estados Unidos,NE.GDI.TOTL.ZS,1991,20.11
USA,Estados Unidos,NE.GDI.TOTL.ZS,1992,20.08
USA,Estados Unidos,NE.GDI.TOTL.ZS,1993,20.39
USA,Estados Unidos,NE.GDI.TOTL.ZS,1994,21.28
USA,Estados Unidos,NE.GDI.TOTL.ZS,1995,21.27
USA,Estados Unidos,NE.GDI.TOTL.ZS,1996,21.70
USA,Estados Unidos,NE.GDI.TOTL.ZS,1997,22.41
USA,Estados Unidos,NE.GDI.TOTL.ZS,1998,22.96
USA,Estados Unidos,NE.GDI.TOTL.ZS,1999,23.42
USA,Estados Unidos,NE.GDI.TOTL.ZS,2000,23.68
USA,Estados Unidos,NE.GDI.TOTL.ZS,2001,22.18
USA,Estados Unidos,NE.GDI.TOTL.ZS,2002,21.72
USA,Estados Unidos,NE.GDI.TOTL.ZS,2003,21.75
USA,Estados Unidos,NE.GDI.TOTL.ZS,2004,22.65
USA,Estados Unidos,NE.GDI.TOTL.ZS,2005,23.38
USA,Estados Unidos,NE.GDI.TOTL.ZS,2006,23.54
USA,Estados Unidos,NE.GDI.TOTL.ZS,2007,22.56
USA,Estados Unidos,NE.GDI.TOTL.ZS,2008,21.04
USA,Estados Unidos,NE.GDI.TOTL.ZS,2009,17.77
USA,Estados Unidos,NE.GDI.TOTL.ZS,2010,18.67
USA,Estados Unidos,NE.GDI.TOTL.ZS,2011,19.03
USA,Estados Unidos,NE.GDI.TOTL.ZS,2012,19.95
USA,Estados Unidos,NE.GDI.TOTL.ZS,2013,20.38
USA,Estados Unidos,NE.GDI.TOTL.ZS,2014,20.90
USA,Estados Unidos,NE.GDI.TOTL.ZS,2015,21.42
USA,Estados Unidos,NE.GDI.TOTL.ZS,2016,20.89
USA,Estados Unidos,NE.GDI.TOTL.ZS,2017,21.16
USA,Estados Unidos,NE.GDI.TOTL.ZS,2018,21.57
USA,Estados Unidos,NE.GDI.TOTL.ZS,2019,21.67
USA,Estados Unidos,NE.GDI.TOTL.ZS,2020,21.44
USA,Estados Unidos,NE.GDI.TOTL.ZS,2021,21.41
USA,Estados Unidos,NE.GDI.TOTL.ZS,2022,22.03
USA,Estados Unidos,NE.GDI.TOTL.ZS,2023,21.57
USA,Estados Unidos,NE.GDI.TOTL.ZS,2024,21.53
CHN,China,NE.GDI.TOTL.ZS,1960,39.50
CHN,China,NE.GDI.TOTL.ZS,1961,22.76
CHN,China,NE.GDI.TOTL.ZS,1962,15.70
CHN,China,NE.GDI.TOTL.ZS,1963,21.72
CHN,China,NE.GDI.TOTL.ZS,1964,24.30
CHN,China,NE.GDI.TOTL.ZS,1965,27.05
CHN,China,NE.GDI.TOTL.ZS,1966,30.40
CHN,China,NE.GDI.TOTL.ZS,1967,23.82
CHN,China,NE.GDI.TOTL.ZS,1968,24.89
CHN,China,NE.GDI.TOTL.ZS,1969,24.96
CHN,China,NE.GDI.TOTL.ZS,1970,32.82
CHN,China,NE.GDI.TOTL.ZS,1971,33.58
CHN,China,NE.GDI.TOTL.ZS,1972,31.20
CHN,China,NE.GDI.TOTL.ZS,1973,32.90
CHN,China,NE.GDI.TOTL.ZS,1974,33.15
CHN,China,NE.GDI.TOTL.ZS,1975,34.98
CHN,China,NE.GDI.TOTL.ZS,1976,33.16
CHN,China,NE.GDI.TOTL.ZS,1977,33.82
CHN,China,NE.GDI.TOTL.ZS,1978,37.54
CHN,China,NE.GDI.TOTL.ZS,1979,36.24
CHN,China,NE.GDI.TOTL.ZS,1980,34.54
CHN,China,NE.GDI.TOTL.ZS,1981,32.89
CHN,China,NE.GDI.TOTL.ZS,1982,31.92
CHN,China,NE.GDI.TOTL.ZS,1983,31.86
CHN,China,NE.GDI.TOTL.ZS,1984,34.31
CHN,China,NE.GDI.TOTL.ZS,1985,38.99
CHN,China,NE.GDI.TOTL.ZS,1986,37.66
CHN,China,NE.GDI.TOTL.ZS,1987,37.26
CHN,China,NE.GDI.TOTL.ZS,1988,39.01
CHN,China,NE.GDI.TOTL.ZS,1989,37.14
CHN,China,NE.GDI.TOTL.ZS,1990,34.09
CHN,China,NE.GDI.TOTL.ZS,1991,35.54
CHN,China,NE.GDI.TOTL.ZS,1992,39.31
CHN,China,NE.GDI.TOTL.ZS,1993,43.48
CHN,China,NE.GDI.TOTL.ZS,1994,40.28
CHN,China,NE.GDI.TOTL.ZS,1995,39.09
CHN,China,NE.GDI.TOTL.ZS,1996,37.78
CHN,China,NE.GDI.TOTL.ZS,1997,35.74
CHN,China,NE.GDI.TOTL.ZS,1998,34.99
CHN,China,NE.GDI.TOTL.ZS,1999,34.23
CHN,China,NE.GDI.TOTL.ZS,2000,33.63
CHN,China,NE.GDI.TOTL.ZS,2001,35.52
CHN,China,NE.GDI.TOTL.ZS,2002,36.07
CHN,China,NE.GDI.TOTL.ZS,2003,39.43
CHN,China,NE.GDI.TOTL.ZS,2004,41.63
CHN,China,NE.GDI.TOTL.ZS,2005,40.18
CHN,China,NE.GDI.TOTL.ZS,2006,39.69
CHN,China,NE.GDI.TOTL.ZS,2007,40.22
CHN,China,NE.GDI.TOTL.ZS,2008,41.96
CHN,China,NE.GDI.TOTL.ZS,2009,44.93
CHN,China,NE.GDI.TOTL.ZS,2010,46.10
CHN,China,NE.GDI.TOTL.ZS,2011,46.27
CHN,China,NE.GDI.TOTL.ZS,2012,45.82
CHN,China,NE.GDI.TOTL.ZS,2013,45.92
CHN,China,NE.GDI.TOTL.ZS,2014,45.31
CHN,China,NE.GDI.TOTL.ZS,2015,42.73
CHN,China,NE.GDI.TOTL.ZS,2016,42.14
CHN,China,NE.GDI.TOTL.ZS,2017,42.55
CHN,China,NE.GDI.TOTL.ZS,2018,43.31
CHN,China,NE.GDI.TOTL.ZS,2019,42.67
CHN,China,NE.GDI.TOTL.ZS,2020,42.57
CHN,China,NE.GDI.TOTL.ZS,2021,42.68
CHN,China,NE.GDI.TOTL.ZS,2022,42.36
CHN,China,NE.GDI.TOTL.ZS,2023,41.13
CHN,China,NE.GDI.TOTL.ZS,2024,40.48
IND,Índia,NE.GDI.TOTL.ZS,1960,17.93
IND,Índia,NE.GDI.TOTL.ZS,1961,19.26
IND,Índia,NE.GDI.TOTL.ZS,1962,18.11
IND,Índia,NE.GDI.TOTL.ZS,1963,19.00
IND,Índia,NE.GDI.TOTL.ZS,1964,19.53
IND,Índia,NE.GDI.TOTL.ZS,1965,20.06
IND,Índia,NE.GDI.TOTL.ZS,1966,18.36
IND,Índia,NE.GDI.TOTL.ZS,1967,18.20
IND,Índia,NE.GDI.TOTL.ZS,1968,17.74
IND,Índia,NE.GDI.TOTL.ZS,1969,17.64
IND,Índia,NE.GDI.TOTL.ZS,1970,18.21
IND,Índia,NE.GDI.TOTL.ZS,1971,19.20
IND,Índia,NE.GDI.TOTL.ZS,1972,19.55
IND,Índia,NE.GDI.TOTL.ZS,1973,18.70
IND,Índia,NE.GDI.TOTL.ZS,1974,22.51
IND,Índia,NE.GDI.TOTL.ZS,1975,19.55
IND,Índia,NE.GDI.TOTL.ZS,1976,19.42
IND,Índia,NE.GDI.TOTL.ZS,1977,21.10
IND,Índia,NE.GDI.TOTL.ZS,1978,22.65
IND,Índia,NE.GDI.TOTL.ZS,1979,23.60
IND,Índia,NE.GDI.TOTL.ZS,1980,19.56
IND,Índia,NE.GDI.TOTL.ZS,1981,25.56
IND,Índia,NE.GDI.TOTL.ZS,1982,25.13
IND,Índia,NE.GDI.TOTL.ZS,1983,21.04
IND,Índia,NE.GDI.TOTL.ZS,1984,23.29
IND,Índia,NE.GDI.TOTL.ZS,1985,26.45
IND,Índia,NE.GDI.TOTL.ZS,1986,26.07
IND,Índia,NE.GDI.TOTL.ZS,1987,25.83
IND,Índia,NE.GDI.TOTL.ZS,1988,26.28
IND,Índia,NE.GDI.TOTL.ZS,1989,26.86
IND,Índia,NE.GDI.TOTL.ZS,1990,27.34
IND,Índia,NE.GDI.TOTL.ZS,1991,25.14
IND,Índia,NE.GDI.TOTL.ZS,1992,27.44
IND,Índia,NE.GDI.TOTL.ZS,1993,22.72
IND,Índia,NE.GDI.TOTL.ZS,1994,26.31
IND,Índia,NE.GDI.TOTL.ZS,1995,29.15
IND,Índia,NE.GDI.TOTL.ZS,1996,22.76
IND,Índia,NE.GDI.TOTL.ZS,1997,25.69
IND,Índia,NE.GDI.TOTL.ZS,1998,24.98
IND,Índia,NE.GDI.TOTL.ZS,1999,30.96
IND,Índia,NE.GDI.TOTL.ZS,2000,25.68
IND,Índia,NE.GDI.TOTL.ZS,2001,29.91
IND,Índia,NE.GDI.TOTL.ZS,2002,30.25
IND,Índia,NE.GDI.TOTL.ZS,2003,30.84
IND,Índia,NE.GDI.TOTL.ZS,2004,35.10
IND,Índia,NE.GDI.TOTL.ZS,2005,37.43
IND,Índia,NE.GDI.TOTL.ZS,2006,39.00
IND,Índia,NE.GDI.TOTL.ZS,2007,41.95
IND,Índia,NE.GDI.TOTL.ZS,2008,38.42
IND,Índia,NE.GDI.TOTL.ZS,2009,39.26
IND,Índia,NE.GDI.TOTL.ZS,2010,39.79
IND,Índia,NE.GDI.TOTL.ZS,2011,39.59
IND,Índia,NE.GDI.TOTL.ZS,2012,38.35
IND,Índia,NE.GDI.TOTL.ZS,2013,34.02
IND,Índia,NE.GDI.TOTL.ZS,2014,34.27
IND,Índia,NE.GDI.TOTL.ZS,2015,32.12
IND,Índia,NE.GDI.TOTL.ZS,2016,30.17
IND,Índia,NE.GDI.TOTL.ZS,2017,30.98
IND,Índia,NE.GDI.TOTL.ZS,2018,32.34
IND,Índia,NE.GDI.TOTL.ZS,2019,30.10
IND,Índia,NE.GDI.TOTL.ZS,2020,28.92
IND,Índia,NE.GDI.TOTL.ZS,2021,32.12
IND,Índia,NE.GDI.TOTL.ZS,2022,34.41
IND,Índia,NE.GDI.TOTL.ZS,2023,34.50
IND,Índia,NE.GDI.TOTL.ZS,2024,34.35
IND,Índia,NE.GDI.TOTL.ZS,2025,34.60
KOR,Coreia do Sul,NE.GDI.TOTL.ZS,1960,10.61
KOR,Coreia do Sul,NE.GDI.TOTL.ZS,1961,12.88
KOR,Coreia do Sul,NE.GDI.TOTL.ZS,1962,14.29
KOR,Coreia do Sul,NE.GDI.TOTL.ZS,1963,19.02
KOR,Coreia do Sul,NE.GDI.TOTL.ZS,1964,15.70
KOR,Coreia do Sul,NE.GDI.TOTL.ZS,1965,14.93
KOR,Coreia do Sul,NE.GDI.TOTL.ZS,1966,21.82
KOR,Coreia do Sul,NE.GDI.TOTL.ZS,1967,22.23
KOR,Coreia do Sul,NE.GDI.TOTL.ZS,1968,27.21
KOR,Coreia do Sul,NE.GDI.TOTL.ZS,1969,29.99
KOR,Coreia do Sul,NE.GDI.TOTL.ZS,1970,26.39
KOR,Coreia do Sul,NE.GDI.TOTL.ZS,1971,25.19
KOR,Coreia do Sul,NE.GDI.TOTL.ZS,1972,21.85
KOR,Coreia do Sul,NE.GDI.TOTL.ZS,1973,26.46
KOR,Coreia do Sul,NE.GDI.TOTL.ZS,1974,32.95
KOR,Coreia do Sul,NE.GDI.TOTL.ZS,1975,28.85
KOR,Coreia do Sul,NE.GDI.TOTL.ZS,1976,27.94
KOR,Coreia do Sul,NE.GDI.TOTL.ZS,1977,30.30
KOR,Coreia do Sul,NE.GDI.TOTL.ZS,1978,34.83
KOR,Coreia do Sul,NE.GDI.TOTL.ZS,1979,37.66
KOR,Coreia do Sul,NE.GDI.TOTL.ZS,1980,34.51
KOR,Coreia do Sul,NE.GDI.TOTL.ZS,1981,32.95
KOR,Coreia do Sul,NE.GDI.TOTL.ZS,1982,32.80
KOR,Coreia do Sul,NE.GDI.TOTL.ZS,1983,33.31
KOR,Coreia do Sul,NE.GDI.TOTL.ZS,1984,33.20
KOR,Coreia do Sul,NE.GDI.TOTL.ZS,1985,33.20
KOR,Coreia do Sul,NE.GDI.TOTL.ZS,1986,33.57
KOR,Coreia do Sul,NE.GDI.TOTL.ZS,1987,33.56
KOR,Coreia do Sul,NE.GDI.TOTL.ZS,1988,35.70
KOR,Coreia do Sul,NE.GDI.TOTL.ZS,1989,37.43
KOR,Coreia do Sul,NE.GDI.TOTL.ZS,1990,40.15
KOR,Coreia do Sul,NE.GDI.TOTL.ZS,1991,41.67
KOR,Coreia do Sul,NE.GDI.TOTL.ZS,1992,39.11
KOR,Coreia do Sul,NE.GDI.TOTL.ZS,1993,38.08
KOR,Coreia do Sul,NE.GDI.TOTL.ZS,1994,38.91
KOR,Coreia do Sul,NE.GDI.TOTL.ZS,1995,39.34
KOR,Coreia do Sul,NE.GDI.TOTL.ZS,1996,39.71
KOR,Coreia do Sul,NE.GDI.TOTL.ZS,1997,37.38
KOR,Coreia do Sul,NE.GDI.TOTL.ZS,1998,28.13
KOR,Coreia do Sul,NE.GDI.TOTL.ZS,1999,31.25
KOR,Coreia do Sul,NE.GDI.TOTL.ZS,2000,33.02
KOR,Coreia do Sul,NE.GDI.TOTL.ZS,2001,31.87
KOR,Coreia do Sul,NE.GDI.TOTL.ZS,2002,31.31
KOR,Coreia do Sul,NE.GDI.TOTL.ZS,2003,32.40
KOR,Coreia do Sul,NE.GDI.TOTL.ZS,2004,32.68
KOR,Coreia do Sul,NE.GDI.TOTL.ZS,2005,32.71
KOR,Coreia do Sul,NE.GDI.TOTL.ZS,2006,33.00
KOR,Coreia do Sul,NE.GDI.TOTL.ZS,2007,33.25
KOR,Coreia do Sul,NE.GDI.TOTL.ZS,2008,33.70
KOR,Coreia do Sul,NE.GDI.TOTL.ZS,2009,29.56
KOR,Coreia do Sul,NE.GDI.TOTL.ZS,2010,32.78
KOR,Coreia do Sul,NE.GDI.TOTL.ZS,2011,33.26
KOR,Coreia do Sul,NE.GDI.TOTL.ZS,2012,31.21
KOR,Coreia do Sul,NE.GDI.TOTL.ZS,2013,29.90
KOR,Coreia do Sul,NE.GDI.TOTL.ZS,2014,29.79
KOR,Coreia do Sul,NE.GDI.TOTL.ZS,2015,29.31
KOR,Coreia do Sul,NE.GDI.TOTL.ZS,2016,29.98
KOR,Coreia do Sul,NE.GDI.TOTL.ZS,2017,31.97
KOR,Coreia do Sul,NE.GDI.TOTL.ZS,2018,31.25
KOR,Coreia do Sul,NE.GDI.TOTL.ZS,2019,31.20
KOR,Coreia do Sul,NE.GDI.TOTL.ZS,2020,31.52
KOR,Coreia do Sul,NE.GDI.TOTL.ZS,2021,32.49
KOR,Coreia do Sul,NE.GDI.TOTL.ZS,2022,33.33
KOR,Coreia do Sul,NE.GDI.TOTL.ZS,2023,31.89
KOR,Coreia do Sul,NE.GDI.TOTL.ZS,2024,29.97
KOR,Coreia do Sul,NE.GDI.TOTL.ZS,2025,29.13
ZAF,África do Sul,NE.GDI.TOTL.ZS,1960,19.33
ZAF,África do Sul,NE.GDI.TOTL.ZS,1961,18.47
ZAF,África do Sul,NE.GDI.TOTL.ZS,1962,17.52
ZAF,África do Sul,NE.GDI.TOTL.ZS,1963,21.23
ZAF,África do Sul,NE.GDI.TOTL.ZS,1964,22.38
ZAF,África do Sul,NE.GDI.TOTL.ZS,1965,24.15
ZAF,África do Sul,NE.GDI.TOTL.ZS,1966,22.02
ZAF,África do Sul,NE.GDI.TOTL.ZS,1967,24.35
ZAF,África do Sul,NE.GDI.TOTL.ZS,1968,22.54
ZAF,África do Sul,NE.GDI.TOTL.ZS,1969,23.32
ZAF,África do Sul,NE.GDI.TOTL.ZS,1970,25.28
ZAF,África do Sul,NE.GDI.TOTL.ZS,1971,27.41
ZAF,África do Sul,NE.GDI.TOTL.ZS,1972,23.65
ZAF,África do Sul,NE.GDI.TOTL.ZS,1973,24.00
ZAF,África do Sul,NE.GDI.TOTL.ZS,1974,27.23
ZAF,África do Sul,NE.GDI.TOTL.ZS,1975,29.35
ZAF,África do Sul,NE.GDI.TOTL.ZS,1976,27.67
ZAF,África do Sul,NE.GDI.TOTL.ZS,1977,27.30
ZAF,África do Sul,NE.GDI.TOTL.ZS,1978,24.73
ZAF,África do Sul,NE.GDI.TOTL.ZS,1979,25.61
ZAF,África do Sul,NE.GDI.TOTL.ZS,1980,29.68
ZAF,África do Sul,NE.GDI.TOTL.ZS,1981,31.90
ZAF,África do Sul,NE.GDI.TOTL.ZS,1982,24.82
ZAF,África do Sul,NE.GDI.TOTL.ZS,1983,25.26
ZAF,África do Sul,NE.GDI.TOTL.ZS,1984,23.80
ZAF,África do Sul,NE.GDI.TOTL.ZS,1985,20.72
ZAF,África do Sul,NE.GDI.TOTL.ZS,1986,19.80
ZAF,África do Sul,NE.GDI.TOTL.ZS,1987,16.72
ZAF,África do Sul,NE.GDI.TOTL.ZS,1988,19.86
ZAF,África do Sul,NE.GDI.TOTL.ZS,1989,21.31
ZAF,África do Sul,NE.GDI.TOTL.ZS,1990,18.23
ZAF,África do Sul,NE.GDI.TOTL.ZS,1991,17.84
ZAF,África do Sul,NE.GDI.TOTL.ZS,1992,15.71
ZAF,África do Sul,NE.GDI.TOTL.ZS,1993,14.16
ZAF,África do Sul,NE.GDI.TOTL.ZS,1994,16.47
ZAF,África do Sul,NE.GDI.TOTL.ZS,1995,17.70
ZAF,África do Sul,NE.GDI.TOTL.ZS,1996,16.57
ZAF,África do Sul,NE.GDI.TOTL.ZS,1997,16.29
ZAF,África do Sul,NE.GDI.TOTL.ZS,1998,16.43
ZAF,África do Sul,NE.GDI.TOTL.ZS,1999,15.66
ZAF,África do Sul,NE.GDI.TOTL.ZS,2000,15.06
ZAF,África do Sul,NE.GDI.TOTL.ZS,2001,14.57
ZAF,África do Sul,NE.GDI.TOTL.ZS,2002,15.04
ZAF,África do Sul,NE.GDI.TOTL.ZS,2003,15.66
ZAF,África do Sul,NE.GDI.TOTL.ZS,2004,16.96
ZAF,África do Sul,NE.GDI.TOTL.ZS,2005,16.83
ZAF,África do Sul,NE.GDI.TOTL.ZS,2006,18.49
ZAF,África do Sul,NE.GDI.TOTL.ZS,2007,19.33
ZAF,África do Sul,NE.GDI.TOTL.ZS,2008,21.29
ZAF,África do Sul,NE.GDI.TOTL.ZS,2009,18.77
ZAF,África do Sul,NE.GDI.TOTL.ZS,2010,17.60
ZAF,África do Sul,NE.GDI.TOTL.ZS,2011,18.85
ZAF,África do Sul,NE.GDI.TOTL.ZS,2012,18.58
ZAF,África do Sul,NE.GDI.TOTL.ZS,2013,19.17
ZAF,África do Sul,NE.GDI.TOTL.ZS,2014,18.49
ZAF,África do Sul,NE.GDI.TOTL.ZS,2015,18.63
ZAF,África do Sul,NE.GDI.TOTL.ZS,2016,16.96
ZAF,África do Sul,NE.GDI.TOTL.ZS,2017,16.61
ZAF,África do Sul,NE.GDI.TOTL.ZS,2018,16.17
ZAF,África do Sul,NE.GDI.TOTL.ZS,2019,15.82
ZAF,África do Sul,NE.GDI.TOTL.ZS,2020,12.35
ZAF,África do Sul,NE.GDI.TOTL.ZS,2021,12.84
ZAF,África do Sul,NE.GDI.TOTL.ZS,2022,15.67
ZAF,África do Sul,NE.GDI.TOTL.ZS,2023,15.39
ZAF,África do Sul,NE.GDI.TOTL.ZS,2024,14.07
ZAF,África do Sul,NE.GDI.TOTL.ZS,2025,13.87
RUS,Rússia,NE.GDI.TOTL.ZS,1988,27.27
RUS,Rússia,NE.GDI.TOTL.ZS,1989,33.84
RUS,Rússia,NE.GDI.TOTL.ZS,1990,30.13
RUS,Rússia,NE.GDI.TOTL.ZS,1991,36.27
RUS,Rússia,NE.GDI.TOTL.ZS,1992,34.61
RUS,Rússia,NE.GDI.TOTL.ZS,1993,27.01
RUS,Rússia,NE.GDI.TOTL.ZS,1994,25.54
RUS,Rússia,NE.GDI.TOTL.ZS,1995,25.44
RUS,Rússia,NE.GDI.TOTL.ZS,1996,23.67
RUS,Rússia,NE.GDI.TOTL.ZS,1997,21.98
RUS,Rússia,NE.GDI.TOTL.ZS,1998,14.96
RUS,Rússia,NE.GDI.TOTL.ZS,1999,14.83
RUS,Rússia,NE.GDI.TOTL.ZS,2000,18.69
RUS,Rússia,NE.GDI.TOTL.ZS,2001,21.95
RUS,Rússia,NE.GDI.TOTL.ZS,2002,20.03
RUS,Rússia,NE.GDI.TOTL.ZS,2003,20.86
RUS,Rússia,NE.GDI.TOTL.ZS,2004,20.90
RUS,Rússia,NE.GDI.TOTL.ZS,2005,20.08
RUS,Rússia,NE.GDI.TOTL.ZS,2006,21.17
RUS,Rússia,NE.GDI.TOTL.ZS,2007,24.16
RUS,Rússia,NE.GDI.TOTL.ZS,2008,25.50
RUS,Rússia,NE.GDI.TOTL.ZS,2009,18.93
RUS,Rússia,NE.GDI.TOTL.ZS,2010,22.62
RUS,Rússia,NE.GDI.TOTL.ZS,2011,24.26
RUS,Rússia,NE.GDI.TOTL.ZS,2012,24.55
RUS,Rússia,NE.GDI.TOTL.ZS,2013,23.27
RUS,Rússia,NE.GDI.TOTL.ZS,2014,22.39
RUS,Rússia,NE.GDI.TOTL.ZS,2015,22.15
RUS,Rússia,NE.GDI.TOTL.ZS,2016,23.10
RUS,Rússia,NE.GDI.TOTL.ZS,2017,23.61
RUS,Rússia,NE.GDI.TOTL.ZS,2018,21.92
RUS,Rússia,NE.GDI.TOTL.ZS,2019,22.66
RUS,Rússia,NE.GDI.TOTL.ZS,2020,23.46
RUS,Rússia,NE.GDI.TOTL.ZS,2021,23.01
RUS,Rússia,NE.GDI.TOTL.ZS,2022,23.17
RUS,Rússia,NE.GDI.TOTL.ZS,2023,27.30
RUS,Rússia,NE.GDI.TOTL.ZS,2024,26.48
RUS,Rússia,NE.GDI.TOTL.ZS,2025,25.89
TUR,Turquia,NE.GDI.TOTL.ZS,1960,9.99
TUR,Turquia,NE.GDI.TOTL.ZS,1961,10.01
TUR,Turquia,NE.GDI.TOTL.ZS,1962,10.71
TUR,Turquia,NE.GDI.TOTL.ZS,1963,11.70
TUR,Turquia,NE.GDI.TOTL.ZS,1964,10.93
TUR,Turquia,NE.GDI.TOTL.ZS,1965,11.33
TUR,Turquia,NE.GDI.TOTL.ZS,1966,12.84
TUR,Turquia,NE.GDI.TOTL.ZS,1967,12.64
TUR,Turquia,NE.GDI.TOTL.ZS,1968,13.40
TUR,Turquia,NE.GDI.TOTL.ZS,1969,13.36
TUR,Turquia,NE.GDI.TOTL.ZS,1970,14.71
TUR,Turquia,NE.GDI.TOTL.ZS,1971,13.73
TUR,Turquia,NE.GDI.TOTL.ZS,1972,16.81
TUR,Turquia,NE.GDI.TOTL.ZS,1973,15.47
TUR,Turquia,NE.GDI.TOTL.ZS,1974,17.89
TUR,Turquia,NE.GDI.TOTL.ZS,1975,18.71
TUR,Turquia,NE.GDI.TOTL.ZS,1976,20.32
TUR,Turquia,NE.GDI.TOTL.ZS,1977,20.67
TUR,Turquia,NE.GDI.TOTL.ZS,1978,15.15
TUR,Turquia,NE.GDI.TOTL.ZS,1979,14.50
TUR,Turquia,NE.GDI.TOTL.ZS,1980,18.16
TUR,Turquia,NE.GDI.TOTL.ZS,1981,17.87
TUR,Turquia,NE.GDI.TOTL.ZS,1982,16.95
TUR,Turquia,NE.GDI.TOTL.ZS,1983,16.29
TUR,Turquia,NE.GDI.TOTL.ZS,1984,16.18
TUR,Turquia,NE.GDI.TOTL.ZS,1985,16.51
TUR,Turquia,NE.GDI.TOTL.ZS,1986,18.85
TUR,Turquia,NE.GDI.TOTL.ZS,1987,25.67
TUR,Turquia,NE.GDI.TOTL.ZS,1988,25.14
TUR,Turquia,NE.GDI.TOTL.ZS,1989,23.47
TUR,Turquia,NE.GDI.TOTL.ZS,1990,24.55
TUR,Turquia,NE.GDI.TOTL.ZS,1991,22.71
TUR,Turquia,NE.GDI.TOTL.ZS,1992,23.36
TUR,Turquia,NE.GDI.TOTL.ZS,1993,26.62
TUR,Turquia,NE.GDI.TOTL.ZS,1994,21.32
TUR,Turquia,NE.GDI.TOTL.ZS,1995,27.40
TUR,Turquia,NE.GDI.TOTL.ZS,1996,29.09
TUR,Turquia,NE.GDI.TOTL.ZS,1997,27.03
TUR,Turquia,NE.GDI.TOTL.ZS,1998,25.30
TUR,Turquia,NE.GDI.TOTL.ZS,1999,21.50
TUR,Turquia,NE.GDI.TOTL.ZS,2000,24.01
TUR,Turquia,NE.GDI.TOTL.ZS,2001,19.61
TUR,Turquia,NE.GDI.TOTL.ZS,2002,21.53
TUR,Turquia,NE.GDI.TOTL.ZS,2003,22.86
TUR,Turquia,NE.GDI.TOTL.ZS,2004,25.17
TUR,Turquia,NE.GDI.TOTL.ZS,2005,27.57
TUR,Turquia,NE.GDI.TOTL.ZS,2006,30.16
TUR,Turquia,NE.GDI.TOTL.ZS,2007,29.55
TUR,Turquia,NE.GDI.TOTL.ZS,2008,29.73
TUR,Turquia,NE.GDI.TOTL.ZS,2009,23.69
TUR,Turquia,NE.GDI.TOTL.ZS,2010,28.45
TUR,Turquia,NE.GDI.TOTL.ZS,2011,31.96
TUR,Turquia,NE.GDI.TOTL.ZS,2012,29.42
TUR,Turquia,NE.GDI.TOTL.ZS,2013,31.36
TUR,Turquia,NE.GDI.TOTL.ZS,2014,30.21
TUR,Turquia,NE.GDI.TOTL.ZS,2015,30.06
TUR,Turquia,NE.GDI.TOTL.ZS,2016,29.83
TUR,Turquia,NE.GDI.TOTL.ZS,2017,32.79
TUR,Turquia,NE.GDI.TOTL.ZS,2018,31.34
TUR,Turquia,NE.GDI.TOTL.ZS,2019,27.51
TUR,Turquia,NE.GDI.TOTL.ZS,2020,34.15
TUR,Turquia,NE.GDI.TOTL.ZS,2021,34.38
TUR,Turquia,NE.GDI.TOTL.ZS,2022,38.60
TUR,Turquia,NE.GDI.TOTL.ZS,2023,34.59
TUR,Turquia,NE.GDI.TOTL.ZS,2024,30.73
TUR,Turquia,NE.GDI.TOTL.ZS,2025,31.67
IDN,Indonésia,NE.GDI.TOTL.ZS,1960,7.87
IDN,Indonésia,NE.GDI.TOTL.ZS,1961,10.23
IDN,Indonésia,NE.GDI.TOTL.ZS,1962,5.60
IDN,Indonésia,NE.GDI.TOTL.ZS,1963,8.20
IDN,Indonésia,NE.GDI.TOTL.ZS,1964,12.08
IDN,Indonésia,NE.GDI.TOTL.ZS,1965,6.69
IDN,Indonésia,NE.GDI.TOTL.ZS,1966,4.53
IDN,Indonésia,NE.GDI.TOTL.ZS,1967,8.01
IDN,Indonésia,NE.GDI.TOTL.ZS,1968,8.80
IDN,Indonésia,NE.GDI.TOTL.ZS,1969,11.66
IDN,Indonésia,NE.GDI.TOTL.ZS,1970,13.62
IDN,Indonésia,NE.GDI.TOTL.ZS,1971,15.80
IDN,Indonésia,NE.GDI.TOTL.ZS,1972,18.78
IDN,Indonésia,NE.GDI.TOTL.ZS,1973,17.89
IDN,Indonésia,NE.GDI.TOTL.ZS,1974,16.78
IDN,Indonésia,NE.GDI.TOTL.ZS,1975,20.34
IDN,Indonésia,NE.GDI.TOTL.ZS,1976,20.72
IDN,Indonésia,NE.GDI.TOTL.ZS,1977,20.13
IDN,Indonésia,NE.GDI.TOTL.ZS,1978,20.53
IDN,Indonésia,NE.GDI.TOTL.ZS,1979,20.93
IDN,Indonésia,NE.GDI.TOTL.ZS,1980,20.87
IDN,Indonésia,NE.GDI.TOTL.ZS,1981,21.38
IDN,Indonésia,NE.GDI.TOTL.ZS,1982,22.58
IDN,Indonésia,NE.GDI.TOTL.ZS,1983,29.40
IDN,Indonésia,NE.GDI.TOTL.ZS,1984,24.88
IDN,Indonésia,NE.GDI.TOTL.ZS,1985,25.35
IDN,Indonésia,NE.GDI.TOTL.ZS,1986,27.65
IDN,Indonésia,NE.GDI.TOTL.ZS,1987,27.25
IDN,Indonésia,NE.GDI.TOTL.ZS,1988,29.10
IDN,Indonésia,NE.GDI.TOTL.ZS,1989,30.68
IDN,Indonésia,NE.GDI.TOTL.ZS,1990,32.71
IDN,Indonésia,NE.GDI.TOTL.ZS,1991,31.87
IDN,Indonésia,NE.GDI.TOTL.ZS,1992,30.18
IDN,Indonésia,NE.GDI.TOTL.ZS,1993,28.28
IDN,Indonésia,NE.GDI.TOTL.ZS,1994,29.57
IDN,Indonésia,NE.GDI.TOTL.ZS,1995,30.43
IDN,Indonésia,NE.GDI.TOTL.ZS,1996,31.60
IDN,Indonésia,NE.GDI.TOTL.ZS,1997,30.31
IDN,Indonésia,NE.GDI.TOTL.ZS,1998,27.43
IDN,Indonésia,NE.GDI.TOTL.ZS,1999,22.14
IDN,Indonésia,NE.GDI.TOTL.ZS,2000,22.25
IDN,Indonésia,NE.GDI.TOTL.ZS,2001,22.54
IDN,Indonésia,NE.GDI.TOTL.ZS,2002,21.40
IDN,Indonésia,NE.GDI.TOTL.ZS,2003,25.60
IDN,Indonésia,NE.GDI.TOTL.ZS,2004,24.06
IDN,Indonésia,NE.GDI.TOTL.ZS,2005,25.08
IDN,Indonésia,NE.GDI.TOTL.ZS,2006,25.40
IDN,Indonésia,NE.GDI.TOTL.ZS,2007,24.92
IDN,Indonésia,NE.GDI.TOTL.ZS,2008,27.82
IDN,Indonésia,NE.GDI.TOTL.ZS,2009,30.99
IDN,Indonésia,NE.GDI.TOTL.ZS,2010,32.88
IDN,Indonésia,NE.GDI.TOTL.ZS,2011,32.98
IDN,Indonésia,NE.GDI.TOTL.ZS,2012,35.07
IDN,Indonésia,NE.GDI.TOTL.ZS,2013,33.83
IDN,Indonésia,NE.GDI.TOTL.ZS,2014,34.60
IDN,Indonésia,NE.GDI.TOTL.ZS,2015,34.06
IDN,Indonésia,NE.GDI.TOTL.ZS,2016,33.86
IDN,Indonésia,NE.GDI.TOTL.ZS,2017,33.71
IDN,Indonésia,NE.GDI.TOTL.ZS,2018,34.57
IDN,Indonésia,NE.GDI.TOTL.ZS,2019,33.78
IDN,Indonésia,NE.GDI.TOTL.ZS,2020,32.34
IDN,Indonésia,NE.GDI.TOTL.ZS,2021,31.45
IDN,Indonésia,NE.GDI.TOTL.ZS,2022,29.75
IDN,Indonésia,NE.GDI.TOTL.ZS,2023,30.34
IDN,Indonésia,NE.GDI.TOTL.ZS,2024,31.40
IDN,Indonésia,NE.GDI.TOTL.ZS,2025,30.62
WLD,Mundo,NE.GDI.TOTL.ZS,1970,26.58
WLD,Mundo,NE.GDI.TOTL.ZS,1971,26.35
WLD,Mundo,NE.GDI.TOTL.ZS,1972,26.55
WLD,Mundo,NE.GDI.TOTL.ZS,1973,27.71
WLD,Mundo,NE.GDI.TOTL.ZS,1974,27.86
WLD,Mundo,NE.GDI.TOTL.ZS,1975,25.49
WLD,Mundo,NE.GDI.TOTL.ZS,1976,26.29
WLD,Mundo,NE.GDI.TOTL.ZS,1977,26.57
WLD,Mundo,NE.GDI.TOTL.ZS,1978,26.91
WLD,Mundo,NE.GDI.TOTL.ZS,1979,27.18
WLD,Mundo,NE.GDI.TOTL.ZS,1980,26.60
WLD,Mundo,NE.GDI.TOTL.ZS,1981,25.94
WLD,Mundo,NE.GDI.TOTL.ZS,1982,24.56
WLD,Mundo,NE.GDI.TOTL.ZS,1983,24.11
WLD,Mundo,NE.GDI.TOTL.ZS,1984,25.24
WLD,Mundo,NE.GDI.TOTL.ZS,1985,25.00
WLD,Mundo,NE.GDI.TOTL.ZS,1986,25.05
WLD,Mundo,NE.GDI.TOTL.ZS,1987,25.27
WLD,Mundo,NE.GDI.TOTL.ZS,1988,26.39
WLD,Mundo,NE.GDI.TOTL.ZS,1989,26.94
WLD,Mundo,NE.GDI.TOTL.ZS,1990,26.57
WLD,Mundo,NE.GDI.TOTL.ZS,1991,25.88
WLD,Mundo,NE.GDI.TOTL.ZS,1992,25.26
WLD,Mundo,NE.GDI.TOTL.ZS,1993,24.71
WLD,Mundo,NE.GDI.TOTL.ZS,1994,25.02
WLD,Mundo,NE.GDI.TOTL.ZS,1995,25.05
WLD,Mundo,NE.GDI.TOTL.ZS,1996,24.85
WLD,Mundo,NE.GDI.TOTL.ZS,1997,24.63
WLD,Mundo,NE.GDI.TOTL.ZS,1998,24.21
WLD,Mundo,NE.GDI.TOTL.ZS,1999,24.34
WLD,Mundo,NE.GDI.TOTL.ZS,2000,24.70
WLD,Mundo,NE.GDI.TOTL.ZS,2001,23.89
WLD,Mundo,NE.GDI.TOTL.ZS,2002,23.25
WLD,Mundo,NE.GDI.TOTL.ZS,2003,23.43
WLD,Mundo,NE.GDI.TOTL.ZS,2004,24.09
WLD,Mundo,NE.GDI.TOTL.ZS,2005,24.46
WLD,Mundo,NE.GDI.TOTL.ZS,2006,25.01
WLD,Mundo,NE.GDI.TOTL.ZS,2007,25.47
WLD,Mundo,NE.GDI.TOTL.ZS,2008,25.46
WLD,Mundo,NE.GDI.TOTL.ZS,2009,23.42
WLD,Mundo,NE.GDI.TOTL.ZS,2010,24.63
WLD,Mundo,NE.GDI.TOTL.ZS,2011,25.35
WLD,Mundo,NE.GDI.TOTL.ZS,2012,25.49
WLD,Mundo,NE.GDI.TOTL.ZS,2013,25.60
WLD,Mundo,NE.GDI.TOTL.ZS,2014,25.88
WLD,Mundo,NE.GDI.TOTL.ZS,2015,25.92
WLD,Mundo,NE.GDI.TOTL.ZS,2016,25.67
WLD,Mundo,NE.GDI.TOTL.ZS,2017,26.12
WLD,Mundo,NE.GDI.TOTL.ZS,2018,26.66
WLD,Mundo,NE.GDI.TOTL.ZS,2019,26.56
WLD,Mundo,NE.GDI.TOTL.ZS,2020,26.46
WLD,Mundo,NE.GDI.TOTL.ZS,2021,27.24
WLD,Mundo,NE.GDI.TOTL.ZS,2022,27.47
WLD,Mundo,NE.GDI.TOTL.ZS,2023,26.66
WLD,Mundo,NE.GDI.TOTL.ZS,2024,26.29
LCN,América Latina e Caribe,NE.GDI.TOTL.ZS,1960,21.94
LCN,América Latina e Caribe,NE.GDI.TOTL.ZS,1961,23.35
LCN,América Latina e Caribe,NE.GDI.TOTL.ZS,1962,21.39
LCN,América Latina e Caribe,NE.GDI.TOTL.ZS,1963,20.37
LCN,América Latina e Caribe,NE.GDI.TOTL.ZS,1964,21.64
LCN,América Latina e Caribe,NE.GDI.TOTL.ZS,1965,22.25
LCN,América Latina e Caribe,NE.GDI.TOTL.ZS,1966,21.90
LCN,América Latina e Caribe,NE.GDI.TOTL.ZS,1967,21.40
LCN,América Latina e Caribe,NE.GDI.TOTL.ZS,1968,21.74
LCN,América Latina e Caribe,NE.GDI.TOTL.ZS,1969,23.29
LCN,América Latina e Caribe,NE.GDI.TOTL.ZS,1970,23.32
LCN,América Latina e Caribe,NE.GDI.TOTL.ZS,1971,23.17
LCN,América Latina e Caribe,NE.GDI.TOTL.ZS,1972,22.82
LCN,América Latina e Caribe,NE.GDI.TOTL.ZS,1973,22.78
LCN,América Latina e Caribe,NE.GDI.TOTL.ZS,1974,24.84
LCN,América Latina e Caribe,NE.GDI.TOTL.ZS,1975,26.79
LCN,América Latina e Caribe,NE.GDI.TOTL.ZS,1976,25.69
LCN,América Latina e Caribe,NE.GDI.TOTL.ZS,1977,26.02
LCN,América Latina e Caribe,NE.GDI.TOTL.ZS,1978,26.60
LCN,América Latina e Caribe,NE.GDI.TOTL.ZS,1979,25.68
LCN,América Latina e Caribe,NE.GDI.TOTL.ZS,1980,25.33
LCN,América Latina e Caribe,NE.GDI.TOTL.ZS,1981,25.45
LCN,América Latina e Caribe,NE.GDI.TOTL.ZS,1982,23.07
LCN,América Latina e Caribe,NE.GDI.TOTL.ZS,1983,19.18
LCN,América Latina e Caribe,NE.GDI.TOTL.ZS,1984,19.23
LCN,América Latina e Caribe,NE.GDI.TOTL.ZS,1985,19.99
LCN,América Latina e Caribe,NE.GDI.TOTL.ZS,1986,19.61
LCN,América Latina e Caribe,NE.GDI.TOTL.ZS,1987,21.76
LCN,América Latina e Caribe,NE.GDI.TOTL.ZS,1988,23.38
LCN,América Latina e Caribe,NE.GDI.TOTL.ZS,1989,24.08
LCN,América Latina e Caribe,NE.GDI.TOTL.ZS,1990,20.49
LCN,América Latina e Caribe,NE.GDI.TOTL.ZS,1991,19.92
LCN,América Latina e Caribe,NE.GDI.TOTL.ZS,1992,20.19
LCN,América Latina e Caribe,NE.GDI.TOTL.ZS,1993,21.82
LCN,América Latina e Caribe,NE.GDI.TOTL.ZS,1994,23.00
LCN,América Latina e Caribe,NE.GDI.TOTL.ZS,1995,19.44
LCN,América Latina e Caribe,NE.GDI.TOTL.ZS,1996,19.68
LCN,América Latina e Caribe,NE.GDI.TOTL.ZS,1997,20.48
LCN,América Latina e Caribe,NE.GDI.TOTL.ZS,1998,21.08
LCN,América Latina e Caribe,NE.GDI.TOTL.ZS,1999,19.76
LCN,América Latina e Caribe,NE.GDI.TOTL.ZS,2000,20.21
LCN,América Latina e Caribe,NE.GDI.TOTL.ZS,2001,19.13
LCN,América Latina e Caribe,NE.GDI.TOTL.ZS,2002,19.02
LCN,América Latina e Caribe,NE.GDI.TOTL.ZS,2003,19.09
LCN,América Latina e Caribe,NE.GDI.TOTL.ZS,2004,19.79
LCN,América Latina e Caribe,NE.GDI.TOTL.ZS,2005,19.64
LCN,América Latina e Caribe,NE.GDI.TOTL.ZS,2006,20.28
LCN,América Latina e Caribe,NE.GDI.TOTL.ZS,2007,21.33
LCN,América Latina e Caribe,NE.GDI.TOTL.ZS,2008,22.55
LCN,América Latina e Caribe,NE.GDI.TOTL.ZS,2009,19.66
LCN,América Latina e Caribe,NE.GDI.TOTL.ZS,2010,21.48
LCN,América Latina e Caribe,NE.GDI.TOTL.ZS,2011,22.46
LCN,América Latina e Caribe,NE.GDI.TOTL.ZS,2012,22.00
LCN,América Latina e Caribe,NE.GDI.TOTL.ZS,2013,22.14
LCN,América Latina e Caribe,NE.GDI.TOTL.ZS,2014,21.06
LCN,América Latina e Caribe,NE.GDI.TOTL.ZS,2015,20.14
LCN,América Latina e Caribe,NE.GDI.TOTL.ZS,2016,18.86
LCN,América Latina e Caribe,NE.GDI.TOTL.ZS,2017,18.44
LCN,América Latina e Caribe,NE.GDI.TOTL.ZS,2018,18.90
LCN,América Latina e Caribe,NE.GDI.TOTL.ZS,2019,18.59
LCN,América Latina e Caribe,NE.GDI.TOTL.ZS,2020,17.51
LCN,América Latina e Caribe,NE.GDI.TOTL.ZS,2021,20.15
LCN,América Latina e Caribe,NE.GDI.TOTL.ZS,2022,20.03
LCN,América Latina e Caribe,NE.GDI.TOTL.ZS,2023,19.05
LCN,América Latina e Caribe,NE.GDI.TOTL.ZS,2024,19.11
LCN,América Latina e Caribe,NE.GDI.TOTL.ZS,2025,18.95
UMC,Países de renda média-alta,NE.GDI.TOTL.ZS,1960,26.91
UMC,Países de renda média-alta,NE.GDI.TOTL.ZS,1961,20.74
UMC,Países de renda média-alta,NE.GDI.TOTL.ZS,1962,17.73
UMC,Países de renda média-alta,NE.GDI.TOTL.ZS,1963,19.33
UMC,Países de renda média-alta,NE.GDI.TOTL.ZS,1964,20.74
UMC,Países de renda média-alta,NE.GDI.TOTL.ZS,1965,22.28
UMC,Países de renda média-alta,NE.GDI.TOTL.ZS,1966,23.14
UMC,Países de renda média-alta,NE.GDI.TOTL.ZS,1967,20.76
UMC,Países de renda média-alta,NE.GDI.TOTL.ZS,1968,21.10
UMC,Países de renda média-alta,NE.GDI.TOTL.ZS,1969,22.09
UMC,Países de renda média-alta,NE.GDI.TOTL.ZS,1970,25.20
UMC,Países de renda média-alta,NE.GDI.TOTL.ZS,1971,25.28
UMC,Países de renda média-alta,NE.GDI.TOTL.ZS,1972,24.69
UMC,Países de renda média-alta,NE.GDI.TOTL.ZS,1973,25.20
UMC,Países de renda média-alta,NE.GDI.TOTL.ZS,1974,25.94
UMC,Países de renda média-alta,NE.GDI.TOTL.ZS,1975,28.41
UMC,Países de renda média-alta,NE.GDI.TOTL.ZS,1976,27.54
UMC,Países de renda média-alta,NE.GDI.TOTL.ZS,1977,27.77
UMC,Países de renda média-alta,NE.GDI.TOTL.ZS,1978,26.82
UMC,Países de renda média-alta,NE.GDI.TOTL.ZS,1979,25.48
UMC,Países de renda média-alta,NE.GDI.TOTL.ZS,1980,27.51
UMC,Países de renda média-alta,NE.GDI.TOTL.ZS,1981,27.81
UMC,Países de renda média-alta,NE.GDI.TOTL.ZS,1982,25.45
UMC,Países de renda média-alta,NE.GDI.TOTL.ZS,1983,25.21
UMC,Países de renda média-alta,NE.GDI.TOTL.ZS,1984,24.47
UMC,Países de renda média-alta,NE.GDI.TOTL.ZS,1985,24.90
UMC,Países de renda média-alta,NE.GDI.TOTL.ZS,1986,23.89
UMC,Países de renda média-alta,NE.GDI.TOTL.ZS,1987,23.75
UMC,Países de renda média-alta,NE.GDI.TOTL.ZS,1988,25.38
UMC,Países de renda média-alta,NE.GDI.TOTL.ZS,1989,25.91
UMC,Países de renda média-alta,NE.GDI.TOTL.ZS,1990,27.05
UMC,Países de renda média-alta,NE.GDI.TOTL.ZS,1991,26.04
UMC,Países de renda média-alta,NE.GDI.TOTL.ZS,1992,26.66
UMC,Países de renda média-alta,NE.GDI.TOTL.ZS,1993,27.22
UMC,Países de renda média-alta,NE.GDI.TOTL.ZS,1994,27.40
UMC,Países de renda média-alta,NE.GDI.TOTL.ZS,1995,26.41
UMC,Países de renda média-alta,NE.GDI.TOTL.ZS,1996,26.64
UMC,Países de renda média-alta,NE.GDI.TOTL.ZS,1997,25.60
UMC,Países de renda média-alta,NE.GDI.TOTL.ZS,1998,24.79
UMC,Países de renda média-alta,NE.GDI.TOTL.ZS,1999,24.00
UMC,Países de renda média-alta,NE.GDI.TOTL.ZS,2000,24.53
UMC,Países de renda média-alta,NE.GDI.TOTL.ZS,2001,25.13
UMC,Países de renda média-alta,NE.GDI.TOTL.ZS,2002,25.87
UMC,Países de renda média-alta,NE.GDI.TOTL.ZS,2003,27.53
UMC,Países de renda média-alta,NE.GDI.TOTL.ZS,2004,29.09
UMC,Países de renda média-alta,NE.GDI.TOTL.ZS,2005,28.49
UMC,Países de renda média-alta,NE.GDI.TOTL.ZS,2006,28.93
UMC,Países de renda média-alta,NE.GDI.TOTL.ZS,2007,29.90
UMC,Países de renda média-alta,NE.GDI.TOTL.ZS,2008,31.71
UMC,Países de renda média-alta,NE.GDI.TOTL.ZS,2009,32.44
UMC,Países de renda média-alta,NE.GDI.TOTL.ZS,2010,33.74
UMC,Países de renda média-alta,NE.GDI.TOTL.ZS,2011,34.27
UMC,Países de renda média-alta,NE.GDI.TOTL.ZS,2012,34.51
UMC,Países de renda média-alta,NE.GDI.TOTL.ZS,2013,35.10
UMC,Países de renda média-alta,NE.GDI.TOTL.ZS,2014,35.12
UMC,Países de renda média-alta,NE.GDI.TOTL.ZS,2015,34.43
UMC,Países de renda média-alta,NE.GDI.TOTL.ZS,2016,34.06
UMC,Países de renda média-alta,NE.GDI.TOTL.ZS,2017,34.28
UMC,Países de renda média-alta,NE.GDI.TOTL.ZS,2018,35.32
UMC,Países de renda média-alta,NE.GDI.TOTL.ZS,2019,34.83
UMC,Países de renda média-alta,NE.GDI.TOTL.ZS,2020,35.40
UMC,Países de renda média-alta,NE.GDI.TOTL.ZS,2021,36.24
UMC,Países de renda média-alta,NE.GDI.TOTL.ZS,2022,35.63
UMC,Países de renda média-alta,NE.GDI.TOTL.ZS,2023,34.21
UMC,Países de renda média-alta,NE.GDI.TOTL.ZS,2024,33.72
HIC,Países de renda alta,NE.GDI.TOTL.ZS,1970,27.09
HIC,Países de renda alta,NE.GDI.TOTL.ZS,1971,26.72
HIC,Países de renda alta,NE.GDI.TOTL.ZS,1972,27.00
HIC,Países de renda alta,NE.GDI.TOTL.ZS,1973,28.31
HIC,Países de renda alta,NE.GDI.TOTL.ZS,1974,28.43
HIC,Países de renda alta,NE.GDI.TOTL.ZS,1975,25.17
HIC,Países de renda alta,NE.GDI.TOTL.ZS,1976,26.23
HIC,Países de renda alta,NE.GDI.TOTL.ZS,1977,26.37
HIC,Países de renda alta,NE.GDI.TOTL.ZS,1978,26.86
HIC,Países de renda alta,NE.GDI.TOTL.ZS,1979,27.43
HIC,Países de renda alta,NE.GDI.TOTL.ZS,1980,26.58
HIC,Países de renda alta,NE.GDI.TOTL.ZS,1981,25.88
HIC,Países de renda alta,NE.GDI.TOTL.ZS,1982,24.53
HIC,Países de renda alta,NE.GDI.TOTL.ZS,1983,24.16
HIC,Países de renda alta,NE.GDI.TOTL.ZS,1984,25.48
HIC,Países de renda alta,NE.GDI.TOTL.ZS,1985,25.04
HIC,Países de renda alta,NE.GDI.TOTL.ZS,1986,25.09
HIC,Países de renda alta,NE.GDI.TOTL.ZS,1987,25.29
HIC,Países de renda alta,NE.GDI.TOTL.ZS,1988,26.32
HIC,Países de renda alta,NE.GDI.TOTL.ZS,1989,26.91
HIC,Países de renda alta,NE.GDI.TOTL.ZS,1990,26.36
HIC,Países de renda alta,NE.GDI.TOTL.ZS,1991,25.75
HIC,Países de renda alta,NE.GDI.TOTL.ZS,1992,24.89
HIC,Países de renda alta,NE.GDI.TOTL.ZS,1993,24.25
HIC,Países de renda alta,NE.GDI.TOTL.ZS,1994,24.51
HIC,Países de renda alta,NE.GDI.TOTL.ZS,1995,24.69
HIC,Países de renda alta,NE.GDI.TOTL.ZS,1996,24.53
HIC,Países de renda alta,NE.GDI.TOTL.ZS,1997,24.42
HIC,Países de renda alta,NE.GDI.TOTL.ZS,1998,24.06
HIC,Países de renda alta,NE.GDI.TOTL.ZS,1999,24.11
HIC,Países de renda alta,NE.GDI.TOTL.ZS,2000,24.58
HIC,Países de renda alta,NE.GDI.TOTL.ZS,2001,23.46
HIC,Países de renda alta,NE.GDI.TOTL.ZS,2002,22.59
HIC,Países de renda alta,NE.GDI.TOTL.ZS,2003,22.50
HIC,Países de renda alta,NE.GDI.TOTL.ZS,2004,22.93
HIC,Países de renda alta,NE.GDI.TOTL.ZS,2005,23.35
HIC,Países de renda alta,NE.GDI.TOTL.ZS,2006,23.85
HIC,Países de renda alta,NE.GDI.TOTL.ZS,2007,23.99
HIC,Países de renda alta,NE.GDI.TOTL.ZS,2008,23.53
HIC,Países de renda alta,NE.GDI.TOTL.ZS,2009,20.45
HIC,Países de renda alta,NE.GDI.TOTL.ZS,2010,21.28
HIC,Países de renda alta,NE.GDI.TOTL.ZS,2011,21.81
HIC,Países de renda alta,NE.GDI.TOTL.ZS,2012,21.79
HIC,Países de renda alta,NE.GDI.TOTL.ZS,2013,21.69
HIC,Países de renda alta,NE.GDI.TOTL.ZS,2014,22.05
HIC,Países de renda alta,NE.GDI.TOTL.ZS,2015,22.33
HIC,Países de renda alta,NE.GDI.TOTL.ZS,2016,22.16
HIC,Países de renda alta,NE.GDI.TOTL.ZS,2017,22.50
HIC,Países de renda alta,NE.GDI.TOTL.ZS,2018,22.76
HIC,Países de renda alta,NE.GDI.TOTL.ZS,2019,23.01
HIC,Países de renda alta,NE.GDI.TOTL.ZS,2020,22.73
HIC,Países de renda alta,NE.GDI.TOTL.ZS,2021,23.12
HIC,Países de renda alta,NE.GDI.TOTL.ZS,2022,23.63
HIC,Países de renda alta,NE.GDI.TOTL.ZS,2023,23.02
HIC,Países de renda alta,NE.GDI.TOTL.ZS,2024,22.64
LMY,Países de renda baixa e média,NE.GDI.TOTL.ZS,1960,23.28
LMY,Países de renda baixa e média,NE.GDI.TOTL.ZS,1961,19.30
LMY,Países de renda baixa e média,NE.GDI.TOTL.ZS,1962,17.17
LMY,Países de renda baixa e média,NE.GDI.TOTL.ZS,1963,18.16
LMY,Países de renda baixa e média,NE.GDI.TOTL.ZS,1964,19.78
LMY,Países de renda baixa e média,NE.GDI.TOTL.ZS,1965,20.83
LMY,Países de renda baixa e média,NE.GDI.TOTL.ZS,1966,21.05
LMY,Países de renda baixa e média,NE.GDI.TOTL.ZS,1967,19.49
LMY,Países de renda baixa e média,NE.GDI.TOTL.ZS,1968,19.79
LMY,Países de renda baixa e média,NE.GDI.TOTL.ZS,1969,20.36
LMY,Países de renda baixa e média,NE.GDI.TOTL.ZS,1970,22.76
LMY,Países de renda baixa e média,NE.GDI.TOTL.ZS,1971,23.10
LMY,Países de renda baixa e média,NE.GDI.TOTL.ZS,1972,22.70
LMY,Países de renda baixa e média,NE.GDI.TOTL.ZS,1973,23.25
LMY,Países de renda baixa e média,NE.GDI.TOTL.ZS,1974,24.21
LMY,Países de renda baixa e média,NE.GDI.TOTL.ZS,1975,26.03
LMY,Países de renda baixa e média,NE.GDI.TOTL.ZS,1976,25.57
LMY,Países de renda baixa e média,NE.GDI.TOTL.ZS,1977,26.45
LMY,Países de renda baixa e média,NE.GDI.TOTL.ZS,1978,25.91
LMY,Países de renda baixa e média,NE.GDI.TOTL.ZS,1979,24.62
LMY,Países de renda baixa e média,NE.GDI.TOTL.ZS,1980,25.59
LMY,Países de renda baixa e média,NE.GDI.TOTL.ZS,1981,25.35
LMY,Países de renda baixa e média,NE.GDI.TOTL.ZS,1982,23.87
LMY,Países de renda baixa e média,NE.GDI.TOTL.ZS,1983,23.02
LMY,Países de renda baixa e média,NE.GDI.TOTL.ZS,1984,23.19
LMY,Países de renda baixa e média,NE.GDI.TOTL.ZS,1985,23.85
LMY,Países de renda baixa e média,NE.GDI.TOTL.ZS,1986,23.57
LMY,Países de renda baixa e média,NE.GDI.TOTL.ZS,1987,23.53
LMY,Países de renda baixa e média,NE.GDI.TOTL.ZS,1988,25.00
LMY,Países de renda baixa e média,NE.GDI.TOTL.ZS,1989,25.32
LMY,Países de renda baixa e média,NE.GDI.TOTL.ZS,1990,26.23
LMY,Países de renda baixa e média,NE.GDI.TOTL.ZS,1991,24.85
LMY,Países de renda baixa e média,NE.GDI.TOTL.ZS,1992,25.91
LMY,Países de renda baixa e média,NE.GDI.TOTL.ZS,1993,25.94
LMY,Países de renda baixa e média,NE.GDI.TOTL.ZS,1994,26.57
LMY,Países de renda baixa e média,NE.GDI.TOTL.ZS,1995,25.68
LMY,Países de renda baixa e média,NE.GDI.TOTL.ZS,1996,25.28
LMY,Países de renda baixa e média,NE.GDI.TOTL.ZS,1997,24.56
LMY,Países de renda baixa e média,NE.GDI.TOTL.ZS,1998,23.80
LMY,Países de renda baixa e média,NE.GDI.TOTL.ZS,1999,24.28
LMY,Países de renda baixa e média,NE.GDI.TOTL.ZS,2000,24.10
LMY,Países de renda baixa e média,NE.GDI.TOTL.ZS,2001,24.94
LMY,Países de renda baixa e média,NE.GDI.TOTL.ZS,2002,25.52
LMY,Países de renda baixa e média,NE.GDI.TOTL.ZS,2003,27.08
LMY,Países de renda baixa e média,NE.GDI.TOTL.ZS,2004,28.75
LMY,Países de renda baixa e média,NE.GDI.TOTL.ZS,2005,28.44
LMY,Países de renda baixa e média,NE.GDI.TOTL.ZS,2006,28.83
LMY,Países de renda baixa e média,NE.GDI.TOTL.ZS,2007,30.08
LMY,Países de renda baixa e média,NE.GDI.TOTL.ZS,2008,31.12
LMY,Países de renda baixa e média,NE.GDI.TOTL.ZS,2009,31.84
LMY,Países de renda baixa e média,NE.GDI.TOTL.ZS,2010,32.99
LMY,Países de renda baixa e média,NE.GDI.TOTL.ZS,2011,33.63
LMY,Países de renda baixa e média,NE.GDI.TOTL.ZS,2012,33.69
LMY,Países de renda baixa e média,NE.GDI.TOTL.ZS,2013,33.95
LMY,Países de renda baixa e média,NE.GDI.TOTL.ZS,2014,33.86
LMY,Países de renda baixa e média,NE.GDI.TOTL.ZS,2015,33.17
LMY,Países de renda baixa e média,NE.GDI.TOTL.ZS,2016,32.79
LMY,Países de renda baixa e média,NE.GDI.TOTL.ZS,2017,33.22
LMY,Países de renda baixa e média,NE.GDI.TOTL.ZS,2018,34.31
LMY,Países de renda baixa e média,NE.GDI.TOTL.ZS,2019,33.41
LMY,Países de renda baixa e média,NE.GDI.TOTL.ZS,2020,33.70
LMY,Países de renda baixa e média,NE.GDI.TOTL.ZS,2021,34.88
LMY,Países de renda baixa e média,NE.GDI.TOTL.ZS,2022,34.55
LMY,Países de renda baixa e média,NE.GDI.TOTL.ZS,2023,33.50
LMY,Países de renda baixa e média,NE.GDI.TOTL.ZS,2024,33.19
BRA,Brasil,NE.TRD.GNFS.ZS,1960,12.62
BRA,Brasil,NE.TRD.GNFS.ZS,1961,12.89
BRA,Brasil,NE.TRD.GNFS.ZS,1962,9.38
BRA,Brasil,NE.TRD.GNFS.ZS,1963,17.94
BRA,Brasil,NE.TRD.GNFS.ZS,1964,12.21
BRA,Brasil,NE.TRD.GNFS.ZS,1965,12.89
BRA,Brasil,NE.TRD.GNFS.ZS,1966,12.26
BRA,Brasil,NE.TRD.GNFS.ZS,1967,11.35
BRA,Brasil,NE.TRD.GNFS.ZS,1968,12.59
BRA,Brasil,NE.TRD.GNFS.ZS,1969,13.28
BRA,Brasil,NE.TRD.GNFS.ZS,1970,14.48
BRA,Brasil,NE.TRD.GNFS.ZS,1971,14.65
BRA,Brasil,NE.TRD.GNFS.ZS,1972,16.13
BRA,Brasil,NE.TRD.GNFS.ZS,1973,16.86
BRA,Brasil,NE.TRD.GNFS.ZS,1974,20.97
BRA,Brasil,NE.TRD.GNFS.ZS,1975,18.23
BRA,Brasil,NE.TRD.GNFS.ZS,1976,16.42
BRA,Brasil,NE.TRD.GNFS.ZS,1977,15.16
BRA,Brasil,NE.TRD.GNFS.ZS,1978,14.58
BRA,Brasil,NE.TRD.GNFS.ZS,1979,16.57
BRA,Brasil,NE.TRD.GNFS.ZS,1980,20.16
BRA,Brasil,NE.TRD.GNFS.ZS,1981,19.63
BRA,Brasil,NE.TRD.GNFS.ZS,1982,16.49
BRA,Brasil,NE.TRD.GNFS.ZS,1983,21.90
BRA,Brasil,NE.TRD.GNFS.ZS,1984,23.83
BRA,Brasil,NE.TRD.GNFS.ZS,1985,20.45
BRA,Brasil,NE.TRD.GNFS.ZS,1986,15.86
BRA,Brasil,NE.TRD.GNFS.ZS,1987,16.26
BRA,Brasil,NE.TRD.GNFS.ZS,1988,17.77
BRA,Brasil,NE.TRD.GNFS.ZS,1989,14.39
BRA,Brasil,NE.TRD.GNFS.ZS,1990,15.16
BRA,Brasil,NE.TRD.GNFS.ZS,1991,16.59
BRA,Brasil,NE.TRD.GNFS.ZS,1992,19.25
BRA,Brasil,NE.TRD.GNFS.ZS,1993,19.60
BRA,Brasil,NE.TRD.GNFS.ZS,1994,18.67
BRA,Brasil,NE.TRD.GNFS.ZS,1995,16.98
BRA,Brasil,NE.TRD.GNFS.ZS,1996,15.64
BRA,Brasil,NE.TRD.GNFS.ZS,1997,16.58
BRA,Brasil,NE.TRD.GNFS.ZS,1998,16.44
BRA,Brasil,NE.TRD.GNFS.ZS,1999,20.98
BRA,Brasil,NE.TRD.GNFS.ZS,2000,22.64
BRA,Brasil,NE.TRD.GNFS.ZS,2001,26.94
BRA,Brasil,NE.TRD.GNFS.ZS,2002,27.62
BRA,Brasil,NE.TRD.GNFS.ZS,2003,28.14
BRA,Brasil,NE.TRD.GNFS.ZS,2004,29.68
BRA,Brasil,NE.TRD.GNFS.ZS,2005,27.09
BRA,Brasil,NE.TRD.GNFS.ZS,2006,26.04
BRA,Brasil,NE.TRD.GNFS.ZS,2007,25.29
BRA,Brasil,NE.TRD.GNFS.ZS,2008,27.26
BRA,Brasil,NE.TRD.GNFS.ZS,2009,22.11
BRA,Brasil,NE.TRD.GNFS.ZS,2010,22.77
BRA,Brasil,NE.TRD.GNFS.ZS,2011,23.93
BRA,Brasil,NE.TRD.GNFS.ZS,2012,25.11
BRA,Brasil,NE.TRD.GNFS.ZS,2013,25.79
BRA,Brasil,NE.TRD.GNFS.ZS,2014,24.69
BRA,Brasil,NE.TRD.GNFS.ZS,2015,26.95
BRA,Brasil,NE.TRD.GNFS.ZS,2016,24.53
BRA,Brasil,NE.TRD.GNFS.ZS,2017,24.32
BRA,Brasil,NE.TRD.GNFS.ZS,2018,28.88
BRA,Brasil,NE.TRD.GNFS.ZS,2019,28.89
BRA,Brasil,NE.TRD.GNFS.ZS,2020,32.30
BRA,Brasil,NE.TRD.GNFS.ZS,2021,37.66
BRA,Brasil,NE.TRD.GNFS.ZS,2022,38.82
BRA,Brasil,NE.TRD.GNFS.ZS,2023,33.67
BRA,Brasil,NE.TRD.GNFS.ZS,2024,35.58
BRA,Brasil,NE.TRD.GNFS.ZS,2025,35.29
ARG,Argentina,NE.TRD.GNFS.ZS,1960,15.21
ARG,Argentina,NE.TRD.GNFS.ZS,1961,11.99
ARG,Argentina,NE.TRD.GNFS.ZS,1962,14.08
ARG,Argentina,NE.TRD.GNFS.ZS,1963,15.78
ARG,Argentina,NE.TRD.GNFS.ZS,1964,11.13
ARG,Argentina,NE.TRD.GNFS.ZS,1965,10.38
ARG,Argentina,NE.TRD.GNFS.ZS,1966,11.64
ARG,Argentina,NE.TRD.GNFS.ZS,1967,12.49
ARG,Argentina,NE.TRD.GNFS.ZS,1968,11.89
ARG,Argentina,NE.TRD.GNFS.ZS,1969,12.80
ARG,Argentina,NE.TRD.GNFS.ZS,1970,10.34
ARG,Argentina,NE.TRD.GNFS.ZS,1971,12.62
ARG,Argentina,NE.TRD.GNFS.ZS,1972,14.04
ARG,Argentina,NE.TRD.GNFS.ZS,1973,13.32
ARG,Argentina,NE.TRD.GNFS.ZS,1974,13.19
ARG,Argentina,NE.TRD.GNFS.ZS,1975,11.80
ARG,Argentina,NE.TRD.GNFS.ZS,1976,15.10
ARG,Argentina,NE.TRD.GNFS.ZS,1977,16.94
ARG,Argentina,NE.TRD.GNFS.ZS,1978,14.32
ARG,Argentina,NE.TRD.GNFS.ZS,1979,12.84
ARG,Argentina,NE.TRD.GNFS.ZS,1980,11.55
ARG,Argentina,NE.TRD.GNFS.ZS,1981,14.29
ARG,Argentina,NE.TRD.GNFS.ZS,1982,15.61
ARG,Argentina,NE.TRD.GNFS.ZS,1983,14.99
ARG,Argentina,NE.TRD.GNFS.ZS,1984,12.35
ARG,Argentina,NE.TRD.GNFS.ZS,1985,18.01
ARG,Argentina,NE.TRD.GNFS.ZS,1986,14.49
ARG,Argentina,NE.TRD.GNFS.ZS,1987,15.45
ARG,Argentina,NE.TRD.GNFS.ZS,1988,15.74
ARG,Argentina,NE.TRD.GNFS.ZS,1989,19.64
ARG,Argentina,NE.TRD.GNFS.ZS,1990,14.99
ARG,Argentina,NE.TRD.GNFS.ZS,1991,13.75
ARG,Argentina,NE.TRD.GNFS.ZS,1992,14.73
ARG,Argentina,NE.TRD.GNFS.ZS,1993,16.22
ARG,Argentina,NE.TRD.GNFS.ZS,1994,18.13
ARG,Argentina,NE.TRD.GNFS.ZS,1995,19.77
ARG,Argentina,NE.TRD.GNFS.ZS,1996,21.51
ARG,Argentina,NE.TRD.GNFS.ZS,1997,23.34
ARG,Argentina,NE.TRD.GNFS.ZS,1998,23.35
ARG,Argentina,NE.TRD.GNFS.ZS,1999,21.38
ARG,Argentina,NE.TRD.GNFS.ZS,2000,22.62
ARG,Argentina,NE.TRD.GNFS.ZS,2001,21.85
ARG,Argentina,NE.TRD.GNFS.ZS,2002,41.75
ARG,Argentina,NE.TRD.GNFS.ZS,2003,40.64
ARG,Argentina,NE.TRD.GNFS.ZS,2004,40.69
ARG,Argentina,NE.TRD.GNFS.ZS,2005,40.55
ARG,Argentina,NE.TRD.GNFS.ZS,2006,40.43
ARG,Argentina,NE.TRD.GNFS.ZS,2007,40.95
ARG,Argentina,NE.TRD.GNFS.ZS,2008,40.40
ARG,Argentina,NE.TRD.GNFS.ZS,2009,34.06
ARG,Argentina,NE.TRD.GNFS.ZS,2010,34.97
ARG,Argentina,NE.TRD.GNFS.ZS,2011,35.21
ARG,Argentina,NE.TRD.GNFS.ZS,2012,30.53
ARG,Argentina,NE.TRD.GNFS.ZS,2013,29.33
ARG,Argentina,NE.TRD.GNFS.ZS,2014,28.41
ARG,Argentina,NE.TRD.GNFS.ZS,2015,22.49
ARG,Argentina,NE.TRD.GNFS.ZS,2016,26.09
ARG,Argentina,NE.TRD.GNFS.ZS,2017,25.29
ARG,Argentina,NE.TRD.GNFS.ZS,2018,30.76
ARG,Argentina,NE.TRD.GNFS.ZS,2019,32.63
ARG,Argentina,NE.TRD.GNFS.ZS,2020,30.20
ARG,Argentina,NE.TRD.GNFS.ZS,2021,33.08
ARG,Argentina,NE.TRD.GNFS.ZS,2022,31.58
ARG,Argentina,NE.TRD.GNFS.ZS,2023,26.68
ARG,Argentina,NE.TRD.GNFS.ZS,2024,27.93
ARG,Argentina,NE.TRD.GNFS.ZS,2025,30.36
CHL,Chile,NE.TRD.GNFS.ZS,1960,28.20
CHL,Chile,NE.TRD.GNFS.ZS,1961,26.28
CHL,Chile,NE.TRD.GNFS.ZS,1962,23.59
CHL,Chile,NE.TRD.GNFS.ZS,1963,26.54
CHL,Chile,NE.TRD.GNFS.ZS,1964,25.05
CHL,Chile,NE.TRD.GNFS.ZS,1965,25.62
CHL,Chile,NE.TRD.GNFS.ZS,1966,27.38
CHL,Chile,NE.TRD.GNFS.ZS,1967,26.62
CHL,Chile,NE.TRD.GNFS.ZS,1968,26.45
CHL,Chile,NE.TRD.GNFS.ZS,1969,29.80
CHL,Chile,NE.TRD.GNFS.ZS,1970,27.97
CHL,Chile,NE.TRD.GNFS.ZS,1971,22.62
CHL,Chile,NE.TRD.GNFS.ZS,1972,22.30
CHL,Chile,NE.TRD.GNFS.ZS,1973,28.01
CHL,Chile,NE.TRD.GNFS.ZS,1974,37.96
CHL,Chile,NE.TRD.GNFS.ZS,1975,49.45
CHL,Chile,NE.TRD.GNFS.ZS,1976,43.47
CHL,Chile,NE.TRD.GNFS.ZS,1977,40.85
CHL,Chile,NE.TRD.GNFS.ZS,1978,42.46
CHL,Chile,NE.TRD.GNFS.ZS,1979,46.73
CHL,Chile,NE.TRD.GNFS.ZS,1980,47.23
CHL,Chile,NE.TRD.GNFS.ZS,1981,40.96
CHL,Chile,NE.TRD.GNFS.ZS,1982,39.50
CHL,Chile,NE.TRD.GNFS.ZS,1983,44.24
CHL,Chile,NE.TRD.GNFS.ZS,1984,46.55
CHL,Chile,NE.TRD.GNFS.ZS,1985,49.97
CHL,Chile,NE.TRD.GNFS.ZS,1986,51.24
CHL,Chile,NE.TRD.GNFS.ZS,1987,53.34
CHL,Chile,NE.TRD.GNFS.ZS,1988,58.16
CHL,Chile,NE.TRD.GNFS.ZS,1989,62.63
CHL,Chile,NE.TRD.GNFS.ZS,1990,61.21
CHL,Chile,NE.TRD.GNFS.ZS,1991,57.51
CHL,Chile,NE.TRD.GNFS.ZS,1992,55.54
CHL,Chile,NE.TRD.GNFS.ZS,1993,52.91
CHL,Chile,NE.TRD.GNFS.ZS,1994,52.81
CHL,Chile,NE.TRD.GNFS.ZS,1995,54.69
CHL,Chile,NE.TRD.GNFS.ZS,1996,53.92
CHL,Chile,NE.TRD.GNFS.ZS,1997,54.10
CHL,Chile,NE.TRD.GNFS.ZS,1998,53.84
CHL,Chile,NE.TRD.GNFS.ZS,1999,54.70
CHL,Chile,NE.TRD.GNFS.ZS,2000,58.71
CHL,Chile,NE.TRD.GNFS.ZS,2001,62.14
CHL,Chile,NE.TRD.GNFS.ZS,2002,62.48
CHL,Chile,NE.TRD.GNFS.ZS,2003,65.69
CHL,Chile,NE.TRD.GNFS.ZS,2004,69.89
CHL,Chile,NE.TRD.GNFS.ZS,2005,72.06
CHL,Chile,NE.TRD.GNFS.ZS,2006,73.71
CHL,Chile,NE.TRD.GNFS.ZS,2007,76.98
CHL,Chile,NE.TRD.GNFS.ZS,2008,80.68
CHL,Chile,NE.TRD.GNFS.ZS,2009,66.69
CHL,Chile,NE.TRD.GNFS.ZS,2010,69.72
CHL,Chile,NE.TRD.GNFS.ZS,2011,72.48
CHL,Chile,NE.TRD.GNFS.ZS,2012,68.16
CHL,Chile,NE.TRD.GNFS.ZS,2013,65.14
CHL,Chile,NE.TRD.GNFS.ZS,2014,65.63
CHL,Chile,NE.TRD.GNFS.ZS,2015,59.35
CHL,Chile,NE.TRD.GNFS.ZS,2016,56.06
CHL,Chile,NE.TRD.GNFS.ZS,2017,56.03
CHL,Chile,NE.TRD.GNFS.ZS,2018,58.18
CHL,Chile,NE.TRD.GNFS.ZS,2019,57.61
CHL,Chile,NE.TRD.GNFS.ZS,2020,58.17
CHL,Chile,NE.TRD.GNFS.ZS,2021,64.84
CHL,Chile,NE.TRD.GNFS.ZS,2022,75.23
CHL,Chile,NE.TRD.GNFS.ZS,2023,60.68
CHL,Chile,NE.TRD.GNFS.ZS,2024,63.96
CHL,Chile,NE.TRD.GNFS.ZS,2025,64.98
COL,Colômbia,NE.TRD.GNFS.ZS,1960,30.45
COL,Colômbia,NE.TRD.GNFS.ZS,1961,26.82
COL,Colômbia,NE.TRD.GNFS.ZS,1962,24.45
COL,Colômbia,NE.TRD.GNFS.ZS,1963,24.33
COL,Colômbia,NE.TRD.GNFS.ZS,1964,24.61
COL,Colômbia,NE.TRD.GNFS.ZS,1965,21.84
COL,Colômbia,NE.TRD.GNFS.ZS,1966,24.33
COL,Colômbia,NE.TRD.GNFS.ZS,1967,21.55
COL,Colômbia,NE.TRD.GNFS.ZS,1968,24.58
COL,Colômbia,NE.TRD.GNFS.ZS,1969,25.55
COL,Colômbia,NE.TRD.GNFS.ZS,1970,27.83
COL,Colômbia,NE.TRD.GNFS.ZS,1971,27.98
COL,Colômbia,NE.TRD.GNFS.ZS,1972,26.05
COL,Colômbia,NE.TRD.GNFS.ZS,1973,27.59
COL,Colômbia,NE.TRD.GNFS.ZS,1974,30.17
COL,Colômbia,NE.TRD.GNFS.ZS,1975,29.83
COL,Colômbia,NE.TRD.GNFS.ZS,1976,30.94
COL,Colômbia,NE.TRD.GNFS.ZS,1977,30.06
COL,Colômbia,NE.TRD.GNFS.ZS,1978,30.42
COL,Colômbia,NE.TRD.GNFS.ZS,1979,28.66
COL,Colômbia,NE.TRD.GNFS.ZS,1980,31.81
COL,Colômbia,NE.TRD.GNFS.ZS,1981,27.27
COL,Colômbia,NE.TRD.GNFS.ZS,1982,26.10
COL,Colômbia,NE.TRD.GNFS.ZS,1983,23.70
COL,Colômbia,NE.TRD.GNFS.ZS,1984,24.35
COL,Colômbia,NE.TRD.GNFS.ZS,1985,26.33
COL,Colômbia,NE.TRD.GNFS.ZS,1986,30.83
COL,Colômbia,NE.TRD.GNFS.ZS,1987,29.87
COL,Colômbia,NE.TRD.GNFS.ZS,1988,30.14
COL,Colômbia,NE.TRD.GNFS.ZS,1989,31.82
COL,Colômbia,NE.TRD.GNFS.ZS,1990,34.78
COL,Colômbia,NE.TRD.GNFS.ZS,1991,33.53
COL,Colômbia,NE.TRD.GNFS.ZS,1992,33.61
COL,Colômbia,NE.TRD.GNFS.ZS,1993,36.18
COL,Colômbia,NE.TRD.GNFS.ZS,1994,35.92
COL,Colômbia,NE.TRD.GNFS.ZS,1995,35.50
COL,Colômbia,NE.TRD.GNFS.ZS,1996,36.04
COL,Colômbia,NE.TRD.GNFS.ZS,1997,35.60
COL,Colômbia,NE.TRD.GNFS.ZS,1998,35.91
COL,Colômbia,NE.TRD.GNFS.ZS,1999,36.15
COL,Colômbia,NE.TRD.GNFS.ZS,2000,32.67
COL,Colômbia,NE.TRD.GNFS.ZS,2001,33.90
COL,Colômbia,NE.TRD.GNFS.ZS,2002,32.98
COL,Colômbia,NE.TRD.GNFS.ZS,2003,36.52
COL,Colômbia,NE.TRD.GNFS.ZS,2004,35.86
COL,Colômbia,NE.TRD.GNFS.ZS,2005,37.42
COL,Colômbia,NE.TRD.GNFS.ZS,2006,39.64
COL,Colômbia,NE.TRD.GNFS.ZS,2007,37.10
COL,Colômbia,NE.TRD.GNFS.ZS,2008,39.17
COL,Colômbia,NE.TRD.GNFS.ZS,2009,35.16
COL,Colômbia,NE.TRD.GNFS.ZS,2010,34.26
COL,Colômbia,NE.TRD.GNFS.ZS,2011,39.47
COL,Colômbia,NE.TRD.GNFS.ZS,2012,38.84
COL,Colômbia,NE.TRD.GNFS.ZS,2013,37.99
COL,Colômbia,NE.TRD.GNFS.ZS,2014,37.49
COL,Colômbia,NE.TRD.GNFS.ZS,2015,38.36
COL,Colômbia,NE.TRD.GNFS.ZS,2016,36.20
COL,Colômbia,NE.TRD.GNFS.ZS,2017,35.28
COL,Colômbia,NE.TRD.GNFS.ZS,2018,36.53
COL,Colômbia,NE.TRD.GNFS.ZS,2019,37.56
COL,Colômbia,NE.TRD.GNFS.ZS,2020,34.06
COL,Colômbia,NE.TRD.GNFS.ZS,2021,40.06
COL,Colômbia,NE.TRD.GNFS.ZS,2022,48.28
COL,Colômbia,NE.TRD.GNFS.ZS,2023,40.13
COL,Colômbia,NE.TRD.GNFS.ZS,2024,36.32
COL,Colômbia,NE.TRD.GNFS.ZS,2025,35.37
MEX,México,NE.TRD.GNFS.ZS,1960,20.17
MEX,México,NE.TRD.GNFS.ZS,1961,19.03
MEX,México,NE.TRD.GNFS.ZS,1962,18.68
MEX,México,NE.TRD.GNFS.ZS,1963,18.27
MEX,México,NE.TRD.GNFS.ZS,1964,17.49
MEX,México,NE.TRD.GNFS.ZS,1965,17.16
MEX,México,NE.TRD.GNFS.ZS,1966,16.48
MEX,México,NE.TRD.GNFS.ZS,1967,15.88
MEX,México,NE.TRD.GNFS.ZS,1968,16.39
MEX,México,NE.TRD.GNFS.ZS,1969,16.82
MEX,México,NE.TRD.GNFS.ZS,1970,17.41
MEX,México,NE.TRD.GNFS.ZS,1971,16.36
MEX,México,NE.TRD.GNFS.ZS,1972,16.89
MEX,México,NE.TRD.GNFS.ZS,1973,17.88
MEX,México,NE.TRD.GNFS.ZS,1974,18.98
MEX,México,NE.TRD.GNFS.ZS,1975,16.51
MEX,México,NE.TRD.GNFS.ZS,1976,18.36
MEX,México,NE.TRD.GNFS.ZS,1977,20.54
MEX,México,NE.TRD.GNFS.ZS,1978,21.51
MEX,México,NE.TRD.GNFS.ZS,1979,23.64
MEX,México,NE.TRD.GNFS.ZS,1980,22.43
MEX,México,NE.TRD.GNFS.ZS,1981,22.12
MEX,México,NE.TRD.GNFS.ZS,1982,24.13
MEX,México,NE.TRD.GNFS.ZS,1983,27.10
MEX,México,NE.TRD.GNFS.ZS,1984,25.67
MEX,México,NE.TRD.GNFS.ZS,1985,24.33
MEX,México,NE.TRD.GNFS.ZS,1986,29.61
MEX,México,NE.TRD.GNFS.ZS,1987,31.26
MEX,México,NE.TRD.GNFS.ZS,1988,38.79
MEX,México,NE.TRD.GNFS.ZS,1989,38.33
MEX,México,NE.TRD.GNFS.ZS,1990,38.52
MEX,México,NE.TRD.GNFS.ZS,1991,35.79
MEX,México,NE.TRD.GNFS.ZS,1992,35.55
MEX,México,NE.TRD.GNFS.ZS,1993,26.16
MEX,México,NE.TRD.GNFS.ZS,1994,29.16
MEX,México,NE.TRD.GNFS.ZS,1995,43.67
MEX,México,NE.TRD.GNFS.ZS,1996,47.77
MEX,México,NE.TRD.GNFS.ZS,1997,46.49
MEX,México,NE.TRD.GNFS.ZS,1998,48.03
MEX,México,NE.TRD.GNFS.ZS,1999,48.01
MEX,México,NE.TRD.GNFS.ZS,2000,49.91
MEX,México,NE.TRD.GNFS.ZS,2001,44.74
MEX,México,NE.TRD.GNFS.ZS,2002,45.21
MEX,México,NE.TRD.GNFS.ZS,2003,48.70
MEX,México,NE.TRD.GNFS.ZS,2004,52.04
MEX,México,NE.TRD.GNFS.ZS,2005,52.56
MEX,México,NE.TRD.GNFS.ZS,2006,54.48
MEX,México,NE.TRD.GNFS.ZS,2007,55.26
MEX,México,NE.TRD.GNFS.ZS,2008,56.37
MEX,México,NE.TRD.GNFS.ZS,2009,54.59
MEX,México,NE.TRD.GNFS.ZS,2010,59.27
MEX,México,NE.TRD.GNFS.ZS,2011,62.16
MEX,México,NE.TRD.GNFS.ZS,2012,64.26
MEX,México,NE.TRD.GNFS.ZS,2013,62.69
MEX,México,NE.TRD.GNFS.ZS,2014,64.10
MEX,México,NE.TRD.GNFS.ZS,2015,70.41
MEX,México,NE.TRD.GNFS.ZS,2016,75.69
MEX,México,NE.TRD.GNFS.ZS,2017,76.95
MEX,México,NE.TRD.GNFS.ZS,2018,80.21
MEX,México,NE.TRD.GNFS.ZS,2019,77.46
MEX,México,NE.TRD.GNFS.ZS,2020,76.85
MEX,México,NE.TRD.GNFS.ZS,2021,83.07
MEX,México,NE.TRD.GNFS.ZS,2022,88.80
MEX,México,NE.TRD.GNFS.ZS,2023,73.74
MEX,México,NE.TRD.GNFS.ZS,2024,75.43
MEX,México,NE.TRD.GNFS.ZS,2025,79.92
PER,Peru,NE.TRD.GNFS.ZS,1960,40.48
PER,Peru,NE.TRD.GNFS.ZS,1961,43.01
PER,Peru,NE.TRD.GNFS.ZS,1962,41.93
PER,Peru,NE.TRD.GNFS.ZS,1963,40.03
PER,Peru,NE.TRD.GNFS.ZS,1964,37.31
PER,Peru,NE.TRD.GNFS.ZS,1965,34.66
PER,Peru,NE.TRD.GNFS.ZS,1966,34.73
PER,Peru,NE.TRD.GNFS.ZS,1967,35.60
PER,Peru,NE.TRD.GNFS.ZS,1968,36.98
PER,Peru,NE.TRD.GNFS.ZS,1969,34.29
PER,Peru,NE.TRD.GNFS.ZS,1970,32.99
PER,Peru,NE.TRD.GNFS.ZS,1971,28.61
PER,Peru,NE.TRD.GNFS.ZS,1972,28.15
PER,Peru,NE.TRD.GNFS.ZS,1973,28.67
PER,Peru,NE.TRD.GNFS.ZS,1974,35.46
PER,Peru,NE.TRD.GNFS.ZS,1975,31.92
PER,Peru,NE.TRD.GNFS.ZS,1976,31.42
PER,Peru,NE.TRD.GNFS.ZS,1977,37.59
PER,Peru,NE.TRD.GNFS.ZS,1978,39.71
PER,Peru,NE.TRD.GNFS.ZS,1979,45.59
PER,Peru,NE.TRD.GNFS.ZS,1980,47.64
PER,Peru,NE.TRD.GNFS.ZS,1981,41.28
PER,Peru,NE.TRD.GNFS.ZS,1982,41.07
PER,Peru,NE.TRD.GNFS.ZS,1983,43.24
PER,Peru,NE.TRD.GNFS.ZS,1984,39.19
PER,Peru,NE.TRD.GNFS.ZS,1985,44.88
PER,Peru,NE.TRD.GNFS.ZS,1986,34.52
PER,Peru,NE.TRD.GNFS.ZS,1987,27.35
PER,Peru,NE.TRD.GNFS.ZS,1988,33.22
PER,Peru,NE.TRD.GNFS.ZS,1989,22.54
PER,Peru,NE.TRD.GNFS.ZS,1990,29.47
PER,Peru,NE.TRD.GNFS.ZS,1991,26.66
PER,Peru,NE.TRD.GNFS.ZS,1992,27.98
PER,Peru,NE.TRD.GNFS.ZS,1993,28.77
PER,Peru,NE.TRD.GNFS.ZS,1994,28.92
PER,Peru,NE.TRD.GNFS.ZS,1995,30.93
PER,Peru,NE.TRD.GNFS.ZS,1996,31.65
PER,Peru,NE.TRD.GNFS.ZS,1997,33.47
PER,Peru,NE.TRD.GNFS.ZS,1998,32.95
PER,Peru,NE.TRD.GNFS.ZS,1999,33.21
PER,Peru,NE.TRD.GNFS.ZS,2000,35.54
PER,Peru,NE.TRD.GNFS.ZS,2001,35.06
PER,Peru,NE.TRD.GNFS.ZS,2002,35.25
PER,Peru,NE.TRD.GNFS.ZS,2003,37.62
PER,Peru,NE.TRD.GNFS.ZS,2004,41.94
PER,Peru,NE.TRD.GNFS.ZS,2005,47.36
PER,Peru,NE.TRD.GNFS.ZS,2006,51.79
PER,Peru,NE.TRD.GNFS.ZS,2007,55.69
PER,Peru,NE.TRD.GNFS.ZS,2008,58.43
PER,Peru,NE.TRD.GNFS.ZS,2009,48.11
PER,Peru,NE.TRD.GNFS.ZS,2010,51.67
PER,Peru,NE.TRD.GNFS.ZS,2011,55.99
PER,Peru,NE.TRD.GNFS.ZS,2012,52.62
PER,Peru,NE.TRD.GNFS.ZS,2013,49.79
PER,Peru,NE.TRD.GNFS.ZS,2014,46.85
PER,Peru,NE.TRD.GNFS.ZS,2015,45.16
PER,Peru,NE.TRD.GNFS.ZS,2016,45.39
PER,Peru,NE.TRD.GNFS.ZS,2017,47.51
PER,Peru,NE.TRD.GNFS.ZS,2018,48.63
PER,Peru,NE.TRD.GNFS.ZS,2019,46.94
PER,Peru,NE.TRD.GNFS.ZS,2020,44.25
PER,Peru,NE.TRD.GNFS.ZS,2021,55.41
PER,Peru,NE.TRD.GNFS.ZS,2022,57.27
PER,Peru,NE.TRD.GNFS.ZS,2023,50.91
PER,Peru,NE.TRD.GNFS.ZS,2024,51.68
PER,Peru,NE.TRD.GNFS.ZS,2025,51.82
USA,Estados Unidos,NE.TRD.GNFS.ZS,1970,10.76
USA,Estados Unidos,NE.TRD.GNFS.ZS,1971,10.76
USA,Estados Unidos,NE.TRD.GNFS.ZS,1972,11.34
USA,Estados Unidos,NE.TRD.GNFS.ZS,1973,13.08
USA,Estados Unidos,NE.TRD.GNFS.ZS,1974,16.44
USA,Estados Unidos,NE.TRD.GNFS.ZS,1975,15.52
USA,Estados Unidos,NE.TRD.GNFS.ZS,1976,16.05
USA,Estados Unidos,NE.TRD.GNFS.ZS,1977,16.42
USA,Estados Unidos,NE.TRD.GNFS.ZS,1978,16.97
USA,Estados Unidos,NE.TRD.GNFS.ZS,1979,18.38
USA,Estados Unidos,NE.TRD.GNFS.ZS,1980,20.11
USA,Estados Unidos,NE.TRD.GNFS.ZS,1981,19.43
USA,Estados Unidos,NE.TRD.GNFS.ZS,1982,17.54
USA,Estados Unidos,NE.TRD.GNFS.ZS,1983,16.67
USA,Estados Unidos,NE.TRD.GNFS.ZS,1984,17.52
USA,Estados Unidos,NE.TRD.GNFS.ZS,1985,16.60
USA,Estados Unidos,NE.TRD.GNFS.ZS,1986,16.90
USA,Estados Unidos,NE.TRD.GNFS.ZS,1987,17.97
USA,Estados Unidos,NE.TRD.GNFS.ZS,1988,19.07
USA,Estados Unidos,NE.TRD.GNFS.ZS,1989,19.42
USA,Estados Unidos,NE.TRD.GNFS.ZS,1990,19.82
USA,Estados Unidos,NE.TRD.GNFS.ZS,1991,19.79
USA,Estados Unidos,NE.TRD.GNFS.ZS,1992,19.95
USA,Estados Unidos,NE.TRD.GNFS.ZS,1993,20.04
USA,Estados Unidos,NE.TRD.GNFS.ZS,1994,21.06
USA,Estados Unidos,NE.TRD.GNFS.ZS,1995,22.45
USA,Estados Unidos,NE.TRD.GNFS.ZS,1996,22.69
USA,Estados Unidos,NE.TRD.GNFS.ZS,1997,23.43
USA,Estados Unidos,NE.TRD.GNFS.ZS,1998,22.83
USA,Estados Unidos,NE.TRD.GNFS.ZS,1999,23.31
USA,Estados Unidos,NE.TRD.GNFS.ZS,2000,25.10
USA,Estados Unidos,NE.TRD.GNFS.ZS,2001,22.97
USA,Estados Unidos,NE.TRD.GNFS.ZS,2002,22.29
USA,Estados Unidos,NE.TRD.GNFS.ZS,2003,22.63
USA,Estados Unidos,NE.TRD.GNFS.ZS,2004,24.45
USA,Estados Unidos,NE.TRD.GNFS.ZS,2005,25.64
USA,Estados Unidos,NE.TRD.GNFS.ZS,2006,26.98
USA,Estados Unidos,NE.TRD.GNFS.ZS,2007,28.01
USA,Estados Unidos,NE.TRD.GNFS.ZS,2008,29.87
USA,Estados Unidos,NE.TRD.GNFS.ZS,2009,24.76
USA,Estados Unidos,NE.TRD.GNFS.ZS,2010,28.22
USA,Estados Unidos,NE.TRD.GNFS.ZS,2011,30.84
USA,Estados Unidos,NE.TRD.GNFS.ZS,2012,30.68
USA,Estados Unidos,NE.TRD.GNFS.ZS,2013,29.94
USA,Estados Unidos,NE.TRD.GNFS.ZS,2014,29.91
USA,Estados Unidos,NE.TRD.GNFS.ZS,2015,27.69
USA,Estados Unidos,NE.TRD.GNFS.ZS,2016,26.45
USA,Estados Unidos,NE.TRD.GNFS.ZS,2017,27.13
USA,Estados Unidos,NE.TRD.GNFS.ZS,2018,27.45
USA,Estados Unidos,NE.TRD.GNFS.ZS,2019,26.26
USA,Estados Unidos,NE.TRD.GNFS.ZS,2020,23.14
USA,Estados Unidos,NE.TRD.GNFS.ZS,2021,25.23
USA,Estados Unidos,NE.TRD.GNFS.ZS,2022,26.91
USA,Estados Unidos,NE.TRD.GNFS.ZS,2023,24.93
USA,Estados Unidos,NE.TRD.GNFS.ZS,2024,25.02
CHN,China,NE.TRD.GNFS.ZS,1960,6.31
CHN,China,NE.TRD.GNFS.ZS,1961,5.81
CHN,China,NE.TRD.GNFS.ZS,1962,5.57
CHN,China,NE.TRD.GNFS.ZS,1963,5.66
CHN,China,NE.TRD.GNFS.ZS,1964,5.72
CHN,China,NE.TRD.GNFS.ZS,1965,5.90
CHN,China,NE.TRD.GNFS.ZS,1966,5.93
CHN,China,NE.TRD.GNFS.ZS,1967,5.58
CHN,China,NE.TRD.GNFS.ZS,1968,5.58
CHN,China,NE.TRD.GNFS.ZS,1969,4.94
CHN,China,NE.TRD.GNFS.ZS,1970,4.83
CHN,China,NE.TRD.GNFS.ZS,1971,4.95
CHN,China,NE.TRD.GNFS.ZS,1972,5.67
CHN,China,NE.TRD.GNFS.ZS,1973,8.08
CHN,China,NE.TRD.GNFS.ZS,1974,10.34
CHN,China,NE.TRD.GNFS.ZS,1975,9.98
CHN,China,NE.TRD.GNFS.ZS,1976,9.59
CHN,China,NE.TRD.GNFS.ZS,1977,9.32
CHN,China,NE.TRD.GNFS.ZS,1978,15.40
CHN,China,NE.TRD.GNFS.ZS,1979,16.52
CHN,China,NE.TRD.GNFS.ZS,1980,21.54
CHN,China,NE.TRD.GNFS.ZS,1981,23.74
CHN,China,NE.TRD.GNFS.ZS,1982,19.66
CHN,China,NE.TRD.GNFS.ZS,1983,17.89
CHN,China,NE.TRD.GNFS.ZS,1984,19.00
CHN,China,NE.TRD.GNFS.ZS,1985,20.67
CHN,China,NE.TRD.GNFS.ZS,1986,19.85
CHN,China,NE.TRD.GNFS.ZS,1987,24.81
CHN,China,NE.TRD.GNFS.ZS,1988,30.01
CHN,China,NE.TRD.GNFS.ZS,1989,25.06
CHN,China,NE.TRD.GNFS.ZS,1990,24.23
CHN,China,NE.TRD.GNFS.ZS,1991,25.87
CHN,China,NE.TRD.GNFS.ZS,1992,30.03
CHN,China,NE.TRD.GNFS.ZS,1993,35.91
CHN,China,NE.TRD.GNFS.ZS,1994,35.61
CHN,China,NE.TRD.GNFS.ZS,1995,34.10
CHN,China,NE.TRD.GNFS.ZS,1996,33.63
CHN,China,NE.TRD.GNFS.ZS,1997,34.31
CHN,China,NE.TRD.GNFS.ZS,1998,32.17
CHN,China,NE.TRD.GNFS.ZS,1999,33.23
CHN,China,NE.TRD.GNFS.ZS,2000,39.01
CHN,China,NE.TRD.GNFS.ZS,2001,38.08
CHN,China,NE.TRD.GNFS.ZS,2002,42.19
CHN,China,NE.TRD.GNFS.ZS,2003,51.08
CHN,China,NE.TRD.GNFS.ZS,2004,58.64
CHN,China,NE.TRD.GNFS.ZS,2005,61.36
CHN,China,NE.TRD.GNFS.ZS,2006,63.57
CHN,China,NE.TRD.GNFS.ZS,2007,61.27
CHN,China,NE.TRD.GNFS.ZS,2008,56.71
CHN,China,NE.TRD.GNFS.ZS,2009,44.42
CHN,China,NE.TRD.GNFS.ZS,2010,49.85
CHN,China,NE.TRD.GNFS.ZS,2011,49.95
CHN,China,NE.TRD.GNFS.ZS,2012,47.48
CHN,China,NE.TRD.GNFS.ZS,2013,45.92
CHN,China,NE.TRD.GNFS.ZS,2014,44.07
CHN,China,NE.TRD.GNFS.ZS,2015,38.70
CHN,China,NE.TRD.GNFS.ZS,2016,36.18
CHN,China,NE.TRD.GNFS.ZS,2017,36.95
CHN,China,NE.TRD.GNFS.ZS,2018,36.89
CHN,China,NE.TRD.GNFS.ZS,2019,35.45
CHN,China,NE.TRD.GNFS.ZS,2020,34.34
CHN,China,NE.TRD.GNFS.ZS,2021,36.64
CHN,China,NE.TRD.GNFS.ZS,2022,37.51
CHN,China,NE.TRD.GNFS.ZS,2023,36.74
CHN,China,NE.TRD.GNFS.ZS,2024,37.96
CHN,China,NE.TRD.GNFS.ZS,2025,37.96
IND,Índia,NE.TRD.GNFS.ZS,1960,11.30
IND,Índia,NE.TRD.GNFS.ZS,1961,10.26
IND,Índia,NE.TRD.GNFS.ZS,1962,10.20
IND,Índia,NE.TRD.GNFS.ZS,1963,10.19
IND,Índia,NE.TRD.GNFS.ZS,1964,9.41
IND,Índia,NE.TRD.GNFS.ZS,1965,8.52
IND,Índia,NE.TRD.GNFS.ZS,1966,10.81
IND,Índia,NE.TRD.GNFS.ZS,1967,9.98
IND,Índia,NE.TRD.GNFS.ZS,1968,8.98
IND,Índia,NE.TRD.GNFS.ZS,1969,7.74
IND,Índia,NE.TRD.GNFS.ZS,1970,7.66
IND,Índia,NE.TRD.GNFS.ZS,1971,7.67
IND,Índia,NE.TRD.GNFS.ZS,1972,7.74
IND,Índia,NE.TRD.GNFS.ZS,1973,8.93
IND,Índia,NE.TRD.GNFS.ZS,1974,10.85
IND,Índia,NE.TRD.GNFS.ZS,1975,12.29
IND,Índia,NE.TRD.GNFS.ZS,1976,12.80
IND,Índia,NE.TRD.GNFS.ZS,1977,12.65
IND,Índia,NE.TRD.GNFS.ZS,1978,12.90
IND,Índia,NE.TRD.GNFS.ZS,1979,14.92
IND,Índia,NE.TRD.GNFS.ZS,1980,15.38
IND,Índia,NE.TRD.GNFS.ZS,1981,14.51
IND,Índia,NE.TRD.GNFS.ZS,1982,14.13
IND,Índia,NE.TRD.GNFS.ZS,1983,13.69
IND,Índia,NE.TRD.GNFS.ZS,1984,14.01
IND,Índia,NE.TRD.GNFS.ZS,1985,12.90
IND,Índia,NE.TRD.GNFS.ZS,1986,12.22
IND,Índia,NE.TRD.GNFS.ZS,1987,12.58
IND,Índia,NE.TRD.GNFS.ZS,1988,13.49
IND,Índia,NE.TRD.GNFS.ZS,1989,15.17
IND,Índia,NE.TRD.GNFS.ZS,1990,15.51
IND,Índia,NE.TRD.GNFS.ZS,1991,16.99
IND,Índia,NE.TRD.GNFS.ZS,1992,18.43
IND,Índia,NE.TRD.GNFS.ZS,1993,19.65
IND,Índia,NE.TRD.GNFS.ZS,1994,20.08
IND,Índia,NE.TRD.GNFS.ZS,1995,22.87
IND,Índia,NE.TRD.GNFS.ZS,1996,21.93
IND,Índia,NE.TRD.GNFS.ZS,1997,22.62
IND,Índia,NE.TRD.GNFS.ZS,1998,23.70
IND,Índia,NE.TRD.GNFS.ZS,1999,24.82
IND,Índia,NE.TRD.GNFS.ZS,2000,26.90
IND,Índia,NE.TRD.GNFS.ZS,2001,25.99
IND,Índia,NE.TRD.GNFS.ZS,2002,29.51
IND,Índia,NE.TRD.GNFS.ZS,2003,30.59
IND,Índia,NE.TRD.GNFS.ZS,2004,37.50
IND,Índia,NE.TRD.GNFS.ZS,2005,42.00
IND,Índia,NE.TRD.GNFS.ZS,2006,45.72
IND,Índia,NE.TRD.GNFS.ZS,2007,45.69
IND,Índia,NE.TRD.GNFS.ZS,2008,53.37
IND,Índia,NE.TRD.GNFS.ZS,2009,46.27
IND,Índia,NE.TRD.GNFS.ZS,2010,49.26
IND,Índia,NE.TRD.GNFS.ZS,2011,55.62
IND,Índia,NE.TRD.GNFS.ZS,2012,55.79
IND,Índia,NE.TRD.GNFS.ZS,2013,53.84
IND,Índia,NE.TRD.GNFS.ZS,2014,48.92
IND,Índia,NE.TRD.GNFS.ZS,2015,41.92
IND,Índia,NE.TRD.GNFS.ZS,2016,40.08
IND,Índia,NE.TRD.GNFS.ZS,2017,40.74
IND,Índia,NE.TRD.GNFS.ZS,2018,43.62
IND,Índia,NE.TRD.GNFS.ZS,2019,39.91
IND,Índia,NE.TRD.GNFS.ZS,2020,37.76
IND,Índia,NE.TRD.GNFS.ZS,2021,45.42
IND,Índia,NE.TRD.GNFS.ZS,2022,50.70
IND,Índia,NE.TRD.GNFS.ZS,2023,46.32
IND,Índia,NE.TRD.GNFS.ZS,2024,45.92
IND,Índia,NE.TRD.GNFS.ZS,2025,46.27
KOR,Coreia do Sul,NE.TRD.GNFS.ZS,1960,14.55
KOR,Coreia do Sul,NE.TRD.GNFS.ZS,1961,17.93
KOR,Coreia do Sul,NE.TRD.GNFS.ZS,1962,19.40
KOR,Coreia do Sul,NE.TRD.GNFS.ZS,1963,18.52
KOR,Coreia do Sul,NE.TRD.GNFS.ZS,1964,17.26
KOR,Coreia do Sul,NE.TRD.GNFS.ZS,1965,21.32
KOR,Coreia do Sul,NE.TRD.GNFS.ZS,1966,26.47
KOR,Coreia do Sul,NE.TRD.GNFS.ZS,1967,28.56
KOR,Coreia do Sul,NE.TRD.GNFS.ZS,1968,32.52
KOR,Coreia do Sul,NE.TRD.GNFS.ZS,1969,32.79
KOR,Coreia do Sul,NE.TRD.GNFS.ZS,1970,32.25
KOR,Coreia do Sul,NE.TRD.GNFS.ZS,1971,35.29
KOR,Coreia do Sul,NE.TRD.GNFS.ZS,1972,37.54
KOR,Coreia do Sul,NE.TRD.GNFS.ZS,1973,50.82
KOR,Coreia do Sul,NE.TRD.GNFS.ZS,1974,54.56
KOR,Coreia do Sul,NE.TRD.GNFS.ZS,1975,53.04
KOR,Coreia do Sul,NE.TRD.GNFS.ZS,1976,52.96
KOR,Coreia do Sul,NE.TRD.GNFS.ZS,1977,52.97
KOR,Coreia do Sul,NE.TRD.GNFS.ZS,1978,53.25
KOR,Coreia do Sul,NE.TRD.GNFS.ZS,1979,53.52
KOR,Coreia do Sul,NE.TRD.GNFS.ZS,1980,64.23
KOR,Coreia do Sul,NE.TRD.GNFS.ZS,1981,65.73
KOR,Coreia do Sul,NE.TRD.GNFS.ZS,1982,58.95
KOR,Coreia do Sul,NE.TRD.GNFS.ZS,1983,56.61
KOR,Coreia do Sul,NE.TRD.GNFS.ZS,1984,56.00
KOR,Coreia do Sul,NE.TRD.GNFS.ZS,1985,51.33
KOR,Coreia do Sul,NE.TRD.GNFS.ZS,1986,58.42
KOR,Coreia do Sul,NE.TRD.GNFS.ZS,1987,61.11
KOR,Coreia do Sul,NE.TRD.GNFS.ZS,1988,56.93
KOR,Coreia do Sul,NE.TRD.GNFS.ZS,1989,51.33
KOR,Coreia do Sul,NE.TRD.GNFS.ZS,1990,49.19
KOR,Coreia do Sul,NE.TRD.GNFS.ZS,1991,48.29
KOR,Coreia do Sul,NE.TRD.GNFS.ZS,1992,47.21
KOR,Coreia do Sul,NE.TRD.GNFS.ZS,1993,45.42
KOR,Coreia do Sul,NE.TRD.GNFS.ZS,1994,47.74
KOR,Coreia do Sul,NE.TRD.GNFS.ZS,1995,51.40
KOR,Coreia do Sul,NE.TRD.GNFS.ZS,1996,51.61
KOR,Coreia do Sul,NE.TRD.GNFS.ZS,1997,55.89
KOR,Coreia do Sul,NE.TRD.GNFS.ZS,1998,66.33
KOR,Coreia do Sul,NE.TRD.GNFS.ZS,1999,57.89
KOR,Coreia do Sul,NE.TRD.GNFS.ZS,2000,64.06
KOR,Coreia do Sul,NE.TRD.GNFS.ZS,2001,60.43
KOR,Coreia do Sul,NE.TRD.GNFS.ZS,2002,56.67
KOR,Coreia do Sul,NE.TRD.GNFS.ZS,2003,59.42
KOR,Coreia do Sul,NE.TRD.GNFS.ZS,2004,67.93
KOR,Coreia do Sul,NE.TRD.GNFS.ZS,2005,66.17
KOR,Coreia do Sul,NE.TRD.GNFS.ZS,2006,68.37
KOR,Coreia do Sul,NE.TRD.GNFS.ZS,2007,71.32
KOR,Coreia do Sul,NE.TRD.GNFS.ZS,2008,92.08
KOR,Coreia do Sul,NE.TRD.GNFS.ZS,2009,83.12
KOR,Coreia do Sul,NE.TRD.GNFS.ZS,2010,88.03
KOR,Coreia do Sul,NE.TRD.GNFS.ZS,2011,101.68
KOR,Coreia do Sul,NE.TRD.GNFS.ZS,2012,101.52
KOR,Coreia do Sul,NE.TRD.GNFS.ZS,2013,94.17
KOR,Coreia do Sul,NE.TRD.GNFS.ZS,2014,86.93
KOR,Coreia do Sul,NE.TRD.GNFS.ZS,2015,75.39
KOR,Coreia do Sul,NE.TRD.GNFS.ZS,2016,69.90
KOR,Coreia do Sul,NE.TRD.GNFS.ZS,2017,73.19
KOR,Coreia do Sul,NE.TRD.GNFS.ZS,2018,74.71
KOR,Coreia do Sul,NE.TRD.GNFS.ZS,2019,71.45
KOR,Coreia do Sul,NE.TRD.GNFS.ZS,2020,65.54
KOR,Coreia do Sul,NE.TRD.GNFS.ZS,2021,75.31
KOR,Coreia do Sul,NE.TRD.GNFS.ZS,2022,90.59
KOR,Coreia do Sul,NE.TRD.GNFS.ZS,2023,82.26
KOR,Coreia do Sul,NE.TRD.GNFS.ZS,2024,84.64
KOR,Coreia do Sul,NE.TRD.GNFS.ZS,2025,86.36
ZAF,África do Sul,NE.TRD.GNFS.ZS,1960,46.86
ZAF,África do Sul,NE.TRD.GNFS.ZS,1961,43.75
ZAF,África do Sul,NE.TRD.GNFS.ZS,1962,43.35
ZAF,África do Sul,NE.TRD.GNFS.ZS,1963,44.98
ZAF,África do Sul,NE.TRD.GNFS.ZS,1964,45.95
ZAF,África do Sul,NE.TRD.GNFS.ZS,1965,45.52
ZAF,África do Sul,NE.TRD.GNFS.ZS,1966,42.09
ZAF,África do Sul,NE.TRD.GNFS.ZS,1967,42.49
ZAF,África do Sul,NE.TRD.GNFS.ZS,1968,41.29
ZAF,África do Sul,NE.TRD.GNFS.ZS,1969,39.62
ZAF,África do Sul,NE.TRD.GNFS.ZS,1970,39.79
ZAF,África do Sul,NE.TRD.GNFS.ZS,1971,40.50
ZAF,África do Sul,NE.TRD.GNFS.ZS,1972,40.77
ZAF,África do Sul,NE.TRD.GNFS.ZS,1973,41.15
ZAF,África do Sul,NE.TRD.GNFS.ZS,1974,48.80
ZAF,África do Sul,NE.TRD.GNFS.ZS,1975,49.81
ZAF,África do Sul,NE.TRD.GNFS.ZS,1976,48.88
ZAF,África do Sul,NE.TRD.GNFS.ZS,1977,48.21
ZAF,África do Sul,NE.TRD.GNFS.ZS,1978,50.95
ZAF,África do Sul,NE.TRD.GNFS.ZS,1979,54.11
ZAF,África do Sul,NE.TRD.GNFS.ZS,1980,56.51
ZAF,África do Sul,NE.TRD.GNFS.ZS,1981,52.19
ZAF,África do Sul,NE.TRD.GNFS.ZS,1982,47.14
ZAF,África do Sul,NE.TRD.GNFS.ZS,1983,40.26
ZAF,África do Sul,NE.TRD.GNFS.ZS,1984,43.39
ZAF,África do Sul,NE.TRD.GNFS.ZS,1985,47.95
ZAF,África do Sul,NE.TRD.GNFS.ZS,1986,46.65
ZAF,África do Sul,NE.TRD.GNFS.ZS,1987,44.97
ZAF,África do Sul,NE.TRD.GNFS.ZS,1988,45.85
ZAF,África do Sul,NE.TRD.GNFS.ZS,1989,42.70
ZAF,África do Sul,NE.TRD.GNFS.ZS,1990,38.21
ZAF,África do Sul,NE.TRD.GNFS.ZS,1991,34.88
ZAF,África do Sul,NE.TRD.GNFS.ZS,1992,34.32
ZAF,África do Sul,NE.TRD.GNFS.ZS,1993,35.70
ZAF,África do Sul,NE.TRD.GNFS.ZS,1994,37.11
ZAF,África do Sul,NE.TRD.GNFS.ZS,1995,39.48
ZAF,África do Sul,NE.TRD.GNFS.ZS,1996,42.20
ZAF,África do Sul,NE.TRD.GNFS.ZS,1997,42.30
ZAF,África do Sul,NE.TRD.GNFS.ZS,1998,44.04
ZAF,África do Sul,NE.TRD.GNFS.ZS,1999,42.26
ZAF,África do Sul,NE.TRD.GNFS.ZS,2000,46.22
ZAF,África do Sul,NE.TRD.GNFS.ZS,2001,49.17
ZAF,África do Sul,NE.TRD.GNFS.ZS,2002,53.47
ZAF,África do Sul,NE.TRD.GNFS.ZS,2003,45.72
ZAF,África do Sul,NE.TRD.GNFS.ZS,2004,45.64
ZAF,África do Sul,NE.TRD.GNFS.ZS,2005,47.43
ZAF,África do Sul,NE.TRD.GNFS.ZS,2006,53.77
ZAF,África do Sul,NE.TRD.GNFS.ZS,2007,57.13
ZAF,África do Sul,NE.TRD.GNFS.ZS,2008,65.97
ZAF,África do Sul,NE.TRD.GNFS.ZS,2009,49.59
ZAF,África do Sul,NE.TRD.GNFS.ZS,2010,50.41
ZAF,África do Sul,NE.TRD.GNFS.ZS,2011,54.64
ZAF,África do Sul,NE.TRD.GNFS.ZS,2012,55.58
ZAF,África do Sul,NE.TRD.GNFS.ZS,2013,58.88
ZAF,África do Sul,NE.TRD.GNFS.ZS,2014,59.50
ZAF,África do Sul,NE.TRD.GNFS.ZS,2015,56.73
ZAF,África do Sul,NE.TRD.GNFS.ZS,2016,55.86
ZAF,África do Sul,NE.TRD.GNFS.ZS,2017,53.54
ZAF,África do Sul,NE.TRD.GNFS.ZS,2018,54.49
ZAF,África do Sul,NE.TRD.GNFS.ZS,2019,53.90
ZAF,África do Sul,NE.TRD.GNFS.ZS,2020,50.76
ZAF,África do Sul,NE.TRD.GNFS.ZS,2021,56.16
ZAF,África do Sul,NE.TRD.GNFS.ZS,2022,64.95
ZAF,África do Sul,NE.TRD.GNFS.ZS,2023,65.68
ZAF,África do Sul,NE.TRD.GNFS.ZS,2024,61.65
ZAF,África do Sul,NE.TRD.GNFS.ZS,2025,60.91
RUS,Rússia,NE.TRD.GNFS.ZS,1989,42.91
RUS,Rússia,NE.TRD.GNFS.ZS,1990,36.11
RUS,Rússia,NE.TRD.GNFS.ZS,1991,26.26
RUS,Rússia,NE.TRD.GNFS.ZS,1992,110.58
RUS,Rússia,NE.TRD.GNFS.ZS,1993,68.70
RUS,Rússia,NE.TRD.GNFS.ZS,1994,50.95
RUS,Rússia,NE.TRD.GNFS.ZS,1995,55.18
RUS,Rússia,NE.TRD.GNFS.ZS,1996,47.92
RUS,Rússia,NE.TRD.GNFS.ZS,1997,47.26
RUS,Rússia,NE.TRD.GNFS.ZS,1998,55.77
RUS,Rússia,NE.TRD.GNFS.ZS,1999,69.39
RUS,Rússia,NE.TRD.GNFS.ZS,2000,68.09
RUS,Rússia,NE.TRD.GNFS.ZS,2001,61.11
RUS,Rússia,NE.TRD.GNFS.ZS,2002,59.65
RUS,Rússia,NE.TRD.GNFS.ZS,2003,59.13
RUS,Rússia,NE.TRD.GNFS.ZS,2004,56.58
RUS,Rússia,NE.TRD.GNFS.ZS,2005,56.71
RUS,Rússia,NE.TRD.GNFS.ZS,2006,54.73
RUS,Rússia,NE.TRD.GNFS.ZS,2007,51.71
RUS,Rússia,NE.TRD.GNFS.ZS,2008,53.38
RUS,Rússia,NE.TRD.GNFS.ZS,2009,48.44
RUS,Rússia,NE.TRD.GNFS.ZS,2010,50.36
RUS,Rússia,NE.TRD.GNFS.ZS,2011,48.04
RUS,Rússia,NE.TRD.GNFS.ZS,2012,47.15
RUS,Rússia,NE.TRD.GNFS.ZS,2013,46.29
RUS,Rússia,NE.TRD.GNFS.ZS,2014,47.80
RUS,Rússia,NE.TRD.GNFS.ZS,2015,49.36
RUS,Rússia,NE.TRD.GNFS.ZS,2016,46.52
RUS,Rússia,NE.TRD.GNFS.ZS,2017,46.88
RUS,Rússia,NE.TRD.GNFS.ZS,2018,51.58
RUS,Rússia,NE.TRD.GNFS.ZS,2019,49.23
RUS,Rússia,NE.TRD.GNFS.ZS,2020,45.97
RUS,Rússia,NE.TRD.GNFS.ZS,2021,50.59
RUS,Rússia,NE.TRD.GNFS.ZS,2022,42.77
RUS,Rússia,NE.TRD.GNFS.ZS,2023,41.34
RUS,Rússia,NE.TRD.GNFS.ZS,2024,39.42
RUS,Rússia,NE.TRD.GNFS.ZS,2025,33.71
TUR,Turquia,NE.TRD.GNFS.ZS,1960,5.73
TUR,Turquia,NE.TRD.GNFS.ZS,1961,11.96
TUR,Turquia,NE.TRD.GNFS.ZS,1962,13.57
TUR,Turquia,NE.TRD.GNFS.ZS,1963,11.16
TUR,Turquia,NE.TRD.GNFS.ZS,1964,9.94
TUR,Turquia,NE.TRD.GNFS.ZS,1965,9.94
TUR,Turquia,NE.TRD.GNFS.ZS,1966,9.77
TUR,Turquia,NE.TRD.GNFS.ZS,1967,9.09
TUR,Turquia,NE.TRD.GNFS.ZS,1968,8.76
TUR,Turquia,NE.TRD.GNFS.ZS,1969,8.33
TUR,Turquia,NE.TRD.GNFS.ZS,1970,10.79
TUR,Turquia,NE.TRD.GNFS.ZS,1971,13.57
TUR,Turquia,NE.TRD.GNFS.ZS,1972,14.56
TUR,Turquia,NE.TRD.GNFS.ZS,1973,16.13
TUR,Turquia,NE.TRD.GNFS.ZS,1974,17.00
TUR,Turquia,NE.TRD.GNFS.ZS,1975,15.65
TUR,Turquia,NE.TRD.GNFS.ZS,1976,15.52
TUR,Turquia,NE.TRD.GNFS.ZS,1977,14.52
TUR,Turquia,NE.TRD.GNFS.ZS,1978,11.44
TUR,Turquia,NE.TRD.GNFS.ZS,1979,9.10
TUR,Turquia,NE.TRD.GNFS.ZS,1980,17.09
TUR,Turquia,NE.TRD.GNFS.ZS,1981,21.14
TUR,Turquia,NE.TRD.GNFS.ZS,1982,26.88
TUR,Turquia,NE.TRD.GNFS.ZS,1983,29.03
TUR,Turquia,NE.TRD.GNFS.ZS,1984,35.28
TUR,Turquia,NE.TRD.GNFS.ZS,1985,34.83
TUR,Turquia,NE.TRD.GNFS.ZS,1986,29.41
TUR,Turquia,NE.TRD.GNFS.ZS,1987,33.34
TUR,Turquia,NE.TRD.GNFS.ZS,1988,36.21
TUR,Turquia,NE.TRD.GNFS.ZS,1989,33.98
TUR,Turquia,NE.TRD.GNFS.ZS,1990,30.94
TUR,Turquia,NE.TRD.GNFS.ZS,1991,30.48
TUR,Turquia,NE.TRD.GNFS.ZS,1992,31.74
TUR,Turquia,NE.TRD.GNFS.ZS,1993,33.02
TUR,Turquia,NE.TRD.GNFS.ZS,1994,41.75
TUR,Turquia,NE.TRD.GNFS.ZS,1995,35.99
TUR,Turquia,NE.TRD.GNFS.ZS,1996,39.65
TUR,Turquia,NE.TRD.GNFS.ZS,1997,42.76
TUR,Turquia,NE.TRD.GNFS.ZS,1998,40.38
TUR,Turquia,NE.TRD.GNFS.ZS,1999,37.67
TUR,Turquia,NE.TRD.GNFS.ZS,2000,42.37
TUR,Turquia,NE.TRD.GNFS.ZS,2001,49.94
TUR,Turquia,NE.TRD.GNFS.ZS,2002,48.10
TUR,Turquia,NE.TRD.GNFS.ZS,2003,46.37
TUR,Turquia,NE.TRD.GNFS.ZS,2004,48.99
TUR,Turquia,NE.TRD.GNFS.ZS,2005,46.31
TUR,Turquia,NE.TRD.GNFS.ZS,2006,48.95
TUR,Turquia,NE.TRD.GNFS.ZS,2007,48.03
TUR,Turquia,NE.TRD.GNFS.ZS,2008,50.76
TUR,Turquia,NE.TRD.GNFS.ZS,2009,47.04
TUR,Turquia,NE.TRD.GNFS.ZS,2010,46.94
TUR,Turquia,NE.TRD.GNFS.ZS,2011,53.65
TUR,Turquia,NE.TRD.GNFS.ZS,2012,53.33
TUR,Turquia,NE.TRD.GNFS.ZS,2013,53.07
TUR,Turquia,NE.TRD.GNFS.ZS,2014,54.31
TUR,Turquia,NE.TRD.GNFS.ZS,2015,51.87
TUR,Turquia,NE.TRD.GNFS.ZS,2016,48.87
TUR,Turquia,NE.TRD.GNFS.ZS,2017,56.14
TUR,Turquia,NE.TRD.GNFS.ZS,2018,62.83
TUR,Turquia,NE.TRD.GNFS.ZS,2019,62.58
TUR,Turquia,NE.TRD.GNFS.ZS,2020,60.39
TUR,Turquia,NE.TRD.GNFS.ZS,2021,69.61
TUR,Turquia,NE.TRD.GNFS.ZS,2022,79.90
TUR,Turquia,NE.TRD.GNFS.ZS,2023,65.68
TUR,Turquia,NE.TRD.GNFS.ZS,2024,54.60
TUR,Turquia,NE.TRD.GNFS.ZS,2025,49.93
IDN,Indonésia,NE.TRD.GNFS.ZS,1960,24.09
IDN,Indonésia,NE.TRD.GNFS.ZS,1961,24.68
IDN,Indonésia,NE.TRD.GNFS.ZS,1962,10.56
IDN,Indonésia,NE.TRD.GNFS.ZS,1963,18.42
IDN,Indonésia,NE.TRD.GNFS.ZS,1964,25.32
IDN,Indonésia,NE.TRD.GNFS.ZS,1965,11.01
IDN,Indonésia,NE.TRD.GNFS.ZS,1966,34.85
IDN,Indonésia,NE.TRD.GNFS.ZS,1967,25.64
IDN,Indonésia,NE.TRD.GNFS.ZS,1968,26.45
IDN,Indonésia,NE.TRD.GNFS.ZS,1969,23.84
IDN,Indonésia,NE.TRD.GNFS.ZS,1970,28.68
IDN,Indonésia,NE.TRD.GNFS.ZS,1971,31.06
IDN,Indonésia,NE.TRD.GNFS.ZS,1972,35.41
IDN,Indonésia,NE.TRD.GNFS.ZS,1973,39.53
IDN,Indonésia,NE.TRD.GNFS.ZS,1974,50.42
IDN,Indonésia,NE.TRD.GNFS.ZS,1975,44.52
IDN,Indonésia,NE.TRD.GNFS.ZS,1976,43.01
IDN,Indonésia,NE.TRD.GNFS.ZS,1977,43.57
IDN,Indonésia,NE.TRD.GNFS.ZS,1978,42.71
IDN,Indonésia,NE.TRD.GNFS.ZS,1979,53.66
IDN,Indonésia,NE.TRD.GNFS.ZS,1980,52.65
IDN,Indonésia,NE.TRD.GNFS.ZS,1981,53.18
IDN,Indonésia,NE.TRD.GNFS.ZS,1982,48.68
IDN,Indonésia,NE.TRD.GNFS.ZS,1983,56.56
IDN,Indonésia,NE.TRD.GNFS.ZS,1984,50.11
IDN,Indonésia,NE.TRD.GNFS.ZS,1985,44.72
IDN,Indonésia,NE.TRD.GNFS.ZS,1986,41.01
IDN,Indonésia,NE.TRD.GNFS.ZS,1987,46.97
IDN,Indonésia,NE.TRD.GNFS.ZS,1988,47.25
IDN,Indonésia,NE.TRD.GNFS.ZS,1989,49.08
IDN,Indonésia,NE.TRD.GNFS.ZS,1990,52.89
IDN,Indonésia,NE.TRD.GNFS.ZS,1991,54.84
IDN,Indonésia,NE.TRD.GNFS.ZS,1992,57.43
IDN,Indonésia,NE.TRD.GNFS.ZS,1993,50.52
IDN,Indonésia,NE.TRD.GNFS.ZS,1994,51.88
IDN,Indonésia,NE.TRD.GNFS.ZS,1995,53.96
IDN,Indonésia,NE.TRD.GNFS.ZS,1996,52.26
IDN,Indonésia,NE.TRD.GNFS.ZS,1997,55.99
IDN,Indonésia,NE.TRD.GNFS.ZS,1998,96.19
IDN,Indonésia,NE.TRD.GNFS.ZS,1999,62.94
IDN,Indonésia,NE.TRD.GNFS.ZS,2000,71.44
IDN,Indonésia,NE.TRD.GNFS.ZS,2001,69.79
IDN,Indonésia,NE.TRD.GNFS.ZS,2002,59.08
IDN,Indonésia,NE.TRD.GNFS.ZS,2003,53.62
IDN,Indonésia,NE.TRD.GNFS.ZS,2004,59.76
IDN,Indonésia,NE.TRD.GNFS.ZS,2005,63.99
IDN,Indonésia,NE.TRD.GNFS.ZS,2006,56.66
IDN,Indonésia,NE.TRD.GNFS.ZS,2007,54.83
IDN,Indonésia,NE.TRD.GNFS.ZS,2008,58.56
IDN,Indonésia,NE.TRD.GNFS.ZS,2009,45.51
IDN,Indonésia,NE.TRD.GNFS.ZS,2010,46.70
IDN,Indonésia,NE.TRD.GNFS.ZS,2011,50.18
IDN,Indonésia,NE.TRD.GNFS.ZS,2012,49.58
IDN,Indonésia,NE.TRD.GNFS.ZS,2013,48.64
IDN,Indonésia,NE.TRD.GNFS.ZS,2014,48.08
IDN,Indonésia,NE.TRD.GNFS.ZS,2015,41.94
IDN,Indonésia,NE.TRD.GNFS.ZS,2016,37.42
IDN,Indonésia,NE.TRD.GNFS.ZS,2017,39.36
IDN,Indonésia,NE.TRD.GNFS.ZS,2018,43.07
IDN,Indonésia,NE.TRD.GNFS.ZS,2019,37.63
IDN,Indonésia,NE.TRD.GNFS.ZS,2020,32.97
IDN,Indonésia,NE.TRD.GNFS.ZS,2021,40.20
IDN,Indonésia,NE.TRD.GNFS.ZS,2022,45.46
IDN,Indonésia,NE.TRD.GNFS.ZS,2023,41.46
IDN,Indonésia,NE.TRD.GNFS.ZS,2024,42.81
IDN,Indonésia,NE.TRD.GNFS.ZS,2025,43.39
WLD,Mundo,NE.TRD.GNFS.ZS,1970,25.75
WLD,Mundo,NE.TRD.GNFS.ZS,1971,25.79
WLD,Mundo,NE.TRD.GNFS.ZS,1972,25.98
WLD,Mundo,NE.TRD.GNFS.ZS,1973,29.00
WLD,Mundo,NE.TRD.GNFS.ZS,1974,33.74
WLD,Mundo,NE.TRD.GNFS.ZS,1975,31.94
WLD,Mundo,NE.TRD.GNFS.ZS,1976,32.73
WLD,Mundo,NE.TRD.GNFS.ZS,1977,33.09
WLD,Mundo,NE.TRD.GNFS.ZS,1978,33.49
WLD,Mundo,NE.TRD.GNFS.ZS,1979,35.66
WLD,Mundo,NE.TRD.GNFS.ZS,1980,38.63
WLD,Mundo,NE.TRD.GNFS.ZS,1981,39.07
WLD,Mundo,NE.TRD.GNFS.ZS,1982,37.06
WLD,Mundo,NE.TRD.GNFS.ZS,1983,36.22
WLD,Mundo,NE.TRD.GNFS.ZS,1984,37.51
WLD,Mundo,NE.TRD.GNFS.ZS,1985,37.06
WLD,Mundo,NE.TRD.GNFS.ZS,1986,34.59
WLD,Mundo,NE.TRD.GNFS.ZS,1987,35.86
WLD,Mundo,NE.TRD.GNFS.ZS,1988,37.66
WLD,Mundo,NE.TRD.GNFS.ZS,1989,38.05
WLD,Mundo,NE.TRD.GNFS.ZS,1990,38.10
WLD,Mundo,NE.TRD.GNFS.ZS,1991,37.76
WLD,Mundo,NE.TRD.GNFS.ZS,1992,40.65
WLD,Mundo,NE.TRD.GNFS.ZS,1993,40.17
WLD,Mundo,NE.TRD.GNFS.ZS,1994,41.02
WLD,Mundo,NE.TRD.GNFS.ZS,1995,42.74
WLD,Mundo,NE.TRD.GNFS.ZS,1996,42.82
WLD,Mundo,NE.TRD.GNFS.ZS,1997,44.63
WLD,Mundo,NE.TRD.GNFS.ZS,1998,45.29
WLD,Mundo,NE.TRD.GNFS.ZS,1999,45.76
WLD,Mundo,NE.TRD.GNFS.ZS,2000,50.12
WLD,Mundo,NE.TRD.GNFS.ZS,2001,49.01
WLD,Mundo,NE.TRD.GNFS.ZS,2002,49.00
WLD,Mundo,NE.TRD.GNFS.ZS,2003,50.66
WLD,Mundo,NE.TRD.GNFS.ZS,2004,54.19
WLD,Mundo,NE.TRD.GNFS.ZS,2005,56.22
WLD,Mundo,NE.TRD.GNFS.ZS,2006,58.36
WLD,Mundo,NE.TRD.GNFS.ZS,2007,58.74
WLD,Mundo,NE.TRD.GNFS.ZS,2008,60.32
WLD,Mundo,NE.TRD.GNFS.ZS,2009,51.89
WLD,Mundo,NE.TRD.GNFS.ZS,2010,56.19
WLD,Mundo,NE.TRD.GNFS.ZS,2011,59.31
WLD,Mundo,NE.TRD.GNFS.ZS,2012,59.30
WLD,Mundo,NE.TRD.GNFS.ZS,2013,58.63
WLD,Mundo,NE.TRD.GNFS.ZS,2014,58.03
WLD,Mundo,NE.TRD.GNFS.ZS,2015,55.62
WLD,Mundo,NE.TRD.GNFS.ZS,2016,53.79
WLD,Mundo,NE.TRD.GNFS.ZS,2017,55.46
WLD,Mundo,NE.TRD.GNFS.ZS,2018,56.99
WLD,Mundo,NE.TRD.GNFS.ZS,2019,55.80
WLD,Mundo,NE.TRD.GNFS.ZS,2020,51.87
WLD,Mundo,NE.TRD.GNFS.ZS,2021,56.50
WLD,Mundo,NE.TRD.GNFS.ZS,2022,62.15
WLD,Mundo,NE.TRD.GNFS.ZS,2023,58.07
WLD,Mundo,NE.TRD.GNFS.ZS,2024,56.72
WLD,Mundo,NE.TRD.GNFS.ZS,2025,68.49
LCN,América Latina e Caribe,NE.TRD.GNFS.ZS,1960,21.73
LCN,América Latina e Caribe,NE.TRD.GNFS.ZS,1961,20.88
LCN,América Latina e Caribe,NE.TRD.GNFS.ZS,1962,19.67
LCN,América Latina e Caribe,NE.TRD.GNFS.ZS,1963,23.07
LCN,América Latina e Caribe,NE.TRD.GNFS.ZS,1964,20.18
LCN,América Latina e Caribe,NE.TRD.GNFS.ZS,1965,20.30
LCN,América Latina e Caribe,NE.TRD.GNFS.ZS,1966,20.26
LCN,América Latina e Caribe,NE.TRD.GNFS.ZS,1967,19.65
LCN,América Latina e Caribe,NE.TRD.GNFS.ZS,1968,20.49
LCN,América Latina e Caribe,NE.TRD.GNFS.ZS,1969,20.93
LCN,América Latina e Caribe,NE.TRD.GNFS.ZS,1970,22.19
LCN,América Latina e Caribe,NE.TRD.GNFS.ZS,1971,22.65
LCN,América Latina e Caribe,NE.TRD.GNFS.ZS,1972,23.40
LCN,América Latina e Caribe,NE.TRD.GNFS.ZS,1973,24.71
LCN,América Latina e Caribe,NE.TRD.GNFS.ZS,1974,29.20
LCN,América Latina e Caribe,NE.TRD.GNFS.ZS,1975,27.45
LCN,América Latina e Caribe,NE.TRD.GNFS.ZS,1976,27.09
LCN,América Latina e Caribe,NE.TRD.GNFS.ZS,1977,27.97
LCN,América Latina e Caribe,NE.TRD.GNFS.ZS,1978,27.50
LCN,América Latina e Caribe,NE.TRD.GNFS.ZS,1979,28.86
LCN,América Latina e Caribe,NE.TRD.GNFS.ZS,1980,30.08
LCN,América Latina e Caribe,NE.TRD.GNFS.ZS,1981,29.08
LCN,América Latina e Caribe,NE.TRD.GNFS.ZS,1982,27.71
LCN,América Latina e Caribe,NE.TRD.GNFS.ZS,1983,29.24
LCN,América Latina e Caribe,NE.TRD.GNFS.ZS,1984,29.88
LCN,América Latina e Caribe,NE.TRD.GNFS.ZS,1985,29.36
LCN,América Latina e Caribe,NE.TRD.GNFS.ZS,1986,28.38
LCN,América Latina e Caribe,NE.TRD.GNFS.ZS,1987,29.17
LCN,América Latina e Caribe,NE.TRD.GNFS.ZS,1988,32.36
LCN,América Latina e Caribe,NE.TRD.GNFS.ZS,1989,32.20
LCN,América Latina e Caribe,NE.TRD.GNFS.ZS,1990,32.94
LCN,América Latina e Caribe,NE.TRD.GNFS.ZS,1991,29.57
LCN,América Latina e Caribe,NE.TRD.GNFS.ZS,1992,30.33
LCN,América Latina e Caribe,NE.TRD.GNFS.ZS,1993,28.55
LCN,América Latina e Caribe,NE.TRD.GNFS.ZS,1994,29.04
LCN,América Latina e Caribe,NE.TRD.GNFS.ZS,1995,32.08
LCN,América Latina e Caribe,NE.TRD.GNFS.ZS,1996,32.70
LCN,América Latina e Caribe,NE.TRD.GNFS.ZS,1997,33.09
LCN,América Latina e Caribe,NE.TRD.GNFS.ZS,1998,33.32
LCN,América Latina e Caribe,NE.TRD.GNFS.ZS,1999,34.60
LCN,América Latina e Caribe,NE.TRD.GNFS.ZS,2000,36.25
LCN,América Latina e Caribe,NE.TRD.GNFS.ZS,2001,36.64
LCN,América Latina e Caribe,NE.TRD.GNFS.ZS,2002,38.87
LCN,América Latina e Caribe,NE.TRD.GNFS.ZS,2003,40.69
LCN,América Latina e Caribe,NE.TRD.GNFS.ZS,2004,42.73
LCN,América Latina e Caribe,NE.TRD.GNFS.ZS,2005,42.51
LCN,América Latina e Caribe,NE.TRD.GNFS.ZS,2006,43.14
LCN,América Latina e Caribe,NE.TRD.GNFS.ZS,2007,43.26
LCN,América Latina e Caribe,NE.TRD.GNFS.ZS,2008,45.21
LCN,América Latina e Caribe,NE.TRD.GNFS.ZS,2009,39.09
LCN,América Latina e Caribe,NE.TRD.GNFS.ZS,2010,41.35
LCN,América Latina e Caribe,NE.TRD.GNFS.ZS,2011,43.63
LCN,América Latina e Caribe,NE.TRD.GNFS.ZS,2012,45.58
LCN,América Latina e Caribe,NE.TRD.GNFS.ZS,2013,45.19
LCN,América Latina e Caribe,NE.TRD.GNFS.ZS,2014,44.65
LCN,América Latina e Caribe,NE.TRD.GNFS.ZS,2015,44.99
LCN,América Latina e Caribe,NE.TRD.GNFS.ZS,2016,44.04
LCN,América Latina e Caribe,NE.TRD.GNFS.ZS,2017,44.34
LCN,América Latina e Caribe,NE.TRD.GNFS.ZS,2018,48.19
LCN,América Latina e Caribe,NE.TRD.GNFS.ZS,2019,47.71
LCN,América Latina e Caribe,NE.TRD.GNFS.ZS,2020,45.97
LCN,América Latina e Caribe,NE.TRD.GNFS.ZS,2021,52.60
LCN,América Latina e Caribe,NE.TRD.GNFS.ZS,2022,56.00
LCN,América Latina e Caribe,NE.TRD.GNFS.ZS,2023,48.73
LCN,América Latina e Caribe,NE.TRD.GNFS.ZS,2024,49.65
LCN,América Latina e Caribe,NE.TRD.GNFS.ZS,2025,49.14
UMC,Países de renda média-alta,NE.TRD.GNFS.ZS,1960,14.60
UMC,Países de renda média-alta,NE.TRD.GNFS.ZS,1961,14.38
UMC,Países de renda média-alta,NE.TRD.GNFS.ZS,1962,12.53
UMC,Países de renda média-alta,NE.TRD.GNFS.ZS,1963,14.01
UMC,Países de renda média-alta,NE.TRD.GNFS.ZS,1964,13.52
UMC,Países de renda média-alta,NE.TRD.GNFS.ZS,1965,12.84
UMC,Países de renda média-alta,NE.TRD.GNFS.ZS,1966,13.87
UMC,Países de renda média-alta,NE.TRD.GNFS.ZS,1967,13.09
UMC,Países de renda média-alta,NE.TRD.GNFS.ZS,1968,13.43
UMC,Países de renda média-alta,NE.TRD.GNFS.ZS,1969,13.05
UMC,Países de renda média-alta,NE.TRD.GNFS.ZS,1970,14.26
UMC,Países de renda média-alta,NE.TRD.GNFS.ZS,1971,14.63
UMC,Países de renda média-alta,NE.TRD.GNFS.ZS,1972,15.36
UMC,Países de renda média-alta,NE.TRD.GNFS.ZS,1973,17.73
UMC,Países de renda média-alta,NE.TRD.GNFS.ZS,1974,21.66
UMC,Países de renda média-alta,NE.TRD.GNFS.ZS,1975,20.55
UMC,Países de renda média-alta,NE.TRD.GNFS.ZS,1976,20.24
UMC,Países de renda média-alta,NE.TRD.GNFS.ZS,1977,20.19
UMC,Países de renda média-alta,NE.TRD.GNFS.ZS,1978,22.91
UMC,Países de renda média-alta,NE.TRD.GNFS.ZS,1979,24.67
UMC,Países de renda média-alta,NE.TRD.GNFS.ZS,1980,28.49
UMC,Países de renda média-alta,NE.TRD.GNFS.ZS,1981,29.68
UMC,Países de renda média-alta,NE.TRD.GNFS.ZS,1982,26.86
UMC,Países de renda média-alta,NE.TRD.GNFS.ZS,1983,26.43
UMC,Países de renda média-alta,NE.TRD.GNFS.ZS,1984,26.92
UMC,Países de renda média-alta,NE.TRD.GNFS.ZS,1985,27.35
UMC,Países de renda média-alta,NE.TRD.GNFS.ZS,1986,25.66
UMC,Países de renda média-alta,NE.TRD.GNFS.ZS,1987,29.40
UMC,Países de renda média-alta,NE.TRD.GNFS.ZS,1988,33.63
UMC,Países de renda média-alta,NE.TRD.GNFS.ZS,1989,31.71
UMC,Países de renda média-alta,NE.TRD.GNFS.ZS,1990,32.12
UMC,Países de renda média-alta,NE.TRD.GNFS.ZS,1991,33.02
UMC,Países de renda média-alta,NE.TRD.GNFS.ZS,1992,36.96
UMC,Países de renda média-alta,NE.TRD.GNFS.ZS,1993,39.23
UMC,Países de renda média-alta,NE.TRD.GNFS.ZS,1994,40.16
UMC,Países de renda média-alta,NE.TRD.GNFS.ZS,1995,40.25
UMC,Países de renda média-alta,NE.TRD.GNFS.ZS,1996,40.08
UMC,Países de renda média-alta,NE.TRD.GNFS.ZS,1997,42.31
UMC,Países de renda média-alta,NE.TRD.GNFS.ZS,1998,43.47
UMC,Países de renda média-alta,NE.TRD.GNFS.ZS,1999,43.38
UMC,Países de renda média-alta,NE.TRD.GNFS.ZS,2000,48.67
UMC,Países de renda média-alta,NE.TRD.GNFS.ZS,2001,47.98
UMC,Países de renda média-alta,NE.TRD.GNFS.ZS,2002,50.25
UMC,Países de renda média-alta,NE.TRD.GNFS.ZS,2003,55.43
UMC,Países de renda média-alta,NE.TRD.GNFS.ZS,2004,60.69
UMC,Países de renda média-alta,NE.TRD.GNFS.ZS,2005,62.01
UMC,Países de renda média-alta,NE.TRD.GNFS.ZS,2006,62.72
UMC,Países de renda média-alta,NE.TRD.GNFS.ZS,2007,61.03
UMC,Países de renda média-alta,NE.TRD.GNFS.ZS,2008,59.29
UMC,Países de renda média-alta,NE.TRD.GNFS.ZS,2009,49.11
UMC,Países de renda média-alta,NE.TRD.GNFS.ZS,2010,52.56
UMC,Países de renda média-alta,NE.TRD.GNFS.ZS,2011,53.94
UMC,Países de renda média-alta,NE.TRD.GNFS.ZS,2012,52.56
UMC,Países de renda média-alta,NE.TRD.GNFS.ZS,2013,51.19
UMC,Países de renda média-alta,NE.TRD.GNFS.ZS,2014,49.99
UMC,Países de renda média-alta,NE.TRD.GNFS.ZS,2015,46.63
UMC,Países de renda média-alta,NE.TRD.GNFS.ZS,2016,44.84
UMC,Países de renda média-alta,NE.TRD.GNFS.ZS,2017,46.16
UMC,Países de renda média-alta,NE.TRD.GNFS.ZS,2018,48.01
UMC,Países de renda média-alta,NE.TRD.GNFS.ZS,2019,46.23
UMC,Países de renda média-alta,NE.TRD.GNFS.ZS,2020,44.11
UMC,Países de renda média-alta,NE.TRD.GNFS.ZS,2021,49.16
UMC,Países de renda média-alta,NE.TRD.GNFS.ZS,2022,52.27
UMC,Países de renda média-alta,NE.TRD.GNFS.ZS,2023,48.60
UMC,Países de renda média-alta,NE.TRD.GNFS.ZS,2024,49.26
UMC,Países de renda média-alta,NE.TRD.GNFS.ZS,2025,48.90
HIC,Países de renda alta,NE.TRD.GNFS.ZS,1970,30.81
HIC,Países de renda alta,NE.TRD.GNFS.ZS,1971,30.71
HIC,Países de renda alta,NE.TRD.GNFS.ZS,1972,30.72
HIC,Países de renda alta,NE.TRD.GNFS.ZS,1973,34.06
HIC,Países de renda alta,NE.TRD.GNFS.ZS,1974,39.09
HIC,Países de renda alta,NE.TRD.GNFS.ZS,1975,36.86
HIC,Países de renda alta,NE.TRD.GNFS.ZS,1976,38.17
HIC,Países de renda alta,NE.TRD.GNFS.ZS,1977,38.68
HIC,Países de renda alta,NE.TRD.GNFS.ZS,1978,38.17
HIC,Países de renda alta,NE.TRD.GNFS.ZS,1979,40.46
HIC,Países de renda alta,NE.TRD.GNFS.ZS,1980,43.18
HIC,Países de renda alta,NE.TRD.GNFS.ZS,1981,43.47
HIC,Países de renda alta,NE.TRD.GNFS.ZS,1982,41.79
HIC,Países de renda alta,NE.TRD.GNFS.ZS,1983,40.89
HIC,Países de renda alta,NE.TRD.GNFS.ZS,1984,42.59
HIC,Países de renda alta,NE.TRD.GNFS.ZS,1985,41.86
HIC,Países de renda alta,NE.TRD.GNFS.ZS,1986,39.06
HIC,Países de renda alta,NE.TRD.GNFS.ZS,1987,39.40
HIC,Países de renda alta,NE.TRD.GNFS.ZS,1988,40.16
HIC,Países de renda alta,NE.TRD.GNFS.ZS,1989,41.23
HIC,Países de renda alta,NE.TRD.GNFS.ZS,1990,41.05
HIC,Países de renda alta,NE.TRD.GNFS.ZS,1991,40.40
HIC,Países de renda alta,NE.TRD.GNFS.ZS,1992,43.04
HIC,Países de renda alta,NE.TRD.GNFS.ZS,1993,41.33
HIC,Países de renda alta,NE.TRD.GNFS.ZS,1994,42.13
HIC,Países de renda alta,NE.TRD.GNFS.ZS,1995,44.44
HIC,Países de renda alta,NE.TRD.GNFS.ZS,1996,44.72
HIC,Países de renda alta,NE.TRD.GNFS.ZS,1997,46.50
HIC,Países de renda alta,NE.TRD.GNFS.ZS,1998,47.03
HIC,Países de renda alta,NE.TRD.GNFS.ZS,1999,47.76
HIC,Países de renda alta,NE.TRD.GNFS.ZS,2000,51.99
HIC,Países de renda alta,NE.TRD.GNFS.ZS,2001,50.61
HIC,Países de renda alta,NE.TRD.GNFS.ZS,2002,49.44
HIC,Países de renda alta,NE.TRD.GNFS.ZS,2003,49.73
HIC,Países de renda alta,NE.TRD.GNFS.ZS,2004,52.44
HIC,Países de renda alta,NE.TRD.GNFS.ZS,2005,54.64
HIC,Países de renda alta,NE.TRD.GNFS.ZS,2006,57.39
HIC,Países de renda alta,NE.TRD.GNFS.ZS,2007,58.49
HIC,Países de renda alta,NE.TRD.GNFS.ZS,2008,61.04
HIC,Países de renda alta,NE.TRD.GNFS.ZS,2009,53.21
HIC,Países de renda alta,NE.TRD.GNFS.ZS,2010,58.13
HIC,Países de renda alta,NE.TRD.GNFS.ZS,2011,61.86
HIC,Países de renda alta,NE.TRD.GNFS.ZS,2012,62.20
HIC,Países de renda alta,NE.TRD.GNFS.ZS,2013,61.86
HIC,Países de renda alta,NE.TRD.GNFS.ZS,2014,61.72
HIC,Países de renda alta,NE.TRD.GNFS.ZS,2015,59.95
HIC,Países de renda alta,NE.TRD.GNFS.ZS,2016,58.26
HIC,Países de renda alta,NE.TRD.GNFS.ZS,2017,60.06
HIC,Países de renda alta,NE.TRD.GNFS.ZS,2018,61.28
HIC,Países de renda alta,NE.TRD.GNFS.ZS,2019,60.41
HIC,Países de renda alta,NE.TRD.GNFS.ZS,2020,55.91
HIC,Países de renda alta,NE.TRD.GNFS.ZS,2021,60.29
HIC,Países de renda alta,NE.TRD.GNFS.ZS,2022,66.98
HIC,Países de renda alta,NE.TRD.GNFS.ZS,2023,62.67
HIC,Países de renda alta,NE.TRD.GNFS.ZS,2024,60.54
LMY,Países de renda baixa e média,NE.TRD.GNFS.ZS,1960,16.13
LMY,Países de renda baixa e média,NE.TRD.GNFS.ZS,1961,15.64
LMY,Países de renda baixa e média,NE.TRD.GNFS.ZS,1962,13.99
LMY,Países de renda baixa e média,NE.TRD.GNFS.ZS,1963,15.36
LMY,Países de renda baixa e média,NE.TRD.GNFS.ZS,1964,14.95
LMY,Países de renda baixa e média,NE.TRD.GNFS.ZS,1965,14.30
LMY,Países de renda baixa e média,NE.TRD.GNFS.ZS,1966,15.26
LMY,Países de renda baixa e média,NE.TRD.GNFS.ZS,1967,14.54
LMY,Países de renda baixa e média,NE.TRD.GNFS.ZS,1968,14.63
LMY,Países de renda baixa e média,NE.TRD.GNFS.ZS,1969,14.17
LMY,Países de renda baixa e média,NE.TRD.GNFS.ZS,1970,15.25
LMY,Países de renda baixa e média,NE.TRD.GNFS.ZS,1971,15.54
LMY,Países de renda baixa e média,NE.TRD.GNFS.ZS,1972,16.10
LMY,Países de renda baixa e média,NE.TRD.GNFS.ZS,1973,18.47
LMY,Países de renda baixa e média,NE.TRD.GNFS.ZS,1974,22.61
LMY,Países de renda baixa e média,NE.TRD.GNFS.ZS,1975,21.72
LMY,Países de renda baixa e média,NE.TRD.GNFS.ZS,1976,21.43
LMY,Países de renda baixa e média,NE.TRD.GNFS.ZS,1977,21.49
LMY,Países de renda baixa e média,NE.TRD.GNFS.ZS,1978,23.76
LMY,Países de renda baixa e média,NE.TRD.GNFS.ZS,1979,25.70
LMY,Países de renda baixa e média,NE.TRD.GNFS.ZS,1980,29.15
LMY,Países de renda baixa e média,NE.TRD.GNFS.ZS,1981,30.03
LMY,Países de renda baixa e média,NE.TRD.GNFS.ZS,1982,27.34
LMY,Países de renda baixa e média,NE.TRD.GNFS.ZS,1983,26.62
LMY,Países de renda baixa e média,NE.TRD.GNFS.ZS,1984,27.09
LMY,Países de renda baixa e média,NE.TRD.GNFS.ZS,1985,27.21
LMY,Países de renda baixa e média,NE.TRD.GNFS.ZS,1986,25.49
LMY,Países de renda baixa e média,NE.TRD.GNFS.ZS,1987,28.65
LMY,Países de renda baixa e média,NE.TRD.GNFS.ZS,1988,32.60
LMY,Países de renda baixa e média,NE.TRD.GNFS.ZS,1989,31.42
LMY,Países de renda baixa e média,NE.TRD.GNFS.ZS,1990,31.93
LMY,Países de renda baixa e média,NE.TRD.GNFS.ZS,1991,32.24
LMY,Países de renda baixa e média,NE.TRD.GNFS.ZS,1992,35.67
LMY,Países de renda baixa e média,NE.TRD.GNFS.ZS,1993,37.77
LMY,Países de renda baixa e média,NE.TRD.GNFS.ZS,1994,38.72
LMY,Países de renda baixa e média,NE.TRD.GNFS.ZS,1995,39.20
LMY,Países de renda baixa e média,NE.TRD.GNFS.ZS,1996,38.87
LMY,Países de renda baixa e média,NE.TRD.GNFS.ZS,1997,40.76
LMY,Países de renda baixa e média,NE.TRD.GNFS.ZS,1998,41.67
LMY,Países de renda baixa e média,NE.TRD.GNFS.ZS,1999,41.59
LMY,Países de renda baixa e média,NE.TRD.GNFS.ZS,2000,46.24
LMY,Países de renda baixa e média,NE.TRD.GNFS.ZS,2001,45.67
LMY,Países de renda baixa e média,NE.TRD.GNFS.ZS,2002,48.09
LMY,Países de renda baixa e média,NE.TRD.GNFS.ZS,2003,52.58
LMY,Países de renda baixa e média,NE.TRD.GNFS.ZS,2004,57.84
LMY,Países de renda baixa e média,NE.TRD.GNFS.ZS,2005,59.52
LMY,Países de renda baixa e média,NE.TRD.GNFS.ZS,2006,60.38
LMY,Países de renda baixa e média,NE.TRD.GNFS.ZS,2007,59.28
LMY,Países de renda baixa e média,NE.TRD.GNFS.ZS,2008,58.83
LMY,Países de renda baixa e média,NE.TRD.GNFS.ZS,2009,49.15
LMY,Países de renda baixa e média,NE.TRD.GNFS.ZS,2010,52.15
LMY,Países de renda baixa e média,NE.TRD.GNFS.ZS,2011,53.98
LMY,Países de renda baixa e média,NE.TRD.GNFS.ZS,2012,53.24
LMY,Países de renda baixa e média,NE.TRD.GNFS.ZS,2013,51.89
LMY,Países de renda baixa e média,NE.TRD.GNFS.ZS,2014,50.31
LMY,Países de renda baixa e média,NE.TRD.GNFS.ZS,2015,46.59
LMY,Países de renda baixa e média,NE.TRD.GNFS.ZS,2016,44.48
LMY,Países de renda baixa e média,NE.TRD.GNFS.ZS,2017,45.86
LMY,Países de renda baixa e média,NE.TRD.GNFS.ZS,2018,48.05
LMY,Países de renda baixa e média,NE.TRD.GNFS.ZS,2019,46.21
LMY,Países de renda baixa e média,NE.TRD.GNFS.ZS,2020,43.46
LMY,Países de renda baixa e média,NE.TRD.GNFS.ZS,2021,48.61
LMY,Países de renda baixa e média,NE.TRD.GNFS.ZS,2022,52.09
LMY,Países de renda baixa e média,NE.TRD.GNFS.ZS,2023,48.52
LMY,Países de renda baixa e média,NE.TRD.GNFS.ZS,2024,48.86
LMY,Países de renda baixa e média,NE.TRD.GNFS.ZS,2025,48.51
BRA,Brasil,FP.CPI.TOTL.ZG,1981,101.73
BRA,Brasil,FP.CPI.TOTL.ZG,1982,100.54
BRA,Brasil,FP.CPI.TOTL.ZG,1983,135.03
BRA,Brasil,FP.CPI.TOTL.ZG,1984,192.12
BRA,Brasil,FP.CPI.TOTL.ZG,1985,225.99
BRA,Brasil,FP.CPI.TOTL.ZG,1986,147.14
BRA,Brasil,FP.CPI.TOTL.ZG,1987,228.34
BRA,Brasil,FP.CPI.TOTL.ZG,1988,629.11
BRA,Brasil,FP.CPI.TOTL.ZG,1989,1430.72
BRA,Brasil,FP.CPI.TOTL.ZG,1990,2947.73
BRA,Brasil,FP.CPI.TOTL.ZG,1991,432.79
BRA,Brasil,FP.CPI.TOTL.ZG,1992,951.96
BRA,Brasil,FP.CPI.TOTL.ZG,1993,1927.38
BRA,Brasil,FP.CPI.TOTL.ZG,1994,2075.89
BRA,Brasil,FP.CPI.TOTL.ZG,1995,66.01
BRA,Brasil,FP.CPI.TOTL.ZG,1996,15.76
BRA,Brasil,FP.CPI.TOTL.ZG,1997,6.93
BRA,Brasil,FP.CPI.TOTL.ZG,1998,3.20
BRA,Brasil,FP.CPI.TOTL.ZG,1999,4.86
BRA,Brasil,FP.CPI.TOTL.ZG,2000,7.04
BRA,Brasil,FP.CPI.TOTL.ZG,2001,6.84
BRA,Brasil,FP.CPI.TOTL.ZG,2002,8.45
BRA,Brasil,FP.CPI.TOTL.ZG,2003,14.71
BRA,Brasil,FP.CPI.TOTL.ZG,2004,6.60
BRA,Brasil,FP.CPI.TOTL.ZG,2005,6.87
BRA,Brasil,FP.CPI.TOTL.ZG,2006,4.18
BRA,Brasil,FP.CPI.TOTL.ZG,2007,3.64
BRA,Brasil,FP.CPI.TOTL.ZG,2008,5.68
BRA,Brasil,FP.CPI.TOTL.ZG,2009,4.89
BRA,Brasil,FP.CPI.TOTL.ZG,2010,5.04
BRA,Brasil,FP.CPI.TOTL.ZG,2011,6.64
BRA,Brasil,FP.CPI.TOTL.ZG,2012,5.40
BRA,Brasil,FP.CPI.TOTL.ZG,2013,6.20
BRA,Brasil,FP.CPI.TOTL.ZG,2014,6.33
BRA,Brasil,FP.CPI.TOTL.ZG,2015,9.03
BRA,Brasil,FP.CPI.TOTL.ZG,2016,8.74
BRA,Brasil,FP.CPI.TOTL.ZG,2017,3.45
BRA,Brasil,FP.CPI.TOTL.ZG,2018,3.66
BRA,Brasil,FP.CPI.TOTL.ZG,2019,3.73
BRA,Brasil,FP.CPI.TOTL.ZG,2020,3.21
BRA,Brasil,FP.CPI.TOTL.ZG,2021,8.30
BRA,Brasil,FP.CPI.TOTL.ZG,2022,9.28
BRA,Brasil,FP.CPI.TOTL.ZG,2023,4.59
BRA,Brasil,FP.CPI.TOTL.ZG,2024,4.37
BRA,Brasil,FP.CPI.TOTL.ZG,2025,5.02
ARG,Argentina,FP.CPI.TOTL.ZG,2018,34.28
ARG,Argentina,FP.CPI.TOTL.ZG,2019,53.55
ARG,Argentina,FP.CPI.TOTL.ZG,2020,42.02
ARG,Argentina,FP.CPI.TOTL.ZG,2021,48.41
ARG,Argentina,FP.CPI.TOTL.ZG,2022,72.43
ARG,Argentina,FP.CPI.TOTL.ZG,2023,133.49
ARG,Argentina,FP.CPI.TOTL.ZG,2024,219.88
CHL,Chile,FP.CPI.TOTL.ZG,1971,20.05
CHL,Chile,FP.CPI.TOTL.ZG,1972,77.80
CHL,Chile,FP.CPI.TOTL.ZG,1973,352.81
CHL,Chile,FP.CPI.TOTL.ZG,1974,504.74
CHL,Chile,FP.CPI.TOTL.ZG,1975,374.74
CHL,Chile,FP.CPI.TOTL.ZG,1976,211.92
CHL,Chile,FP.CPI.TOTL.ZG,1977,91.95
CHL,Chile,FP.CPI.TOTL.ZG,1978,40.09
CHL,Chile,FP.CPI.TOTL.ZG,1979,33.39
CHL,Chile,FP.CPI.TOTL.ZG,1980,35.14
CHL,Chile,FP.CPI.TOTL.ZG,1981,19.69
CHL,Chile,FP.CPI.TOTL.ZG,1982,9.94
CHL,Chile,FP.CPI.TOTL.ZG,1983,27.26
CHL,Chile,FP.CPI.TOTL.ZG,1984,19.86
CHL,Chile,FP.CPI.TOTL.ZG,1985,30.70
CHL,Chile,FP.CPI.TOTL.ZG,1986,19.48
CHL,Chile,FP.CPI.TOTL.ZG,1987,19.88
CHL,Chile,FP.CPI.TOTL.ZG,1988,14.68
CHL,Chile,FP.CPI.TOTL.ZG,1989,17.03
CHL,Chile,FP.CPI.TOTL.ZG,1990,26.04
CHL,Chile,FP.CPI.TOTL.ZG,1991,21.78
CHL,Chile,FP.CPI.TOTL.ZG,1992,15.43
CHL,Chile,FP.CPI.TOTL.ZG,1993,12.73
CHL,Chile,FP.CPI.TOTL.ZG,1994,11.44
CHL,Chile,FP.CPI.TOTL.ZG,1995,8.23
CHL,Chile,FP.CPI.TOTL.ZG,1996,7.36
CHL,Chile,FP.CPI.TOTL.ZG,1997,6.13
CHL,Chile,FP.CPI.TOTL.ZG,1998,5.11
CHL,Chile,FP.CPI.TOTL.ZG,1999,3.34
CHL,Chile,FP.CPI.TOTL.ZG,2000,3.84
CHL,Chile,FP.CPI.TOTL.ZG,2001,3.57
CHL,Chile,FP.CPI.TOTL.ZG,2002,2.49
CHL,Chile,FP.CPI.TOTL.ZG,2003,2.81
CHL,Chile,FP.CPI.TOTL.ZG,2004,1.05
CHL,Chile,FP.CPI.TOTL.ZG,2005,3.05
CHL,Chile,FP.CPI.TOTL.ZG,2006,3.39
CHL,Chile,FP.CPI.TOTL.ZG,2007,4.41
CHL,Chile,FP.CPI.TOTL.ZG,2008,8.72
CHL,Chile,FP.CPI.TOTL.ZG,2009,0.35
CHL,Chile,FP.CPI.TOTL.ZG,2010,1.41
CHL,Chile,FP.CPI.TOTL.ZG,2011,3.34
CHL,Chile,FP.CPI.TOTL.ZG,2012,3.01
CHL,Chile,FP.CPI.TOTL.ZG,2013,1.79
CHL,Chile,FP.CPI.TOTL.ZG,2014,4.72
CHL,Chile,FP.CPI.TOTL.ZG,2015,4.35
CHL,Chile,FP.CPI.TOTL.ZG,2016,3.79
CHL,Chile,FP.CPI.TOTL.ZG,2017,2.18
CHL,Chile,FP.CPI.TOTL.ZG,2018,2.43
CHL,Chile,FP.CPI.TOTL.ZG,2019,2.56
CHL,Chile,FP.CPI.TOTL.ZG,2020,3.05
CHL,Chile,FP.CPI.TOTL.ZG,2021,4.52
CHL,Chile,FP.CPI.TOTL.ZG,2022,11.64
CHL,Chile,FP.CPI.TOTL.ZG,2023,7.58
CHL,Chile,FP.CPI.TOTL.ZG,2024,4.30
CHL,Chile,FP.CPI.TOTL.ZG,2025,4.21
COL,Colômbia,FP.CPI.TOTL.ZG,1960,5.81
COL,Colômbia,FP.CPI.TOTL.ZG,1961,8.28
COL,Colômbia,FP.CPI.TOTL.ZG,1962,4.70
COL,Colômbia,FP.CPI.TOTL.ZG,1963,26.36
COL,Colômbia,FP.CPI.TOTL.ZG,1964,17.07
COL,Colômbia,FP.CPI.TOTL.ZG,1965,7.59
COL,Colômbia,FP.CPI.TOTL.ZG,1966,16.73
COL,Colômbia,FP.CPI.TOTL.ZG,1967,8.33
COL,Colômbia,FP.CPI.TOTL.ZG,1968,7.45
COL,Colômbia,FP.CPI.TOTL.ZG,1969,6.98
COL,Colômbia,FP.CPI.TOTL.ZG,1970,6.91
COL,Colômbia,FP.CPI.TOTL.ZG,1971,11.94
COL,Colômbia,FP.CPI.TOTL.ZG,1972,12.44
COL,Colômbia,FP.CPI.TOTL.ZG,1973,22.53
COL,Colômbia,FP.CPI.TOTL.ZG,1974,23.87
COL,Colômbia,FP.CPI.TOTL.ZG,1975,23.44
COL,Colômbia,FP.CPI.TOTL.ZG,1976,19.83
COL,Colômbia,FP.CPI.TOTL.ZG,1977,33.80
COL,Colômbia,FP.CPI.TOTL.ZG,1978,17.76
COL,Colômbia,FP.CPI.TOTL.ZG,1979,24.13
COL,Colômbia,FP.CPI.TOTL.ZG,1980,26.55
COL,Colômbia,FP.CPI.TOTL.ZG,1981,27.45
COL,Colômbia,FP.CPI.TOTL.ZG,1982,24.72
COL,Colômbia,FP.CPI.TOTL.ZG,1983,19.60
COL,Colômbia,FP.CPI.TOTL.ZG,1984,16.16
COL,Colômbia,FP.CPI.TOTL.ZG,1985,24.09
COL,Colômbia,FP.CPI.TOTL.ZG,1986,18.84
COL,Colômbia,FP.CPI.TOTL.ZG,1987,23.30
COL,Colômbia,FP.CPI.TOTL.ZG,1988,28.11
COL,Colômbia,FP.CPI.TOTL.ZG,1989,25.87
COL,Colômbia,FP.CPI.TOTL.ZG,1990,29.15
COL,Colômbia,FP.CPI.TOTL.ZG,1991,30.39
COL,Colômbia,FP.CPI.TOTL.ZG,1992,27.01
COL,Colômbia,FP.CPI.TOTL.ZG,1993,22.44
COL,Colômbia,FP.CPI.TOTL.ZG,1994,22.85
COL,Colômbia,FP.CPI.TOTL.ZG,1995,20.89
COL,Colômbia,FP.CPI.TOTL.ZG,1996,20.80
COL,Colômbia,FP.CPI.TOTL.ZG,1997,18.47
COL,Colômbia,FP.CPI.TOTL.ZG,1998,18.68
COL,Colômbia,FP.CPI.TOTL.ZG,1999,10.87
COL,Colômbia,FP.CPI.TOTL.ZG,2000,9.23
COL,Colômbia,FP.CPI.TOTL.ZG,2001,7.97
COL,Colômbia,FP.CPI.TOTL.ZG,2002,6.35
COL,Colômbia,FP.CPI.TOTL.ZG,2003,7.13
COL,Colômbia,FP.CPI.TOTL.ZG,2004,5.90
COL,Colômbia,FP.CPI.TOTL.ZG,2005,5.05
COL,Colômbia,FP.CPI.TOTL.ZG,2006,4.29
COL,Colômbia,FP.CPI.TOTL.ZG,2007,5.54
COL,Colômbia,FP.CPI.TOTL.ZG,2008,7.00
COL,Colômbia,FP.CPI.TOTL.ZG,2009,4.20
COL,Colômbia,FP.CPI.TOTL.ZG,2010,2.27
COL,Colômbia,FP.CPI.TOTL.ZG,2011,3.42
COL,Colômbia,FP.CPI.TOTL.ZG,2012,3.17
COL,Colômbia,FP.CPI.TOTL.ZG,2013,2.02
COL,Colômbia,FP.CPI.TOTL.ZG,2014,2.90
COL,Colômbia,FP.CPI.TOTL.ZG,2015,4.99
COL,Colômbia,FP.CPI.TOTL.ZG,2016,7.51
COL,Colômbia,FP.CPI.TOTL.ZG,2017,4.31
COL,Colômbia,FP.CPI.TOTL.ZG,2018,3.24
COL,Colômbia,FP.CPI.TOTL.ZG,2019,3.52
COL,Colômbia,FP.CPI.TOTL.ZG,2020,2.53
COL,Colômbia,FP.CPI.TOTL.ZG,2021,3.50
COL,Colômbia,FP.CPI.TOTL.ZG,2022,10.18
COL,Colômbia,FP.CPI.TOTL.ZG,2023,11.74
COL,Colômbia,FP.CPI.TOTL.ZG,2024,6.61
COL,Colômbia,FP.CPI.TOTL.ZG,2025,5.14
MEX,México,FP.CPI.TOTL.ZG,1960,4.93
MEX,México,FP.CPI.TOTL.ZG,1961,1.61
MEX,México,FP.CPI.TOTL.ZG,1962,1.20
MEX,México,FP.CPI.TOTL.ZG,1963,0.59
MEX,México,FP.CPI.TOTL.ZG,1964,2.34
MEX,México,FP.CPI.TOTL.ZG,1965,3.57
MEX,México,FP.CPI.TOTL.ZG,1966,4.22
MEX,México,FP.CPI.TOTL.ZG,1967,3.02
MEX,México,FP.CPI.TOTL.ZG,1968,2.33
MEX,México,FP.CPI.TOTL.ZG,1969,3.37
MEX,México,FP.CPI.TOTL.ZG,1970,5.00
MEX,México,FP.CPI.TOTL.ZG,1971,5.47
MEX,México,FP.CPI.TOTL.ZG,1972,4.94
MEX,México,FP.CPI.TOTL.ZG,1973,12.08
MEX,México,FP.CPI.TOTL.ZG,1974,23.78
MEX,México,FP.CPI.TOTL.ZG,1975,14.94
MEX,México,FP.CPI.TOTL.ZG,1976,15.82
MEX,México,FP.CPI.TOTL.ZG,1977,29.06
MEX,México,FP.CPI.TOTL.ZG,1978,17.46
MEX,México,FP.CPI.TOTL.ZG,1979,18.19
MEX,México,FP.CPI.TOTL.ZG,1980,26.35
MEX,México,FP.CPI.TOTL.ZG,1981,27.93
MEX,México,FP.CPI.TOTL.ZG,1982,58.91
MEX,México,FP.CPI.TOTL.ZG,1983,101.87
MEX,México,FP.CPI.TOTL.ZG,1984,65.45
MEX,México,FP.CPI.TOTL.ZG,1985,57.75
MEX,México,FP.CPI.TOTL.ZG,1986,86.23
MEX,México,FP.CPI.TOTL.ZG,1987,131.83
MEX,México,FP.CPI.TOTL.ZG,1988,114.16
MEX,México,FP.CPI.TOTL.ZG,1989,20.01
MEX,México,FP.CPI.TOTL.ZG,1990,26.65
MEX,México,FP.CPI.TOTL.ZG,1991,22.66
MEX,México,FP.CPI.TOTL.ZG,1992,15.51
MEX,México,FP.CPI.TOTL.ZG,1993,9.75
MEX,México,FP.CPI.TOTL.ZG,1994,6.97
MEX,México,FP.CPI.TOTL.ZG,1995,35.00
MEX,México,FP.CPI.TOTL.ZG,1996,34.38
MEX,México,FP.CPI.TOTL.ZG,1997,20.63
MEX,México,FP.CPI.TOTL.ZG,1998,15.93
MEX,México,FP.CPI.TOTL.ZG,1999,16.59
MEX,México,FP.CPI.TOTL.ZG,2000,9.49
MEX,México,FP.CPI.TOTL.ZG,2001,6.37
MEX,México,FP.CPI.TOTL.ZG,2002,5.03
MEX,México,FP.CPI.TOTL.ZG,2003,4.55
MEX,México,FP.CPI.TOTL.ZG,2004,4.69
MEX,México,FP.CPI.TOTL.ZG,2005,3.99
MEX,México,FP.CPI.TOTL.ZG,2006,3.63
MEX,México,FP.CPI.TOTL.ZG,2007,3.97
MEX,México,FP.CPI.TOTL.ZG,2008,5.12
MEX,México,FP.CPI.TOTL.ZG,2009,5.30
MEX,México,FP.CPI.TOTL.ZG,2010,4.16
MEX,México,FP.CPI.TOTL.ZG,2011,3.41
MEX,México,FP.CPI.TOTL.ZG,2012,4.11
MEX,México,FP.CPI.TOTL.ZG,2013,3.81
MEX,México,FP.CPI.TOTL.ZG,2014,4.02
MEX,México,FP.CPI.TOTL.ZG,2015,2.72
MEX,México,FP.CPI.TOTL.ZG,2016,2.82
MEX,México,FP.CPI.TOTL.ZG,2017,6.04
MEX,México,FP.CPI.TOTL.ZG,2018,4.90
MEX,México,FP.CPI.TOTL.ZG,2019,3.64
MEX,México,FP.CPI.TOTL.ZG,2020,3.40
MEX,México,FP.CPI.TOTL.ZG,2021,5.69
MEX,México,FP.CPI.TOTL.ZG,2022,7.90
MEX,México,FP.CPI.TOTL.ZG,2023,5.53
MEX,México,FP.CPI.TOTL.ZG,2024,4.72
MEX,México,FP.CPI.TOTL.ZG,2025,3.81
PER,Peru,FP.CPI.TOTL.ZG,1960,8.66
PER,Peru,FP.CPI.TOTL.ZG,1961,5.92
PER,Peru,FP.CPI.TOTL.ZG,1962,6.64
PER,Peru,FP.CPI.TOTL.ZG,1963,6.07
PER,Peru,FP.CPI.TOTL.ZG,1964,9.79
PER,Peru,FP.CPI.TOTL.ZG,1965,16.39
PER,Peru,FP.CPI.TOTL.ZG,1966,8.84
PER,Peru,FP.CPI.TOTL.ZG,1967,9.78
PER,Peru,FP.CPI.TOTL.ZG,1968,19.09
PER,Peru,FP.CPI.TOTL.ZG,1969,6.24
PER,Peru,FP.CPI.TOTL.ZG,1970,5.03
PER,Peru,FP.CPI.TOTL.ZG,1971,6.79
PER,Peru,FP.CPI.TOTL.ZG,1972,7.22
PER,Peru,FP.CPI.TOTL.ZG,1973,9.49
PER,Peru,FP.CPI.TOTL.ZG,1974,16.89
PER,Peru,FP.CPI.TOTL.ZG,1975,23.62
PER,Peru,FP.CPI.TOTL.ZG,1976,33.48
PER,Peru,FP.CPI.TOTL.ZG,1977,38.05
PER,Peru,FP.CPI.TOTL.ZG,1978,57.85
PER,Peru,FP.CPI.TOTL.ZG,1979,66.69
PER,Peru,FP.CPI.TOTL.ZG,1980,59.15
PER,Peru,FP.CPI.TOTL.ZG,1981,75.43
PER,Peru,FP.CPI.TOTL.ZG,1982,64.45
PER,Peru,FP.CPI.TOTL.ZG,1983,111.15
PER,Peru,FP.CPI.TOTL.ZG,1984,110.21
PER,Peru,FP.CPI.TOTL.ZG,1985,163.40
PER,Peru,FP.CPI.TOTL.ZG,1986,77.92
PER,Peru,FP.CPI.TOTL.ZG,1987,85.82
PER,Peru,FP.CPI.TOTL.ZG,1988,667.02
PER,Peru,FP.CPI.TOTL.ZG,1989,3398.68
PER,Peru,FP.CPI.TOTL.ZG,1990,7481.66
PER,Peru,FP.CPI.TOTL.ZG,1991,409.53
PER,Peru,FP.CPI.TOTL.ZG,1992,73.53
PER,Peru,FP.CPI.TOTL.ZG,1993,48.58
PER,Peru,FP.CPI.TOTL.ZG,1994,23.74
PER,Peru,FP.CPI.TOTL.ZG,1995,11.13
PER,Peru,FP.CPI.TOTL.ZG,1996,11.54
PER,Peru,FP.CPI.TOTL.ZG,1997,8.56
PER,Peru,FP.CPI.TOTL.ZG,1998,7.25
PER,Peru,FP.CPI.TOTL.ZG,1999,3.47
PER,Peru,FP.CPI.TOTL.ZG,2000,3.76
PER,Peru,FP.CPI.TOTL.ZG,2001,1.98
PER,Peru,FP.CPI.TOTL.ZG,2002,0.19
PER,Peru,FP.CPI.TOTL.ZG,2003,2.26
PER,Peru,FP.CPI.TOTL.ZG,2004,3.66
PER,Peru,FP.CPI.TOTL.ZG,2005,1.62
PER,Peru,FP.CPI.TOTL.ZG,2006,2.00
PER,Peru,FP.CPI.TOTL.ZG,2007,1.78
PER,Peru,FP.CPI.TOTL.ZG,2008,5.79
PER,Peru,FP.CPI.TOTL.ZG,2009,2.94
PER,Peru,FP.CPI.TOTL.ZG,2010,1.53
PER,Peru,FP.CPI.TOTL.ZG,2011,3.37
PER,Peru,FP.CPI.TOTL.ZG,2012,3.61
PER,Peru,FP.CPI.TOTL.ZG,2013,2.77
PER,Peru,FP.CPI.TOTL.ZG,2014,3.41
PER,Peru,FP.CPI.TOTL.ZG,2015,3.40
PER,Peru,FP.CPI.TOTL.ZG,2016,3.56
PER,Peru,FP.CPI.TOTL.ZG,2017,2.99
PER,Peru,FP.CPI.TOTL.ZG,2018,1.51
PER,Peru,FP.CPI.TOTL.ZG,2019,2.25
PER,Peru,FP.CPI.TOTL.ZG,2020,2.00
PER,Peru,FP.CPI.TOTL.ZG,2021,4.27
PER,Peru,FP.CPI.TOTL.ZG,2022,8.33
PER,Peru,FP.CPI.TOTL.ZG,2023,6.46
PER,Peru,FP.CPI.TOTL.ZG,2024,2.01
PER,Peru,FP.CPI.TOTL.ZG,2025,1.53
USA,Estados Unidos,FP.CPI.TOTL.ZG,1960,1.46
USA,Estados Unidos,FP.CPI.TOTL.ZG,1961,1.07
USA,Estados Unidos,FP.CPI.TOTL.ZG,1962,1.20
USA,Estados Unidos,FP.CPI.TOTL.ZG,1963,1.24
USA,Estados Unidos,FP.CPI.TOTL.ZG,1964,1.28
USA,Estados Unidos,FP.CPI.TOTL.ZG,1965,1.59
USA,Estados Unidos,FP.CPI.TOTL.ZG,1966,3.02
USA,Estados Unidos,FP.CPI.TOTL.ZG,1967,2.77
USA,Estados Unidos,FP.CPI.TOTL.ZG,1968,4.27
USA,Estados Unidos,FP.CPI.TOTL.ZG,1969,5.46
USA,Estados Unidos,FP.CPI.TOTL.ZG,1970,5.84
USA,Estados Unidos,FP.CPI.TOTL.ZG,1971,4.29
USA,Estados Unidos,FP.CPI.TOTL.ZG,1972,3.27
USA,Estados Unidos,FP.CPI.TOTL.ZG,1973,6.18
USA,Estados Unidos,FP.CPI.TOTL.ZG,1974,11.05
USA,Estados Unidos,FP.CPI.TOTL.ZG,1975,9.14
USA,Estados Unidos,FP.CPI.TOTL.ZG,1976,5.74
USA,Estados Unidos,FP.CPI.TOTL.ZG,1977,6.50
USA,Estados Unidos,FP.CPI.TOTL.ZG,1978,7.63
USA,Estados Unidos,FP.CPI.TOTL.ZG,1979,11.25
USA,Estados Unidos,FP.CPI.TOTL.ZG,1980,13.55
USA,Estados Unidos,FP.CPI.TOTL.ZG,1981,10.33
USA,Estados Unidos,FP.CPI.TOTL.ZG,1982,6.13
USA,Estados Unidos,FP.CPI.TOTL.ZG,1983,3.21
USA,Estados Unidos,FP.CPI.TOTL.ZG,1984,4.30
USA,Estados Unidos,FP.CPI.TOTL.ZG,1985,3.55
USA,Estados Unidos,FP.CPI.TOTL.ZG,1986,1.90
USA,Estados Unidos,FP.CPI.TOTL.ZG,1987,3.66
USA,Estados Unidos,FP.CPI.TOTL.ZG,1988,4.08
USA,Estados Unidos,FP.CPI.TOTL.ZG,1989,4.83
USA,Estados Unidos,FP.CPI.TOTL.ZG,1990,5.40
USA,Estados Unidos,FP.CPI.TOTL.ZG,1991,4.23
USA,Estados Unidos,FP.CPI.TOTL.ZG,1992,3.03
USA,Estados Unidos,FP.CPI.TOTL.ZG,1993,2.95
USA,Estados Unidos,FP.CPI.TOTL.ZG,1994,2.61
USA,Estados Unidos,FP.CPI.TOTL.ZG,1995,2.81
USA,Estados Unidos,FP.CPI.TOTL.ZG,1996,2.93
USA,Estados Unidos,FP.CPI.TOTL.ZG,1997,2.34
USA,Estados Unidos,FP.CPI.TOTL.ZG,1998,1.55
USA,Estados Unidos,FP.CPI.TOTL.ZG,1999,2.19
USA,Estados Unidos,FP.CPI.TOTL.ZG,2000,3.38
USA,Estados Unidos,FP.CPI.TOTL.ZG,2001,2.83
USA,Estados Unidos,FP.CPI.TOTL.ZG,2002,1.59
USA,Estados Unidos,FP.CPI.TOTL.ZG,2003,2.27
USA,Estados Unidos,FP.CPI.TOTL.ZG,2004,2.68
USA,Estados Unidos,FP.CPI.TOTL.ZG,2005,3.39
USA,Estados Unidos,FP.CPI.TOTL.ZG,2006,3.23
USA,Estados Unidos,FP.CPI.TOTL.ZG,2007,2.85
USA,Estados Unidos,FP.CPI.TOTL.ZG,2008,3.84
USA,Estados Unidos,FP.CPI.TOTL.ZG,2009,-0.36
USA,Estados Unidos,FP.CPI.TOTL.ZG,2010,1.64
USA,Estados Unidos,FP.CPI.TOTL.ZG,2011,3.16
USA,Estados Unidos,FP.CPI.TOTL.ZG,2012,2.07
USA,Estados Unidos,FP.CPI.TOTL.ZG,2013,1.46
USA,Estados Unidos,FP.CPI.TOTL.ZG,2014,1.62
USA,Estados Unidos,FP.CPI.TOTL.ZG,2015,0.12
USA,Estados Unidos,FP.CPI.TOTL.ZG,2016,1.26
USA,Estados Unidos,FP.CPI.TOTL.ZG,2017,2.13
USA,Estados Unidos,FP.CPI.TOTL.ZG,2018,2.44
USA,Estados Unidos,FP.CPI.TOTL.ZG,2019,1.81
USA,Estados Unidos,FP.CPI.TOTL.ZG,2020,1.23
USA,Estados Unidos,FP.CPI.TOTL.ZG,2021,4.70
USA,Estados Unidos,FP.CPI.TOTL.ZG,2022,8.00
USA,Estados Unidos,FP.CPI.TOTL.ZG,2023,4.12
USA,Estados Unidos,FP.CPI.TOTL.ZG,2024,2.95
CHN,China,FP.CPI.TOTL.ZG,1987,7.23
CHN,China,FP.CPI.TOTL.ZG,1988,18.81
CHN,China,FP.CPI.TOTL.ZG,1989,18.25
CHN,China,FP.CPI.TOTL.ZG,1990,3.05
CHN,China,FP.CPI.TOTL.ZG,1991,3.56
CHN,China,FP.CPI.TOTL.ZG,1992,6.35
CHN,China,FP.CPI.TOTL.ZG,1993,14.61
CHN,China,FP.CPI.TOTL.ZG,1994,24.26
CHN,China,FP.CPI.TOTL.ZG,1995,16.79
CHN,China,FP.CPI.TOTL.ZG,1996,8.31
CHN,China,FP.CPI.TOTL.ZG,1997,2.79
CHN,China,FP.CPI.TOTL.ZG,1998,-0.77
CHN,China,FP.CPI.TOTL.ZG,1999,-1.40
CHN,China,FP.CPI.TOTL.ZG,2000,0.35
CHN,China,FP.CPI.TOTL.ZG,2001,0.72
CHN,China,FP.CPI.TOTL.ZG,2002,-0.73
CHN,China,FP.CPI.TOTL.ZG,2003,1.13
CHN,China,FP.CPI.TOTL.ZG,2004,3.82
CHN,China,FP.CPI.TOTL.ZG,2005,1.78
CHN,China,FP.CPI.TOTL.ZG,2006,1.65
CHN,China,FP.CPI.TOTL.ZG,2007,4.82
CHN,China,FP.CPI.TOTL.ZG,2008,5.93
CHN,China,FP.CPI.TOTL.ZG,2009,-0.73
CHN,China,FP.CPI.TOTL.ZG,2010,3.18
CHN,China,FP.CPI.TOTL.ZG,2011,5.55
CHN,China,FP.CPI.TOTL.ZG,2012,2.62
CHN,China,FP.CPI.TOTL.ZG,2013,2.62
CHN,China,FP.CPI.TOTL.ZG,2014,1.92
CHN,China,FP.CPI.TOTL.ZG,2015,1.44
CHN,China,FP.CPI.TOTL.ZG,2016,2.00
CHN,China,FP.CPI.TOTL.ZG,2017,1.59
CHN,China,FP.CPI.TOTL.ZG,2018,2.07
CHN,China,FP.CPI.TOTL.ZG,2019,2.90
CHN,China,FP.CPI.TOTL.ZG,2020,2.42
CHN,China,FP.CPI.TOTL.ZG,2021,0.98
CHN,China,FP.CPI.TOTL.ZG,2022,1.97
CHN,China,FP.CPI.TOTL.ZG,2023,0.23
CHN,China,FP.CPI.TOTL.ZG,2024,0.22
CHN,China,FP.CPI.TOTL.ZG,2025,0.06
IND,Índia,FP.CPI.TOTL.ZG,1960,1.78
IND,Índia,FP.CPI.TOTL.ZG,1961,1.70
IND,Índia,FP.CPI.TOTL.ZG,1962,3.63
IND,Índia,FP.CPI.TOTL.ZG,1963,2.95
IND,Índia,FP.CPI.TOTL.ZG,1964,13.36
IND,Índia,FP.CPI.TOTL.ZG,1965,9.47
IND,Índia,FP.CPI.TOTL.ZG,1966,10.80
IND,Índia,FP.CPI.TOTL.ZG,1967,13.06
IND,Índia,FP.CPI.TOTL.ZG,1968,3.24
IND,Índia,FP.CPI.TOTL.ZG,1969,-0.58
IND,Índia,FP.CPI.TOTL.ZG,1970,5.09
IND,Índia,FP.CPI.TOTL.ZG,1971,3.08
IND,Índia,FP.CPI.TOTL.ZG,1972,6.44
IND,Índia,FP.CPI.TOTL.ZG,1973,16.94
IND,Índia,FP.CPI.TOTL.ZG,1974,28.60
IND,Índia,FP.CPI.TOTL.ZG,1975,5.75
IND,Índia,FP.CPI.TOTL.ZG,1976,-7.63
IND,Índia,FP.CPI.TOTL.ZG,1977,8.31
IND,Índia,FP.CPI.TOTL.ZG,1978,2.52
IND,Índia,FP.CPI.TOTL.ZG,1979,6.28
IND,Índia,FP.CPI.TOTL.ZG,1980,11.35
IND,Índia,FP.CPI.TOTL.ZG,1981,13.11
IND,Índia,FP.CPI.TOTL.ZG,1982,7.89
IND,Índia,FP.CPI.TOTL.ZG,1983,11.87
IND,Índia,FP.CPI.TOTL.ZG,1984,8.32
IND,Índia,FP.CPI.TOTL.ZG,1985,5.56
IND,Índia,FP.CPI.TOTL.ZG,1986,8.73
IND,Índia,FP.CPI.TOTL.ZG,1987,8.80
IND,Índia,FP.CPI.TOTL.ZG,1988,9.38
IND,Índia,FP.CPI.TOTL.ZG,1989,7.07
IND,Índia,FP.CPI.TOTL.ZG,1990,8.97
IND,Índia,FP.CPI.TOTL.ZG,1991,13.87
IND,Índia,FP.CPI.TOTL.ZG,1992,11.79
IND,Índia,FP.CPI.TOTL.ZG,1993,6.33
IND,Índia,FP.CPI.TOTL.ZG,1994,10.25
IND,Índia,FP.CPI.TOTL.ZG,1995,10.22
IND,Índia,FP.CPI.TOTL.ZG,1996,8.98
IND,Índia,FP.CPI.TOTL.ZG,1997,7.16
IND,Índia,FP.CPI.TOTL.ZG,1998,13.23
IND,Índia,FP.CPI.TOTL.ZG,1999,4.67
IND,Índia,FP.CPI.TOTL.ZG,2000,4.01
IND,Índia,FP.CPI.TOTL.ZG,2001,3.78
IND,Índia,FP.CPI.TOTL.ZG,2002,4.30
IND,Índia,FP.CPI.TOTL.ZG,2003,3.81
IND,Índia,FP.CPI.TOTL.ZG,2004,3.77
IND,Índia,FP.CPI.TOTL.ZG,2005,4.25
IND,Índia,FP.CPI.TOTL.ZG,2006,5.80
IND,Índia,FP.CPI.TOTL.ZG,2007,6.37
IND,Índia,FP.CPI.TOTL.ZG,2008,8.35
IND,Índia,FP.CPI.TOTL.ZG,2009,10.88
IND,Índia,FP.CPI.TOTL.ZG,2010,11.99
IND,Índia,FP.CPI.TOTL.ZG,2011,8.91
IND,Índia,FP.CPI.TOTL.ZG,2012,9.48
IND,Índia,FP.CPI.TOTL.ZG,2013,10.02
IND,Índia,FP.CPI.TOTL.ZG,2014,6.67
IND,Índia,FP.CPI.TOTL.ZG,2015,4.91
IND,Índia,FP.CPI.TOTL.ZG,2016,4.95
IND,Índia,FP.CPI.TOTL.ZG,2017,3.33
IND,Índia,FP.CPI.TOTL.ZG,2018,3.94
IND,Índia,FP.CPI.TOTL.ZG,2019,3.73
IND,Índia,FP.CPI.TOTL.ZG,2020,6.62
IND,Índia,FP.CPI.TOTL.ZG,2021,5.13
IND,Índia,FP.CPI.TOTL.ZG,2022,6.70
IND,Índia,FP.CPI.TOTL.ZG,2023,5.65
IND,Índia,FP.CPI.TOTL.ZG,2024,4.95
IND,Índia,FP.CPI.TOTL.ZG,2025,2.40
KOR,Coreia do Sul,FP.CPI.TOTL.ZG,1960,7.97
KOR,Coreia do Sul,FP.CPI.TOTL.ZG,1961,8.20
KOR,Coreia do Sul,FP.CPI.TOTL.ZG,1962,6.62
KOR,Coreia do Sul,FP.CPI.TOTL.ZG,1963,20.69
KOR,Coreia do Sul,FP.CPI.TOTL.ZG,1964,29.46
KOR,Coreia do Sul,FP.CPI.TOTL.ZG,1965,13.55
KOR,Coreia do Sul,FP.CPI.TOTL.ZG,1966,11.26
KOR,Coreia do Sul,FP.CPI.TOTL.ZG,1967,10.88
KOR,Coreia do Sul,FP.CPI.TOTL.ZG,1968,10.77
KOR,Coreia do Sul,FP.CPI.TOTL.ZG,1969,12.39
KOR,Coreia do Sul,FP.CPI.TOTL.ZG,1970,15.95
KOR,Coreia do Sul,FP.CPI.TOTL.ZG,1971,13.51
KOR,Coreia do Sul,FP.CPI.TOTL.ZG,1972,11.69
KOR,Coreia do Sul,FP.CPI.TOTL.ZG,1973,3.22
KOR,Coreia do Sul,FP.CPI.TOTL.ZG,1974,24.30
KOR,Coreia do Sul,FP.CPI.TOTL.ZG,1975,25.25
KOR,Coreia do Sul,FP.CPI.TOTL.ZG,1976,15.33
KOR,Coreia do Sul,FP.CPI.TOTL.ZG,1977,10.10
KOR,Coreia do Sul,FP.CPI.TOTL.ZG,1978,14.46
KOR,Coreia do Sul,FP.CPI.TOTL.ZG,1979,18.32
KOR,Coreia do Sul,FP.CPI.TOTL.ZG,1980,28.70
KOR,Coreia do Sul,FP.CPI.TOTL.ZG,1981,21.35
KOR,Coreia do Sul,FP.CPI.TOTL.ZG,1982,7.19
KOR,Coreia do Sul,FP.CPI.TOTL.ZG,1983,3.42
KOR,Coreia do Sul,FP.CPI.TOTL.ZG,1984,2.27
KOR,Coreia do Sul,FP.CPI.TOTL.ZG,1985,2.46
KOR,Coreia do Sul,FP.CPI.TOTL.ZG,1986,2.75
KOR,Coreia do Sul,FP.CPI.TOTL.ZG,1987,3.05
KOR,Coreia do Sul,FP.CPI.TOTL.ZG,1988,7.15
KOR,Coreia do Sul,FP.CPI.TOTL.ZG,1989,5.70
KOR,Coreia do Sul,FP.CPI.TOTL.ZG,1990,8.57
KOR,Coreia do Sul,FP.CPI.TOTL.ZG,1991,9.33
KOR,Coreia do Sul,FP.CPI.TOTL.ZG,1992,6.21
KOR,Coreia do Sul,FP.CPI.TOTL.ZG,1993,4.80
KOR,Coreia do Sul,FP.CPI.TOTL.ZG,1994,6.27
KOR,Coreia do Sul,FP.CPI.TOTL.ZG,1995,4.48
KOR,Coreia do Sul,FP.CPI.TOTL.ZG,1996,4.92
KOR,Coreia do Sul,FP.CPI.TOTL.ZG,1997,4.44
KOR,Coreia do Sul,FP.CPI.TOTL.ZG,1998,7.51
KOR,Coreia do Sul,FP.CPI.TOTL.ZG,1999,0.81
KOR,Coreia do Sul,FP.CPI.TOTL.ZG,2000,2.26
KOR,Coreia do Sul,FP.CPI.TOTL.ZG,2001,4.07
KOR,Coreia do Sul,FP.CPI.TOTL.ZG,2002,2.76
KOR,Coreia do Sul,FP.CPI.TOTL.ZG,2003,3.51
KOR,Coreia do Sul,FP.CPI.TOTL.ZG,2004,3.59
KOR,Coreia do Sul,FP.CPI.TOTL.ZG,2005,2.75
KOR,Coreia do Sul,FP.CPI.TOTL.ZG,2006,2.24
KOR,Coreia do Sul,FP.CPI.TOTL.ZG,2007,2.53
KOR,Coreia do Sul,FP.CPI.TOTL.ZG,2008,4.67
KOR,Coreia do Sul,FP.CPI.TOTL.ZG,2009,2.76
KOR,Coreia do Sul,FP.CPI.TOTL.ZG,2010,2.94
KOR,Coreia do Sul,FP.CPI.TOTL.ZG,2011,4.03
KOR,Coreia do Sul,FP.CPI.TOTL.ZG,2012,2.19
KOR,Coreia do Sul,FP.CPI.TOTL.ZG,2013,1.30
KOR,Coreia do Sul,FP.CPI.TOTL.ZG,2014,1.27
KOR,Coreia do Sul,FP.CPI.TOTL.ZG,2015,0.71
KOR,Coreia do Sul,FP.CPI.TOTL.ZG,2016,0.97
KOR,Coreia do Sul,FP.CPI.TOTL.ZG,2017,1.94
KOR,Coreia do Sul,FP.CPI.TOTL.ZG,2018,1.48
KOR,Coreia do Sul,FP.CPI.TOTL.ZG,2019,0.38
KOR,Coreia do Sul,FP.CPI.TOTL.ZG,2020,0.54
KOR,Coreia do Sul,FP.CPI.TOTL.ZG,2021,2.50
KOR,Coreia do Sul,FP.CPI.TOTL.ZG,2022,5.09
KOR,Coreia do Sul,FP.CPI.TOTL.ZG,2023,3.60
KOR,Coreia do Sul,FP.CPI.TOTL.ZG,2024,2.32
KOR,Coreia do Sul,FP.CPI.TOTL.ZG,2025,2.12
ZAF,África do Sul,FP.CPI.TOTL.ZG,1960,1.29
ZAF,África do Sul,FP.CPI.TOTL.ZG,1961,2.10
ZAF,África do Sul,FP.CPI.TOTL.ZG,1962,1.25
ZAF,África do Sul,FP.CPI.TOTL.ZG,1963,1.34
ZAF,África do Sul,FP.CPI.TOTL.ZG,1964,2.53
ZAF,África do Sul,FP.CPI.TOTL.ZG,1965,4.07
ZAF,África do Sul,FP.CPI.TOTL.ZG,1966,3.49
ZAF,África do Sul,FP.CPI.TOTL.ZG,1967,3.54
ZAF,África do Sul,FP.CPI.TOTL.ZG,1968,1.99
ZAF,África do Sul,FP.CPI.TOTL.ZG,1969,3.24
ZAF,África do Sul,FP.CPI.TOTL.ZG,1970,4.99
ZAF,África do Sul,FP.CPI.TOTL.ZG,1971,5.96
ZAF,África do Sul,FP.CPI.TOTL.ZG,1972,6.43
ZAF,África do Sul,FP.CPI.TOTL.ZG,1973,9.43
ZAF,África do Sul,FP.CPI.TOTL.ZG,1974,11.72
ZAF,África do Sul,FP.CPI.TOTL.ZG,1975,13.43
ZAF,África do Sul,FP.CPI.TOTL.ZG,1976,11.02
ZAF,África do Sul,FP.CPI.TOTL.ZG,1977,11.15
ZAF,África do Sul,FP.CPI.TOTL.ZG,1978,11.14
ZAF,África do Sul,FP.CPI.TOTL.ZG,1979,13.29
ZAF,África do Sul,FP.CPI.TOTL.ZG,1980,13.66
ZAF,África do Sul,FP.CPI.TOTL.ZG,1981,15.25
ZAF,África do Sul,FP.CPI.TOTL.ZG,1982,14.64
ZAF,África do Sul,FP.CPI.TOTL.ZG,1983,12.30
ZAF,África do Sul,FP.CPI.TOTL.ZG,1984,11.53
ZAF,África do Sul,FP.CPI.TOTL.ZG,1985,16.29
ZAF,África do Sul,FP.CPI.TOTL.ZG,1986,18.65
ZAF,África do Sul,FP.CPI.TOTL.ZG,1987,16.16
ZAF,África do Sul,FP.CPI.TOTL.ZG,1988,12.78
ZAF,África do Sul,FP.CPI.TOTL.ZG,1989,14.73
ZAF,África do Sul,FP.CPI.TOTL.ZG,1990,14.32
ZAF,África do Sul,FP.CPI.TOTL.ZG,1991,15.33
ZAF,África do Sul,FP.CPI.TOTL.ZG,1992,13.87
ZAF,África do Sul,FP.CPI.TOTL.ZG,1993,9.72
ZAF,África do Sul,FP.CPI.TOTL.ZG,1994,8.94
ZAF,África do Sul,FP.CPI.TOTL.ZG,1995,8.68
ZAF,África do Sul,FP.CPI.TOTL.ZG,1996,7.35
ZAF,África do Sul,FP.CPI.TOTL.ZG,1997,8.60
ZAF,África do Sul,FP.CPI.TOTL.ZG,1998,6.88
ZAF,África do Sul,FP.CPI.TOTL.ZG,1999,5.18
ZAF,África do Sul,FP.CPI.TOTL.ZG,2000,5.34
ZAF,África do Sul,FP.CPI.TOTL.ZG,2001,5.70
ZAF,África do Sul,FP.CPI.TOTL.ZG,2002,9.49
ZAF,África do Sul,FP.CPI.TOTL.ZG,2003,5.68
ZAF,África do Sul,FP.CPI.TOTL.ZG,2004,-0.69
ZAF,África do Sul,FP.CPI.TOTL.ZG,2005,2.06
ZAF,África do Sul,FP.CPI.TOTL.ZG,2006,3.24
ZAF,África do Sul,FP.CPI.TOTL.ZG,2007,6.18
ZAF,África do Sul,FP.CPI.TOTL.ZG,2008,9.91
ZAF,África do Sul,FP.CPI.TOTL.ZG,2009,7.24
ZAF,África do Sul,FP.CPI.TOTL.ZG,2010,4.07
ZAF,África do Sul,FP.CPI.TOTL.ZG,2011,5.00
ZAF,África do Sul,FP.CPI.TOTL.ZG,2012,5.74
ZAF,África do Sul,FP.CPI.TOTL.ZG,2013,5.78
ZAF,África do Sul,FP.CPI.TOTL.ZG,2014,6.13
ZAF,África do Sul,FP.CPI.TOTL.ZG,2015,4.52
ZAF,África do Sul,FP.CPI.TOTL.ZG,2016,6.60
ZAF,África do Sul,FP.CPI.TOTL.ZG,2017,5.19
ZAF,África do Sul,FP.CPI.TOTL.ZG,2018,4.51
ZAF,África do Sul,FP.CPI.TOTL.ZG,2019,4.10
ZAF,África do Sul,FP.CPI.TOTL.ZG,2020,3.23
ZAF,África do Sul,FP.CPI.TOTL.ZG,2021,4.62
ZAF,África do Sul,FP.CPI.TOTL.ZG,2022,7.04
ZAF,África do Sul,FP.CPI.TOTL.ZG,2023,6.08
ZAF,África do Sul,FP.CPI.TOTL.ZG,2024,4.36
ZAF,África do Sul,FP.CPI.TOTL.ZG,2025,3.21
RUS,Rússia,FP.CPI.TOTL.ZG,1993,874.25
RUS,Rússia,FP.CPI.TOTL.ZG,1994,307.72
RUS,Rússia,FP.CPI.TOTL.ZG,1995,197.41
RUS,Rússia,FP.CPI.TOTL.ZG,1996,47.75
RUS,Rússia,FP.CPI.TOTL.ZG,1997,14.76
RUS,Rússia,FP.CPI.TOTL.ZG,1998,27.69
RUS,Rússia,FP.CPI.TOTL.ZG,1999,85.75
RUS,Rússia,FP.CPI.TOTL.ZG,2000,20.80
RUS,Rússia,FP.CPI.TOTL.ZG,2001,21.48
RUS,Rússia,FP.CPI.TOTL.ZG,2002,15.79
RUS,Rússia,FP.CPI.TOTL.ZG,2003,13.66
RUS,Rússia,FP.CPI.TOTL.ZG,2004,10.89
RUS,Rússia,FP.CPI.TOTL.ZG,2005,12.69
RUS,Rússia,FP.CPI.TOTL.ZG,2006,9.67
RUS,Rússia,FP.CPI.TOTL.ZG,2007,9.01
RUS,Rússia,FP.CPI.TOTL.ZG,2008,14.11
RUS,Rússia,FP.CPI.TOTL.ZG,2009,11.65
RUS,Rússia,FP.CPI.TOTL.ZG,2010,6.85
RUS,Rússia,FP.CPI.TOTL.ZG,2011,8.44
RUS,Rússia,FP.CPI.TOTL.ZG,2012,5.07
RUS,Rússia,FP.CPI.TOTL.ZG,2013,6.75
RUS,Rússia,FP.CPI.TOTL.ZG,2014,7.82
RUS,Rússia,FP.CPI.TOTL.ZG,2015,15.53
RUS,Rússia,FP.CPI.TOTL.ZG,2016,7.04
RUS,Rússia,FP.CPI.TOTL.ZG,2017,3.68
RUS,Rússia,FP.CPI.TOTL.ZG,2018,2.88
RUS,Rússia,FP.CPI.TOTL.ZG,2019,4.47
RUS,Rússia,FP.CPI.TOTL.ZG,2020,3.38
RUS,Rússia,FP.CPI.TOTL.ZG,2021,6.69
RUS,Rússia,FP.CPI.TOTL.ZG,2022,13.74
RUS,Rússia,FP.CPI.TOTL.ZG,2023,5.87
RUS,Rússia,FP.CPI.TOTL.ZG,2024,8.43
RUS,Rússia,FP.CPI.TOTL.ZG,2025,8.72
TUR,Turquia,FP.CPI.TOTL.ZG,1960,5.66
TUR,Turquia,FP.CPI.TOTL.ZG,1961,3.17
TUR,Turquia,FP.CPI.TOTL.ZG,1962,3.89
TUR,Turquia,FP.CPI.TOTL.ZG,1963,6.36
TUR,Turquia,FP.CPI.TOTL.ZG,1964,1.12
TUR,Turquia,FP.CPI.TOTL.ZG,1965,4.56
TUR,Turquia,FP.CPI.TOTL.ZG,1966,8.47
TUR,Turquia,FP.CPI.TOTL.ZG,1967,13.97
TUR,Turquia,FP.CPI.TOTL.ZG,1968,6.05
TUR,Turquia,FP.CPI.TOTL.ZG,1969,4.92
TUR,Turquia,FP.CPI.TOTL.ZG,1970,7.92
TUR,Turquia,FP.CPI.TOTL.ZG,1971,19.01
TUR,Turquia,FP.CPI.TOTL.ZG,1972,15.42
TUR,Turquia,FP.CPI.TOTL.ZG,1973,13.94
TUR,Turquia,FP.CPI.TOTL.ZG,1974,23.90
TUR,Turquia,FP.CPI.TOTL.ZG,1975,21.23
TUR,Turquia,FP.CPI.TOTL.ZG,1976,17.46
TUR,Turquia,FP.CPI.TOTL.ZG,1977,25.99
TUR,Turquia,FP.CPI.TOTL.ZG,1978,61.90
TUR,Turquia,FP.CPI.TOTL.ZG,1979,63.54
TUR,Turquia,FP.CPI.TOTL.ZG,1980,94.26
TUR,Turquia,FP.CPI.TOTL.ZG,1981,37.61
TUR,Turquia,FP.CPI.TOTL.ZG,1982,29.14
TUR,Turquia,FP.CPI.TOTL.ZG,1983,31.39
TUR,Turquia,FP.CPI.TOTL.ZG,1984,48.39
TUR,Turquia,FP.CPI.TOTL.ZG,1985,44.96
TUR,Turquia,FP.CPI.TOTL.ZG,1986,34.61
TUR,Turquia,FP.CPI.TOTL.ZG,1987,38.86
TUR,Turquia,FP.CPI.TOTL.ZG,1988,68.81
TUR,Turquia,FP.CPI.TOTL.ZG,1989,63.27
TUR,Turquia,FP.CPI.TOTL.ZG,1990,60.30
TUR,Turquia,FP.CPI.TOTL.ZG,1991,65.98
TUR,Turquia,FP.CPI.TOTL.ZG,1992,70.08
TUR,Turquia,FP.CPI.TOTL.ZG,1993,66.09
TUR,Turquia,FP.CPI.TOTL.ZG,1994,105.22
TUR,Turquia,FP.CPI.TOTL.ZG,1995,89.11
TUR,Turquia,FP.CPI.TOTL.ZG,1996,80.41
TUR,Turquia,FP.CPI.TOTL.ZG,1997,85.67
TUR,Turquia,FP.CPI.TOTL.ZG,1998,84.64
TUR,Turquia,FP.CPI.TOTL.ZG,1999,64.87
TUR,Turquia,FP.CPI.TOTL.ZG,2000,54.92
TUR,Turquia,FP.CPI.TOTL.ZG,2001,54.40
TUR,Turquia,FP.CPI.TOTL.ZG,2002,44.96
TUR,Turquia,FP.CPI.TOTL.ZG,2003,21.60
TUR,Turquia,FP.CPI.TOTL.ZG,2004,8.60
TUR,Turquia,FP.CPI.TOTL.ZG,2005,8.18
TUR,Turquia,FP.CPI.TOTL.ZG,2006,9.60
TUR,Turquia,FP.CPI.TOTL.ZG,2007,8.76
TUR,Turquia,FP.CPI.TOTL.ZG,2008,10.44
TUR,Turquia,FP.CPI.TOTL.ZG,2009,6.25
TUR,Turquia,FP.CPI.TOTL.ZG,2010,8.57
TUR,Turquia,FP.CPI.TOTL.ZG,2011,6.47
TUR,Turquia,FP.CPI.TOTL.ZG,2012,8.89
TUR,Turquia,FP.CPI.TOTL.ZG,2013,7.49
TUR,Turquia,FP.CPI.TOTL.ZG,2014,8.85
TUR,Turquia,FP.CPI.TOTL.ZG,2015,7.67
TUR,Turquia,FP.CPI.TOTL.ZG,2016,7.78
TUR,Turquia,FP.CPI.TOTL.ZG,2017,11.14
TUR,Turquia,FP.CPI.TOTL.ZG,2018,16.33
TUR,Turquia,FP.CPI.TOTL.ZG,2019,15.18
TUR,Turquia,FP.CPI.TOTL.ZG,2020,12.28
TUR,Turquia,FP.CPI.TOTL.ZG,2021,19.60
TUR,Turquia,FP.CPI.TOTL.ZG,2022,72.31
TUR,Turquia,FP.CPI.TOTL.ZG,2023,53.86
TUR,Turquia,FP.CPI.TOTL.ZG,2024,58.51
TUR,Turquia,FP.CPI.TOTL.ZG,2025,34.88
IDN,Indonésia,FP.CPI.TOTL.ZG,1960,39.59
IDN,Indonésia,FP.CPI.TOTL.ZG,1961,13.69
IDN,Indonésia,FP.CPI.TOTL.ZG,1962,131.40
IDN,Indonésia,FP.CPI.TOTL.ZG,1963,145.91
IDN,Indonésia,FP.CPI.TOTL.ZG,1964,108.99
IDN,Indonésia,FP.CPI.TOTL.ZG,1965,306.76
IDN,Indonésia,FP.CPI.TOTL.ZG,1966,1136.25
IDN,Indonésia,FP.CPI.TOTL.ZG,1967,106.00
IDN,Indonésia,FP.CPI.TOTL.ZG,1968,128.84
IDN,Indonésia,FP.CPI.TOTL.ZG,1969,15.48
IDN,Indonésia,FP.CPI.TOTL.ZG,1970,12.40
IDN,Indonésia,FP.CPI.TOTL.ZG,1971,4.23
IDN,Indonésia,FP.CPI.TOTL.ZG,1972,6.52
IDN,Indonésia,FP.CPI.TOTL.ZG,1973,31.04
IDN,Indonésia,FP.CPI.TOTL.ZG,1974,40.49
IDN,Indonésia,FP.CPI.TOTL.ZG,1975,19.17
IDN,Indonésia,FP.CPI.TOTL.ZG,1976,19.83
IDN,Indonésia,FP.CPI.TOTL.ZG,1977,11.05
IDN,Indonésia,FP.CPI.TOTL.ZG,1978,8.11
IDN,Indonésia,FP.CPI.TOTL.ZG,1979,16.23
IDN,Indonésia,FP.CPI.TOTL.ZG,1980,18.04
IDN,Indonésia,FP.CPI.TOTL.ZG,1981,12.27
IDN,Indonésia,FP.CPI.TOTL.ZG,1982,9.45
IDN,Indonésia,FP.CPI.TOTL.ZG,1983,11.80
IDN,Indonésia,FP.CPI.TOTL.ZG,1984,10.46
IDN,Indonésia,FP.CPI.TOTL.ZG,1985,4.72
IDN,Indonésia,FP.CPI.TOTL.ZG,1986,5.82
IDN,Indonésia,FP.CPI.TOTL.ZG,1987,9.28
IDN,Indonésia,FP.CPI.TOTL.ZG,1988,8.05
IDN,Indonésia,FP.CPI.TOTL.ZG,1989,6.42
IDN,Indonésia,FP.CPI.TOTL.ZG,1990,7.82
IDN,Indonésia,FP.CPI.TOTL.ZG,1991,9.42
IDN,Indonésia,FP.CPI.TOTL.ZG,1992,7.52
IDN,Indonésia,FP.CPI.TOTL.ZG,1993,9.67
IDN,Indonésia,FP.CPI.TOTL.ZG,1994,8.53
IDN,Indonésia,FP.CPI.TOTL.ZG,1995,9.42
IDN,Indonésia,FP.CPI.TOTL.ZG,1996,7.97
IDN,Indonésia,FP.CPI.TOTL.ZG,1997,6.23
IDN,Indonésia,FP.CPI.TOTL.ZG,1998,58.45
IDN,Indonésia,FP.CPI.TOTL.ZG,1999,20.48
IDN,Indonésia,FP.CPI.TOTL.ZG,2000,3.69
IDN,Indonésia,FP.CPI.TOTL.ZG,2001,11.50
IDN,Indonésia,FP.CPI.TOTL.ZG,2002,11.90
IDN,Indonésia,FP.CPI.TOTL.ZG,2003,6.76
IDN,Indonésia,FP.CPI.TOTL.ZG,2004,6.06
IDN,Indonésia,FP.CPI.TOTL.ZG,2005,10.45
IDN,Indonésia,FP.CPI.TOTL.ZG,2006,13.11
IDN,Indonésia,FP.CPI.TOTL.ZG,2007,6.41
IDN,Indonésia,FP.CPI.TOTL.ZG,2008,10.23
IDN,Indonésia,FP.CPI.TOTL.ZG,2009,4.39
IDN,Indonésia,FP.CPI.TOTL.ZG,2010,5.13
IDN,Indonésia,FP.CPI.TOTL.ZG,2011,5.36
IDN,Indonésia,FP.CPI.TOTL.ZG,2012,4.28
IDN,Indonésia,FP.CPI.TOTL.ZG,2013,6.41
IDN,Indonésia,FP.CPI.TOTL.ZG,2014,6.39
IDN,Indonésia,FP.CPI.TOTL.ZG,2015,6.36
IDN,Indonésia,FP.CPI.TOTL.ZG,2016,3.53
IDN,Indonésia,FP.CPI.TOTL.ZG,2017,3.81
IDN,Indonésia,FP.CPI.TOTL.ZG,2018,3.20
IDN,Indonésia,FP.CPI.TOTL.ZG,2019,3.03
IDN,Indonésia,FP.CPI.TOTL.ZG,2020,1.92
IDN,Indonésia,FP.CPI.TOTL.ZG,2021,1.56
IDN,Indonésia,FP.CPI.TOTL.ZG,2022,4.21
IDN,Indonésia,FP.CPI.TOTL.ZG,2023,3.67
IDN,Indonésia,FP.CPI.TOTL.ZG,2024,2.18
IDN,Indonésia,FP.CPI.TOTL.ZG,2025,1.91
WLD,Mundo,FP.CPI.TOTL.ZG,1981,12.44
WLD,Mundo,FP.CPI.TOTL.ZG,1982,10.22
WLD,Mundo,FP.CPI.TOTL.ZG,1983,8.67
WLD,Mundo,FP.CPI.TOTL.ZG,1984,8.08
WLD,Mundo,FP.CPI.TOTL.ZG,1985,6.81
WLD,Mundo,FP.CPI.TOTL.ZG,1986,5.78
WLD,Mundo,FP.CPI.TOTL.ZG,1987,5.71
WLD,Mundo,FP.CPI.TOTL.ZG,1988,7.11
WLD,Mundo,FP.CPI.TOTL.ZG,1989,6.92
WLD,Mundo,FP.CPI.TOTL.ZG,1990,8.06
WLD,Mundo,FP.CPI.TOTL.ZG,1991,9.00
WLD,Mundo,FP.CPI.TOTL.ZG,1992,7.64
WLD,Mundo,FP.CPI.TOTL.ZG,1993,7.14
WLD,Mundo,FP.CPI.TOTL.ZG,1994,10.25
WLD,Mundo,FP.CPI.TOTL.ZG,1995,9.08
WLD,Mundo,FP.CPI.TOTL.ZG,1996,6.53
WLD,Mundo,FP.CPI.TOTL.ZG,1997,5.55
WLD,Mundo,FP.CPI.TOTL.ZG,1998,5.10
WLD,Mundo,FP.CPI.TOTL.ZG,1999,3.04
WLD,Mundo,FP.CPI.TOTL.ZG,2000,3.43
WLD,Mundo,FP.CPI.TOTL.ZG,2001,3.84
WLD,Mundo,FP.CPI.TOTL.ZG,2002,2.91
WLD,Mundo,FP.CPI.TOTL.ZG,2003,3.03
WLD,Mundo,FP.CPI.TOTL.ZG,2004,3.52
WLD,Mundo,FP.CPI.TOTL.ZG,2005,4.11
WLD,Mundo,FP.CPI.TOTL.ZG,2006,4.27
WLD,Mundo,FP.CPI.TOTL.ZG,2007,4.81
WLD,Mundo,FP.CPI.TOTL.ZG,2008,8.95
WLD,Mundo,FP.CPI.TOTL.ZG,2009,2.86
WLD,Mundo,FP.CPI.TOTL.ZG,2010,3.33
WLD,Mundo,FP.CPI.TOTL.ZG,2011,4.80
WLD,Mundo,FP.CPI.TOTL.ZG,2012,3.73
WLD,Mundo,FP.CPI.TOTL.ZG,2013,2.61
WLD,Mundo,FP.CPI.TOTL.ZG,2014,2.39
WLD,Mundo,FP.CPI.TOTL.ZG,2015,1.44
WLD,Mundo,FP.CPI.TOTL.ZG,2016,1.60
WLD,Mundo,FP.CPI.TOTL.ZG,2017,2.25
WLD,Mundo,FP.CPI.TOTL.ZG,2018,2.45
WLD,Mundo,FP.CPI.TOTL.ZG,2019,2.22
WLD,Mundo,FP.CPI.TOTL.ZG,2020,1.92
WLD,Mundo,FP.CPI.TOTL.ZG,2021,3.47
WLD,Mundo,FP.CPI.TOTL.ZG,2022,8.00
WLD,Mundo,FP.CPI.TOTL.ZG,2023,5.73
WLD,Mundo,FP.CPI.TOTL.ZG,2024,3.01
WLD,Mundo,FP.CPI.TOTL.ZG,2025,3.04
LCN,América Latina e Caribe,FP.CPI.TOTL.ZG,1967,3.02
LCN,América Latina e Caribe,FP.CPI.TOTL.ZG,1968,4.09
LCN,América Latina e Caribe,FP.CPI.TOTL.ZG,1969,2.63
LCN,América Latina e Caribe,FP.CPI.TOTL.ZG,1970,4.65
LCN,América Latina e Caribe,FP.CPI.TOTL.ZG,1971,4.78
LCN,América Latina e Caribe,FP.CPI.TOTL.ZG,1972,6.67
LCN,América Latina e Caribe,FP.CPI.TOTL.ZG,1973,13.62
LCN,América Latina e Caribe,FP.CPI.TOTL.ZG,1974,23.24
LCN,América Latina e Caribe,FP.CPI.TOTL.ZG,1975,16.77
LCN,América Latina e Caribe,FP.CPI.TOTL.ZG,1976,9.79
LCN,América Latina e Caribe,FP.CPI.TOTL.ZG,1977,10.69
LCN,América Latina e Caribe,FP.CPI.TOTL.ZG,1978,10.31
LCN,América Latina e Caribe,FP.CPI.TOTL.ZG,1979,14.72
LCN,América Latina e Caribe,FP.CPI.TOTL.ZG,1980,17.92
LCN,América Latina e Caribe,FP.CPI.TOTL.ZG,1981,14.05
LCN,América Latina e Caribe,FP.CPI.TOTL.ZG,1982,7.81
LCN,América Latina e Caribe,FP.CPI.TOTL.ZG,1983,10.24
LCN,América Latina e Caribe,FP.CPI.TOTL.ZG,1984,11.51
LCN,América Latina e Caribe,FP.CPI.TOTL.ZG,1985,12.96
LCN,América Latina e Caribe,FP.CPI.TOTL.ZG,1986,9.76
LCN,América Latina e Caribe,FP.CPI.TOTL.ZG,1987,11.54
LCN,América Latina e Caribe,FP.CPI.TOTL.ZG,1988,8.01
LCN,América Latina e Caribe,FP.CPI.TOTL.ZG,1989,11.41
LCN,América Latina e Caribe,FP.CPI.TOTL.ZG,1990,21.51
LCN,América Latina e Caribe,FP.CPI.TOTL.ZG,1991,21.62
LCN,América Latina e Caribe,FP.CPI.TOTL.ZG,1992,10.63
LCN,América Latina e Caribe,FP.CPI.TOTL.ZG,1993,10.26
LCN,América Latina e Caribe,FP.CPI.TOTL.ZG,1994,9.70
LCN,América Latina e Caribe,FP.CPI.TOTL.ZG,1995,10.19
LCN,América Latina e Caribe,FP.CPI.TOTL.ZG,1996,7.36
LCN,América Latina e Caribe,FP.CPI.TOTL.ZG,1997,6.95
LCN,América Latina e Caribe,FP.CPI.TOTL.ZG,1998,5.11
LCN,América Latina e Caribe,FP.CPI.TOTL.ZG,1999,3.45
LCN,América Latina e Caribe,FP.CPI.TOTL.ZG,2000,4.61
LCN,América Latina e Caribe,FP.CPI.TOTL.ZG,2001,4.06
LCN,América Latina e Caribe,FP.CPI.TOTL.ZG,2002,3.95
LCN,América Latina e Caribe,FP.CPI.TOTL.ZG,2003,3.73
LCN,América Latina e Caribe,FP.CPI.TOTL.ZG,2004,4.38
LCN,América Latina e Caribe,FP.CPI.TOTL.ZG,2005,4.44
LCN,América Latina e Caribe,FP.CPI.TOTL.ZG,2006,4.25
LCN,América Latina e Caribe,FP.CPI.TOTL.ZG,2007,4.58
LCN,América Latina e Caribe,FP.CPI.TOTL.ZG,2008,8.11
LCN,América Latina e Caribe,FP.CPI.TOTL.ZG,2009,2.50
LCN,América Latina e Caribe,FP.CPI.TOTL.ZG,2010,3.49
LCN,América Latina e Caribe,FP.CPI.TOTL.ZG,2011,4.88
LCN,América Latina e Caribe,FP.CPI.TOTL.ZG,2012,3.78
LCN,América Latina e Caribe,FP.CPI.TOTL.ZG,2013,2.53
LCN,América Latina e Caribe,FP.CPI.TOTL.ZG,2014,3.38
LCN,América Latina e Caribe,FP.CPI.TOTL.ZG,2015,1.86
LCN,América Latina e Caribe,FP.CPI.TOTL.ZG,2016,1.65
LCN,América Latina e Caribe,FP.CPI.TOTL.ZG,2017,2.19
LCN,América Latina e Caribe,FP.CPI.TOTL.ZG,2018,2.38
LCN,América Latina e Caribe,FP.CPI.TOTL.ZG,2019,2.18
LCN,América Latina e Caribe,FP.CPI.TOTL.ZG,2020,1.49
LCN,América Latina e Caribe,FP.CPI.TOTL.ZG,2021,3.88
LCN,América Latina e Caribe,FP.CPI.TOTL.ZG,2022,8.09
LCN,América Latina e Caribe,FP.CPI.TOTL.ZG,2023,4.63
LCN,América Latina e Caribe,FP.CPI.TOTL.ZG,2024,3.46
LCN,América Latina e Caribe,FP.CPI.TOTL.ZG,2025,2.08
UMC,Países de renda média-alta,FP.CPI.TOTL.ZG,1975,13.11
UMC,Países de renda média-alta,FP.CPI.TOTL.ZG,1976,10.72
UMC,Países de renda média-alta,FP.CPI.TOTL.ZG,1977,11.51
UMC,Países de renda média-alta,FP.CPI.TOTL.ZG,1978,10.12
UMC,Países de renda média-alta,FP.CPI.TOTL.ZG,1979,12.51
UMC,Países de renda média-alta,FP.CPI.TOTL.ZG,1980,18.12
UMC,Países de renda média-alta,FP.CPI.TOTL.ZG,1981,14.05
UMC,Países de renda média-alta,FP.CPI.TOTL.ZG,1982,10.22
UMC,Países de renda média-alta,FP.CPI.TOTL.ZG,1983,10.48
UMC,Países de renda média-alta,FP.CPI.TOTL.ZG,1984,10.85
UMC,Países de renda média-alta,FP.CPI.TOTL.ZG,1985,9.11
UMC,Países de renda média-alta,FP.CPI.TOTL.ZG,1986,8.85
UMC,Países de renda média-alta,FP.CPI.TOTL.ZG,1987,7.23
UMC,Países de renda média-alta,FP.CPI.TOTL.ZG,1988,8.51
UMC,Países de renda média-alta,FP.CPI.TOTL.ZG,1989,11.39
UMC,Países de renda média-alta,FP.CPI.TOTL.ZG,1990,12.18
UMC,Países de renda média-alta,FP.CPI.TOTL.ZG,1991,12.04
UMC,Países de renda média-alta,FP.CPI.TOTL.ZG,1992,9.36
UMC,Países de renda média-alta,FP.CPI.TOTL.ZG,1993,11.78
UMC,Países de renda média-alta,FP.CPI.TOTL.ZG,1994,12.08
UMC,Países de renda média-alta,FP.CPI.TOTL.ZG,1995,10.51
UMC,Países de renda média-alta,FP.CPI.TOTL.ZG,1996,8.14
UMC,Países de renda média-alta,FP.CPI.TOTL.ZG,1997,7.02
UMC,Países de renda média-alta,FP.CPI.TOTL.ZG,1998,6.85
UMC,Países de renda média-alta,FP.CPI.TOTL.ZG,1999,4.58
UMC,Países de renda média-alta,FP.CPI.TOTL.ZG,2000,4.06
UMC,Países de renda média-alta,FP.CPI.TOTL.ZG,2001,5.35
UMC,Países de renda média-alta,FP.CPI.TOTL.ZG,2002,5.03
UMC,Países de renda média-alta,FP.CPI.TOTL.ZG,2003,4.22
UMC,Países de renda média-alta,FP.CPI.TOTL.ZG,2004,4.77
UMC,Países de renda média-alta,FP.CPI.TOTL.ZG,2005,4.62
UMC,Países de renda média-alta,FP.CPI.TOTL.ZG,2006,4.64
UMC,Países de renda média-alta,FP.CPI.TOTL.ZG,2007,5.29
UMC,Países de renda média-alta,FP.CPI.TOTL.ZG,2008,9.82
UMC,Países de renda média-alta,FP.CPI.TOTL.ZG,2009,3.03
UMC,Países de renda média-alta,FP.CPI.TOTL.ZG,2010,3.82
UMC,Países de renda média-alta,FP.CPI.TOTL.ZG,2011,5.55
UMC,Países de renda média-alta,FP.CPI.TOTL.ZG,2012,3.74
UMC,Países de renda média-alta,FP.CPI.TOTL.ZG,2013,2.70
UMC,Países de renda média-alta,FP.CPI.TOTL.ZG,2014,3.03
UMC,Países de renda média-alta,FP.CPI.TOTL.ZG,2015,1.79
UMC,Países de renda média-alta,FP.CPI.TOTL.ZG,2016,2.05
UMC,Países de renda média-alta,FP.CPI.TOTL.ZG,2017,3.32
UMC,Países de renda média-alta,FP.CPI.TOTL.ZG,2018,3.12
UMC,Países de renda média-alta,FP.CPI.TOTL.ZG,2019,1.94
UMC,Países de renda média-alta,FP.CPI.TOTL.ZG,2020,1.89
UMC,Países de renda média-alta,FP.CPI.TOTL.ZG,2021,3.93
UMC,Países de renda média-alta,FP.CPI.TOTL.ZG,2022,8.81
UMC,Países de renda média-alta,FP.CPI.TOTL.ZG,2023,5.03
UMC,Países de renda média-alta,FP.CPI.TOTL.ZG,2024,3.05
UMC,Países de renda média-alta,FP.CPI.TOTL.ZG,2025,3.26
HIC,Países de renda alta,FP.CPI.TOTL.ZG,1981,11.51
HIC,Países de renda alta,FP.CPI.TOTL.ZG,1982,9.12
HIC,Países de renda alta,FP.CPI.TOTL.ZG,1983,7.09
HIC,Países de renda alta,FP.CPI.TOTL.ZG,1984,6.08
HIC,Países de renda alta,FP.CPI.TOTL.ZG,1985,4.68
HIC,Países de renda alta,FP.CPI.TOTL.ZG,1986,2.93
HIC,Países de renda alta,FP.CPI.TOTL.ZG,1987,3.66
HIC,Países de renda alta,FP.CPI.TOTL.ZG,1988,4.40
HIC,Países de renda alta,FP.CPI.TOTL.ZG,1989,5.28
HIC,Países de renda alta,FP.CPI.TOTL.ZG,1990,5.62
HIC,Países de renda alta,FP.CPI.TOTL.ZG,1991,5.56
HIC,Países de renda alta,FP.CPI.TOTL.ZG,1992,4.04
HIC,Países de renda alta,FP.CPI.TOTL.ZG,1993,4.25
HIC,Países de renda alta,FP.CPI.TOTL.ZG,1994,2.95
HIC,Países de renda alta,FP.CPI.TOTL.ZG,1995,3.85
HIC,Países de renda alta,FP.CPI.TOTL.ZG,1996,2.96
HIC,Países de renda alta,FP.CPI.TOTL.ZG,1997,2.50
HIC,Países de renda alta,FP.CPI.TOTL.ZG,1998,2.09
HIC,Países de renda alta,FP.CPI.TOTL.ZG,1999,2.14
HIC,Países de renda alta,FP.CPI.TOTL.ZG,2000,2.72
HIC,Países de renda alta,FP.CPI.TOTL.ZG,2001,2.63
HIC,Países de renda alta,FP.CPI.TOTL.ZG,2002,2.12
HIC,Países de renda alta,FP.CPI.TOTL.ZG,2003,2.07
HIC,Países de renda alta,FP.CPI.TOTL.ZG,2004,2.21
HIC,Países de renda alta,FP.CPI.TOTL.ZG,2005,2.66
HIC,Países de renda alta,FP.CPI.TOTL.ZG,2006,2.72
HIC,Países de renda alta,FP.CPI.TOTL.ZG,2007,2.85
HIC,Países de renda alta,FP.CPI.TOTL.ZG,2008,4.67
HIC,Países de renda alta,FP.CPI.TOTL.ZG,2009,1.62
HIC,Países de renda alta,FP.CPI.TOTL.ZG,2010,2.13
HIC,Países de renda alta,FP.CPI.TOTL.ZG,2011,3.41
HIC,Países de renda alta,FP.CPI.TOTL.ZG,2012,2.71
HIC,Países de renda alta,FP.CPI.TOTL.ZG,2013,1.50
HIC,Países de renda alta,FP.CPI.TOTL.ZG,2014,1.04
HIC,Países de renda alta,FP.CPI.TOTL.ZG,2015,0.33
HIC,Países de renda alta,FP.CPI.TOTL.ZG,2016,0.39
HIC,Países de renda alta,FP.CPI.TOTL.ZG,2017,1.59
HIC,Países de renda alta,FP.CPI.TOTL.ZG,2018,1.88
HIC,Países de renda alta,FP.CPI.TOTL.ZG,2019,1.62
HIC,Países de renda alta,FP.CPI.TOTL.ZG,2020,0.60
HIC,Países de renda alta,FP.CPI.TOTL.ZG,2021,2.52
HIC,Países de renda alta,FP.CPI.TOTL.ZG,2022,7.53
HIC,Países de renda alta,FP.CPI.TOTL.ZG,2023,4.73
HIC,Países de renda alta,FP.CPI.TOTL.ZG,2024,2.38
HIC,Países de renda alta,FP.CPI.TOTL.ZG,2025,2.34
LMY,Países de renda baixa e média,FP.CPI.TOTL.ZG,1981,12.74
LMY,Países de renda baixa e média,FP.CPI.TOTL.ZG,1982,10.83
LMY,Países de renda baixa e média,FP.CPI.TOTL.ZG,1983,10.61
LMY,Países de renda baixa e média,FP.CPI.TOTL.ZG,1984,10.07
LMY,Países de renda baixa e média,FP.CPI.TOTL.ZG,1985,8.80
LMY,Países de renda baixa e média,FP.CPI.TOTL.ZG,1986,8.73
LMY,Países de renda baixa e média,FP.CPI.TOTL.ZG,1987,8.15
LMY,Países de renda baixa e média,FP.CPI.TOTL.ZG,1988,8.98
LMY,Países de renda baixa e média,FP.CPI.TOTL.ZG,1989,8.85
LMY,Países de renda baixa e média,FP.CPI.TOTL.ZG,1990,10.01
LMY,Países de renda baixa e média,FP.CPI.TOTL.ZG,1991,12.23
LMY,Países de renda baixa e média,FP.CPI.TOTL.ZG,1992,10.05
LMY,Países de renda baixa e média,FP.CPI.TOTL.ZG,1993,10.01
LMY,Países de renda baixa e média,FP.CPI.TOTL.ZG,1994,21.15
LMY,Países de renda baixa e média,FP.CPI.TOTL.ZG,1995,11.13
LMY,Países de renda baixa e média,FP.CPI.TOTL.ZG,1996,8.92
LMY,Países de renda baixa e média,FP.CPI.TOTL.ZG,1997,7.09
LMY,Países de renda baixa e média,FP.CPI.TOTL.ZG,1998,6.85
LMY,Países de renda baixa e média,FP.CPI.TOTL.ZG,1999,4.67
LMY,Países de renda baixa e média,FP.CPI.TOTL.ZG,2000,4.04
LMY,Países de renda baixa e média,FP.CPI.TOTL.ZG,2001,5.01
LMY,Países de renda baixa e média,FP.CPI.TOTL.ZG,2002,4.21
LMY,Países de renda baixa e média,FP.CPI.TOTL.ZG,2003,5.13
LMY,Países de renda baixa e média,FP.CPI.TOTL.ZG,2004,4.47
LMY,Países de renda baixa e média,FP.CPI.TOTL.ZG,2005,6.42
LMY,Países de renda baixa e média,FP.CPI.TOTL.ZG,2006,5.94
LMY,Países de renda baixa e média,FP.CPI.TOTL.ZG,2007,6.21
LMY,Países de renda baixa e média,FP.CPI.TOTL.ZG,2008,10.33
LMY,Países de renda baixa e média,FP.CPI.TOTL.ZG,2009,4.22
LMY,Países de renda baixa e média,FP.CPI.TOTL.ZG,2010,4.28
LMY,Países de renda baixa e média,FP.CPI.TOTL.ZG,2011,6.24
LMY,Países de renda baixa e média,FP.CPI.TOTL.ZG,2012,5.02
LMY,Países de renda baixa e média,FP.CPI.TOTL.ZG,2013,4.77
LMY,Países de renda baixa e média,FP.CPI.TOTL.ZG,2014,3.59
LMY,Países de renda baixa e média,FP.CPI.TOTL.ZG,2015,3.19
LMY,Países de renda baixa e média,FP.CPI.TOTL.ZG,2016,3.10
LMY,Países de renda baixa e média,FP.CPI.TOTL.ZG,2017,3.74
LMY,Países de renda baixa e média,FP.CPI.TOTL.ZG,2018,3.35
LMY,Países de renda baixa e média,FP.CPI.TOTL.ZG,2019,2.77
LMY,Países de renda baixa e média,FP.CPI.TOTL.ZG,2020,3.12
LMY,Países de renda baixa e média,FP.CPI.TOTL.ZG,2021,4.26
LMY,Países de renda baixa e média,FP.CPI.TOTL.ZG,2022,8.73
LMY,Países de renda baixa e média,FP.CPI.TOTL.ZG,2023,6.11
LMY,Países de renda baixa e média,FP.CPI.TOTL.ZG,2024,3.77
LMY,Países de renda baixa e média,FP.CPI.TOTL.ZG,2025,3.55
BRA,Brasil,SL.UEM.TOTL.ZS,1991,6.89
BRA,Brasil,SL.UEM.TOTL.ZS,1992,7.09
BRA,Brasil,SL.UEM.TOTL.ZS,1993,6.03
BRA,Brasil,SL.UEM.TOTL.ZS,1994,6.58
BRA,Brasil,SL.UEM.TOTL.ZS,1995,7.09
BRA,Brasil,SL.UEM.TOTL.ZS,1996,8.04
BRA,Brasil,SL.UEM.TOTL.ZS,1997,9.00
BRA,Brasil,SL.UEM.TOTL.ZS,1998,10.15
BRA,Brasil,SL.UEM.TOTL.ZS,1999,11.12
BRA,Brasil,SL.UEM.TOTL.ZS,2000,10.89
BRA,Brasil,SL.UEM.TOTL.ZS,2001,10.65
BRA,Brasil,SL.UEM.TOTL.ZS,2002,10.64
BRA,Brasil,SL.UEM.TOTL.ZS,2003,11.17
BRA,Brasil,SL.UEM.TOTL.ZS,2004,10.07
BRA,Brasil,SL.UEM.TOTL.ZS,2005,10.55
BRA,Brasil,SL.UEM.TOTL.ZS,2006,9.69
BRA,Brasil,SL.UEM.TOTL.ZS,2007,9.28
BRA,Brasil,SL.UEM.TOTL.ZS,2008,8.27
BRA,Brasil,SL.UEM.TOTL.ZS,2009,9.42
BRA,Brasil,SL.UEM.TOTL.ZS,2010,8.42
BRA,Brasil,SL.UEM.TOTL.ZS,2011,7.58
BRA,Brasil,SL.UEM.TOTL.ZS,2012,7.25
BRA,Brasil,SL.UEM.TOTL.ZS,2013,7.07
BRA,Brasil,SL.UEM.TOTL.ZS,2014,6.75
BRA,Brasil,SL.UEM.TOTL.ZS,2015,8.54
BRA,Brasil,SL.UEM.TOTL.ZS,2016,11.58
BRA,Brasil,SL.UEM.TOTL.ZS,2017,12.79
BRA,Brasil,SL.UEM.TOTL.ZS,2018,12.33
BRA,Brasil,SL.UEM.TOTL.ZS,2019,11.94
BRA,Brasil,SL.UEM.TOTL.ZS,2020,13.70
BRA,Brasil,SL.UEM.TOTL.ZS,2021,13.16
BRA,Brasil,SL.UEM.TOTL.ZS,2022,9.23
BRA,Brasil,SL.UEM.TOTL.ZS,2023,7.95
BRA,Brasil,SL.UEM.TOTL.ZS,2024,6.80
BRA,Brasil,SL.UEM.TOTL.ZS,2025,5.97
ARG,Argentina,SL.UEM.TOTL.ZS,1991,5.44
ARG,Argentina,SL.UEM.TOTL.ZS,1992,6.36
ARG,Argentina,SL.UEM.TOTL.ZS,1993,10.10
ARG,Argentina,SL.UEM.TOTL.ZS,1994,11.76
ARG,Argentina,SL.UEM.TOTL.ZS,1995,18.80
ARG,Argentina,SL.UEM.TOTL.ZS,1996,17.11
ARG,Argentina,SL.UEM.TOTL.ZS,1997,14.82
ARG,Argentina,SL.UEM.TOTL.ZS,1998,12.65
ARG,Argentina,SL.UEM.TOTL.ZS,1999,14.05
ARG,Argentina,SL.UEM.TOTL.ZS,2000,15.00
ARG,Argentina,SL.UEM.TOTL.ZS,2001,17.32
ARG,Argentina,SL.UEM.TOTL.ZS,2002,19.59
ARG,Argentina,SL.UEM.TOTL.ZS,2003,15.36
ARG,Argentina,SL.UEM.TOTL.ZS,2004,13.52
ARG,Argentina,SL.UEM.TOTL.ZS,2005,11.51
ARG,Argentina,SL.UEM.TOTL.ZS,2006,10.08
ARG,Argentina,SL.UEM.TOTL.ZS,2007,8.47
ARG,Argentina,SL.UEM.TOTL.ZS,2008,7.84
ARG,Argentina,SL.UEM.TOTL.ZS,2009,8.64
ARG,Argentina,SL.UEM.TOTL.ZS,2010,7.71
ARG,Argentina,SL.UEM.TOTL.ZS,2011,7.18
ARG,Argentina,SL.UEM.TOTL.ZS,2012,7.22
ARG,Argentina,SL.UEM.TOTL.ZS,2013,7.10
ARG,Argentina,SL.UEM.TOTL.ZS,2014,7.27
ARG,Argentina,SL.UEM.TOTL.ZS,2015,7.58
ARG,Argentina,SL.UEM.TOTL.ZS,2016,8.09
ARG,Argentina,SL.UEM.TOTL.ZS,2017,8.35
ARG,Argentina,SL.UEM.TOTL.ZS,2018,9.22
ARG,Argentina,SL.UEM.TOTL.ZS,2019,9.84
ARG,Argentina,SL.UEM.TOTL.ZS,2020,11.46
ARG,Argentina,SL.UEM.TOTL.ZS,2021,8.74
ARG,Argentina,SL.UEM.TOTL.ZS,2022,6.80
ARG,Argentina,SL.UEM.TOTL.ZS,2023,6.14
ARG,Argentina,SL.UEM.TOTL.ZS,2024,7.15
ARG,Argentina,SL.UEM.TOTL.ZS,2025,7.14
CHL,Chile,SL.UEM.TOTL.ZS,1991,5.23
CHL,Chile,SL.UEM.TOTL.ZS,1992,4.35
CHL,Chile,SL.UEM.TOTL.ZS,1993,4.49
CHL,Chile,SL.UEM.TOTL.ZS,1994,5.87
CHL,Chile,SL.UEM.TOTL.ZS,1995,4.70
CHL,Chile,SL.UEM.TOTL.ZS,1996,7.41
CHL,Chile,SL.UEM.TOTL.ZS,1997,7.14
CHL,Chile,SL.UEM.TOTL.ZS,1998,7.31
CHL,Chile,SL.UEM.TOTL.ZS,1999,11.16
CHL,Chile,SL.UEM.TOTL.ZS,2000,10.49
CHL,Chile,SL.UEM.TOTL.ZS,2001,10.39
CHL,Chile,SL.UEM.TOTL.ZS,2002,10.17
CHL,Chile,SL.UEM.TOTL.ZS,2003,9.77
CHL,Chile,SL.UEM.TOTL.ZS,2004,10.16
CHL,Chile,SL.UEM.TOTL.ZS,2005,9.34
CHL,Chile,SL.UEM.TOTL.ZS,2006,9.02
CHL,Chile,SL.UEM.TOTL.ZS,2007,8.43
CHL,Chile,SL.UEM.TOTL.ZS,2008,9.29
CHL,Chile,SL.UEM.TOTL.ZS,2009,11.31
CHL,Chile,SL.UEM.TOTL.ZS,2010,8.55
CHL,Chile,SL.UEM.TOTL.ZS,2011,7.49
CHL,Chile,SL.UEM.TOTL.ZS,2012,6.79
CHL,Chile,SL.UEM.TOTL.ZS,2013,6.36
CHL,Chile,SL.UEM.TOTL.ZS,2014,6.76
CHL,Chile,SL.UEM.TOTL.ZS,2015,6.61
CHL,Chile,SL.UEM.TOTL.ZS,2016,6.93
CHL,Chile,SL.UEM.TOTL.ZS,2017,7.26
CHL,Chile,SL.UEM.TOTL.ZS,2018,7.62
CHL,Chile,SL.UEM.TOTL.ZS,2019,7.49
CHL,Chile,SL.UEM.TOTL.ZS,2020,10.93
CHL,Chile,SL.UEM.TOTL.ZS,2021,9.28
CHL,Chile,SL.UEM.TOTL.ZS,2022,8.25
CHL,Chile,SL.UEM.TOTL.ZS,2023,9.01
CHL,Chile,SL.UEM.TOTL.ZS,2024,8.72
CHL,Chile,SL.UEM.TOTL.ZS,2025,8.97
COL,Colômbia,SL.UEM.TOTL.ZS,1991,10.12
COL,Colômbia,SL.UEM.TOTL.ZS,1992,9.44
COL,Colômbia,SL.UEM.TOTL.ZS,1993,7.80
COL,Colômbia,SL.UEM.TOTL.ZS,1994,8.25
COL,Colômbia,SL.UEM.TOTL.ZS,1995,8.72
COL,Colômbia,SL.UEM.TOTL.ZS,1996,11.81
COL,Colômbia,SL.UEM.TOTL.ZS,1997,12.14
COL,Colômbia,SL.UEM.TOTL.ZS,1998,15.00
COL,Colômbia,SL.UEM.TOTL.ZS,1999,20.06
COL,Colômbia,SL.UEM.TOTL.ZS,2000,20.52
COL,Colômbia,SL.UEM.TOTL.ZS,2001,15.04
COL,Colômbia,SL.UEM.TOTL.ZS,2002,14.48
COL,Colômbia,SL.UEM.TOTL.ZS,2003,13.22
COL,Colômbia,SL.UEM.TOTL.ZS,2004,13.72
COL,Colômbia,SL.UEM.TOTL.ZS,2005,11.06
COL,Colômbia,SL.UEM.TOTL.ZS,2006,11.09
COL,Colômbia,SL.UEM.TOTL.ZS,2007,11.20
COL,Colômbia,SL.UEM.TOTL.ZS,2008,11.27
COL,Colômbia,SL.UEM.TOTL.ZS,2009,12.07
COL,Colômbia,SL.UEM.TOTL.ZS,2010,11.15
COL,Colômbia,SL.UEM.TOTL.ZS,2011,10.29
COL,Colômbia,SL.UEM.TOTL.ZS,2012,9.96
COL,Colômbia,SL.UEM.TOTL.ZS,2013,9.25
COL,Colômbia,SL.UEM.TOTL.ZS,2014,8.80
COL,Colômbia,SL.UEM.TOTL.ZS,2015,8.57
COL,Colômbia,SL.UEM.TOTL.ZS,2016,8.92
COL,Colômbia,SL.UEM.TOTL.ZS,2017,9.09
COL,Colômbia,SL.UEM.TOTL.ZS,2018,9.36
COL,Colômbia,SL.UEM.TOTL.ZS,2019,10.28
COL,Colômbia,SL.UEM.TOTL.ZS,2020,15.98
COL,Colômbia,SL.UEM.TOTL.ZS,2021,13.90
COL,Colômbia,SL.UEM.TOTL.ZS,2022,10.54
COL,Colômbia,SL.UEM.TOTL.ZS,2023,9.59
COL,Colômbia,SL.UEM.TOTL.ZS,2024,9.62
COL,Colômbia,SL.UEM.TOTL.ZS,2025,8.29
MEX,México,SL.UEM.TOTL.ZS,1991,3.15
MEX,México,SL.UEM.TOTL.ZS,1992,3.23
MEX,México,SL.UEM.TOTL.ZS,1993,3.37
MEX,México,SL.UEM.TOTL.ZS,1994,4.44
MEX,México,SL.UEM.TOTL.ZS,1995,7.09
MEX,México,SL.UEM.TOTL.ZS,1996,5.46
MEX,México,SL.UEM.TOTL.ZS,1997,4.24
MEX,México,SL.UEM.TOTL.ZS,1998,3.73
MEX,México,SL.UEM.TOTL.ZS,1999,2.60
MEX,México,SL.UEM.TOTL.ZS,2000,2.65
MEX,México,SL.UEM.TOTL.ZS,2001,2.63
MEX,México,SL.UEM.TOTL.ZS,2002,3.00
MEX,México,SL.UEM.TOTL.ZS,2003,3.46
MEX,México,SL.UEM.TOTL.ZS,2004,3.94
MEX,México,SL.UEM.TOTL.ZS,2005,3.56
MEX,México,SL.UEM.TOTL.ZS,2006,3.57
MEX,México,SL.UEM.TOTL.ZS,2007,3.63
MEX,México,SL.UEM.TOTL.ZS,2008,3.87
MEX,México,SL.UEM.TOTL.ZS,2009,5.36
MEX,México,SL.UEM.TOTL.ZS,2010,5.30
MEX,México,SL.UEM.TOTL.ZS,2011,5.17
MEX,México,SL.UEM.TOTL.ZS,2012,4.89
MEX,México,SL.UEM.TOTL.ZS,2013,4.92
MEX,México,SL.UEM.TOTL.ZS,2014,4.82
MEX,México,SL.UEM.TOTL.ZS,2015,4.31
MEX,México,SL.UEM.TOTL.ZS,2016,3.85
MEX,México,SL.UEM.TOTL.ZS,2017,3.42
MEX,México,SL.UEM.TOTL.ZS,2018,3.27
MEX,México,SL.UEM.TOTL.ZS,2019,3.48
MEX,México,SL.UEM.TOTL.ZS,2020,4.44
MEX,México,SL.UEM.TOTL.ZS,2021,4.02
MEX,México,SL.UEM.TOTL.ZS,2022,3.26
MEX,México,SL.UEM.TOTL.ZS,2023,2.77
MEX,México,SL.UEM.TOTL.ZS,2024,2.68
MEX,México,SL.UEM.TOTL.ZS,2025,2.67
PER,Peru,SL.UEM.TOTL.ZS,1991,4.93
PER,Peru,SL.UEM.TOTL.ZS,1992,5.07
PER,Peru,SL.UEM.TOTL.ZS,1993,4.79
PER,Peru,SL.UEM.TOTL.ZS,1994,4.49
PER,Peru,SL.UEM.TOTL.ZS,1995,4.71
PER,Peru,SL.UEM.TOTL.ZS,1996,4.93
PER,Peru,SL.UEM.TOTL.ZS,1997,4.76
PER,Peru,SL.UEM.TOTL.ZS,1998,5.10
PER,Peru,SL.UEM.TOTL.ZS,1999,5.01
PER,Peru,SL.UEM.TOTL.ZS,2000,4.96
PER,Peru,SL.UEM.TOTL.ZS,2001,5.07
PER,Peru,SL.UEM.TOTL.ZS,2002,4.84
PER,Peru,SL.UEM.TOTL.ZS,2003,4.15
PER,Peru,SL.UEM.TOTL.ZS,2004,4.71
PER,Peru,SL.UEM.TOTL.ZS,2005,4.87
PER,Peru,SL.UEM.TOTL.ZS,2006,4.17
PER,Peru,SL.UEM.TOTL.ZS,2007,4.08
PER,Peru,SL.UEM.TOTL.ZS,2008,4.03
PER,Peru,SL.UEM.TOTL.ZS,2009,3.96
PER,Peru,SL.UEM.TOTL.ZS,2010,3.60
PER,Peru,SL.UEM.TOTL.ZS,2011,3.48
PER,Peru,SL.UEM.TOTL.ZS,2012,3.24
PER,Peru,SL.UEM.TOTL.ZS,2013,3.58
PER,Peru,SL.UEM.TOTL.ZS,2014,3.21
PER,Peru,SL.UEM.TOTL.ZS,2015,3.27
PER,Peru,SL.UEM.TOTL.ZS,2016,3.74
PER,Peru,SL.UEM.TOTL.ZS,2017,3.69
PER,Peru,SL.UEM.TOTL.ZS,2018,3.49
PER,Peru,SL.UEM.TOTL.ZS,2019,3.38
PER,Peru,SL.UEM.TOTL.ZS,2020,7.18
PER,Peru,SL.UEM.TOTL.ZS,2021,5.10
PER,Peru,SL.UEM.TOTL.ZS,2022,4.29
PER,Peru,SL.UEM.TOTL.ZS,2023,4.90
PER,Peru,SL.UEM.TOTL.ZS,2024,5.20
PER,Peru,SL.UEM.TOTL.ZS,2025,5.12
USA,Estados Unidos,SL.UEM.TOTL.ZS,1991,6.80
USA,Estados Unidos,SL.UEM.TOTL.ZS,1992,7.50
USA,Estados Unidos,SL.UEM.TOTL.ZS,1993,6.90
USA,Estados Unidos,SL.UEM.TOTL.ZS,1994,6.12
USA,Estados Unidos,SL.UEM.TOTL.ZS,1995,5.65
USA,Estados Unidos,SL.UEM.TOTL.ZS,1996,5.45
USA,Estados Unidos,SL.UEM.TOTL.ZS,1997,5.00
USA,Estados Unidos,SL.UEM.TOTL.ZS,1998,4.51
USA,Estados Unidos,SL.UEM.TOTL.ZS,1999,4.22
USA,Estados Unidos,SL.UEM.TOTL.ZS,2000,3.99
USA,Estados Unidos,SL.UEM.TOTL.ZS,2001,4.73
USA,Estados Unidos,SL.UEM.TOTL.ZS,2002,5.78
USA,Estados Unidos,SL.UEM.TOTL.ZS,2003,5.99
USA,Estados Unidos,SL.UEM.TOTL.ZS,2004,5.53
USA,Estados Unidos,SL.UEM.TOTL.ZS,2005,5.08
USA,Estados Unidos,SL.UEM.TOTL.ZS,2006,4.62
USA,Estados Unidos,SL.UEM.TOTL.ZS,2007,4.62
USA,Estados Unidos,SL.UEM.TOTL.ZS,2008,5.78
USA,Estados Unidos,SL.UEM.TOTL.ZS,2009,9.25
USA,Estados Unidos,SL.UEM.TOTL.ZS,2010,9.63
USA,Estados Unidos,SL.UEM.TOTL.ZS,2011,8.95
USA,Estados Unidos,SL.UEM.TOTL.ZS,2012,8.07
USA,Estados Unidos,SL.UEM.TOTL.ZS,2013,7.38
USA,Estados Unidos,SL.UEM.TOTL.ZS,2014,6.17
USA,Estados Unidos,SL.UEM.TOTL.ZS,2015,5.28
USA,Estados Unidos,SL.UEM.TOTL.ZS,2016,4.87
USA,Estados Unidos,SL.UEM.TOTL.ZS,2017,4.36
USA,Estados Unidos,SL.UEM.TOTL.ZS,2018,3.90
USA,Estados Unidos,SL.UEM.TOTL.ZS,2019,3.67
USA,Estados Unidos,SL.UEM.TOTL.ZS,2020,8.05
USA,Estados Unidos,SL.UEM.TOTL.ZS,2021,5.35
USA,Estados Unidos,SL.UEM.TOTL.ZS,2022,3.65
USA,Estados Unidos,SL.UEM.TOTL.ZS,2023,3.64
USA,Estados Unidos,SL.UEM.TOTL.ZS,2024,4.02
USA,Estados Unidos,SL.UEM.TOTL.ZS,2025,4.20
CHN,China,SL.UEM.TOTL.ZS,1991,2.37
CHN,China,SL.UEM.TOTL.ZS,1992,2.37
CHN,China,SL.UEM.TOTL.ZS,1993,2.69
CHN,China,SL.UEM.TOTL.ZS,1994,2.90
CHN,China,SL.UEM.TOTL.ZS,1995,3.00
CHN,China,SL.UEM.TOTL.ZS,1996,3.12
CHN,China,SL.UEM.TOTL.ZS,1997,3.23
CHN,China,SL.UEM.TOTL.ZS,1998,3.24
CHN,China,SL.UEM.TOTL.ZS,1999,3.25
CHN,China,SL.UEM.TOTL.ZS,2000,3.26
CHN,China,SL.UEM.TOTL.ZS,2001,3.80
CHN,China,SL.UEM.TOTL.ZS,2002,4.24
CHN,China,SL.UEM.TOTL.ZS,2003,4.58
CHN,China,SL.UEM.TOTL.ZS,2004,4.49
CHN,China,SL.UEM.TOTL.ZS,2005,4.52
CHN,China,SL.UEM.TOTL.ZS,2006,4.43
CHN,China,SL.UEM.TOTL.ZS,2007,4.35
CHN,China,SL.UEM.TOTL.ZS,2008,4.59
CHN,China,SL.UEM.TOTL.ZS,2009,4.72
CHN,China,SL.UEM.TOTL.ZS,2010,4.53
CHN,China,SL.UEM.TOTL.ZS,2011,4.55
CHN,China,SL.UEM.TOTL.ZS,2012,4.58
CHN,China,SL.UEM.TOTL.ZS,2013,4.60
CHN,China,SL.UEM.TOTL.ZS,2014,4.63
CHN,China,SL.UEM.TOTL.ZS,2015,4.65
CHN,China,SL.UEM.TOTL.ZS,2016,4.56
CHN,China,SL.UEM.TOTL.ZS,2017,4.47
CHN,China,SL.UEM.TOTL.ZS,2018,4.31
CHN,China,SL.UEM.TOTL.ZS,2019,4.56
CHN,China,SL.UEM.TOTL.ZS,2020,5.00
CHN,China,SL.UEM.TOTL.ZS,2021,4.55
CHN,China,SL.UEM.TOTL.ZS,2022,4.98
CHN,China,SL.UEM.TOTL.ZS,2023,4.67
CHN,China,SL.UEM.TOTL.ZS,2024,4.59
CHN,China,SL.UEM.TOTL.ZS,2025,4.62
IND,Índia,SL.UEM.TOTL.ZS,1991,7.64
IND,Índia,SL.UEM.TOTL.ZS,1992,7.65
IND,Índia,SL.UEM.TOTL.ZS,1993,7.66
IND,Índia,SL.UEM.TOTL.ZS,1994,7.59
IND,Índia,SL.UEM.TOTL.ZS,1995,7.57
IND,Índia,SL.UEM.TOTL.ZS,1996,7.54
IND,Índia,SL.UEM.TOTL.ZS,1997,7.57
IND,Índia,SL.UEM.TOTL.ZS,1998,7.60
IND,Índia,SL.UEM.TOTL.ZS,1999,7.58
IND,Índia,SL.UEM.TOTL.ZS,2000,7.59
IND,Índia,SL.UEM.TOTL.ZS,2001,7.61
IND,Índia,SL.UEM.TOTL.ZS,2002,7.68
IND,Índia,SL.UEM.TOTL.ZS,2003,7.63
IND,Índia,SL.UEM.TOTL.ZS,2004,7.60
IND,Índia,SL.UEM.TOTL.ZS,2005,7.55
IND,Índia,SL.UEM.TOTL.ZS,2006,7.55
IND,Índia,SL.UEM.TOTL.ZS,2007,7.56
IND,Índia,SL.UEM.TOTL.ZS,2008,7.63
IND,Índia,SL.UEM.TOTL.ZS,2009,7.64
IND,Índia,SL.UEM.TOTL.ZS,2010,7.63
IND,Índia,SL.UEM.TOTL.ZS,2011,7.61
IND,Índia,SL.UEM.TOTL.ZS,2012,7.64
IND,Índia,SL.UEM.TOTL.ZS,2013,7.68
IND,Índia,SL.UEM.TOTL.ZS,2014,7.66
IND,Índia,SL.UEM.TOTL.ZS,2015,7.63
IND,Índia,SL.UEM.TOTL.ZS,2016,7.61
IND,Índia,SL.UEM.TOTL.ZS,2017,7.63
IND,Índia,SL.UEM.TOTL.ZS,2018,7.65
IND,Índia,SL.UEM.TOTL.ZS,2019,6.51
IND,Índia,SL.UEM.TOTL.ZS,2020,7.86
IND,Índia,SL.UEM.TOTL.ZS,2021,6.38
IND,Índia,SL.UEM.TOTL.ZS,2022,4.82
IND,Índia,SL.UEM.TOTL.ZS,2023,4.17
IND,Índia,SL.UEM.TOTL.ZS,2024,4.17
IND,Índia,SL.UEM.TOTL.ZS,2025,4.22
KOR,Coreia do Sul,SL.UEM.TOTL.ZS,1991,2.41
KOR,Coreia do Sul,SL.UEM.TOTL.ZS,1992,2.51
KOR,Coreia do Sul,SL.UEM.TOTL.ZS,1993,2.88
KOR,Coreia do Sul,SL.UEM.TOTL.ZS,1994,2.48
KOR,Coreia do Sul,SL.UEM.TOTL.ZS,1995,2.06
KOR,Coreia do Sul,SL.UEM.TOTL.ZS,1996,2.05
KOR,Coreia do Sul,SL.UEM.TOTL.ZS,1997,2.61
KOR,Coreia do Sul,SL.UEM.TOTL.ZS,1998,6.96
KOR,Coreia do Sul,SL.UEM.TOTL.ZS,1999,6.34
KOR,Coreia do Sul,SL.UEM.TOTL.ZS,2000,4.06
KOR,Coreia do Sul,SL.UEM.TOTL.ZS,2001,3.70
KOR,Coreia do Sul,SL.UEM.TOTL.ZS,2002,3.05
KOR,Coreia do Sul,SL.UEM.TOTL.ZS,2003,3.35
KOR,Coreia do Sul,SL.UEM.TOTL.ZS,2004,3.42
KOR,Coreia do Sul,SL.UEM.TOTL.ZS,2005,3.48
KOR,Coreia do Sul,SL.UEM.TOTL.ZS,2006,3.25
KOR,Coreia do Sul,SL.UEM.TOTL.ZS,2007,3.01
KOR,Coreia do Sul,SL.UEM.TOTL.ZS,2008,2.96
KOR,Coreia do Sul,SL.UEM.TOTL.ZS,2009,3.36
KOR,Coreia do Sul,SL.UEM.TOTL.ZS,2010,3.32
KOR,Coreia do Sul,SL.UEM.TOTL.ZS,2011,2.99
KOR,Coreia do Sul,SL.UEM.TOTL.ZS,2012,2.81
KOR,Coreia do Sul,SL.UEM.TOTL.ZS,2013,3.07
KOR,Coreia do Sul,SL.UEM.TOTL.ZS,2014,3.08
KOR,Coreia do Sul,SL.UEM.TOTL.ZS,2015,3.55
KOR,Coreia do Sul,SL.UEM.TOTL.ZS,2016,3.65
KOR,Coreia do Sul,SL.UEM.TOTL.ZS,2017,3.65
KOR,Coreia do Sul,SL.UEM.TOTL.ZS,2018,3.82
KOR,Coreia do Sul,SL.UEM.TOTL.ZS,2019,3.75
KOR,Coreia do Sul,SL.UEM.TOTL.ZS,2020,3.93
KOR,Coreia do Sul,SL.UEM.TOTL.ZS,2021,3.64
KOR,Coreia do Sul,SL.UEM.TOTL.ZS,2022,2.86
KOR,Coreia do Sul,SL.UEM.TOTL.ZS,2023,2.67
KOR,Coreia do Sul,SL.UEM.TOTL.ZS,2024,2.78
KOR,Coreia do Sul,SL.UEM.TOTL.ZS,2025,2.68
ZAF,África do Sul,SL.UEM.TOTL.ZS,1991,23.14
ZAF,África do Sul,SL.UEM.TOTL.ZS,1992,23.46
ZAF,África do Sul,SL.UEM.TOTL.ZS,1993,23.36
ZAF,África do Sul,SL.UEM.TOTL.ZS,1994,23.07
ZAF,África do Sul,SL.UEM.TOTL.ZS,1995,22.70
ZAF,África do Sul,SL.UEM.TOTL.ZS,1996,22.50
ZAF,África do Sul,SL.UEM.TOTL.ZS,1997,22.55
ZAF,África do Sul,SL.UEM.TOTL.ZS,1998,22.74
ZAF,África do Sul,SL.UEM.TOTL.ZS,1999,22.88
ZAF,África do Sul,SL.UEM.TOTL.ZS,2000,22.79
ZAF,África do Sul,SL.UEM.TOTL.ZS,2001,22.65
ZAF,África do Sul,SL.UEM.TOTL.ZS,2002,22.58
ZAF,África do Sul,SL.UEM.TOTL.ZS,2003,22.68
ZAF,África do Sul,SL.UEM.TOTL.ZS,2004,22.57
ZAF,África do Sul,SL.UEM.TOTL.ZS,2005,22.47
ZAF,África do Sul,SL.UEM.TOTL.ZS,2006,22.30
ZAF,África do Sul,SL.UEM.TOTL.ZS,2007,22.26
ZAF,África do Sul,SL.UEM.TOTL.ZS,2008,22.41
ZAF,África do Sul,SL.UEM.TOTL.ZS,2009,23.52
ZAF,África do Sul,SL.UEM.TOTL.ZS,2010,24.68
ZAF,África do Sul,SL.UEM.TOTL.ZS,2011,24.64
ZAF,África do Sul,SL.UEM.TOTL.ZS,2012,24.73
ZAF,África do Sul,SL.UEM.TOTL.ZS,2013,24.56
ZAF,África do Sul,SL.UEM.TOTL.ZS,2014,24.89
ZAF,África do Sul,SL.UEM.TOTL.ZS,2015,25.15
ZAF,África do Sul,SL.UEM.TOTL.ZS,2016,26.54
ZAF,África do Sul,SL.UEM.TOTL.ZS,2017,27.04
ZAF,África do Sul,SL.UEM.TOTL.ZS,2018,26.91
ZAF,África do Sul,SL.UEM.TOTL.ZS,2019,28.47
ZAF,África do Sul,SL.UEM.TOTL.ZS,2020,29.22
ZAF,África do Sul,SL.UEM.TOTL.ZS,2021,34.01
ZAF,África do Sul,SL.UEM.TOTL.ZS,2022,33.27
ZAF,África do Sul,SL.UEM.TOTL.ZS,2023,32.10
ZAF,África do Sul,SL.UEM.TOTL.ZS,2024,32.28
ZAF,África do Sul,SL.UEM.TOTL.ZS,2025,32.39
RUS,Rússia,SL.UEM.TOTL.ZS,1991,5.11
RUS,Rússia,SL.UEM.TOTL.ZS,1992,5.18
RUS,Rússia,SL.UEM.TOTL.ZS,1993,5.88
RUS,Rússia,SL.UEM.TOTL.ZS,1994,8.13
RUS,Rússia,SL.UEM.TOTL.ZS,1995,9.45
RUS,Rússia,SL.UEM.TOTL.ZS,1996,9.66
RUS,Rússia,SL.UEM.TOTL.ZS,1997,11.81
RUS,Rússia,SL.UEM.TOTL.ZS,1998,13.26
RUS,Rússia,SL.UEM.TOTL.ZS,1999,13.04
RUS,Rússia,SL.UEM.TOTL.ZS,2000,10.58
RUS,Rússia,SL.UEM.TOTL.ZS,2001,8.98
RUS,Rússia,SL.UEM.TOTL.ZS,2002,7.88
RUS,Rússia,SL.UEM.TOTL.ZS,2003,8.21
RUS,Rússia,SL.UEM.TOTL.ZS,2004,7.76
RUS,Rússia,SL.UEM.TOTL.ZS,2005,7.12
RUS,Rússia,SL.UEM.TOTL.ZS,2006,7.05
RUS,Rússia,SL.UEM.TOTL.ZS,2007,6.00
RUS,Rússia,SL.UEM.TOTL.ZS,2008,6.21
RUS,Rússia,SL.UEM.TOTL.ZS,2009,8.30
RUS,Rússia,SL.UEM.TOTL.ZS,2010,7.41
RUS,Rússia,SL.UEM.TOTL.ZS,2011,6.57
RUS,Rússia,SL.UEM.TOTL.ZS,2012,5.48
RUS,Rússia,SL.UEM.TOTL.ZS,2013,5.51
RUS,Rússia,SL.UEM.TOTL.ZS,2014,5.21
RUS,Rússia,SL.UEM.TOTL.ZS,2015,5.62
RUS,Rússia,SL.UEM.TOTL.ZS,2016,5.59
RUS,Rússia,SL.UEM.TOTL.ZS,2017,5.24
RUS,Rússia,SL.UEM.TOTL.ZS,2018,4.87
RUS,Rússia,SL.UEM.TOTL.ZS,2019,4.51
RUS,Rússia,SL.UEM.TOTL.ZS,2020,5.62
RUS,Rússia,SL.UEM.TOTL.ZS,2021,4.75
RUS,Rússia,SL.UEM.TOTL.ZS,2022,3.87
RUS,Rússia,SL.UEM.TOTL.ZS,2023,3.08
RUS,Rússia,SL.UEM.TOTL.ZS,2024,2.43
RUS,Rússia,SL.UEM.TOTL.ZS,2025,2.13
TUR,Turquia,SL.UEM.TOTL.ZS,1991,8.21
TUR,Turquia,SL.UEM.TOTL.ZS,1992,8.51
TUR,Turquia,SL.UEM.TOTL.ZS,1993,8.96
TUR,Turquia,SL.UEM.TOTL.ZS,1994,8.58
TUR,Turquia,SL.UEM.TOTL.ZS,1995,7.64
TUR,Turquia,SL.UEM.TOTL.ZS,1996,6.63
TUR,Turquia,SL.UEM.TOTL.ZS,1997,6.84
TUR,Turquia,SL.UEM.TOTL.ZS,1998,6.89
TUR,Turquia,SL.UEM.TOTL.ZS,1999,7.69
TUR,Turquia,SL.UEM.TOTL.ZS,2000,6.50
TUR,Turquia,SL.UEM.TOTL.ZS,2001,8.38
TUR,Turquia,SL.UEM.TOTL.ZS,2002,10.36
TUR,Turquia,SL.UEM.TOTL.ZS,2003,10.54
TUR,Turquia,SL.UEM.TOTL.ZS,2004,10.84
TUR,Turquia,SL.UEM.TOTL.ZS,2005,10.64
TUR,Turquia,SL.UEM.TOTL.ZS,2006,10.23
TUR,Turquia,SL.UEM.TOTL.ZS,2007,10.29
TUR,Turquia,SL.UEM.TOTL.ZS,2008,10.96
TUR,Turquia,SL.UEM.TOTL.ZS,2009,14.03
TUR,Turquia,SL.UEM.TOTL.ZS,2010,11.88
TUR,Turquia,SL.UEM.TOTL.ZS,2011,9.79
TUR,Turquia,SL.UEM.TOTL.ZS,2012,9.21
TUR,Turquia,SL.UEM.TOTL.ZS,2013,9.71
TUR,Turquia,SL.UEM.TOTL.ZS,2014,9.90
TUR,Turquia,SL.UEM.TOTL.ZS,2015,10.30
TUR,Turquia,SL.UEM.TOTL.ZS,2016,10.90
TUR,Turquia,SL.UEM.TOTL.ZS,2017,10.92
TUR,Turquia,SL.UEM.TOTL.ZS,2018,10.96
TUR,Turquia,SL.UEM.TOTL.ZS,2019,13.73
TUR,Turquia,SL.UEM.TOTL.ZS,2020,13.15
TUR,Turquia,SL.UEM.TOTL.ZS,2021,11.97
TUR,Turquia,SL.UEM.TOTL.ZS,2022,10.46
TUR,Turquia,SL.UEM.TOTL.ZS,2023,9.39
TUR,Turquia,SL.UEM.TOTL.ZS,2024,8.80
TUR,Turquia,SL.UEM.TOTL.ZS,2025,8.52
IDN,Indonésia,SL.UEM.TOTL.ZS,1991,2.62
IDN,Indonésia,SL.UEM.TOTL.ZS,1992,2.73
IDN,Indonésia,SL.UEM.TOTL.ZS,1993,2.78
IDN,Indonésia,SL.UEM.TOTL.ZS,1994,4.37
IDN,Indonésia,SL.UEM.TOTL.ZS,1995,4.61
IDN,Indonésia,SL.UEM.TOTL.ZS,1996,4.86
IDN,Indonésia,SL.UEM.TOTL.ZS,1997,4.68
IDN,Indonésia,SL.UEM.TOTL.ZS,1998,5.46
IDN,Indonésia,SL.UEM.TOTL.ZS,1999,6.36
IDN,Indonésia,SL.UEM.TOTL.ZS,2000,6.08
IDN,Indonésia,SL.UEM.TOTL.ZS,2001,6.08
IDN,Indonésia,SL.UEM.TOTL.ZS,2002,6.60
IDN,Indonésia,SL.UEM.TOTL.ZS,2003,6.66
IDN,Indonésia,SL.UEM.TOTL.ZS,2004,7.30
IDN,Indonésia,SL.UEM.TOTL.ZS,2005,7.95
IDN,Indonésia,SL.UEM.TOTL.ZS,2006,7.55
IDN,Indonésia,SL.UEM.TOTL.ZS,2007,8.06
IDN,Indonésia,SL.UEM.TOTL.ZS,2008,7.21
IDN,Indonésia,SL.UEM.TOTL.ZS,2009,6.11
IDN,Indonésia,SL.UEM.TOTL.ZS,2010,5.61
IDN,Indonésia,SL.UEM.TOTL.ZS,2011,5.15
IDN,Indonésia,SL.UEM.TOTL.ZS,2012,4.47
IDN,Indonésia,SL.UEM.TOTL.ZS,2013,4.34
IDN,Indonésia,SL.UEM.TOTL.ZS,2014,4.05
IDN,Indonésia,SL.UEM.TOTL.ZS,2015,4.51
IDN,Indonésia,SL.UEM.TOTL.ZS,2016,4.30
IDN,Indonésia,SL.UEM.TOTL.ZS,2017,3.78
IDN,Indonésia,SL.UEM.TOTL.ZS,2018,4.39
IDN,Indonésia,SL.UEM.TOTL.ZS,2019,3.59
IDN,Indonésia,SL.UEM.TOTL.ZS,2020,4.25
IDN,Indonésia,SL.UEM.TOTL.ZS,2021,3.83
IDN,Indonésia,SL.UEM.TOTL.ZS,2022,3.46
IDN,Indonésia,SL.UEM.TOTL.ZS,2023,3.31
IDN,Indonésia,SL.UEM.TOTL.ZS,2024,3.30
IDN,Indonésia,SL.UEM.TOTL.ZS,2025,3.24
WLD,Mundo,SL.UEM.TOTL.ZS,1991,5.12
WLD,Mundo,SL.UEM.TOTL.ZS,1992,5.28
WLD,Mundo,SL.UEM.TOTL.ZS,1993,5.54
WLD,Mundo,SL.UEM.TOTL.ZS,1994,5.79
WLD,Mundo,SL.UEM.TOTL.ZS,1995,5.92
WLD,Mundo,SL.UEM.TOTL.ZS,1996,5.98
WLD,Mundo,SL.UEM.TOTL.ZS,1997,6.01
WLD,Mundo,SL.UEM.TOTL.ZS,1998,6.16
WLD,Mundo,SL.UEM.TOTL.ZS,1999,6.28
WLD,Mundo,SL.UEM.TOTL.ZS,2000,6.11
WLD,Mundo,SL.UEM.TOTL.ZS,2001,6.19
WLD,Mundo,SL.UEM.TOTL.ZS,2002,6.41
WLD,Mundo,SL.UEM.TOTL.ZS,2003,6.48
WLD,Mundo,SL.UEM.TOTL.ZS,2004,6.33
WLD,Mundo,SL.UEM.TOTL.ZS,2005,6.22
WLD,Mundo,SL.UEM.TOTL.ZS,2006,5.97
WLD,Mundo,SL.UEM.TOTL.ZS,2007,5.77
WLD,Mundo,SL.UEM.TOTL.ZS,2008,5.82
WLD,Mundo,SL.UEM.TOTL.ZS,2009,6.41
WLD,Mundo,SL.UEM.TOTL.ZS,2010,6.28
WLD,Mundo,SL.UEM.TOTL.ZS,2011,6.15
WLD,Mundo,SL.UEM.TOTL.ZS,2012,6.15
WLD,Mundo,SL.UEM.TOTL.ZS,2013,6.10
WLD,Mundo,SL.UEM.TOTL.ZS,2014,5.96
WLD,Mundo,SL.UEM.TOTL.ZS,2015,6.00
WLD,Mundo,SL.UEM.TOTL.ZS,2016,5.97
WLD,Mundo,SL.UEM.TOTL.ZS,2017,5.90
WLD,Mundo,SL.UEM.TOTL.ZS,2018,5.76
WLD,Mundo,SL.UEM.TOTL.ZS,2019,5.59
WLD,Mundo,SL.UEM.TOTL.ZS,2020,6.59
WLD,Mundo,SL.UEM.TOTL.ZS,2021,6.05
WLD,Mundo,SL.UEM.TOTL.ZS,2022,5.23
WLD,Mundo,SL.UEM.TOTL.ZS,2023,4.85
WLD,Mundo,SL.UEM.TOTL.ZS,2024,4.81
WLD,Mundo,SL.UEM.TOTL.ZS,2025,4.79
LCN,América Latina e Caribe,SL.UEM.TOTL.ZS,1991,6.31
LCN,América Latina e Caribe,SL.UEM.TOTL.ZS,1992,6.30
LCN,América Latina e Caribe,SL.UEM.TOTL.ZS,1993,6.07
LCN,América Latina e Caribe,SL.UEM.TOTL.ZS,1994,6.68
LCN,América Latina e Caribe,SL.UEM.TOTL.ZS,1995,7.90
LCN,América Latina e Caribe,SL.UEM.TOTL.ZS,1996,8.29
LCN,América Latina e Caribe,SL.UEM.TOTL.ZS,1997,8.14
LCN,América Latina e Caribe,SL.UEM.TOTL.ZS,1998,8.49
LCN,América Latina e Caribe,SL.UEM.TOTL.ZS,1999,9.43
LCN,América Latina e Caribe,SL.UEM.TOTL.ZS,2000,9.44
LCN,América Latina e Caribe,SL.UEM.TOTL.ZS,2001,9.05
LCN,América Latina e Caribe,SL.UEM.TOTL.ZS,2002,9.39
LCN,América Latina e Caribe,SL.UEM.TOTL.ZS,2003,9.26
LCN,América Latina e Caribe,SL.UEM.TOTL.ZS,2004,8.75
LCN,América Latina e Caribe,SL.UEM.TOTL.ZS,2005,8.24
LCN,América Latina e Caribe,SL.UEM.TOTL.ZS,2006,7.61
LCN,América Latina e Caribe,SL.UEM.TOTL.ZS,2007,7.23
LCN,América Latina e Caribe,SL.UEM.TOTL.ZS,2008,6.84
LCN,América Latina e Caribe,SL.UEM.TOTL.ZS,2009,7.81
LCN,América Latina e Caribe,SL.UEM.TOTL.ZS,2010,7.22
LCN,América Latina e Caribe,SL.UEM.TOTL.ZS,2011,6.72
LCN,América Latina e Caribe,SL.UEM.TOTL.ZS,2012,6.42
LCN,América Latina e Caribe,SL.UEM.TOTL.ZS,2013,6.38
LCN,América Latina e Caribe,SL.UEM.TOTL.ZS,2014,6.18
LCN,América Latina e Caribe,SL.UEM.TOTL.ZS,2015,6.68
LCN,América Latina e Caribe,SL.UEM.TOTL.ZS,2016,7.74
LCN,América Latina e Caribe,SL.UEM.TOTL.ZS,2017,8.03
LCN,América Latina e Caribe,SL.UEM.TOTL.ZS,2018,7.93
LCN,América Latina e Caribe,SL.UEM.TOTL.ZS,2019,8.00
LCN,América Latina e Caribe,SL.UEM.TOTL.ZS,2020,10.21
LCN,América Latina e Caribe,SL.UEM.TOTL.ZS,2021,9.14
LCN,América Latina e Caribe,SL.UEM.TOTL.ZS,2022,6.93
LCN,América Latina e Caribe,SL.UEM.TOTL.ZS,2023,6.19
LCN,América Latina e Caribe,SL.UEM.TOTL.ZS,2024,5.87
LCN,América Latina e Caribe,SL.UEM.TOTL.ZS,2025,5.46
UMC,Países de renda média-alta,SL.UEM.TOTL.ZS,1991,3.78
UMC,Países de renda média-alta,SL.UEM.TOTL.ZS,1992,3.85
UMC,Países de renda média-alta,SL.UEM.TOTL.ZS,1993,4.08
UMC,Países de renda média-alta,SL.UEM.TOTL.ZS,1994,4.47
UMC,Países de renda média-alta,SL.UEM.TOTL.ZS,1995,4.86
UMC,Países de renda média-alta,SL.UEM.TOTL.ZS,1996,5.02
UMC,Países de renda média-alta,SL.UEM.TOTL.ZS,1997,5.08
UMC,Países de renda média-alta,SL.UEM.TOTL.ZS,1998,5.35
UMC,Países de renda média-alta,SL.UEM.TOTL.ZS,1999,5.60
UMC,Países de renda média-alta,SL.UEM.TOTL.ZS,2000,5.54
UMC,Países de renda média-alta,SL.UEM.TOTL.ZS,2001,5.80
UMC,Países de renda média-alta,SL.UEM.TOTL.ZS,2002,6.10
UMC,Países de renda média-alta,SL.UEM.TOTL.ZS,2003,6.20
UMC,Países de renda média-alta,SL.UEM.TOTL.ZS,2004,6.05
UMC,Países de renda média-alta,SL.UEM.TOTL.ZS,2005,6.05
UMC,Países de renda média-alta,SL.UEM.TOTL.ZS,2006,5.81
UMC,Países de renda média-alta,SL.UEM.TOTL.ZS,2007,5.71
UMC,Países de renda média-alta,SL.UEM.TOTL.ZS,2008,5.68
UMC,Países de renda média-alta,SL.UEM.TOTL.ZS,2009,5.97
UMC,Países de renda média-alta,SL.UEM.TOTL.ZS,2010,5.66
UMC,Países de renda média-alta,SL.UEM.TOTL.ZS,2011,5.47
UMC,Países de renda média-alta,SL.UEM.TOTL.ZS,2012,5.37
UMC,Países de renda média-alta,SL.UEM.TOTL.ZS,2013,5.33
UMC,Países de renda média-alta,SL.UEM.TOTL.ZS,2014,5.35
UMC,Países de renda média-alta,SL.UEM.TOTL.ZS,2015,5.56
UMC,Países de renda média-alta,SL.UEM.TOTL.ZS,2016,5.76
UMC,Países de renda média-alta,SL.UEM.TOTL.ZS,2017,5.77
UMC,Países de renda média-alta,SL.UEM.TOTL.ZS,2018,5.67
UMC,Países de renda média-alta,SL.UEM.TOTL.ZS,2019,5.81
UMC,Países de renda média-alta,SL.UEM.TOTL.ZS,2020,6.48
UMC,Países de renda média-alta,SL.UEM.TOTL.ZS,2021,6.15
UMC,Países de renda média-alta,SL.UEM.TOTL.ZS,2022,5.75
UMC,Países de renda média-alta,SL.UEM.TOTL.ZS,2023,5.36
UMC,Países de renda média-alta,SL.UEM.TOTL.ZS,2024,5.26
UMC,Países de renda média-alta,SL.UEM.TOTL.ZS,2025,5.18
HIC,Países de renda alta,SL.UEM.TOTL.ZS,1991,6.58
HIC,Países de renda alta,SL.UEM.TOTL.ZS,1992,7.07
HIC,Países de renda alta,SL.UEM.TOTL.ZS,1993,7.65
HIC,Países de renda alta,SL.UEM.TOTL.ZS,1994,7.91
HIC,Países de renda alta,SL.UEM.TOTL.ZS,1995,7.72
HIC,Países de renda alta,SL.UEM.TOTL.ZS,1996,7.74
HIC,Países de renda alta,SL.UEM.TOTL.ZS,1997,7.74
HIC,Países de renda alta,SL.UEM.TOTL.ZS,1998,7.81
HIC,Países de renda alta,SL.UEM.TOTL.ZS,1999,7.70
HIC,Países de renda alta,SL.UEM.TOTL.ZS,2000,7.02
HIC,Países de renda alta,SL.UEM.TOTL.ZS,2001,6.87
HIC,Países de renda alta,SL.UEM.TOTL.ZS,2002,7.19
HIC,Países de renda alta,SL.UEM.TOTL.ZS,2003,7.32
HIC,Países de renda alta,SL.UEM.TOTL.ZS,2004,7.10
HIC,Países de renda alta,SL.UEM.TOTL.ZS,2005,6.78
HIC,Países de renda alta,SL.UEM.TOTL.ZS,2006,6.30
HIC,Países de renda alta,SL.UEM.TOTL.ZS,2007,5.70
HIC,Países de renda alta,SL.UEM.TOTL.ZS,2008,5.93
HIC,Países de renda alta,SL.UEM.TOTL.ZS,2009,8.04
HIC,Países de renda alta,SL.UEM.TOTL.ZS,2010,8.18
HIC,Países de renda alta,SL.UEM.TOTL.ZS,2011,7.81
HIC,Países de renda alta,SL.UEM.TOTL.ZS,2012,7.72
HIC,Países de renda alta,SL.UEM.TOTL.ZS,2013,7.64
HIC,Países de renda alta,SL.UEM.TOTL.ZS,2014,7.04
HIC,Países de renda alta,SL.UEM.TOTL.ZS,2015,6.55
HIC,Países de renda alta,SL.UEM.TOTL.ZS,2016,6.11
HIC,Países de renda alta,SL.UEM.TOTL.ZS,2017,5.58
HIC,Países de renda alta,SL.UEM.TOTL.ZS,2018,5.08
HIC,Países de renda alta,SL.UEM.TOTL.ZS,2019,4.76
HIC,Países de renda alta,SL.UEM.TOTL.ZS,2020,6.46
HIC,Países de renda alta,SL.UEM.TOTL.ZS,2021,5.56
HIC,Países de renda alta,SL.UEM.TOTL.ZS,2022,4.51
HIC,Países de renda alta,SL.UEM.TOTL.ZS,2023,4.34
HIC,Países de renda alta,SL.UEM.TOTL.ZS,2024,4.37
HIC,Países de renda alta,SL.UEM.TOTL.ZS,2025,4.41
LMY,Países de renda baixa e média,SL.UEM.TOTL.ZS,1991,4.65
LMY,Países de renda baixa e média,SL.UEM.TOTL.ZS,1992,4.71
LMY,Países de renda baixa e média,SL.UEM.TOTL.ZS,1993,4.89
LMY,Países de renda baixa e média,SL.UEM.TOTL.ZS,1994,5.14
LMY,Países de renda baixa e média,SL.UEM.TOTL.ZS,1995,5.38
LMY,Países de renda baixa e média,SL.UEM.TOTL.ZS,1996,5.46
LMY,Países de renda baixa e média,SL.UEM.TOTL.ZS,1997,5.50
LMY,Países de renda baixa e média,SL.UEM.TOTL.ZS,1998,5.68
LMY,Países de renda baixa e média,SL.UEM.TOTL.ZS,1999,5.87
LMY,Países de renda baixa e média,SL.UEM.TOTL.ZS,2000,5.85
LMY,Países de renda baixa e média,SL.UEM.TOTL.ZS,2001,6.00
LMY,Países de renda baixa e média,SL.UEM.TOTL.ZS,2002,6.19
LMY,Países de renda baixa e média,SL.UEM.TOTL.ZS,2003,6.25
LMY,Países de renda baixa e média,SL.UEM.TOTL.ZS,2004,6.12
LMY,Países de renda baixa e média,SL.UEM.TOTL.ZS,2005,6.07
LMY,Países de renda baixa e média,SL.UEM.TOTL.ZS,2006,5.88
LMY,Países de renda baixa e média,SL.UEM.TOTL.ZS,2007,5.80
LMY,Países de renda baixa e média,SL.UEM.TOTL.ZS,2008,5.80
LMY,Países de renda baixa e média,SL.UEM.TOTL.ZS,2009,5.98
LMY,Países de renda baixa e média,SL.UEM.TOTL.ZS,2010,5.78
LMY,Países de renda baixa e média,SL.UEM.TOTL.ZS,2011,5.71
LMY,Países de renda baixa e média,SL.UEM.TOTL.ZS,2012,5.74
LMY,Países de renda baixa e média,SL.UEM.TOTL.ZS,2013,5.70
LMY,Países de renda baixa e média,SL.UEM.TOTL.ZS,2014,5.68
LMY,Países de renda baixa e média,SL.UEM.TOTL.ZS,2015,5.86
LMY,Países de renda baixa e média,SL.UEM.TOTL.ZS,2016,5.94
LMY,Países de renda baixa e média,SL.UEM.TOTL.ZS,2017,5.98
LMY,Países de renda baixa e média,SL.UEM.TOTL.ZS,2018,5.93
LMY,Países de renda baixa e média,SL.UEM.TOTL.ZS,2019,5.80
LMY,Países de renda baixa e média,SL.UEM.TOTL.ZS,2020,6.62
LMY,Países de renda baixa e média,SL.UEM.TOTL.ZS,2021,6.16
LMY,Países de renda baixa e média,SL.UEM.TOTL.ZS,2022,5.41
LMY,Países de renda baixa e média,SL.UEM.TOTL.ZS,2023,4.98
LMY,Países de renda baixa e média,SL.UEM.TOTL.ZS,2024,4.91
LMY,Países de renda baixa e média,SL.UEM.TOTL.ZS,2025,4.89
BRA,Brasil,SI.POV.GINI,1981,57.9
BRA,Brasil,SI.POV.GINI,1982,58.4
BRA,Brasil,SI.POV.GINI,1983,58.9
BRA,Brasil,SI.POV.GINI,1984,58.3
BRA,Brasil,SI.POV.GINI,1985,55.5
BRA,Brasil,SI.POV.GINI,1986,58.4
BRA,Brasil,SI.POV.GINI,1987,59.6
BRA,Brasil,SI.POV.GINI,1988,61.4
BRA,Brasil,SI.POV.GINI,1989,63.2
BRA,Brasil,SI.POV.GINI,1990,60.5
BRA,Brasil,SI.POV.GINI,1992,53.1
BRA,Brasil,SI.POV.GINI,1993,60.1
BRA,Brasil,SI.POV.GINI,1995,59.5
BRA,Brasil,SI.POV.GINI,1996,59.8
BRA,Brasil,SI.POV.GINI,1997,59.8
BRA,Brasil,SI.POV.GINI,1998,59.6
BRA,Brasil,SI.POV.GINI,1999,59.0
BRA,Brasil,SI.POV.GINI,2001,58.4
BRA,Brasil,SI.POV.GINI,2002,58.1
BRA,Brasil,SI.POV.GINI,2003,57.6
BRA,Brasil,SI.POV.GINI,2004,56.5
BRA,Brasil,SI.POV.GINI,2005,56.3
BRA,Brasil,SI.POV.GINI,2006,55.6
BRA,Brasil,SI.POV.GINI,2007,54.9
BRA,Brasil,SI.POV.GINI,2008,54.0
BRA,Brasil,SI.POV.GINI,2009,53.7
BRA,Brasil,SI.POV.GINI,2011,52.9
BRA,Brasil,SI.POV.GINI,2012,53.4
BRA,Brasil,SI.POV.GINI,2013,52.7
BRA,Brasil,SI.POV.GINI,2014,52.1
BRA,Brasil,SI.POV.GINI,2015,51.9
BRA,Brasil,SI.POV.GINI,2016,53.4
BRA,Brasil,SI.POV.GINI,2017,53.3
BRA,Brasil,SI.POV.GINI,2018,53.9
BRA,Brasil,SI.POV.GINI,2019,53.5
BRA,Brasil,SI.POV.GINI,2020,48.8
BRA,Brasil,SI.POV.GINI,2021,52.9
BRA,Brasil,SI.POV.GINI,2022,51.9
BRA,Brasil,SI.POV.GINI,2023,51.5
BRA,Brasil,SI.POV.GINI,2024,50.3
ARG,Argentina,SI.POV.GINI,1980,40.8
ARG,Argentina,SI.POV.GINI,1986,42.8
ARG,Argentina,SI.POV.GINI,1987,45.3
ARG,Argentina,SI.POV.GINI,1991,46.8
ARG,Argentina,SI.POV.GINI,1992,45.5
ARG,Argentina,SI.POV.GINI,1993,44.8
ARG,Argentina,SI.POV.GINI,1994,45.9
ARG,Argentina,SI.POV.GINI,1995,48.9
ARG,Argentina,SI.POV.GINI,1996,49.5
ARG,Argentina,SI.POV.GINI,1997,49.1
ARG,Argentina,SI.POV.GINI,1998,50.7
ARG,Argentina,SI.POV.GINI,1999,49.8
ARG,Argentina,SI.POV.GINI,2000,51.0
ARG,Argentina,SI.POV.GINI,2001,53.3
ARG,Argentina,SI.POV.GINI,2002,53.8
ARG,Argentina,SI.POV.GINI,2003,51.0
ARG,Argentina,SI.POV.GINI,2004,48.5
ARG,Argentina,SI.POV.GINI,2005,47.8
ARG,Argentina,SI.POV.GINI,2006,46.4
ARG,Argentina,SI.POV.GINI,2007,46.3
ARG,Argentina,SI.POV.GINI,2008,45.0
ARG,Argentina,SI.POV.GINI,2009,43.8
ARG,Argentina,SI.POV.GINI,2010,43.7
ARG,Argentina,SI.POV.GINI,2011,42.7
ARG,Argentina,SI.POV.GINI,2012,41.4
ARG,Argentina,SI.POV.GINI,2013,41.1
ARG,Argentina,SI.POV.GINI,2014,41.8
ARG,Argentina,SI.POV.GINI,2016,42.3
ARG,Argentina,SI.POV.GINI,2017,41.4
ARG,Argentina,SI.POV.GINI,2018,41.7
ARG,Argentina,SI.POV.GINI,2019,43.3
ARG,Argentina,SI.POV.GINI,2020,42.7
ARG,Argentina,SI.POV.GINI,2021,42.4
ARG,Argentina,SI.POV.GINI,2022,40.7
ARG,Argentina,SI.POV.GINI,2023,42.4
ARG,Argentina,SI.POV.GINI,2024,42.4
CHL,Chile,SI.POV.GINI,1987,56.2
CHL,Chile,SI.POV.GINI,1990,57.2
CHL,Chile,SI.POV.GINI,1992,54.8
CHL,Chile,SI.POV.GINI,1994,56.4
CHL,Chile,SI.POV.GINI,1996,54.9
CHL,Chile,SI.POV.GINI,1998,55.5
CHL,Chile,SI.POV.GINI,2000,52.8
CHL,Chile,SI.POV.GINI,2003,51.5
CHL,Chile,SI.POV.GINI,2006,47.7
CHL,Chile,SI.POV.GINI,2009,47.4
CHL,Chile,SI.POV.GINI,2011,46.9
CHL,Chile,SI.POV.GINI,2013,46.8
CHL,Chile,SI.POV.GINI,2015,45.3
CHL,Chile,SI.POV.GINI,2017,45.3
CHL,Chile,SI.POV.GINI,2020,47.0
CHL,Chile,SI.POV.GINI,2022,43.2
CHL,Chile,SI.POV.GINI,2024,43.0
COL,Colômbia,SI.POV.GINI,1980,55.1
COL,Colômbia,SI.POV.GINI,1988,53.1
COL,Colômbia,SI.POV.GINI,1989,52.8
COL,Colômbia,SI.POV.GINI,1991,51.3
COL,Colômbia,SI.POV.GINI,1992,51.3
COL,Colômbia,SI.POV.GINI,1996,56.8
COL,Colômbia,SI.POV.GINI,1999,58.5
COL,Colômbia,SI.POV.GINI,2000,58.4
COL,Colômbia,SI.POV.GINI,2001,57.3
COL,Colômbia,SI.POV.GINI,2002,56.0
COL,Colômbia,SI.POV.GINI,2003,53.6
COL,Colômbia,SI.POV.GINI,2004,55.0
COL,Colômbia,SI.POV.GINI,2005,53.9
COL,Colômbia,SI.POV.GINI,2008,55.0
COL,Colômbia,SI.POV.GINI,2009,54.1
COL,Colômbia,SI.POV.GINI,2010,54.4
COL,Colômbia,SI.POV.GINI,2011,53.3
COL,Colômbia,SI.POV.GINI,2012,53.6
COL,Colômbia,SI.POV.GINI,2013,53.5
COL,Colômbia,SI.POV.GINI,2014,53.6
COL,Colômbia,SI.POV.GINI,2015,52.0
COL,Colômbia,SI.POV.GINI,2016,51.7
COL,Colômbia,SI.POV.GINI,2017,50.9
COL,Colômbia,SI.POV.GINI,2018,51.6
COL,Colômbia,SI.POV.GINI,2019,52.5
COL,Colômbia,SI.POV.GINI,2020,54.4
COL,Colômbia,SI.POV.GINI,2021,55.1
COL,Colômbia,SI.POV.GINI,2022,54.8
COL,Colômbia,SI.POV.GINI,2023,54.6
COL,Colômbia,SI.POV.GINI,2024,54.4
MEX,México,SI.POV.GINI,1984,48.5
MEX,México,SI.POV.GINI,1989,50.1
MEX,México,SI.POV.GINI,1992,52.3
MEX,México,SI.POV.GINI,1994,53.4
MEX,México,SI.POV.GINI,1996,52.0
MEX,México,SI.POV.GINI,1998,53.3
MEX,México,SI.POV.GINI,2000,53.4
MEX,México,SI.POV.GINI,2002,50.6
MEX,México,SI.POV.GINI,2004,50.3
MEX,México,SI.POV.GINI,2005,50.9
MEX,México,SI.POV.GINI,2006,49.7
MEX,México,SI.POV.GINI,2008,50.8
MEX,México,SI.POV.GINI,2010,47.7
MEX,México,SI.POV.GINI,2012,49.6
MEX,México,SI.POV.GINI,2014,48.9
MEX,México,SI.POV.GINI,2016,46.9
MEX,México,SI.POV.GINI,2018,46.0
MEX,México,SI.POV.GINI,2020,44.6
MEX,México,SI.POV.GINI,2022,43.5
MEX,México,SI.POV.GINI,2024,42.6
PER,Peru,SI.POV.GINI,1985,45.6
PER,Peru,SI.POV.GINI,1994,44.0
PER,Peru,SI.POV.GINI,1997,53.3
PER,Peru,SI.POV.GINI,1998,55.1
PER,Peru,SI.POV.GINI,1999,54.8
PER,Peru,SI.POV.GINI,2000,49.1
PER,Peru,SI.POV.GINI,2001,51.3
PER,Peru,SI.POV.GINI,2002,53.6
PER,Peru,SI.POV.GINI,2003,53.1
PER,Peru,SI.POV.GINI,2004,49.9
PER,Peru,SI.POV.GINI,2005,50.4
PER,Peru,SI.POV.GINI,2006,50.3
PER,Peru,SI.POV.GINI,2007,50.0
PER,Peru,SI.POV.GINI,2008,47.5
PER,Peru,SI.POV.GINI,2009,47.0
PER,Peru,SI.POV.GINI,2010,45.5
PER,Peru,SI.POV.GINI,2011,44.7
PER,Peru,SI.POV.GINI,2012,44.4
PER,Peru,SI.POV.GINI,2013,43.9
PER,Peru,SI.POV.GINI,2014,43.1
PER,Peru,SI.POV.GINI,2015,43.4
PER,Peru,SI.POV.GINI,2016,43.6
PER,Peru,SI.POV.GINI,2017,43.3
PER,Peru,SI.POV.GINI,2018,42.4
PER,Peru,SI.POV.GINI,2019,41.5
PER,Peru,SI.POV.GINI,2020,43.7
PER,Peru,SI.POV.GINI,2021,40.1
PER,Peru,SI.POV.GINI,2022,40.3
PER,Peru,SI.POV.GINI,2023,40.7
PER,Peru,SI.POV.GINI,2024,40.1
USA,Estados Unidos,SI.POV.GINI,1963,36.7
USA,Estados Unidos,SI.POV.GINI,1964,37.4
USA,Estados Unidos,SI.POV.GINI,1965,36.8
USA,Estados Unidos,SI.POV.GINI,1966,37.1
USA,Estados Unidos,SI.POV.GINI,1967,36.9
USA,Estados Unidos,SI.POV.GINI,1968,36.3
USA,Estados Unidos,SI.POV.GINI,1969,36.0
USA,Estados Unidos,SI.POV.GINI,1970,36.6
USA,Estados Unidos,SI.POV.GINI,1971,36.9
USA,Estados Unidos,SI.POV.GINI,1972,36.7
USA,Estados Unidos,SI.POV.GINI,1973,36.1
USA,Estados Unidos,SI.POV.GINI,1974,35.5
USA,Estados Unidos,SI.POV.GINI,1975,35.7
USA,Estados Unidos,SI.POV.GINI,1976,35.6
USA,Estados Unidos,SI.POV.GINI,1977,35.5
USA,Estados Unidos,SI.POV.GINI,1978,34.8
USA,Estados Unidos,SI.POV.GINI,1979,34.8
USA,Estados Unidos,SI.POV.GINI,1980,34.7
USA,Estados Unidos,SI.POV.GINI,1981,35.5
USA,Estados Unidos,SI.POV.GINI,1982,36.7
USA,Estados Unidos,SI.POV.GINI,1983,37.3
USA,Estados Unidos,SI.POV.GINI,1984,37.3
USA,Estados Unidos,SI.POV.GINI,1985,37.6
USA,Estados Unidos,SI.POV.GINI,1986,37.6
USA,Estados Unidos,SI.POV.GINI,1987,37.2
USA,Estados Unidos,SI.POV.GINI,1988,37.7
USA,Estados Unidos,SI.POV.GINI,1989,38.2
USA,Estados Unidos,SI.POV.GINI,1990,38.3
USA,Estados Unidos,SI.POV.GINI,1991,38.0
USA,Estados Unidos,SI.POV.GINI,1992,38.4
USA,Estados Unidos,SI.POV.GINI,1993,40.4
USA,Estados Unidos,SI.POV.GINI,1994,40.0
USA,Estados Unidos,SI.POV.GINI,1995,39.9
USA,Estados Unidos,SI.POV.GINI,1996,40.3
USA,Estados Unidos,SI.POV.GINI,1997,40.5
USA,Estados Unidos,SI.POV.GINI,1998,40.0
USA,Estados Unidos,SI.POV.GINI,1999,40.0
USA,Estados Unidos,SI.POV.GINI,2000,40.1
USA,Estados Unidos,SI.POV.GINI,2001,40.6
USA,Estados Unidos,SI.POV.GINI,2002,40.4
USA,Estados Unidos,SI.POV.GINI,2003,40.8
USA,Estados Unidos,SI.POV.GINI,2004,40.5
USA,Estados Unidos,SI.POV.GINI,2005,41.3
USA,Estados Unidos,SI.POV.GINI,2006,41.7
USA,Estados Unidos,SI.POV.GINI,2007,41.1
USA,Estados Unidos,SI.POV.GINI,2008,41.1
USA,Estados Unidos,SI.POV.GINI,2009,40.9
USA,Estados Unidos,SI.POV.GINI,2010,40.2
USA,Estados Unidos,SI.POV.GINI,2011,41.2
USA,Estados Unidos,SI.POV.GINI,2012,41.2
USA,Estados Unidos,SI.POV.GINI,2013,40.9
USA,Estados Unidos,SI.POV.GINI,2014,41.7
USA,Estados Unidos,SI.POV.GINI,2015,41.5
USA,Estados Unidos,SI.POV.GINI,2016,41.3
USA,Estados Unidos,SI.POV.GINI,2017,41.4
USA,Estados Unidos,SI.POV.GINI,2018,41.8
USA,Estados Unidos,SI.POV.GINI,2019,41.9
USA,Estados Unidos,SI.POV.GINI,2020,40.0
USA,Estados Unidos,SI.POV.GINI,2021,39.7
USA,Estados Unidos,SI.POV.GINI,2022,41.7
USA,Estados Unidos,SI.POV.GINI,2023,41.8
USA,Estados Unidos,SI.POV.GINI,2024,41.8
CHN,China,SI.POV.GINI,1981,28.2
CHN,China,SI.POV.GINI,1984,27.1
CHN,China,SI.POV.GINI,1987,29.3
CHN,China,SI.POV.GINI,1990,32.2
CHN,China,SI.POV.GINI,1993,33.8
CHN,China,SI.POV.GINI,1996,35.2
CHN,China,SI.POV.GINI,1999,38.7
CHN,China,SI.POV.GINI,2002,42.0
CHN,China,SI.POV.GINI,2005,40.9
CHN,China,SI.POV.GINI,2008,42.9
CHN,China,SI.POV.GINI,2010,43.7
CHN,China,SI.POV.GINI,2011,42.3
CHN,China,SI.POV.GINI,2012,42.1
CHN,China,SI.POV.GINI,2013,39.7
CHN,China,SI.POV.GINI,2014,39.2
CHN,China,SI.POV.GINI,2015,38.6
CHN,China,SI.POV.GINI,2016,38.5
CHN,China,SI.POV.GINI,2017,39.0
CHN,China,SI.POV.GINI,2018,38.5
CHN,China,SI.POV.GINI,2019,38.2
CHN,China,SI.POV.GINI,2020,37.1
CHN,China,SI.POV.GINI,2021,35.8
CHN,China,SI.POV.GINI,2022,36.0
IND,Índia,SI.POV.GINI,1977,29.7
IND,Índia,SI.POV.GINI,1983,27.2
IND,Índia,SI.POV.GINI,1987,27.5
IND,Índia,SI.POV.GINI,1993,26.1
IND,Índia,SI.POV.GINI,2004,27.7
IND,Índia,SI.POV.GINI,2009,27.8
IND,Índia,SI.POV.GINI,2011,28.8
IND,Índia,SI.POV.GINI,2022,25.5
IND,Índia,SI.POV.GINI,2023,23.0
KOR,Coreia do Sul,SI.POV.GINI,2006,31.7
KOR,Coreia do Sul,SI.POV.GINI,2008,32.3
KOR,Coreia do Sul,SI.POV.GINI,2010,32.0
KOR,Coreia do Sul,SI.POV.GINI,2012,31.6
KOR,Coreia do Sul,SI.POV.GINI,2014,31.2
KOR,Coreia do Sul,SI.POV.GINI,2016,35.2
KOR,Coreia do Sul,SI.POV.GINI,2017,34.9
KOR,Coreia do Sul,SI.POV.GINI,2018,33.7
KOR,Coreia do Sul,SI.POV.GINI,2019,33.2
KOR,Coreia do Sul,SI.POV.GINI,2020,32.7
KOR,Coreia do Sul,SI.POV.GINI,2021,32.9
ZAF,África do Sul,SI.POV.GINI,1993,59.3
ZAF,África do Sul,SI.POV.GINI,2000,57.8
ZAF,África do Sul,SI.POV.GINI,2005,65.0
ZAF,África do Sul,SI.POV.GINI,2008,62.5
ZAF,África do Sul,SI.POV.GINI,2010,60.9
ZAF,África do Sul,SI.POV.GINI,2014,59.6
ZAF,África do Sul,SI.POV.GINI,2022,54.1
RUS,Rússia,SI.POV.GINI,1993,45.4
RUS,Rússia,SI.POV.GINI,1996,46.1
RUS,Rússia,SI.POV.GINI,1997,38.4
RUS,Rússia,SI.POV.GINI,1998,38.1
RUS,Rússia,SI.POV.GINI,1999,37.4
RUS,Rússia,SI.POV.GINI,2000,37.1
RUS,Rússia,SI.POV.GINI,2001,36.9
RUS,Rússia,SI.POV.GINI,2002,37.3
RUS,Rússia,SI.POV.GINI,2003,40.0
RUS,Rússia,SI.POV.GINI,2004,40.3
RUS,Rússia,SI.POV.GINI,2005,41.3
RUS,Rússia,SI.POV.GINI,2006,41.0
RUS,Rússia,SI.POV.GINI,2007,42.3
RUS,Rússia,SI.POV.GINI,2008,41.6
RUS,Rússia,SI.POV.GINI,2009,39.8
RUS,Rússia,SI.POV.GINI,2010,39.5
RUS,Rússia,SI.POV.GINI,2011,39.7
RUS,Rússia,SI.POV.GINI,2012,40.7
RUS,Rússia,SI.POV.GINI,2013,40.9
RUS,Rússia,SI.POV.GINI,2014,36.9
RUS,Rússia,SI.POV.GINI,2015,36.5
RUS,Rússia,SI.POV.GINI,2016,36.7
RUS,Rússia,SI.POV.GINI,2017,35.5
RUS,Rússia,SI.POV.GINI,2018,35.3
RUS,Rússia,SI.POV.GINI,2019,35.7
RUS,Rússia,SI.POV.GINI,2020,33.7
RUS,Rússia,SI.POV.GINI,2021,35.1
RUS,Rússia,SI.POV.GINI,2022,33.9
RUS,Rússia,SI.POV.GINI,2023,33.0
TUR,Turquia,SI.POV.GINI,1987,41.0
TUR,Turquia,SI.POV.GINI,1994,41.3
TUR,Turquia,SI.POV.GINI,2002,41.4
TUR,Turquia,SI.POV.GINI,2003,42.2
TUR,Turquia,SI.POV.GINI,2004,41.3
TUR,Turquia,SI.POV.GINI,2005,42.6
TUR,Turquia,SI.POV.GINI,2006,39.6
TUR,Turquia,SI.POV.GINI,2007,38.4
TUR,Turquia,SI.POV.GINI,2008,39.0
TUR,Turquia,SI.POV.GINI,2009,39.0
TUR,Turquia,SI.POV.GINI,2010,38.8
TUR,Turquia,SI.POV.GINI,2011,40.0
TUR,Turquia,SI.POV.GINI,2012,40.2
TUR,Turquia,SI.POV.GINI,2013,40.2
TUR,Turquia,SI.POV.GINI,2014,41.2
TUR,Turquia,SI.POV.GINI,2015,42.9
TUR,Turquia,SI.POV.GINI,2016,41.9
TUR,Turquia,SI.POV.GINI,2017,43.5
TUR,Turquia,SI.POV.GINI,2018,42.4
TUR,Turquia,SI.POV.GINI,2019,43.8
TUR,Turquia,SI.POV.GINI,2020,43.0
TUR,Turquia,SI.POV.GINI,2021,44.4
TUR,Turquia,SI.POV.GINI,2022,44.5
TUR,Turquia,SI.POV.GINI,2023,43.7
IDN,Indonésia,SI.POV.GINI,1984,32.3
IDN,Indonésia,SI.POV.GINI,1987,30.4
IDN,Indonésia,SI.POV.GINI,1990,31.1
IDN,Indonésia,SI.POV.GINI,1993,31.8
IDN,Indonésia,SI.POV.GINI,1996,34.2
IDN,Indonésia,SI.POV.GINI,1998,30.9
IDN,Indonésia,SI.POV.GINI,1999,30.8
IDN,Indonésia,SI.POV.GINI,2000,30.3
IDN,Indonésia,SI.POV.GINI,2001,31.2
IDN,Indonésia,SI.POV.GINI,2002,30.2
IDN,Indonésia,SI.POV.GINI,2003,29.3
IDN,Indonésia,SI.POV.GINI,2004,30.4
IDN,Indonésia,SI.POV.GINI,2005,29.9
IDN,Indonésia,SI.POV.GINI,2006,31.5
IDN,Indonésia,SI.POV.GINI,2007,33.2
IDN,Indonésia,SI.POV.GINI,2008,32.6
IDN,Indonésia,SI.POV.GINI,2009,33.4
IDN,Indonésia,SI.POV.GINI,2010,34.6
IDN,Indonésia,SI.POV.GINI,2011,37.9
IDN,Indonésia,SI.POV.GINI,2012,37.1
IDN,Indonésia,SI.POV.GINI,2013,38.9
IDN,Indonésia,SI.POV.GINI,2014,38.8
IDN,Indonésia,SI.POV.GINI,2015,38.2
IDN,Indonésia,SI.POV.GINI,2016,36.9
IDN,Indonésia,SI.POV.GINI,2017,36.4
IDN,Indonésia,SI.POV.GINI,2018,36.3
IDN,Indonésia,SI.POV.GINI,2019,35.4
IDN,Indonésia,SI.POV.GINI,2020,35.3
IDN,Indonésia,SI.POV.GINI,2021,35.5
IDN,Indonésia,SI.POV.GINI,2022,35.5
IDN,Indonésia,SI.POV.GINI,2023,36.1
IDN,Indonésia,SI.POV.GINI,2024,34.9
IDN,Indonésia,SI.POV.GINI,2025,34.4
