codigo_pais,pais,indicador,ano,valor,projecao
BRA,Brasil,NGDP_RPCH,1980,9.200,não
BRA,Brasil,NGDP_RPCH,1981,-4.400,não
BRA,Brasil,NGDP_RPCH,1982,0.600,não
BRA,Brasil,NGDP_RPCH,1983,-3.400,não
BRA,Brasil,NGDP_RPCH,1984,5.300,não
BRA,Brasil,NGDP_RPCH,1985,7.900,não
BRA,Brasil,NGDP_RPCH,1986,7.500,não
BRA,Brasil,NGDP_RPCH,1987,3.600,não
BRA,Brasil,NGDP_RPCH,1988,0.300,não
BRA,Brasil,NGDP_RPCH,1989,3.200,não
BRA,Brasil,NGDP_RPCH,1990,-4.200,não
BRA,Brasil,NGDP_RPCH,1991,1.000,não
BRA,Brasil,NGDP_RPCH,1992,-0.500,não
BRA,Brasil,NGDP_RPCH,1993,4.700,não
BRA,Brasil,NGDP_RPCH,1994,5.300,não
BRA,Brasil,NGDP_RPCH,1995,4.400,não
BRA,Brasil,NGDP_RPCH,1996,2.200,não
BRA,Brasil,NGDP_RPCH,1997,3.400,não
BRA,Brasil,NGDP_RPCH,1998,0.300,não
BRA,Brasil,NGDP_RPCH,1999,0.500,não
BRA,Brasil,NGDP_RPCH,2000,4.400,não
BRA,Brasil,NGDP_RPCH,2001,1.400,não
BRA,Brasil,NGDP_RPCH,2002,3.100,não
BRA,Brasil,NGDP_RPCH,2003,1.100,não
BRA,Brasil,NGDP_RPCH,2004,5.800,não
BRA,Brasil,NGDP_RPCH,2005,3.200,não
BRA,Brasil,NGDP_RPCH,2006,4.000,não
BRA,Brasil,NGDP_RPCH,2007,6.100,não
BRA,Brasil,NGDP_RPCH,2008,5.100,não
BRA,Brasil,NGDP_RPCH,2009,-0.100,não
BRA,Brasil,NGDP_RPCH,2010,7.500,não
BRA,Brasil,NGDP_RPCH,2011,4.000,não
BRA,Brasil,NGDP_RPCH,2012,1.900,não
BRA,Brasil,NGDP_RPCH,2013,3.000,não
BRA,Brasil,NGDP_RPCH,2014,0.500,não
BRA,Brasil,NGDP_RPCH,2015,-3.500,não
BRA,Brasil,NGDP_RPCH,2016,-3.300,não
BRA,Brasil,NGDP_RPCH,2017,1.300,não
BRA,Brasil,NGDP_RPCH,2018,1.800,não
BRA,Brasil,NGDP_RPCH,2019,1.200,não
BRA,Brasil,NGDP_RPCH,2020,-3.300,não
BRA,Brasil,NGDP_RPCH,2021,4.800,não
BRA,Brasil,NGDP_RPCH,2022,3.000,não
BRA,Brasil,NGDP_RPCH,2023,3.200,não
BRA,Brasil,NGDP_RPCH,2024,3.400,não
BRA,Brasil,NGDP_RPCH,2025,2.300,não
BRA,Brasil,NGDP_RPCH,2026,1.900,sim
BRA,Brasil,NGDP_RPCH,2027,2.000,sim
BRA,Brasil,NGDP_RPCH,2028,2.400,sim
BRA,Brasil,NGDP_RPCH,2029,2.500,sim
BRA,Brasil,NGDP_RPCH,2030,2.500,sim
BRA,Brasil,NGDP_RPCH,2031,2.500,sim
ARG,Argentina,NGDP_RPCH,1980,0.700,não
ARG,Argentina,NGDP_RPCH,1981,-5.700,não
ARG,Argentina,NGDP_RPCH,1982,-3.100,não
ARG,Argentina,NGDP_RPCH,1983,3.700,não
ARG,Argentina,NGDP_RPCH,1984,2.000,não
ARG,Argentina,NGDP_RPCH,1985,-7.000,não
ARG,Argentina,NGDP_RPCH,1986,7.100,não
ARG,Argentina,NGDP_RPCH,1987,2.500,não
ARG,Argentina,NGDP_RPCH,1988,-2.000,não
ARG,Argentina,NGDP_RPCH,1989,-7.000,não
ARG,Argentina,NGDP_RPCH,1990,-1.300,não
ARG,Argentina,NGDP_RPCH,1991,10.500,não
ARG,Argentina,NGDP_RPCH,1992,10.300,não
ARG,Argentina,NGDP_RPCH,1993,6.300,não
ARG,Argentina,NGDP_RPCH,1994,5.800,não
ARG,Argentina,NGDP_RPCH,1995,-2.800,não
ARG,Argentina,NGDP_RPCH,1996,5.500,não
ARG,Argentina,NGDP_RPCH,1997,8.100,não
ARG,Argentina,NGDP_RPCH,1998,3.900,não
ARG,Argentina,NGDP_RPCH,1999,-3.400,não
ARG,Argentina,NGDP_RPCH,2000,-0.800,não
ARG,Argentina,NGDP_RPCH,2001,-4.400,não
ARG,Argentina,NGDP_RPCH,2002,-10.900,não
ARG,Argentina,NGDP_RPCH,2003,9.000,não
ARG,Argentina,NGDP_RPCH,2004,8.900,não
ARG,Argentina,NGDP_RPCH,2005,8.900,não
ARG,Argentina,NGDP_RPCH,2006,8.000,não
ARG,Argentina,NGDP_RPCH,2007,9.000,não
ARG,Argentina,NGDP_RPCH,2008,4.100,não
ARG,Argentina,NGDP_RPCH,2009,-5.900,não
ARG,Argentina,NGDP_RPCH,2010,10.100,não
ARG,Argentina,NGDP_RPCH,2011,6.000,não
ARG,Argentina,NGDP_RPCH,2012,-1.000,não
ARG,Argentina,NGDP_RPCH,2013,2.400,não
ARG,Argentina,NGDP_RPCH,2014,-2.500,não
ARG,Argentina,NGDP_RPCH,2015,2.700,não
ARG,Argentina,NGDP_RPCH,2016,-2.100,não
ARG,Argentina,NGDP_RPCH,2017,2.800,não
ARG,Argentina,NGDP_RPCH,2018,-2.600,não
ARG,Argentina,NGDP_RPCH,2019,-2.000,não
ARG,Argentina,NGDP_RPCH,2020,-9.900,não
ARG,Argentina,NGDP_RPCH,2021,10.400,não
ARG,Argentina,NGDP_RPCH,2022,6.000,não
ARG,Argentina,NGDP_RPCH,2023,-1.900,não
ARG,Argentina,NGDP_RPCH,2024,-1.300,não
ARG,Argentina,NGDP_RPCH,2025,4.400,não
ARG,Argentina,NGDP_RPCH,2026,3.500,sim
ARG,Argentina,NGDP_RPCH,2027,4.000,sim
ARG,Argentina,NGDP_RPCH,2028,3.800,sim
ARG,Argentina,NGDP_RPCH,2029,3.500,sim
ARG,Argentina,NGDP_RPCH,2030,3.200,sim
ARG,Argentina,NGDP_RPCH,2031,3.000,sim
CHL,Chile,NGDP_RPCH,1980,7.900,não
CHL,Chile,NGDP_RPCH,1981,6.200,não
CHL,Chile,NGDP_RPCH,1982,-13.600,não
CHL,Chile,NGDP_RPCH,1983,-2.800,não
CHL,Chile,NGDP_RPCH,1984,5.900,não
CHL,Chile,NGDP_RPCH,1985,2.000,não
CHL,Chile,NGDP_RPCH,1986,5.600,não
CHL,Chile,NGDP_RPCH,1987,6.600,não
CHL,Chile,NGDP_RPCH,1988,7.300,não
CHL,Chile,NGDP_RPCH,1989,10.600,não
CHL,Chile,NGDP_RPCH,1990,3.700,não
CHL,Chile,NGDP_RPCH,1991,7.800,não
CHL,Chile,NGDP_RPCH,1992,11.200,não
CHL,Chile,NGDP_RPCH,1993,6.600,não
CHL,Chile,NGDP_RPCH,1994,5.000,não
CHL,Chile,NGDP_RPCH,1995,8.900,não
CHL,Chile,NGDP_RPCH,1996,5.000,não
CHL,Chile,NGDP_RPCH,1997,7.400,não
CHL,Chile,NGDP_RPCH,1998,4.200,não
CHL,Chile,NGDP_RPCH,1999,-0.300,não
CHL,Chile,NGDP_RPCH,2000,5.000,não
CHL,Chile,NGDP_RPCH,2001,3.200,não
CHL,Chile,NGDP_RPCH,2002,3.200,não
CHL,Chile,NGDP_RPCH,2003,4.700,não
CHL,Chile,NGDP_RPCH,2004,6.700,não
CHL,Chile,NGDP_RPCH,2005,5.800,não
CHL,Chile,NGDP_RPCH,2006,6.000,não
CHL,Chile,NGDP_RPCH,2007,5.200,não
CHL,Chile,NGDP_RPCH,2008,3.800,não
CHL,Chile,NGDP_RPCH,2009,-1.100,não
CHL,Chile,NGDP_RPCH,2010,5.900,não
CHL,Chile,NGDP_RPCH,2011,6.200,não
CHL,Chile,NGDP_RPCH,2012,6.200,não
CHL,Chile,NGDP_RPCH,2013,3.300,não
CHL,Chile,NGDP_RPCH,2014,1.800,não
CHL,Chile,NGDP_RPCH,2015,2.200,não
CHL,Chile,NGDP_RPCH,2016,1.800,não
CHL,Chile,NGDP_RPCH,2017,1.400,não
CHL,Chile,NGDP_RPCH,2018,4.000,não
CHL,Chile,NGDP_RPCH,2019,0.600,não
CHL,Chile,NGDP_RPCH,2020,-6.100,não
CHL,Chile,NGDP_RPCH,2021,11.300,não
CHL,Chile,NGDP_RPCH,2022,2.200,não
CHL,Chile,NGDP_RPCH,2023,0.500,não
CHL,Chile,NGDP_RPCH,2024,2.600,não
CHL,Chile,NGDP_RPCH,2025,2.300,não
CHL,Chile,NGDP_RPCH,2026,2.400,sim
CHL,Chile,NGDP_RPCH,2027,2.600,sim
CHL,Chile,NGDP_RPCH,2028,2.300,sim
CHL,Chile,NGDP_RPCH,2029,2.300,sim
CHL,Chile,NGDP_RPCH,2030,2.300,sim
CHL,Chile,NGDP_RPCH,2031,2.300,sim
COL,Colômbia,NGDP_RPCH,1980,4.400,não
COL,Colômbia,NGDP_RPCH,1981,2.300,não
COL,Colômbia,NGDP_RPCH,1982,0.900,não
COL,Colômbia,NGDP_RPCH,1983,1.600,não
COL,Colômbia,NGDP_RPCH,1984,3.400,não
COL,Colômbia,NGDP_RPCH,1985,3.100,não
COL,Colômbia,NGDP_RPCH,1986,5.800,não
COL,Colômbia,NGDP_RPCH,1987,5.400,não
COL,Colômbia,NGDP_RPCH,1988,4.100,não
COL,Colômbia,NGDP_RPCH,1989,3.400,não
COL,Colômbia,NGDP_RPCH,1990,4.300,não
COL,Colômbia,NGDP_RPCH,1991,2.400,não
COL,Colômbia,NGDP_RPCH,1992,4.400,não
COL,Colômbia,NGDP_RPCH,1993,5.700,não
COL,Colômbia,NGDP_RPCH,1994,5.100,não
COL,Colômbia,NGDP_RPCH,1995,5.200,não
COL,Colômbia,NGDP_RPCH,1996,2.100,não
COL,Colômbia,NGDP_RPCH,1997,3.400,não
COL,Colômbia,NGDP_RPCH,1998,0.600,não
COL,Colômbia,NGDP_RPCH,1999,-4.200,não
COL,Colômbia,NGDP_RPCH,2000,2.900,não
COL,Colômbia,NGDP_RPCH,2001,1.700,não
COL,Colômbia,NGDP_RPCH,2002,2.500,não
COL,Colômbia,NGDP_RPCH,2003,3.900,não
COL,Colômbia,NGDP_RPCH,2004,5.300,não
COL,Colômbia,NGDP_RPCH,2005,4.400,não
COL,Colômbia,NGDP_RPCH,2006,6.700,não
COL,Colômbia,NGDP_RPCH,2007,6.700,não
COL,Colômbia,NGDP_RPCH,2008,3.300,não
COL,Colômbia,NGDP_RPCH,2009,1.100,não
COL,Colômbia,NGDP_RPCH,2010,4.500,não
COL,Colômbia,NGDP_RPCH,2011,6.900,não
COL,Colômbia,NGDP_RPCH,2012,3.900,não
COL,Colômbia,NGDP_RPCH,2013,5.100,não
COL,Colômbia,NGDP_RPCH,2014,4.500,não
COL,Colômbia,NGDP_RPCH,2015,3.000,não
COL,Colômbia,NGDP_RPCH,2016,2.100,não
COL,Colômbia,NGDP_RPCH,2017,1.400,não
COL,Colômbia,NGDP_RPCH,2018,2.600,não
COL,Colômbia,NGDP_RPCH,2019,3.200,não
COL,Colômbia,NGDP_RPCH,2020,-7.200,não
COL,Colômbia,NGDP_RPCH,2021,10.800,não
COL,Colômbia,NGDP_RPCH,2022,7.300,não
COL,Colômbia,NGDP_RPCH,2023,0.800,não
COL,Colômbia,NGDP_RPCH,2024,1.500,não
COL,Colômbia,NGDP_RPCH,2025,2.600,não
COL,Colômbia,NGDP_RPCH,2026,2.300,sim
COL,Colômbia,NGDP_RPCH,2027,2.500,sim
COL,Colômbia,NGDP_RPCH,2028,2.600,sim
COL,Colômbia,NGDP_RPCH,2029,2.700,sim
COL,Colômbia,NGDP_RPCH,2030,2.800,sim
COL,Colômbia,NGDP_RPCH,2031,2.800,sim
MEX,México,NGDP_RPCH,1980,9.500,não
MEX,México,NGDP_RPCH,1981,9.600,não
MEX,México,NGDP_RPCH,1982,0.000,não
MEX,México,NGDP_RPCH,1983,-4.600,não
MEX,México,NGDP_RPCH,1984,3.500,não
MEX,México,NGDP_RPCH,1985,1.900,não
MEX,México,NGDP_RPCH,1986,-3.900,não
MEX,México,NGDP_RPCH,1987,2.100,não
MEX,México,NGDP_RPCH,1988,1.200,não
MEX,México,NGDP_RPCH,1989,3.600,não
MEX,México,NGDP_RPCH,1990,5.300,não
MEX,México,NGDP_RPCH,1991,4.000,não
MEX,México,NGDP_RPCH,1992,3.600,não
MEX,México,NGDP_RPCH,1993,2.900,não
MEX,México,NGDP_RPCH,1994,4.400,não
MEX,México,NGDP_RPCH,1995,-5.900,não
MEX,México,NGDP_RPCH,1996,6.200,não
MEX,México,NGDP_RPCH,1997,7.200,não
MEX,México,NGDP_RPCH,1998,6.200,não
MEX,México,NGDP_RPCH,1999,2.800,não
MEX,México,NGDP_RPCH,2000,5.000,não
MEX,México,NGDP_RPCH,2001,-0.500,não
MEX,México,NGDP_RPCH,2002,-0.200,não
MEX,México,NGDP_RPCH,2003,1.200,não
MEX,México,NGDP_RPCH,2004,3.600,não
MEX,México,NGDP_RPCH,2005,2.100,não
MEX,México,NGDP_RPCH,2006,4.800,não
MEX,México,NGDP_RPCH,2007,2.100,não
MEX,México,NGDP_RPCH,2008,0.900,não
MEX,México,NGDP_RPCH,2009,-6.300,não
MEX,México,NGDP_RPCH,2010,5.000,não
MEX,México,NGDP_RPCH,2011,3.400,não
MEX,México,NGDP_RPCH,2012,3.600,não
MEX,México,NGDP_RPCH,2013,0.900,não
MEX,México,NGDP_RPCH,2014,2.500,não
MEX,México,NGDP_RPCH,2015,2.700,não
MEX,México,NGDP_RPCH,2016,1.800,não
MEX,México,NGDP_RPCH,2017,1.900,não
MEX,México,NGDP_RPCH,2018,2.000,não
MEX,México,NGDP_RPCH,2019,-0.400,não
MEX,México,NGDP_RPCH,2020,-8.400,não
MEX,México,NGDP_RPCH,2021,6.000,não
MEX,México,NGDP_RPCH,2022,3.700,não
MEX,México,NGDP_RPCH,2023,3.100,não
MEX,México,NGDP_RPCH,2024,1.400,não
MEX,México,NGDP_RPCH,2025,0.600,não
MEX,México,NGDP_RPCH,2026,1.600,sim
MEX,México,NGDP_RPCH,2027,2.200,sim
MEX,México,NGDP_RPCH,2028,2.100,sim
MEX,México,NGDP_RPCH,2029,2.000,sim
MEX,México,NGDP_RPCH,2030,2.000,sim
MEX,México,NGDP_RPCH,2031,2.000,sim
PER,Peru,NGDP_RPCH,1980,7.700,não
PER,Peru,NGDP_RPCH,1981,5.500,não
PER,Peru,NGDP_RPCH,1982,-0.300,não
PER,Peru,NGDP_RPCH,1983,-9.300,não
PER,Peru,NGDP_RPCH,1984,3.800,não
PER,Peru,NGDP_RPCH,1985,2.100,não
PER,Peru,NGDP_RPCH,1986,12.100,não
PER,Peru,NGDP_RPCH,1987,7.700,não
PER,Peru,NGDP_RPCH,1988,-9.400,não
PER,Peru,NGDP_RPCH,1989,-13.400,não
PER,Peru,NGDP_RPCH,1990,-5.100,não
PER,Peru,NGDP_RPCH,1991,2.200,não
PER,Peru,NGDP_RPCH,1992,-0.500,não
PER,Peru,NGDP_RPCH,1993,5.200,não
PER,Peru,NGDP_RPCH,1994,12.300,não
PER,Peru,NGDP_RPCH,1995,7.400,não
PER,Peru,NGDP_RPCH,1996,2.800,não
PER,Peru,NGDP_RPCH,1997,6.500,não
PER,Peru,NGDP_RPCH,1998,-0.400,não
PER,Peru,NGDP_RPCH,1999,1.500,não
PER,Peru,NGDP_RPCH,2000,2.700,não
PER,Peru,NGDP_RPCH,2001,0.600,não
PER,Peru,NGDP_RPCH,2002,5.500,não
PER,Peru,NGDP_RPCH,2003,4.200,não
PER,Peru,NGDP_RPCH,2004,5.000,não
PER,Peru,NGDP_RPCH,2005,6.300,não
PER,Peru,NGDP_RPCH,2006,7.500,não
PER,Peru,NGDP_RPCH,2007,8.500,não
PER,Peru,NGDP_RPCH,2008,9.100,não
PER,Peru,NGDP_RPCH,2009,1.100,não
PER,Peru,NGDP_RPCH,2010,8.300,não
PER,Peru,NGDP_RPCH,2011,6.300,não
PER,Peru,NGDP_RPCH,2012,6.100,não
PER,Peru,NGDP_RPCH,2013,5.900,não
PER,Peru,NGDP_RPCH,2014,2.400,não
PER,Peru,NGDP_RPCH,2015,3.300,não
PER,Peru,NGDP_RPCH,2016,4.000,não
PER,Peru,NGDP_RPCH,2017,2.500,não
PER,Peru,NGDP_RPCH,2018,4.000,não
PER,Peru,NGDP_RPCH,2019,2.200,não
PER,Peru,NGDP_RPCH,2020,-10.900,não
PER,Peru,NGDP_RPCH,2021,13.400,não
PER,Peru,NGDP_RPCH,2022,2.800,não
PER,Peru,NGDP_RPCH,2023,-0.400,não
PER,Peru,NGDP_RPCH,2024,3.500,não
PER,Peru,NGDP_RPCH,2025,3.400,não
PER,Peru,NGDP_RPCH,2026,2.800,sim
PER,Peru,NGDP_RPCH,2027,2.800,sim
PER,Peru,NGDP_RPCH,2028,2.800,sim
PER,Peru,NGDP_RPCH,2029,2.800,sim
PER,Peru,NGDP_RPCH,2030,2.800,sim
PER,Peru,NGDP_RPCH,2031,2.800,sim
USA,Estados Unidos,NGDP_RPCH,1980,-0.300,não
USA,Estados Unidos,NGDP_RPCH,1981,2.500,não
USA,Estados Unidos,NGDP_RPCH,1982,-1.800,não
USA,Estados Unidos,NGDP_RPCH,1983,4.600,não
USA,Estados Unidos,NGDP_RPCH,1984,7.200,não
USA,Estados Unidos,NGDP_RPCH,1985,4.200,não
USA,Estados Unidos,NGDP_RPCH,1986,3.500,não
USA,Estados Unidos,NGDP_RPCH,1987,3.500,não
USA,Estados Unidos,NGDP_RPCH,1988,4.200,não
USA,Estados Unidos,NGDP_RPCH,1989,3.700,não
USA,Estados Unidos,NGDP_RPCH,1990,1.900,não
USA,Estados Unidos,NGDP_RPCH,1991,-0.100,não
USA,Estados Unidos,NGDP_RPCH,1992,3.500,não
USA,Estados Unidos,NGDP_RPCH,1993,2.800,não
USA,Estados Unidos,NGDP_RPCH,1994,4.000,não
USA,Estados Unidos,NGDP_RPCH,1995,2.700,não
USA,Estados Unidos,NGDP_RPCH,1996,3.800,não
USA,Estados Unidos,NGDP_RPCH,1997,4.400,não
USA,Estados Unidos,NGDP_RPCH,1998,4.500,não
USA,Estados Unidos,NGDP_RPCH,1999,4.800,não
USA,Estados Unidos,NGDP_RPCH,2000,4.100,não
USA,Estados Unidos,NGDP_RPCH,2001,1.000,não
USA,Estados Unidos,NGDP_RPCH,2002,1.700,não
USA,Estados Unidos,NGDP_RPCH,2003,2.800,não
USA,Estados Unidos,NGDP_RPCH,2004,3.800,não
USA,Estados Unidos,NGDP_RPCH,2005,3.500,não
USA,Estados Unidos,NGDP_RPCH,2006,2.800,não
USA,Estados Unidos,NGDP_RPCH,2007,2.000,não
USA,Estados Unidos,NGDP_RPCH,2008,0.100,não
USA,Estados Unidos,NGDP_RPCH,2009,-2.600,não
USA,Estados Unidos,NGDP_RPCH,2010,2.700,não
USA,Estados Unidos,NGDP_RPCH,2011,1.600,não
USA,Estados Unidos,NGDP_RPCH,2012,2.300,não
USA,Estados Unidos,NGDP_RPCH,2013,2.100,não
USA,Estados Unidos,NGDP_RPCH,2014,2.500,não
USA,Estados Unidos,NGDP_RPCH,2015,2.900,não
USA,Estados Unidos,NGDP_RPCH,2016,1.800,não
USA,Estados Unidos,NGDP_RPCH,2017,2.500,não
USA,Estados Unidos,NGDP_RPCH,2018,3.000,não
USA,Estados Unidos,NGDP_RPCH,2019,2.600,não
USA,Estados Unidos,NGDP_RPCH,2020,-2.100,não
USA,Estados Unidos,NGDP_RPCH,2021,6.200,não
USA,Estados Unidos,NGDP_RPCH,2022,2.500,não
USA,Estados Unidos,NGDP_RPCH,2023,2.900,não
USA,Estados Unidos,NGDP_RPCH,2024,2.800,não
USA,Estados Unidos,NGDP_RPCH,2025,2.100,não
USA,Estados Unidos,NGDP_RPCH,2026,2.300,sim
USA,Estados Unidos,NGDP_RPCH,2027,2.100,sim
USA,Estados Unidos,NGDP_RPCH,2028,2.100,sim
USA,Estados Unidos,NGDP_RPCH,2029,1.900,sim
USA,Estados Unidos,NGDP_RPCH,2030,1.800,sim
USA,Estados Unidos,NGDP_RPCH,2031,1.800,sim
CHN,China,NGDP_RPCH,1980,7.900,não
CHN,China,NGDP_RPCH,1981,5.100,não
CHN,China,NGDP_RPCH,1982,9.000,não
CHN,China,NGDP_RPCH,1983,10.800,não
CHN,China,NGDP_RPCH,1984,15.200,não
CHN,China,NGDP_RPCH,1985,13.500,não
CHN,China,NGDP_RPCH,1986,8.900,não
CHN,China,NGDP_RPCH,1987,11.700,não
CHN,China,NGDP_RPCH,1988,11.200,não
CHN,China,NGDP_RPCH,1989,4.200,não
CHN,China,NGDP_RPCH,1990,3.900,não
CHN,China,NGDP_RPCH,1991,10.200,não
CHN,China,NGDP_RPCH,1992,14.300,não
CHN,China,NGDP_RPCH,1993,13.900,não
CHN,China,NGDP_RPCH,1994,13.100,não
CHN,China,NGDP_RPCH,1995,11.000,não
CHN,China,NGDP_RPCH,1996,10.000,não
CHN,China,NGDP_RPCH,1997,9.300,não
CHN,China,NGDP_RPCH,1998,7.900,não
CHN,China,NGDP_RPCH,1999,7.800,não
CHN,China,NGDP_RPCH,2000,8.600,não
CHN,China,NGDP_RPCH,2001,8.300,não
CHN,China,NGDP_RPCH,2002,9.200,não
CHN,China,NGDP_RPCH,2003,10.100,não
CHN,China,NGDP_RPCH,2004,10.100,não
CHN,China,NGDP_RPCH,2005,11.400,não
CHN,China,NGDP_RPCH,2006,12.700,não
CHN,China,NGDP_RPCH,2007,14.200,não
CHN,China,NGDP_RPCH,2008,9.600,não
CHN,China,NGDP_RPCH,2009,9.400,não
CHN,China,NGDP_RPCH,2010,10.600,não
CHN,China,NGDP_RPCH,2011,9.500,não
CHN,China,NGDP_RPCH,2012,7.800,não
CHN,China,NGDP_RPCH,2013,7.800,não
CHN,China,NGDP_RPCH,2014,7.500,não
CHN,China,NGDP_RPCH,2015,7.000,não
CHN,China,NGDP_RPCH,2016,6.800,não
CHN,China,NGDP_RPCH,2017,6.900,não
CHN,China,NGDP_RPCH,2018,6.800,não
CHN,China,NGDP_RPCH,2019,6.100,não
CHN,China,NGDP_RPCH,2020,2.300,não
CHN,China,NGDP_RPCH,2021,8.600,não
CHN,China,NGDP_RPCH,2022,3.100,não
CHN,China,NGDP_RPCH,2023,5.400,não
CHN,China,NGDP_RPCH,2024,5.000,não
CHN,China,NGDP_RPCH,2025,5.000,não
CHN,China,NGDP_RPCH,2026,4.400,sim
CHN,China,NGDP_RPCH,2027,4.000,sim
CHN,China,NGDP_RPCH,2028,4.000,sim
CHN,China,NGDP_RPCH,2029,3.700,sim
CHN,China,NGDP_RPCH,2030,3.300,sim
CHN,China,NGDP_RPCH,2031,3.300,sim
IND,Índia,NGDP_RPCH,1980,6.700,não
IND,Índia,NGDP_RPCH,1981,6.000,não
IND,Índia,NGDP_RPCH,1982,3.500,não
IND,Índia,NGDP_RPCH,1983,7.300,não
IND,Índia,NGDP_RPCH,1984,3.800,não
IND,Índia,NGDP_RPCH,1985,5.300,não
IND,Índia,NGDP_RPCH,1986,4.800,não
IND,Índia,NGDP_RPCH,1987,4.000,não
IND,Índia,NGDP_RPCH,1988,9.600,não
IND,Índia,NGDP_RPCH,1989,5.900,não
IND,Índia,NGDP_RPCH,1990,5.500,não
IND,Índia,NGDP_RPCH,1991,1.100,não
IND,Índia,NGDP_RPCH,1992,5.500,não
IND,Índia,NGDP_RPCH,1993,4.800,não
IND,Índia,NGDP_RPCH,1994,6.700,não
IND,Índia,NGDP_RPCH,1995,7.600,não
IND,Índia,NGDP_RPCH,1996,7.500,não
IND,Índia,NGDP_RPCH,1997,4.000,não
IND,Índia,NGDP_RPCH,1998,6.200,não
IND,Índia,NGDP_RPCH,1999,8.800,não
IND,Índia,NGDP_RPCH,2000,3.800,não
IND,Índia,NGDP_RPCH,2001,4.800,não
IND,Índia,NGDP_RPCH,2002,3.800,não
IND,Índia,NGDP_RPCH,2003,7.900,não
IND,Índia,NGDP_RPCH,2004,7.900,não
IND,Índia,NGDP_RPCH,2005,7.900,não
IND,Índia,NGDP_RPCH,2006,8.100,não
IND,Índia,NGDP_RPCH,2007,7.700,não
IND,Índia,NGDP_RPCH,2008,3.100,não
IND,Índia,NGDP_RPCH,2009,7.900,não
IND,Índia,NGDP_RPCH,2010,8.500,não
IND,Índia,NGDP_RPCH,2011,5.200,não
IND,Índia,NGDP_RPCH,2012,5.500,não
IND,Índia,NGDP_RPCH,2013,6.400,não
IND,Índia,NGDP_RPCH,2014,7.400,não
IND,Índia,NGDP_RPCH,2015,8.000,não
IND,Índia,NGDP_RPCH,2016,8.300,não
IND,Índia,NGDP_RPCH,2017,6.800,não
IND,Índia,NGDP_RPCH,2018,6.500,não
IND,Índia,NGDP_RPCH,2019,3.900,não
IND,Índia,NGDP_RPCH,2020,-5.800,não
IND,Índia,NGDP_RPCH,2021,9.700,não
IND,Índia,NGDP_RPCH,2022,7.600,não
IND,Índia,NGDP_RPCH,2023,7.200,não
IND,Índia,NGDP_RPCH,2024,7.100,não
IND,Índia,NGDP_RPCH,2025,7.600,não
IND,Índia,NGDP_RPCH,2026,6.500,sim
IND,Índia,NGDP_RPCH,2027,6.500,sim
IND,Índia,NGDP_RPCH,2028,6.500,sim
IND,Índia,NGDP_RPCH,2029,6.500,sim
IND,Índia,NGDP_RPCH,2030,6.500,sim
IND,Índia,NGDP_RPCH,2031,6.500,sim
KOR,Coreia do Sul,NGDP_RPCH,1980,-1.500,não
KOR,Coreia do Sul,NGDP_RPCH,1981,7.400,não
KOR,Coreia do Sul,NGDP_RPCH,1982,8.500,não
KOR,Coreia do Sul,NGDP_RPCH,1983,13.500,não
KOR,Coreia do Sul,NGDP_RPCH,1984,10.600,não
KOR,Coreia do Sul,NGDP_RPCH,1985,7.900,não
KOR,Coreia do Sul,NGDP_RPCH,1986,11.500,não
KOR,Coreia do Sul,NGDP_RPCH,1987,12.900,não
KOR,Coreia do Sul,NGDP_RPCH,1988,12.100,não
KOR,Coreia do Sul,NGDP_RPCH,1989,7.200,não
KOR,Coreia do Sul,NGDP_RPCH,1990,10.000,não
KOR,Coreia do Sul,NGDP_RPCH,1991,10.900,não
KOR,Coreia do Sul,NGDP_RPCH,1992,6.400,não
KOR,Coreia do Sul,NGDP_RPCH,1993,7.000,não
KOR,Coreia do Sul,NGDP_RPCH,1994,9.400,não
KOR,Coreia do Sul,NGDP_RPCH,1995,9.700,não
KOR,Coreia do Sul,NGDP_RPCH,1996,8.000,não
KOR,Coreia do Sul,NGDP_RPCH,1997,6.300,não
KOR,Coreia do Sul,NGDP_RPCH,1998,-4.900,não
KOR,Coreia do Sul,NGDP_RPCH,1999,11.600,não
KOR,Coreia do Sul,NGDP_RPCH,2000,9.200,não
KOR,Coreia do Sul,NGDP_RPCH,2001,4.700,não
KOR,Coreia do Sul,NGDP_RPCH,2002,7.700,não
KOR,Coreia do Sul,NGDP_RPCH,2003,3.100,não
KOR,Coreia do Sul,NGDP_RPCH,2004,5.200,não
KOR,Coreia do Sul,NGDP_RPCH,2005,4.400,não
KOR,Coreia do Sul,NGDP_RPCH,2006,5.200,não
KOR,Coreia do Sul,NGDP_RPCH,2007,5.800,não
KOR,Coreia do Sul,NGDP_RPCH,2008,3.000,não
KOR,Coreia do Sul,NGDP_RPCH,2009,0.800,não
KOR,Coreia do Sul,NGDP_RPCH,2010,7.000,não
KOR,Coreia do Sul,NGDP_RPCH,2011,3.700,não
KOR,Coreia do Sul,NGDP_RPCH,2012,2.500,não
KOR,Coreia do Sul,NGDP_RPCH,2013,3.300,não
KOR,Coreia do Sul,NGDP_RPCH,2014,3.200,não
KOR,Coreia do Sul,NGDP_RPCH,2015,2.900,não
KOR,Coreia do Sul,NGDP_RPCH,2016,3.200,não
KOR,Coreia do Sul,NGDP_RPCH,2017,3.400,não
KOR,Coreia do Sul,NGDP_RPCH,2018,3.200,não
KOR,Coreia do Sul,NGDP_RPCH,2019,2.300,não
KOR,Coreia do Sul,NGDP_RPCH,2020,-0.700,não
KOR,Coreia do Sul,NGDP_RPCH,2021,4.600,não
KOR,Coreia do Sul,NGDP_RPCH,2022,2.700,não
KOR,Coreia do Sul,NGDP_RPCH,2023,1.600,não
KOR,Coreia do Sul,NGDP_RPCH,2024,2.000,não
KOR,Coreia do Sul,NGDP_RPCH,2025,1.000,não
KOR,Coreia do Sul,NGDP_RPCH,2026,1.900,sim
KOR,Coreia do Sul,NGDP_RPCH,2027,2.100,sim
KOR,Coreia do Sul,NGDP_RPCH,2028,2.200,sim
KOR,Coreia do Sul,NGDP_RPCH,2029,2.000,sim
KOR,Coreia do Sul,NGDP_RPCH,2030,1.900,sim
KOR,Coreia do Sul,NGDP_RPCH,2031,1.900,sim
ZAF,África do Sul,NGDP_RPCH,1980,6.600,não
ZAF,África do Sul,NGDP_RPCH,1981,5.400,não
ZAF,África do Sul,NGDP_RPCH,1982,-0.400,não
ZAF,África do Sul,NGDP_RPCH,1983,-1.800,não
ZAF,África do Sul,NGDP_RPCH,1984,5.100,não
ZAF,África do Sul,NGDP_RPCH,1985,-1.200,não
ZAF,África do Sul,NGDP_RPCH,1986,0.000,não
ZAF,África do Sul,NGDP_RPCH,1987,2.100,não
ZAF,África do Sul,NGDP_RPCH,1988,4.200,não
ZAF,África do Sul,NGDP_RPCH,1989,2.400,não
ZAF,África do Sul,NGDP_RPCH,1990,-0.300,não
ZAF,África do Sul,NGDP_RPCH,1991,-1.000,não
ZAF,África do Sul,NGDP_RPCH,1992,-2.100,não
ZAF,África do Sul,NGDP_RPCH,1993,1.200,não
ZAF,África do Sul,NGDP_RPCH,1994,3.200,não
ZAF,África do Sul,NGDP_RPCH,1995,3.100,não
ZAF,África do Sul,NGDP_RPCH,1996,4.300,não
ZAF,África do Sul,NGDP_RPCH,1997,2.600,não
ZAF,África do Sul,NGDP_RPCH,1998,0.500,não
ZAF,África do Sul,NGDP_RPCH,1999,2.400,não
ZAF,África do Sul,NGDP_RPCH,2000,4.200,não
ZAF,África do Sul,NGDP_RPCH,2001,2.700,não
ZAF,África do Sul,NGDP_RPCH,2002,3.700,não
ZAF,África do Sul,NGDP_RPCH,2003,2.900,não
ZAF,África do Sul,NGDP_RPCH,2004,4.600,não
ZAF,África do Sul,NGDP_RPCH,2005,5.300,não
ZAF,África do Sul,NGDP_RPCH,2006,5.600,não
ZAF,África do Sul,NGDP_RPCH,2007,5.400,não
ZAF,África do Sul,NGDP_RPCH,2008,3.200,não
ZAF,África do Sul,NGDP_RPCH,2009,-1.500,não
ZAF,África do Sul,NGDP_RPCH,2010,3.000,não
ZAF,África do Sul,NGDP_RPCH,2011,3.200,não
ZAF,África do Sul,NGDP_RPCH,2012,2.400,não
ZAF,África do Sul,NGDP_RPCH,2013,2.500,não
ZAF,África do Sul,NGDP_RPCH,2014,1.400,não
ZAF,África do Sul,NGDP_RPCH,2015,1.300,não
ZAF,África do Sul,NGDP_RPCH,2016,0.700,não
ZAF,África do Sul,NGDP_RPCH,2017,1.200,não
ZAF,África do Sul,NGDP_RPCH,2018,1.600,não
ZAF,África do Sul,NGDP_RPCH,2019,0.300,não
ZAF,África do Sul,NGDP_RPCH,2020,-6.200,não
ZAF,África do Sul,NGDP_RPCH,2021,4.900,não
ZAF,África do Sul,NGDP_RPCH,2022,2.100,não
ZAF,África do Sul,NGDP_RPCH,2023,0.800,não
ZAF,África do Sul,NGDP_RPCH,2024,0.500,não
ZAF,África do Sul,NGDP_RPCH,2025,1.100,não
ZAF,África do Sul,NGDP_RPCH,2026,1.000,sim
ZAF,África do Sul,NGDP_RPCH,2027,1.300,sim
ZAF,África do Sul,NGDP_RPCH,2028,1.500,sim
ZAF,África do Sul,NGDP_RPCH,2029,1.700,sim
ZAF,África do Sul,NGDP_RPCH,2030,1.800,sim
ZAF,África do Sul,NGDP_RPCH,2031,1.800,sim
RUS,Rússia,NGDP_RPCH,1993,-8.700,não
RUS,Rússia,NGDP_RPCH,1994,-12.700,não
RUS,Rússia,NGDP_RPCH,1995,-4.100,não
RUS,Rússia,NGDP_RPCH,1996,-3.600,não
RUS,Rússia,NGDP_RPCH,1997,1.400,não
RUS,Rússia,NGDP_RPCH,1998,-5.300,não
RUS,Rússia,NGDP_RPCH,1999,6.300,não
RUS,Rússia,NGDP_RPCH,2000,10.100,não
RUS,Rússia,NGDP_RPCH,2001,5.100,não
RUS,Rússia,NGDP_RPCH,2002,4.700,não
RUS,Rússia,NGDP_RPCH,2003,7.400,não
RUS,Rússia,NGDP_RPCH,2004,7.100,não
RUS,Rússia,NGDP_RPCH,2005,6.400,não
RUS,Rússia,NGDP_RPCH,2006,8.200,não
RUS,Rússia,NGDP_RPCH,2007,8.600,não
RUS,Rússia,NGDP_RPCH,2008,5.200,não
RUS,Rússia,NGDP_RPCH,2009,-7.800,não
RUS,Rússia,NGDP_RPCH,2010,4.500,não
RUS,Rússia,NGDP_RPCH,2011,4.000,não
RUS,Rússia,NGDP_RPCH,2012,4.000,não
RUS,Rússia,NGDP_RPCH,2013,1.800,não
RUS,Rússia,NGDP_RPCH,2014,0.700,não
RUS,Rússia,NGDP_RPCH,2015,-2.000,não
RUS,Rússia,NGDP_RPCH,2016,0.200,não
RUS,Rússia,NGDP_RPCH,2017,1.800,não
RUS,Rússia,NGDP_RPCH,2018,2.800,não
RUS,Rússia,NGDP_RPCH,2019,2.200,não
RUS,Rússia,NGDP_RPCH,2020,-2.700,não
RUS,Rússia,NGDP_RPCH,2021,5.900,não
RUS,Rússia,NGDP_RPCH,2022,-1.400,não
RUS,Rússia,NGDP_RPCH,2023,4.100,não
RUS,Rússia,NGDP_RPCH,2024,4.900,não
RUS,Rússia,NGDP_RPCH,2025,1.000,não
RUS,Rússia,NGDP_RPCH,2026,1.100,sim
RUS,Rússia,NGDP_RPCH,2027,1.100,sim
RUS,Rússia,NGDP_RPCH,2028,1.000,sim
RUS,Rússia,NGDP_RPCH,2029,1.000,sim
RUS,Rússia,NGDP_RPCH,2030,1.000,sim
RUS,Rússia,NGDP_RPCH,2031,1.000,sim
TUR,Turquia,NGDP_RPCH,1980,-0.800,não
TUR,Turquia,NGDP_RPCH,1981,4.400,não
TUR,Turquia,NGDP_RPCH,1982,3.400,não
TUR,Turquia,NGDP_RPCH,1983,4.800,não
TUR,Turquia,NGDP_RPCH,1984,6.800,não
TUR,Turquia,NGDP_RPCH,1985,4.300,não
TUR,Turquia,NGDP_RPCH,1986,6.900,não
TUR,Turquia,NGDP_RPCH,1987,10.000,não
TUR,Turquia,NGDP_RPCH,1988,2.100,não
TUR,Turquia,NGDP_RPCH,1989,0.300,não
TUR,Turquia,NGDP_RPCH,1990,9.300,não
TUR,Turquia,NGDP_RPCH,1991,0.900,não
TUR,Turquia,NGDP_RPCH,1992,6.000,não
TUR,Turquia,NGDP_RPCH,1993,8.000,não
TUR,Turquia,NGDP_RPCH,1994,-5.500,não
TUR,Turquia,NGDP_RPCH,1995,7.200,não
TUR,Turquia,NGDP_RPCH,1996,7.000,não
TUR,Turquia,NGDP_RPCH,1997,7.500,não
TUR,Turquia,NGDP_RPCH,1998,3.100,não
TUR,Turquia,NGDP_RPCH,1999,-3.100,não
TUR,Turquia,NGDP_RPCH,2000,7.000,não
TUR,Turquia,NGDP_RPCH,2001,-5.500,não
TUR,Turquia,NGDP_RPCH,2002,6.400,não
TUR,Turquia,NGDP_RPCH,2003,5.800,não
TUR,Turquia,NGDP_RPCH,2004,9.900,não
TUR,Turquia,NGDP_RPCH,2005,9.100,não
TUR,Turquia,NGDP_RPCH,2006,7.100,não
TUR,Turquia,NGDP_RPCH,2007,5.100,não
TUR,Turquia,NGDP_RPCH,2008,0.900,não
TUR,Turquia,NGDP_RPCH,2009,-4.900,não
TUR,Turquia,NGDP_RPCH,2010,8.500,não
TUR,Turquia,NGDP_RPCH,2011,11.000,não
TUR,Turquia,NGDP_RPCH,2012,4.800,não
TUR,Turquia,NGDP_RPCH,2013,8.500,não
TUR,Turquia,NGDP_RPCH,2014,4.600,não
TUR,Turquia,NGDP_RPCH,2015,5.800,não
TUR,Turquia,NGDP_RPCH,2016,3.300,não
TUR,Turquia,NGDP_RPCH,2017,7.800,não
TUR,Turquia,NGDP_RPCH,2018,3.500,não
TUR,Turquia,NGDP_RPCH,2019,1.300,não
TUR,Turquia,NGDP_RPCH,2020,1.800,não
TUR,Turquia,NGDP_RPCH,2021,11.800,não
TUR,Turquia,NGDP_RPCH,2022,5.400,não
TUR,Turquia,NGDP_RPCH,2023,5.000,não
TUR,Turquia,NGDP_RPCH,2024,3.300,não
TUR,Turquia,NGDP_RPCH,2025,3.600,não
TUR,Turquia,NGDP_RPCH,2026,3.400,sim
TUR,Turquia,NGDP_RPCH,2027,3.500,sim
TUR,Turquia,NGDP_RPCH,2028,3.800,sim
TUR,Turquia,NGDP_RPCH,2029,4.000,sim
TUR,Turquia,NGDP_RPCH,2030,4.000,sim
TUR,Turquia,NGDP_RPCH,2031,4.000,sim
IDN,Indonésia,NGDP_RPCH,1980,9.900,não
IDN,Indonésia,NGDP_RPCH,1981,7.600,não
IDN,Indonésia,NGDP_RPCH,1982,2.200,não
IDN,Indonésia,NGDP_RPCH,1983,4.200,não
IDN,Indonésia,NGDP_RPCH,1984,7.600,não
IDN,Indonésia,NGDP_RPCH,1985,3.900,não
IDN,Indonésia,NGDP_RPCH,1986,7.200,não
IDN,Indonésia,NGDP_RPCH,1987,6.600,não
IDN,Indonésia,NGDP_RPCH,1988,7.000,não
IDN,Indonésia,NGDP_RPCH,1989,9.100,não
IDN,Indonésia,NGDP_RPCH,1990,9.000,não
IDN,Indonésia,NGDP_RPCH,1991,8.900,não
IDN,Indonésia,NGDP_RPCH,1992,6.500,não
IDN,Indonésia,NGDP_RPCH,1993,8.000,não
IDN,Indonésia,NGDP_RPCH,1994,7.500,não
IDN,Indonésia,NGDP_RPCH,1995,8.200,não
IDN,Indonésia,NGDP_RPCH,1996,7.800,não
IDN,Indonésia,NGDP_RPCH,1997,4.700,não
IDN,Indonésia,NGDP_RPCH,1998,-13.100,não
IDN,Indonésia,NGDP_RPCH,1999,0.800,não
IDN,Indonésia,NGDP_RPCH,2000,5.000,não
IDN,Indonésia,NGDP_RPCH,2001,3.600,não
IDN,Indonésia,NGDP_RPCH,2002,4.500,não
IDN,Indonésia,NGDP_RPCH,2003,4.800,não
IDN,Indonésia,NGDP_RPCH,2004,5.000,não
IDN,Indonésia,NGDP_RPCH,2005,5.700,não
IDN,Indonésia,NGDP_RPCH,2006,5.500,não
IDN,Indonésia,NGDP_RPCH,2007,6.300,não
IDN,Indonésia,NGDP_RPCH,2008,7.400,não
IDN,Indonésia,NGDP_RPCH,2009,4.700,não
IDN,Indonésia,NGDP_RPCH,2010,6.400,não
IDN,Indonésia,NGDP_RPCH,2011,6.200,não
IDN,Indonésia,NGDP_RPCH,2012,6.000,não
IDN,Indonésia,NGDP_RPCH,2013,5.600,não
IDN,Indonésia,NGDP_RPCH,2014,5.000,não
IDN,Indonésia,NGDP_RPCH,2015,4.900,não
IDN,Indonésia,NGDP_RPCH,2016,5.000,não
IDN,Indonésia,NGDP_RPCH,2017,5.100,não
IDN,Indonésia,NGDP_RPCH,2018,5.200,não
IDN,Indonésia,NGDP_RPCH,2019,5.000,não
IDN,Indonésia,NGDP_RPCH,2020,-2.100,não
IDN,Indonésia,NGDP_RPCH,2021,3.700,não
IDN,Indonésia,NGDP_RPCH,2022,5.300,não
IDN,Indonésia,NGDP_RPCH,2023,5.000,não
IDN,Indonésia,NGDP_RPCH,2024,5.000,não
IDN,Indonésia,NGDP_RPCH,2025,5.100,não
IDN,Indonésia,NGDP_RPCH,2026,5.000,sim
IDN,Indonésia,NGDP_RPCH,2027,5.100,sim
IDN,Indonésia,NGDP_RPCH,2028,5.200,sim
IDN,Indonésia,NGDP_RPCH,2029,5.200,sim
IDN,Indonésia,NGDP_RPCH,2030,5.200,sim
IDN,Indonésia,NGDP_RPCH,2031,5.200,sim
WEOWORLD,Mundo,NGDP_RPCH,1980,2.200,não
WEOWORLD,Mundo,NGDP_RPCH,1981,2.300,não
WEOWORLD,Mundo,NGDP_RPCH,1982,0.800,não
WEOWORLD,Mundo,NGDP_RPCH,1983,2.700,não
WEOWORLD,Mundo,NGDP_RPCH,1984,4.600,não
WEOWORLD,Mundo,NGDP_RPCH,1985,3.700,não
WEOWORLD,Mundo,NGDP_RPCH,1986,3.400,não
WEOWORLD,Mundo,NGDP_RPCH,1987,3.900,não
WEOWORLD,Mundo,NGDP_RPCH,1988,4.500,não
WEOWORLD,Mundo,NGDP_RPCH,1989,3.700,não
WEOWORLD,Mundo,NGDP_RPCH,1990,3.200,não
WEOWORLD,Mundo,NGDP_RPCH,1991,2.500,não
WEOWORLD,Mundo,NGDP_RPCH,1992,2.200,não
WEOWORLD,Mundo,NGDP_RPCH,1993,1.900,não
WEOWORLD,Mundo,NGDP_RPCH,1994,3.100,não
WEOWORLD,Mundo,NGDP_RPCH,1995,3.300,não
WEOWORLD,Mundo,NGDP_RPCH,1996,3.900,não
WEOWORLD,Mundo,NGDP_RPCH,1997,4.000,não
WEOWORLD,Mundo,NGDP_RPCH,1998,2.600,não
WEOWORLD,Mundo,NGDP_RPCH,1999,3.600,não
WEOWORLD,Mundo,NGDP_RPCH,2000,4.800,não
WEOWORLD,Mundo,NGDP_RPCH,2001,2.500,não
WEOWORLD,Mundo,NGDP_RPCH,2002,2.800,não
WEOWORLD,Mundo,NGDP_RPCH,2003,3.800,não
WEOWORLD,Mundo,NGDP_RPCH,2004,5.300,não
WEOWORLD,Mundo,NGDP_RPCH,2005,4.700,não
WEOWORLD,Mundo,NGDP_RPCH,2006,5.300,não
WEOWORLD,Mundo,NGDP_RPCH,2007,5.400,não
WEOWORLD,Mundo,NGDP_RPCH,2008,2.900,não
WEOWORLD,Mundo,NGDP_RPCH,2009,-0.400,não
WEOWORLD,Mundo,NGDP_RPCH,2010,5.300,não
WEOWORLD,Mundo,NGDP_RPCH,2011,4.100,não
WEOWORLD,Mundo,NGDP_RPCH,2012,3.400,não
WEOWORLD,Mundo,NGDP_RPCH,2013,3.400,não
WEOWORLD,Mundo,NGDP_RPCH,2014,3.600,não
WEOWORLD,Mundo,NGDP_RPCH,2015,3.400,não
WEOWORLD,Mundo,NGDP_RPCH,2016,3.200,não
WEOWORLD,Mundo,NGDP_RPCH,2017,3.800,não
WEOWORLD,Mundo,NGDP_RPCH,2018,3.600,não
WEOWORLD,Mundo,NGDP_RPCH,2019,3.000,não
WEOWORLD,Mundo,NGDP_RPCH,2020,-2.700,não
WEOWORLD,Mundo,NGDP_RPCH,2021,6.700,não
WEOWORLD,Mundo,NGDP_RPCH,2022,3.800,não
WEOWORLD,Mundo,NGDP_RPCH,2023,3.300,não
WEOWORLD,Mundo,NGDP_RPCH,2024,3.400,não
WEOWORLD,Mundo,NGDP_RPCH,2025,3.400,não
WEOWORLD,Mundo,NGDP_RPCH,2026,3.100,sim
WEOWORLD,Mundo,NGDP_RPCH,2027,3.200,sim
WEOWORLD,Mundo,NGDP_RPCH,2028,3.200,sim
WEOWORLD,Mundo,NGDP_RPCH,2029,3.200,sim
WEOWORLD,Mundo,NGDP_RPCH,2030,3.100,sim
WEOWORLD,Mundo,NGDP_RPCH,2031,3.100,sim
WE,América Latina e Caribe,NGDP_RPCH,1980,6.300,não
WE,América Latina e Caribe,NGDP_RPCH,1981,1.400,não
WE,América Latina e Caribe,NGDP_RPCH,1982,-0.400,não
WE,América Latina e Caribe,NGDP_RPCH,1983,-3.000,não
WE,América Latina e Caribe,NGDP_RPCH,1984,3.900,não
WE,América Latina e Caribe,NGDP_RPCH,1985,2.800,não
WE,América Latina e Caribe,NGDP_RPCH,1986,3.800,não
WE,América Latina e Caribe,NGDP_RPCH,1987,3.300,não
WE,América Latina e Caribe,NGDP_RPCH,1988,1.000,não
WE,América Latina e Caribe,NGDP_RPCH,1989,0.900,não
WE,América Latina e Caribe,NGDP_RPCH,1990,0.900,não
WE,América Latina e Caribe,NGDP_RPCH,1991,4.000,não
WE,América Latina e Caribe,NGDP_RPCH,1992,3.600,não
WE,América Latina e Caribe,NGDP_RPCH,1993,4.100,não
WE,América Latina e Caribe,NGDP_RPCH,1994,4.600,não
WE,América Latina e Caribe,NGDP_RPCH,1995,1.100,não
WE,América Latina e Caribe,NGDP_RPCH,1996,3.700,não
WE,América Latina e Caribe,NGDP_RPCH,1997,5.600,não
WE,América Latina e Caribe,NGDP_RPCH,1998,3.000,não
WE,América Latina e Caribe,NGDP_RPCH,1999,0.200,não
WE,América Latina e Caribe,NGDP_RPCH,2000,3.700,não
WE,América Latina e Caribe,NGDP_RPCH,2001,0.500,não
WE,América Latina e Caribe,NGDP_RPCH,2002,0.200,não
WE,América Latina e Caribe,NGDP_RPCH,2003,2.100,não
WE,América Latina e Caribe,NGDP_RPCH,2004,6.000,não
WE,América Latina e Caribe,NGDP_RPCH,2005,4.400,não
WE,América Latina e Caribe,NGDP_RPCH,2006,5.600,não
WE,América Latina e Caribe,NGDP_RPCH,2007,5.500,não
WE,América Latina e Caribe,NGDP_RPCH,2008,3.900,não
WE,América Latina e Caribe,NGDP_RPCH,2009,-2.300,não
WE,América Latina e Caribe,NGDP_RPCH,2010,6.100,não
WE,América Latina e Caribe,NGDP_RPCH,2011,4.600,não
WE,América Latina e Caribe,NGDP_RPCH,2012,3.000,não
WE,América Latina e Caribe,NGDP_RPCH,2013,2.800,não
WE,América Latina e Caribe,NGDP_RPCH,2014,1.300,não
WE,América Latina e Caribe,NGDP_RPCH,2015,0.400,não
WE,América Latina e Caribe,NGDP_RPCH,2016,-0.800,não
WE,América Latina e Caribe,NGDP_RPCH,2017,1.400,não
WE,América Latina e Caribe,NGDP_RPCH,2018,1.100,não
WE,América Latina e Caribe,NGDP_RPCH,2019,0.200,não
WE,América Latina e Caribe,NGDP_RPCH,2020,-6.900,não
WE,América Latina e Caribe,NGDP_RPCH,2021,7.500,não
WE,América Latina e Caribe,NGDP_RPCH,2022,4.300,não
WE,América Latina e Caribe,NGDP_RPCH,2023,2.300,não
WE,América Latina e Caribe,NGDP_RPCH,2024,2.400,não
WE,América Latina e Caribe,NGDP_RPCH,2025,2.400,não
WE,América Latina e Caribe,NGDP_RPCH,2026,2.300,sim
WE,América Latina e Caribe,NGDP_RPCH,2027,2.700,sim
WE,América Latina e Caribe,NGDP_RPCH,2028,2.900,sim
WE,América Latina e Caribe,NGDP_RPCH,2029,2.900,sim
WE,América Latina e Caribe,NGDP_RPCH,2030,2.700,sim
WE,América Latina e Caribe,NGDP_RPCH,2031,2.600,sim
ADVEC,Economias avançadas,NGDP_RPCH,1980,1.300,não
ADVEC,Economias avançadas,NGDP_RPCH,1981,2.300,não
ADVEC,Economias avançadas,NGDP_RPCH,1982,0.300,não
ADVEC,Economias avançadas,NGDP_RPCH,1983,3.200,não
ADVEC,Economias avançadas,NGDP_RPCH,1984,4.800,não
ADVEC,Economias avançadas,NGDP_RPCH,1985,3.700,não
ADVEC,Economias avançadas,NGDP_RPCH,1986,3.300,não
ADVEC,Economias avançadas,NGDP_RPCH,1987,3.800,não
ADVEC,Economias avançadas,NGDP_RPCH,1988,4.700,não
ADVEC,Economias avançadas,NGDP_RPCH,1989,4.000,não
ADVEC,Economias avançadas,NGDP_RPCH,1990,3.000,não
ADVEC,Economias avançadas,NGDP_RPCH,1991,1.600,não
ADVEC,Economias avançadas,NGDP_RPCH,1992,2.200,não
ADVEC,Economias avançadas,NGDP_RPCH,1993,1.200,não
ADVEC,Economias avançadas,NGDP_RPCH,1994,3.300,não
ADVEC,Economias avançadas,NGDP_RPCH,1995,2.900,não
ADVEC,Economias avançadas,NGDP_RPCH,1996,3.100,não
ADVEC,Economias avançadas,NGDP_RPCH,1997,3.500,não
ADVEC,Economias avançadas,NGDP_RPCH,1998,2.700,não
ADVEC,Economias avançadas,NGDP_RPCH,1999,3.600,não
ADVEC,Economias avançadas,NGDP_RPCH,2000,4.200,não
ADVEC,Economias avançadas,NGDP_RPCH,2001,1.600,não
ADVEC,Economias avançadas,NGDP_RPCH,2002,1.700,não
ADVEC,Economias avançadas,NGDP_RPCH,2003,2.000,não
ADVEC,Economias avançadas,NGDP_RPCH,2004,3.200,não
ADVEC,Economias avançadas,NGDP_RPCH,2005,2.900,não
ADVEC,Economias avançadas,NGDP_RPCH,2006,3.100,não
ADVEC,Economias avançadas,NGDP_RPCH,2007,2.800,não
ADVEC,Economias avançadas,NGDP_RPCH,2008,0.300,não
ADVEC,Economias avançadas,NGDP_RPCH,2009,-3.400,não
ADVEC,Economias avançadas,NGDP_RPCH,2010,3.100,não
ADVEC,Economias avançadas,NGDP_RPCH,2011,1.700,não
ADVEC,Economias avançadas,NGDP_RPCH,2012,1.200,não
ADVEC,Economias avançadas,NGDP_RPCH,2013,1.500,não
ADVEC,Economias avançadas,NGDP_RPCH,2014,2.200,não
ADVEC,Economias avançadas,NGDP_RPCH,2015,2.400,não
ADVEC,Economias avançadas,NGDP_RPCH,2016,1.800,não
ADVEC,Economias avançadas,NGDP_RPCH,2017,2.600,não
ADVEC,Economias avançadas,NGDP_RPCH,2018,2.300,não
ADVEC,Economias avançadas,NGDP_RPCH,2019,1.900,não
ADVEC,Economias avançadas,NGDP_RPCH,2020,-3.900,não
ADVEC,Economias avançadas,NGDP_RPCH,2021,6.100,não
ADVEC,Economias avançadas,NGDP_RPCH,2022,3.100,não
ADVEC,Economias avançadas,NGDP_RPCH,2023,1.700,não
ADVEC,Economias avançadas,NGDP_RPCH,2024,1.800,não
ADVEC,Economias avançadas,NGDP_RPCH,2025,1.900,não
ADVEC,Economias avançadas,NGDP_RPCH,2026,1.800,sim
ADVEC,Economias avançadas,NGDP_RPCH,2027,1.700,sim
ADVEC,Economias avançadas,NGDP_RPCH,2028,1.700,sim
ADVEC,Economias avançadas,NGDP_RPCH,2029,1.600,sim
ADVEC,Economias avançadas,NGDP_RPCH,2030,1.500,sim
ADVEC,Economias avançadas,NGDP_RPCH,2031,1.500,sim
OEMDC,Economias emergentes e em desenvolvimento,NGDP_RPCH,1980,3.800,não
OEMDC,Economias emergentes e em desenvolvimento,NGDP_RPCH,1981,2.300,não
OEMDC,Economias emergentes e em desenvolvimento,NGDP_RPCH,1982,1.700,não
OEMDC,Economias emergentes e em desenvolvimento,NGDP_RPCH,1983,1.800,não
OEMDC,Economias emergentes e em desenvolvimento,NGDP_RPCH,1984,4.300,não
OEMDC,Economias emergentes e em desenvolvimento,NGDP_RPCH,1985,3.600,não
OEMDC,Economias emergentes e em desenvolvimento,NGDP_RPCH,1986,3.500,não
OEMDC,Economias emergentes e em desenvolvimento,NGDP_RPCH,1987,4.200,não
OEMDC,Economias emergentes e em desenvolvimento,NGDP_RPCH,1988,4.100,não
OEMDC,Economias emergentes e em desenvolvimento,NGDP_RPCH,1989,3.300,não
OEMDC,Economias emergentes e em desenvolvimento,NGDP_RPCH,1990,3.700,não
OEMDC,Economias emergentes e em desenvolvimento,NGDP_RPCH,1991,4.100,não
OEMDC,Economias emergentes e em desenvolvimento,NGDP_RPCH,1992,2.100,não
OEMDC,Economias emergentes e em desenvolvimento,NGDP_RPCH,1993,3.000,não
OEMDC,Economias emergentes e em desenvolvimento,NGDP_RPCH,1994,2.900,não
OEMDC,Economias emergentes e em desenvolvimento,NGDP_RPCH,1995,3.800,não
OEMDC,Economias emergentes e em desenvolvimento,NGDP_RPCH,1996,5.000,não
OEMDC,Economias emergentes e em desenvolvimento,NGDP_RPCH,1997,4.800,não
OEMDC,Economias emergentes e em desenvolvimento,NGDP_RPCH,1998,2.400,não
OEMDC,Economias emergentes e em desenvolvimento,NGDP_RPCH,1999,3.500,não
OEMDC,Economias emergentes e em desenvolvimento,NGDP_RPCH,2000,5.700,não
OEMDC,Economias emergentes e em desenvolvimento,NGDP_RPCH,2001,3.700,não
OEMDC,Economias emergentes e em desenvolvimento,NGDP_RPCH,2002,4.400,não
OEMDC,Economias emergentes e em desenvolvimento,NGDP_RPCH,2003,6.100,não
OEMDC,Economias emergentes e em desenvolvimento,NGDP_RPCH,2004,7.800,não
OEMDC,Economias emergentes e em desenvolvimento,NGDP_RPCH,2005,6.900,não
OEMDC,Economias emergentes e em desenvolvimento,NGDP_RPCH,2006,7.800,não
OEMDC,Economias emergentes e em desenvolvimento,NGDP_RPCH,2007,8.100,não
OEMDC,Economias emergentes e em desenvolvimento,NGDP_RPCH,2008,5.600,não
OEMDC,Economias emergentes e em desenvolvimento,NGDP_RPCH,2009,2.600,não
OEMDC,Economias emergentes e em desenvolvimento,NGDP_RPCH,2010,7.300,não
OEMDC,Economias emergentes e em desenvolvimento,NGDP_RPCH,2011,6.200,não
OEMDC,Economias emergentes e em desenvolvimento,NGDP_RPCH,2012,5.300,não
OEMDC,Economias emergentes e em desenvolvimento,NGDP_RPCH,2013,5.000,não
OEMDC,Economias emergentes e em desenvolvimento,NGDP_RPCH,2014,4.700,não
OEMDC,Economias emergentes e em desenvolvimento,NGDP_RPCH,2015,4.300,não
OEMDC,Economias emergentes e em desenvolvimento,NGDP_RPCH,2016,4.300,não
OEMDC,Economias emergentes e em desenvolvimento,NGDP_RPCH,2017,4.800,não
OEMDC,Economias emergentes e em desenvolvimento,NGDP_RPCH,2018,4.600,não
OEMDC,Economias emergentes e em desenvolvimento,NGDP_RPCH,2019,3.800,não
OEMDC,Economias emergentes e em desenvolvimento,NGDP_RPCH,2020,-1.800,não
OEMDC,Economias emergentes e em desenvolvimento,NGDP_RPCH,2021,7.000,não
OEMDC,Economias emergentes e em desenvolvimento,NGDP_RPCH,2022,4.300,não
OEMDC,Economias emergentes e em desenvolvimento,NGDP_RPCH,2023,4.400,não
OEMDC,Economias emergentes e em desenvolvimento,NGDP_RPCH,2024,4.500,não
OEMDC,Economias emergentes e em desenvolvimento,NGDP_RPCH,2025,4.400,não
OEMDC,Economias emergentes e em desenvolvimento,NGDP_RPCH,2026,3.900,sim
OEMDC,Economias emergentes e em desenvolvimento,NGDP_RPCH,2027,4.200,sim
OEMDC,Economias emergentes e em desenvolvimento,NGDP_RPCH,2028,4.200,sim
OEMDC,Economias emergentes e em desenvolvimento,NGDP_RPCH,2029,4.100,sim
OEMDC,Economias emergentes e em desenvolvimento,NGDP_RPCH,2030,4.000,sim
OEMDC,Economias emergentes e em desenvolvimento,NGDP_RPCH,2031,4.000,sim
BRA,Brasil,NGDPD,1980,145.819,não
BRA,Brasil,NGDPD,1981,167.583,não
BRA,Brasil,NGDPD,1982,179.166,não
BRA,Brasil,NGDPD,1983,143.652,não
BRA,Brasil,NGDPD,1984,142.957,não
BRA,Brasil,NGDPD,1985,226.938,não
BRA,Brasil,NGDPD,1986,263.256,não
BRA,Brasil,NGDPD,1987,286.539,não
BRA,Brasil,NGDPD,1988,320.105,não
BRA,Brasil,NGDPD,1989,439.434,não
BRA,Brasil,NGDPD,1990,455.335,não
BRA,Brasil,NGDPD,1991,399.249,não
BRA,Brasil,NGDPD,1992,382.465,não
BRA,Brasil,NGDPD,1993,429.184,não
BRA,Brasil,NGDPD,1994,546.764,não
BRA,Brasil,NGDPD,1995,770.860,não
BRA,Brasil,NGDPD,1996,851.146,não
BRA,Brasil,NGDPD,1997,883.862,não
BRA,Brasil,NGDPD,1998,864.307,não
BRA,Brasil,NGDPD,1999,599.642,não
BRA,Brasil,NGDPD,2000,655.454,não
BRA,Brasil,NGDPD,2001,559.982,não
BRA,Brasil,NGDPD,2002,509.798,não
BRA,Brasil,NGDPD,2003,558.232,não
BRA,Brasil,NGDPD,2004,669.290,não
BRA,Brasil,NGDPD,2005,891.633,não
BRA,Brasil,NGDPD,2006,1107.628,não
BRA,Brasil,NGDPD,2007,1397.114,não
BRA,Brasil,NGDPD,2008,1695.855,não
BRA,Brasil,NGDPD,2009,1669.204,não
BRA,Brasil,NGDPD,2010,2208.704,não
BRA,Brasil,NGDPD,2011,2614.027,não
BRA,Brasil,NGDPD,2012,2464.053,não
BRA,Brasil,NGDPD,2013,2471.718,não
BRA,Brasil,NGDPD,2014,2456.055,não
BRA,Brasil,NGDPD,2015,1800.046,não
BRA,Brasil,NGDPD,2016,1796.622,não
BRA,Brasil,NGDPD,2017,2063.519,não
BRA,Brasil,NGDPD,2018,1916.934,não
BRA,Brasil,NGDPD,2019,1873.286,não
BRA,Brasil,NGDPD,2020,1476.092,não
BRA,Brasil,NGDPD,2021,1670.650,não
BRA,Brasil,NGDPD,2022,1951.849,não
BRA,Brasil,NGDPD,2023,2191.137,não
BRA,Brasil,NGDPD,2024,2185.822,não
BRA,Brasil,NGDPD,2025,2279.918,não
BRA,Brasil,NGDPD,2026,2635.912,sim
BRA,Brasil,NGDPD,2027,2766.558,sim
BRA,Brasil,NGDPD,2028,2879.420,sim
BRA,Brasil,NGDPD,2029,3037.171,sim
BRA,Brasil,NGDPD,2030,3203.508,sim
BRA,Brasil,NGDPD,2031,3378.877,sim
ARG,Argentina,NGDPD,1980,233.696,não
ARG,Argentina,NGDPD,1981,189.802,não
ARG,Argentina,NGDPD,1982,94.250,não
ARG,Argentina,NGDPD,1983,116.267,não
ARG,Argentina,NGDPD,1984,130.544,não
ARG,Argentina,NGDPD,1985,98.599,não
ARG,Argentina,NGDPD,1986,118.565,não
ARG,Argentina,NGDPD,1987,121.561,não
ARG,Argentina,NGDPD,1988,142.386,não
ARG,Argentina,NGDPD,1989,91.352,não
ARG,Argentina,NGDPD,1990,158.024,não
ARG,Argentina,NGDPD,1991,211.979,não
ARG,Argentina,NGDPD,1992,255.787,não
ARG,Argentina,NGDPD,1993,264.429,não
ARG,Argentina,NGDPD,1994,287.835,não
ARG,Argentina,NGDPD,1995,288.497,não
ARG,Argentina,NGDPD,1996,304.282,não
ARG,Argentina,NGDPD,1997,327.436,não
ARG,Argentina,NGDPD,1998,334.244,não
ARG,Argentina,NGDPD,1999,316.998,não
ARG,Argentina,NGDPD,2000,317.759,não
ARG,Argentina,NGDPD,2001,300.421,não
ARG,Argentina,NGDPD,2002,112.458,não
ARG,Argentina,NGDPD,2003,142.431,não
ARG,Argentina,NGDPD,2004,164.911,não
ARG,Argentina,NGDPD,2005,199.273,não
ARG,Argentina,NGDPD,2006,232.892,não
ARG,Argentina,NGDPD,2007,287.921,não
ARG,Argentina,NGDPD,2008,363.545,não
ARG,Argentina,NGDPD,2009,334.633,não
ARG,Argentina,NGDPD,2010,424.729,não
ARG,Argentina,NGDPD,2011,527.644,não
ARG,Argentina,NGDPD,2012,579.666,não
ARG,Argentina,NGDPD,2013,611.471,não
ARG,Argentina,NGDPD,2014,563.614,não
ARG,Argentina,NGDPD,2015,642.464,não
ARG,Argentina,NGDPD,2016,556.774,não
ARG,Argentina,NGDPD,2017,643.861,não
ARG,Argentina,NGDPD,2018,524.431,não
ARG,Argentina,NGDPD,2019,446.762,não
ARG,Argentina,NGDPD,2020,385.218,não
ARG,Argentina,NGDPD,2021,486.040,não
ARG,Argentina,NGDPD,2022,633.520,não
ARG,Argentina,NGDPD,2023,648.895,não
ARG,Argentina,NGDPD,2024,637.234,não
ARG,Argentina,NGDPD,2025,681.485,não
ARG,Argentina,NGDPD,2026,688.378,sim
ARG,Argentina,NGDPD,2027,703.668,sim
ARG,Argentina,NGDPD,2028,746.843,sim
ARG,Argentina,NGDPD,2029,789.967,sim
ARG,Argentina,NGDPD,2030,833.284,sim
ARG,Argentina,NGDPD,2031,878.051,sim
CHL,Chile,NGDPD,1980,29.032,não
CHL,Chile,NGDPD,1981,34.374,não
CHL,Chile,NGDPD,1982,25.630,não
CHL,Chile,NGDPD,1983,20.819,não
CHL,Chile,NGDPD,1984,20.246,não
CHL,Chile,NGDPD,1985,17.360,não
CHL,Chile,NGDPD,1986,18.662,não
CHL,Chile,NGDPD,1987,22.010,não
CHL,Chile,NGDPD,1988,25.947,não
CHL,Chile,NGDPD,1989,29.889,não
CHL,Chile,NGDPD,1990,33.231,não
CHL,Chile,NGDPD,1991,38.249,não
CHL,Chile,NGDPD,1992,46.597,não
CHL,Chile,NGDPD,1993,49.855,não
CHL,Chile,NGDPD,1994,57.517,não
CHL,Chile,NGDPD,1995,74.119,não
CHL,Chile,NGDPD,1996,78.575,não
CHL,Chile,NGDPD,1997,85.730,não
CHL,Chile,NGDPD,1998,81.996,não
CHL,Chile,NGDPD,1999,75.596,não
CHL,Chile,NGDPD,2000,78.250,não
CHL,Chile,NGDPD,2001,71.517,não
CHL,Chile,NGDPD,2002,70.295,não
CHL,Chile,NGDPD,2003,76.508,não
CHL,Chile,NGDPD,2004,99.079,não
CHL,Chile,NGDPD,2005,122.315,não
CHL,Chile,NGDPD,2006,153.840,não
CHL,Chile,NGDPD,2007,172.565,não
CHL,Chile,NGDPD,2008,179.663,não
CHL,Chile,NGDPD,2009,171.794,não
CHL,Chile,NGDPD,2010,217.105,não
CHL,Chile,NGDPD,2011,251.225,não
CHL,Chile,NGDPD,2012,267.165,não
CHL,Chile,NGDPD,2013,277.218,não
CHL,Chile,NGDPD,2014,259.394,não
CHL,Chile,NGDPD,2015,242.515,não
CHL,Chile,NGDPD,2016,249.306,não
CHL,Chile,NGDPD,2017,276.357,não
CHL,Chile,NGDPD,2018,295.428,não
CHL,Chile,NGDPD,2019,278.040,não
CHL,Chile,NGDPD,2020,254.060,não
CHL,Chile,NGDPD,2021,315.411,não
CHL,Chile,NGDPD,2022,301.270,não
CHL,Chile,NGDPD,2023,335.627,não
CHL,Chile,NGDPD,2024,330.210,não
CHL,Chile,NGDPD,2025,355.346,não
CHL,Chile,NGDPD,2026,407.850,sim
CHL,Chile,NGDPD,2027,434.037,sim
CHL,Chile,NGDPD,2028,455.022,sim
CHL,Chile,NGDPD,2029,475.623,sim
CHL,Chile,NGDPD,2030,496.763,sim
CHL,Chile,NGDPD,2031,519.088,sim
COL,Colômbia,NGDPD,1980,46.501,não
COL,Colômbia,NGDPD,1981,50.661,não
COL,Colômbia,NGDPD,1982,54.252,não
COL,Colômbia,NGDPD,1983,53.920,não
COL,Colômbia,NGDPD,1984,53.257,não
COL,Colômbia,NGDPD,1985,48.581,não
COL,Colômbia,NGDPD,1986,48.648,não
COL,Colômbia,NGDPD,1987,50.640,não
COL,Colômbia,NGDPD,1988,54.592,não
COL,Colômbia,NGDPD,1989,55.048,não
COL,Colômbia,NGDPD,1990,56.071,não
COL,Colômbia,NGDPD,1991,57.954,não
COL,Colômbia,NGDPD,1992,68.579,não
COL,Colômbia,NGDPD,1993,77.721,não
COL,Colômbia,NGDPD,1994,97.665,não
COL,Colômbia,NGDPD,1995,110.564,não
COL,Colômbia,NGDPD,1996,116.130,não
COL,Colômbia,NGDPD,1997,127.490,não
COL,Colômbia,NGDPD,1998,117.725,não
COL,Colômbia,NGDPD,1999,103.132,não
COL,Colômbia,NGDPD,2000,99.270,não
COL,Colômbia,NGDPD,2001,97.606,não
COL,Colômbia,NGDPD,2002,97.353,não
COL,Colômbia,NGDPD,2003,94.072,não
COL,Colômbia,NGDPD,2004,116.382,não
COL,Colômbia,NGDPD,2005,145.601,não
COL,Colômbia,NGDPD,2006,161.793,não
COL,Colômbia,NGDPD,2007,206.230,não
COL,Colômbia,NGDPD,2008,242.504,não
COL,Colômbia,NGDPD,2009,232.469,não
COL,Colômbia,NGDPD,2010,286.499,não
COL,Colômbia,NGDPD,2011,334.967,não
COL,Colômbia,NGDPD,2012,370.692,não
COL,Colômbia,NGDPD,2013,382.094,não
COL,Colômbia,NGDPD,2014,381.241,não
COL,Colômbia,NGDPD,2015,293.493,não
COL,Colômbia,NGDPD,2016,282.720,não
COL,Colômbia,NGDPD,2017,311.890,não
COL,Colômbia,NGDPD,2018,334.124,não
COL,Colômbia,NGDPD,2019,323.055,não
COL,Colômbia,NGDPD,2020,270.348,não
COL,Colômbia,NGDPD,2021,318.525,não
COL,Colômbia,NGDPD,2022,345.632,não
COL,Colômbia,NGDPD,2023,366.901,não
COL,Colômbia,NGDPD,2024,420.504,não
COL,Colômbia,NGDPD,2025,457.410,não
COL,Colômbia,NGDPD,2026,539.530,sim
COL,Colômbia,NGDPD,2027,554.384,sim
COL,Colômbia,NGDPD,2028,578.238,sim
COL,Colômbia,NGDPD,2029,604.409,sim
COL,Colômbia,NGDPD,2030,632.137,sim
COL,Colômbia,NGDPD,2031,661.138,sim
MEX,México,NGDPD,1980,242.153,não
MEX,México,NGDPD,1981,311.012,não
MEX,México,NGDPD,1982,225.706,não
MEX,México,NGDPD,1983,184.010,não
MEX,México,NGDPD,1984,217.001,não
MEX,México,NGDPD,1985,230.272,não
MEX,México,NGDPD,1986,159.434,não
MEX,México,NGDPD,1987,174.840,não
MEX,México,NGDPD,1988,213.893,não
MEX,México,NGDPD,1989,260.663,não
MEX,México,NGDPD,1990,307.613,não
MEX,México,NGDPD,1991,368.772,não
MEX,México,NGDPD,1992,427.661,não
MEX,México,NGDPD,1993,530.226,não
MEX,México,NGDPD,1994,553.618,não
MEX,México,NGDPD,1995,380.182,não
MEX,México,NGDPD,1996,432.158,não
MEX,México,NGDPD,1997,523.450,não
MEX,México,NGDPD,1998,557.485,não
MEX,México,NGDPD,1999,631.240,não
MEX,México,NGDPD,2000,742.061,não
MEX,México,NGDPD,2001,796.055,não
MEX,México,NGDPD,2002,810.666,não
MEX,México,NGDPD,2003,765.550,não
MEX,México,NGDPD,2004,819.459,não
MEX,México,NGDPD,2005,917.572,não
MEX,México,NGDPD,2006,1020.265,não
MEX,México,NGDPD,2007,1102.356,não
MEX,México,NGDPD,2008,1161.553,não
MEX,México,NGDPD,2009,943.437,não
MEX,México,NGDPD,2010,1105.424,não
MEX,México,NGDPD,2011,1229.014,não
MEX,México,NGDPD,2012,1255.110,não
MEX,México,NGDPD,2013,1327.436,não
MEX,México,NGDPD,2014,1364.508,não
MEX,México,NGDPD,2015,1213.294,não
MEX,México,NGDPD,2016,1112.233,não
MEX,México,NGDPD,2017,1190.721,não
MEX,México,NGDPD,2018,1256.300,não
MEX,México,NGDPD,2019,1304.106,não
MEX,México,NGDPD,2020,1121.065,não
MEX,México,NGDPD,2021,1316.569,não
MEX,México,NGDPD,2022,1466.935,não
MEX,México,NGDPD,2023,1794.410,não
MEX,México,NGDPD,2024,1830.489,não
MEX,México,NGDPD,2025,1832.641,não
MEX,México,NGDPD,2026,2120.855,sim
MEX,México,NGDPD,2027,2222.003,sim
MEX,México,NGDPD,2028,2327.102,sim
MEX,México,NGDPD,2029,2435.745,sim
MEX,México,NGDPD,2030,2548.630,sim
MEX,México,NGDPD,2031,2667.215,sim
PER,Peru,NGDPD,1980,20.190,não
PER,Peru,NGDPD,1981,24.398,não
PER,Peru,NGDPD,1982,24.259,não
PER,Peru,NGDPD,1983,18.863,não
PER,Peru,NGDPD,1984,19.442,não
PER,Peru,NGDPD,1985,16.823,não
PER,Peru,NGDPD,1986,25.241,não
PER,Peru,NGDPD,1987,41.681,não
PER,Peru,NGDPD,1988,32.978,não
PER,Peru,NGDPD,1989,40.699,não
PER,Peru,NGDPD,1990,28.326,não
PER,Peru,NGDPD,1991,33.988,não
PER,Peru,NGDPD,1992,35.026,não
PER,Peru,NGDPD,1993,34.032,não
PER,Peru,NGDPD,1994,43.217,não
PER,Peru,NGDPD,1995,51.365,não
PER,Peru,NGDPD,1996,53.260,não
PER,Peru,NGDPD,1997,56.076,não
PER,Peru,NGDPD,1998,53.533,não
PER,Peru,NGDPD,1999,48.460,não
PER,Peru,NGDPD,2000,50.352,não
PER,Peru,NGDPD,2001,51.053,não
PER,Peru,NGDPD,2002,53.921,não
PER,Peru,NGDPD,2003,58.578,não
PER,Peru,NGDPD,2004,66.214,não
PER,Peru,NGDPD,2005,74.054,não
PER,Peru,NGDPD,2006,87.667,não
PER,Peru,NGDPD,2007,102.335,não
PER,Peru,NGDPD,2008,120.240,não
PER,Peru,NGDPD,2009,122.427,não
PER,Peru,NGDPD,2010,149.267,não
PER,Peru,NGDPD,2011,170.773,não
PER,Peru,NGDPD,2012,193.268,não
PER,Peru,NGDPD,2013,201.568,não
PER,Peru,NGDPD,2014,203.671,não
PER,Peru,NGDPD,2015,193.344,não
PER,Peru,NGDPD,2016,198.818,não
PER,Peru,NGDPD,2017,220.090,não
PER,Peru,NGDPD,2018,229.550,não
PER,Peru,NGDPD,2019,236.263,não
PER,Peru,NGDPD,2020,209.057,não
PER,Peru,NGDPD,2021,228.704,não
PER,Peru,NGDPD,2022,248.179,não
PER,Peru,NGDPD,2023,272.755,não
PER,Peru,NGDPD,2024,295.220,não
PER,Peru,NGDPD,2025,341.025,não
PER,Peru,NGDPD,2026,380.900,sim
PER,Peru,NGDPD,2027,386.375,sim
PER,Peru,NGDPD,2028,402.720,sim
PER,Peru,NGDPD,2029,418.912,sim
PER,Peru,NGDPD,2030,437.099,sim
PER,Peru,NGDPD,2031,458.414,sim
USA,Estados Unidos,NGDPD,1980,2857.325,não
USA,Estados Unidos,NGDPD,1981,3207.025,não
USA,Estados Unidos,NGDPD,1982,3343.800,não
USA,Estados Unidos,NGDPD,1983,3634.025,não
USA,Estados Unidos,NGDPD,1984,4037.650,não
USA,Estados Unidos,NGDPD,1985,4339.000,não
USA,Estados Unidos,NGDPD,1986,4579.625,não
USA,Estados Unidos,NGDPD,1987,4855.250,não
USA,Estados Unidos,NGDPD,1988,5236.425,não
USA,Estados Unidos,NGDPD,1989,5641.600,não
USA,Estados Unidos,NGDPD,1990,5963.125,não
USA,Estados Unidos,NGDPD,1991,6158.125,não
USA,Estados Unidos,NGDPD,1992,6520.325,não
USA,Estados Unidos,NGDPD,1993,6858.550,não
USA,Estados Unidos,NGDPD,1994,7287.250,não
USA,Estados Unidos,NGDPD,1995,7639.750,não
USA,Estados Unidos,NGDPD,1996,8073.125,não
USA,Estados Unidos,NGDPD,1997,8577.550,não
USA,Estados Unidos,NGDPD,1998,9062.825,não
USA,Estados Unidos,NGDPD,1999,9631.175,não
USA,Estados Unidos,NGDPD,2000,10250.950,não
USA,Estados Unidos,NGDPD,2001,10581.925,não
USA,Estados Unidos,NGDPD,2002,10929.100,não
USA,Estados Unidos,NGDPD,2003,11456.450,não
USA,Estados Unidos,NGDPD,2004,12217.175,não
USA,Estados Unidos,NGDPD,2005,13039.200,não
USA,Estados Unidos,NGDPD,2006,13815.600,não
USA,Estados Unidos,NGDPD,2007,14474.250,não
USA,Estados Unidos,NGDPD,2008,14769.850,não
USA,Estados Unidos,NGDPD,2009,14478.050,não
USA,Estados Unidos,NGDPD,2010,15048.975,não
USA,Estados Unidos,NGDPD,2011,15599.725,não
USA,Estados Unidos,NGDPD,2012,16253.950,não
USA,Estados Unidos,NGDPD,2013,16880.675,não
USA,Estados Unidos,NGDPD,2014,17608.125,não
USA,Estados Unidos,NGDPD,2015,18295.000,não
USA,Estados Unidos,NGDPD,2016,18804.900,não
USA,Estados Unidos,NGDPD,2017,19612.100,não
USA,Estados Unidos,NGDPD,2018,20656.525,não
USA,Estados Unidos,NGDPD,2019,21539.975,não
USA,Estados Unidos,NGDPD,2020,21375.275,não
USA,Estados Unidos,NGDPD,2021,23725.650,não
USA,Estados Unidos,NGDPD,2022,26054.600,não
USA,Estados Unidos,NGDPD,2023,27811.500,não
USA,Estados Unidos,NGDPD,2024,29298.025,não
USA,Estados Unidos,NGDPD,2025,30767.075,não
USA,Estados Unidos,NGDPD,2026,32383.920,sim
USA,Estados Unidos,NGDPD,2027,33790.035,sim
USA,Estados Unidos,NGDPD,2028,35065.900,sim
USA,Estados Unidos,NGDPD,2029,36360.580,sim
USA,Estados Unidos,NGDPD,2030,37677.878,sim
USA,Estados Unidos,NGDPD,2031,39031.262,sim
CHN,China,NGDPD,1980,303.550,não
CHN,China,NGDPD,1981,289.215,não
CHN,China,NGDPD,1982,285.139,não
CHN,China,NGDPD,1983,306.013,não
CHN,China,NGDPD,1984,314.832,não
CHN,China,NGDPD,1985,310.709,não
CHN,China,NGDPD,1986,301.471,não
CHN,China,NGDPD,1987,328.305,não
CHN,China,NGDPD,1988,409.363,não
CHN,China,NGDPD,1989,458.985,não
CHN,China,NGDPD,1990,397.359,não
CHN,China,NGDPD,1991,415.946,não
CHN,China,NGDPD,1992,495.515,não
CHN,China,NGDPD,1993,621.918,não
CHN,China,NGDPD,1994,566.382,não
CHN,China,NGDPD,1995,737.894,não
CHN,China,NGDPD,1996,868.768,não
CHN,China,NGDPD,1997,967.890,não
CHN,China,NGDPD,1998,1035.515,não
CHN,China,NGDPD,1999,1101.119,não
CHN,China,NGDPD,2000,1220.346,não
CHN,China,NGDPD,2001,1351.395,não
CHN,China,NGDPD,2002,1486.628,não
CHN,China,NGDPD,2003,1680.932,não
CHN,China,NGDPD,2004,1978.988,não
CHN,China,NGDPD,2005,2326.577,não
CHN,China,NGDPD,2006,2798.780,não
CHN,China,NGDPD,2007,3613.610,não
CHN,China,NGDPD,2008,4655.583,não
CHN,China,NGDPD,2009,5176.499,não
CHN,China,NGDPD,2010,6138.878,não
CHN,China,NGDPD,2011,7628.383,não
CHN,China,NGDPD,2012,8682.534,não
CHN,China,NGDPD,2013,9787.510,não
CHN,China,NGDPD,2014,10702.458,não
CHN,China,NGDPD,2015,11305.640,não
CHN,China,NGDPD,2016,11452.000,não
CHN,China,NGDPD,2017,12516.152,não
CHN,China,NGDPD,2018,14107.927,não
CHN,China,NGDPD,2019,14593.450,não
CHN,China,NGDPD,2020,15110.191,não
CHN,China,NGDPD,2021,18183.505,não
CHN,China,NGDPD,2022,18337.777,não
CHN,China,NGDPD,2023,18366.936,não
CHN,China,NGDPD,2024,18945.112,não
CHN,China,NGDPD,2025,19626.247,não
CHN,China,NGDPD,2026,20851.593,sim
CHN,China,NGDPD,2027,21928.979,sim
CHN,China,NGDPD,2028,23259.956,sim
CHN,China,NGDPD,2029,24662.788,sim
CHN,China,NGDPD,2030,26046.793,sim
CHN,China,NGDPD,2031,27496.670,sim
IND,Índia,NGDPD,1980,186.170,não
IND,Índia,NGDPD,1981,193.153,não
IND,Índia,NGDPD,1982,200.035,não
IND,Índia,NGDPD,1983,218.218,não
IND,Índia,NGDPD,1984,211.843,não
IND,Índia,NGDPD,1985,233.520,não
IND,Índia,NGDPD,1986,248.398,não
IND,Índia,NGDPD,1987,278.864,não
IND,Índia,NGDPD,1988,294.479,não
IND,Índia,NGDPD,1989,296.043,não
IND,Índia,NGDPD,1990,320.979,não
IND,Índia,NGDPD,1991,270.105,não
IND,Índia,NGDPD,1992,288.210,não
IND,Índia,NGDPD,1993,279.295,não
IND,Índia,NGDPD,1994,327.275,não
IND,Índia,NGDPD,1995,360.281,não
IND,Índia,NGDPD,1996,392.902,não
IND,Índia,NGDPD,1997,415.895,não
IND,Índia,NGDPD,1998,421.378,não
IND,Índia,NGDPD,1999,458.821,não
IND,Índia,NGDPD,2000,468.396,não
IND,Índia,NGDPD,2001,485.440,não
IND,Índia,NGDPD,2002,514.938,não
IND,Índia,NGDPD,2003,607.701,não
IND,Índia,NGDPD,2004,709.152,não
IND,Índia,NGDPD,2005,820.385,não
IND,Índia,NGDPD,2006,940.260,não
IND,Índia,NGDPD,2007,1216.736,não
IND,Índia,NGDPD,2008,1198.895,não
IND,Índia,NGDPD,2009,1341.889,não
IND,Índia,NGDPD,2010,1675.615,não
IND,Índia,NGDPD,2011,1823.052,não
IND,Índia,NGDPD,2012,1822.862,não
IND,Índia,NGDPD,2013,1847.019,não
IND,Índia,NGDPD,2014,2023.143,não
IND,Índia,NGDPD,2015,2081.604,não
IND,Índia,NGDPD,2016,2264.818,não
IND,Índia,NGDPD,2017,2609.908,não
IND,Índia,NGDPD,2018,2653.495,não
IND,Índia,NGDPD,2019,2776.336,não
IND,Índia,NGDPD,2020,2611.953,não
IND,Índia,NGDPD,2021,3084.517,não
IND,Índia,NGDPD,2022,3249.939,não
IND,Índia,NGDPD,2023,3500.906,não
IND,Índia,NGDPD,2024,3760.814,não
IND,Índia,NGDPD,2025,3916.312,não
IND,Índia,NGDPD,2026,4153.191,sim
IND,Índia,NGDPD,2027,4579.083,sim
IND,Índia,NGDPD,2028,5058.754,sim
IND,Índia,NGDPD,2029,5599.432,sim
IND,Índia,NGDPD,2030,6173.385,sim
IND,Índia,NGDPD,2031,6792.432,sim
KOR,Coreia do Sul,NGDPD,1980,66.517,não
KOR,Coreia do Sul,NGDPD,1981,74.287,não
KOR,Coreia do Sul,NGDPD,1982,79.912,não
KOR,Coreia do Sul,NGDPD,1983,89.621,não
KOR,Coreia do Sul,NGDPD,1984,99.750,não
KOR,Coreia do Sul,NGDPD,1985,103.764,não
KOR,Coreia do Sul,NGDPD,1986,119.966,não
KOR,Coreia do Sul,NGDPD,1987,152.241,não
KOR,Coreia do Sul,NGDPD,1988,205.479,não
KOR,Coreia do Sul,NGDPD,1989,254.236,não
KOR,Coreia do Sul,NGDPD,1990,292.064,não
KOR,Coreia do Sul,NGDPD,1991,340.863,não
KOR,Coreia do Sul,NGDPD,1992,366.912,não
KOR,Coreia do Sul,NGDPD,1993,405.772,não
KOR,Coreia do Sul,NGDPD,1994,478.988,não
KOR,Coreia do Sul,NGDPD,1995,586.301,não
KOR,Coreia do Sul,NGDPD,1996,631.194,não
KOR,Coreia do Sul,NGDPD,1997,590.070,não
KOR,Coreia do Sul,NGDPD,1998,396.803,não
KOR,Coreia do Sul,NGDPD,1999,515.427,não
KOR,Coreia do Sul,NGDPD,2000,597.802,não
KOR,Coreia do Sul,NGDPD,2001,567.655,não
KOR,Coreia do Sul,NGDPD,2002,649.747,não
KOR,Coreia do Sul,NGDPD,2003,728.497,não
KOR,Coreia do Sul,NGDPD,2004,822.583,não
KOR,Coreia do Sul,NGDPD,2005,971.540,não
KOR,Coreia do Sul,NGDPD,2006,1094.545,não
KOR,Coreia do Sul,NGDPD,2007,1220.756,não
KOR,Coreia do Sul,NGDPD,2008,1093.487,não
KOR,Coreia do Sul,NGDPD,2009,982.854,não
KOR,Coreia do Sul,NGDPD,2010,1192.722,não
KOR,Coreia do Sul,NGDPD,2011,1307.239,não
KOR,Coreia do Sul,NGDPD,2012,1335.344,não
KOR,Coreia do Sul,NGDPD,2013,1434.670,não
KOR,Coreia do Sul,NGDPD,2014,1556.252,não
KOR,Coreia do Sul,NGDPD,2015,1539.212,não
KOR,Coreia do Sul,NGDPD,2016,1578.816,não
KOR,Coreia do Sul,NGDPD,2017,1710.197,não
KOR,Coreia do Sul,NGDPD,2018,1824.251,não
KOR,Coreia do Sul,NGDPD,2019,1751.046,não
KOR,Coreia do Sul,NGDPD,2020,1744.455,não
KOR,Coreia do Sul,NGDPD,2021,1942.314,não
KOR,Coreia do Sul,NGDPD,2022,1799.363,não
KOR,Coreia do Sul,NGDPD,2023,1844.801,não
KOR,Coreia do Sul,NGDPD,2024,1875.388,não
KOR,Coreia do Sul,NGDPD,2025,1872.375,não
KOR,Coreia do Sul,NGDPD,2026,1931.008,sim
KOR,Coreia do Sul,NGDPD,2027,2010.456,sim
KOR,Coreia do Sul,NGDPD,2028,2094.331,sim
KOR,Coreia do Sul,NGDPD,2029,2181.451,sim
KOR,Coreia do Sul,NGDPD,2030,2266.933,sim
KOR,Coreia do Sul,NGDPD,2031,2357.310,sim
ZAF,África do Sul,NGDPD,1980,89.412,não
ZAF,África do Sul,NGDPD,1981,93.150,não
ZAF,África do Sul,NGDPD,1982,85.897,não
ZAF,África do Sul,NGDPD,1983,96.205,não
ZAF,África do Sul,NGDPD,1984,84.838,não
ZAF,África do Sul,NGDPD,1985,64.481,não
ZAF,África do Sul,NGDPD,1986,73.399,não
ZAF,África do Sul,NGDPD,1987,96.533,não
ZAF,África do Sul,NGDPD,1988,104.010,não
ZAF,África do Sul,NGDPD,1989,108.070,não
ZAF,África do Sul,NGDPD,1990,126.027,não
ZAF,África do Sul,NGDPD,1991,135.227,não
ZAF,África do Sul,NGDPD,1992,146.970,não
ZAF,África do Sul,NGDPD,1993,147.236,não
ZAF,África do Sul,NGDPD,1994,153.569,não
ZAF,África do Sul,NGDPD,1995,171.736,não
ZAF,África do Sul,NGDPD,1996,163.340,não
ZAF,África do Sul,NGDPD,1997,169.004,não
ZAF,África do Sul,NGDPD,1998,152.885,não
ZAF,África do Sul,NGDPD,1999,151.426,não
ZAF,África do Sul,NGDPD,2000,151.855,não
ZAF,África do Sul,NGDPD,2001,135.527,não
ZAF,África do Sul,NGDPD,2002,129.385,não
ZAF,África do Sul,NGDPD,2003,197.017,não
ZAF,África do Sul,NGDPD,2004,256.188,não
ZAF,África do Sul,NGDPD,2005,288.749,não
ZAF,África do Sul,NGDPD,2006,304.055,não
ZAF,África do Sul,NGDPD,2007,332.650,não
ZAF,África do Sul,NGDPD,2008,316.491,não
ZAF,África do Sul,NGDPD,2009,331.184,não
ZAF,África do Sul,NGDPD,2010,417.315,não
ZAF,África do Sul,NGDPD,2011,458.708,não
ZAF,África do Sul,NGDPD,2012,434.400,não
ZAF,África do Sul,NGDPD,2013,400.877,não
ZAF,África do Sul,NGDPD,2014,381.195,não
ZAF,África do Sul,NGDPD,2015,346.663,não
ZAF,África do Sul,NGDPD,2016,323.493,não
ZAF,África do Sul,NGDPD,2017,381.317,não
ZAF,África do Sul,NGDPD,2018,405.093,não
ZAF,África do Sul,NGDPD,2019,389.245,não
ZAF,África do Sul,NGDPD,2020,337.876,não
ZAF,África do Sul,NGDPD,2021,419.878,não
ZAF,África do Sul,NGDPD,2022,407.430,não
ZAF,África do Sul,NGDPD,2023,381.334,não
ZAF,África do Sul,NGDPD,2024,401.076,não
ZAF,África do Sul,NGDPD,2025,427.141,não
ZAF,África do Sul,NGDPD,2026,479.964,sim
ZAF,África do Sul,NGDPD,2027,494.409,sim
ZAF,África do Sul,NGDPD,2028,513.063,sim
ZAF,África do Sul,NGDPD,2029,533.314,sim
ZAF,África do Sul,NGDPD,2030,555.264,sim
ZAF,África do Sul,NGDPD,2031,577.966,sim
RUS,Rússia,NGDPD,1992,71.603,não
RUS,Rússia,NGDPD,1993,196.227,não
RUS,Rússia,NGDPD,1994,293.768,não
RUS,Rússia,NGDPD,1995,335.777,não
RUS,Rússia,NGDPD,1996,412.685,não
RUS,Rússia,NGDPD,1997,433.704,não
RUS,Rússia,NGDPD,1998,287.672,não
RUS,Rússia,NGDPD,1999,209.657,não
RUS,Rússia,NGDPD,2000,278.264,não
RUS,Rússia,NGDPD,2001,328.475,não
RUS,Rússia,NGDPD,2002,370.062,não
RUS,Rússia,NGDPD,2003,461.518,não
RUS,Rússia,NGDPD,2004,633.294,não
RUS,Rússia,NGDPD,2005,817.717,não
RUS,Rússia,NGDPD,2006,1060.901,não
RUS,Rússia,NGDPD,2007,1393.416,não
RUS,Rússia,NGDPD,2008,1779.109,não
RUS,Rússia,NGDPD,2009,1307.927,não
RUS,Rússia,NGDPD,2010,1633.111,não
RUS,Rússia,NGDPD,2011,2046.621,não
RUS,Rússia,NGDPD,2012,2191.486,não
RUS,Rússia,NGDPD,2013,2288.428,não
RUS,Rússia,NGDPD,2014,2048.837,não
RUS,Rússia,NGDPD,2015,1356.703,não
RUS,Rússia,NGDPD,2016,1280.648,não
RUS,Rússia,NGDPD,2017,1575.140,não
RUS,Rússia,NGDPD,2018,1653.005,não
RUS,Rússia,NGDPD,2019,1695.724,não
RUS,Rússia,NGDPD,2020,1488.118,não
RUS,Rússia,NGDPD,2021,1828.927,não
RUS,Rússia,NGDPD,2022,2296.410,não
RUS,Rússia,NGDPD,2023,2034.681,não
RUS,Rússia,NGDPD,2024,2185.848,não
RUS,Rússia,NGDPD,2025,2587.938,não
RUS,Rússia,NGDPD,2026,2656.452,sim
RUS,Rússia,NGDPD,2027,2533.434,sim
RUS,Rússia,NGDPD,2028,2551.584,sim
RUS,Rússia,NGDPD,2029,2568.741,sim
RUS,Rússia,NGDPD,2030,2591.506,sim
RUS,Rússia,NGDPD,2031,2615.027,sim
TUR,Turquia,NGDPD,1980,96.629,não
TUR,Turquia,NGDPD,1981,97.898,não
TUR,Turquia,NGDPD,1982,88.948,não
TUR,Turquia,NGDPD,1983,84.996,não
TUR,Turquia,NGDPD,1984,82.670,não
TUR,Turquia,NGDPD,1985,92.858,não
TUR,Turquia,NGDPD,1986,102.371,não
TUR,Turquia,NGDPD,1987,118.966,não
TUR,Turquia,NGDPD,1988,125.075,não
TUR,Turquia,NGDPD,1989,147.777,não
TUR,Turquia,NGDPD,1990,207.578,não
TUR,Turquia,NGDPD,1991,208.473,não
TUR,Turquia,NGDPD,1992,219.250,não
TUR,Turquia,NGDPD,1993,248.657,não
TUR,Turquia,NGDPD,1994,179.420,não
TUR,Turquia,NGDPD,1995,233.645,não
TUR,Turquia,NGDPD,1996,250.571,não
TUR,Turquia,NGDPD,1997,261.946,não
TUR,Turquia,NGDPD,1998,277.693,não
TUR,Turquia,NGDPD,1999,254.300,não
TUR,Turquia,NGDPD,2000,273.570,não
TUR,Turquia,NGDPD,2001,203.001,não
TUR,Turquia,NGDPD,2002,238.674,não
TUR,Turquia,NGDPD,2003,317.342,não
TUR,Turquia,NGDPD,2004,408.309,não
TUR,Turquia,NGDPD,2005,506.794,não
TUR,Turquia,NGDPD,2006,554.902,não
TUR,Turquia,NGDPD,2007,686.909,não
TUR,Turquia,NGDPD,2008,787.897,não
TUR,Turquia,NGDPD,2009,656.134,não
TUR,Turquia,NGDPD,2010,783.025,não
TUR,Turquia,NGDPD,2011,843.326,não
TUR,Turquia,NGDPD,2012,882.437,não
TUR,Turquia,NGDPD,2013,962.457,não
TUR,Turquia,NGDPD,2014,943.337,não
TUR,Turquia,NGDPD,2015,868.204,não
TUR,Turquia,NGDPD,2016,870.339,não
TUR,Turquia,NGDPD,2017,863.906,não
TUR,Turquia,NGDPD,2018,807.318,não
TUR,Turquia,NGDPD,2019,775.223,não
TUR,Turquia,NGDPD,2020,730.345,não
TUR,Turquia,NGDPD,2021,827.673,não
TUR,Turquia,NGDPD,2022,924.752,não
TUR,Turquia,NGDPD,2023,1153.295,não
TUR,Turquia,NGDPD,2024,1358.251,não
TUR,Turquia,NGDPD,2025,1597.301,não
TUR,Turquia,NGDPD,2026,1640.223,sim
TUR,Turquia,NGDPD,2027,1629.539,sim
TUR,Turquia,NGDPD,2028,1741.606,sim
TUR,Turquia,NGDPD,2029,1842.887,sim
TUR,Turquia,NGDPD,2030,1933.816,sim
TUR,Turquia,NGDPD,2031,2027.846,sim
IDN,Indonésia,NGDPD,1980,99.296,não
IDN,Indonésia,NGDPD,1981,110.848,não
IDN,Indonésia,NGDPD,1982,113.799,não
IDN,Indonésia,NGDPD,1983,103.149,não
IDN,Indonésia,NGDPD,1984,107.218,não
IDN,Indonésia,NGDPD,1985,107.062,não
IDN,Indonésia,NGDPD,1986,101.220,não
IDN,Indonésia,NGDPD,1987,95.214,não
IDN,Indonésia,NGDPD,1988,107.279,não
IDN,Indonésia,NGDPD,1989,122.582,não
IDN,Indonésia,NGDPD,1990,138.258,não
IDN,Indonésia,NGDPD,1991,154.558,não
IDN,Indonésia,NGDPD,1992,168.280,não
IDN,Indonésia,NGDPD,1993,190.913,não
IDN,Indonésia,NGDPD,1994,213.727,não
IDN,Indonésia,NGDPD,1995,244.227,não
IDN,Indonésia,NGDPD,1996,274.722,não
IDN,Indonésia,NGDPD,1997,260.680,não
IDN,Indonésia,NGDPD,1998,115.323,não
IDN,Indonésia,NGDPD,1999,169.158,não
IDN,Indonésia,NGDPD,2000,179.482,não
IDN,Indonésia,NGDPD,2001,174.507,não
IDN,Indonésia,NGDPD,2002,212.807,não
IDN,Indonésia,NGDPD,2003,255.346,não
IDN,Indonésia,NGDPD,2004,279.344,não
IDN,Indonésia,NGDPD,2005,310.920,não
IDN,Indonésia,NGDPD,2006,396.518,não
IDN,Indonésia,NGDPD,2007,470.092,não
IDN,Indonésia,NGDPD,2008,558.291,não
IDN,Indonésia,NGDPD,2009,578.577,não
IDN,Indonésia,NGDPD,2010,755.094,não
IDN,Indonésia,NGDPD,2011,892.969,não
IDN,Indonésia,NGDPD,2012,917.870,não
IDN,Indonésia,NGDPD,2013,912.524,não
IDN,Indonésia,NGDPD,2014,890.815,não
IDN,Indonésia,NGDPD,2015,860.854,não
IDN,Indonésia,NGDPD,2016,931.877,não
IDN,Indonésia,NGDPD,2017,1015.619,não
IDN,Indonésia,NGDPD,2018,1042.272,não
IDN,Indonésia,NGDPD,2019,1119.100,não
IDN,Indonésia,NGDPD,2020,1059.055,não
IDN,Indonésia,NGDPD,2021,1186.510,não
IDN,Indonésia,NGDPD,2022,1319.101,não
IDN,Indonésia,NGDPD,2023,1371.167,não
IDN,Indonésia,NGDPD,2024,1396.302,não
IDN,Indonésia,NGDPD,2025,1445.642,não
IDN,Indonésia,NGDPD,2026,1539.872,sim
IDN,Indonésia,NGDPD,2027,1659.491,sim
IDN,Indonésia,NGDPD,2028,1790.060,sim
IDN,Indonésia,NGDPD,2029,1930.127,sim
IDN,Indonésia,NGDPD,2030,2081.911,sim
IDN,Indonésia,NGDPD,2031,2245.812,sim
WEOWORLD,Mundo,NGDPD,1980,11285.730,não
WEOWORLD,Mundo,NGDPD,1981,11583.962,não
WEOWORLD,Mundo,NGDPD,1982,11370.623,não
WEOWORLD,Mundo,NGDPD,1983,11683.011,não
WEOWORLD,Mundo,NGDPD,1984,12099.546,não
WEOWORLD,Mundo,NGDPD,1985,12634.102,não
WEOWORLD,Mundo,NGDPD,1986,14896.978,não
WEOWORLD,Mundo,NGDPD,1987,17162.007,não
WEOWORLD,Mundo,NGDPD,1988,19303.516,não
WEOWORLD,Mundo,NGDPD,1989,20318.745,não
WEOWORLD,Mundo,NGDPD,1990,22868.561,não
WEOWORLD,Mundo,NGDPD,1991,24362.219,não
WEOWORLD,Mundo,NGDPD,1992,25477.467,não
WEOWORLD,Mundo,NGDPD,1993,26213.635,não
WEOWORLD,Mundo,NGDPD,1994,28186.415,não
WEOWORLD,Mundo,NGDPD,1995,31444.262,não
WEOWORLD,Mundo,NGDPD,1996,32359.474,não
WEOWORLD,Mundo,NGDPD,1997,32279.262,não
WEOWORLD,Mundo,NGDPD,1998,32094.476,não
WEOWORLD,Mundo,NGDPD,1999,33174.902,não
WEOWORLD,Mundo,NGDPD,2000,34340.673,não
WEOWORLD,Mundo,NGDPD,2001,34087.122,não
WEOWORLD,Mundo,NGDPD,2002,35167.223,não
WEOWORLD,Mundo,NGDPD,2003,39475.247,não
WEOWORLD,Mundo,NGDPD,2004,44430.307,não
WEOWORLD,Mundo,NGDPD,2005,48151.446,não
WEOWORLD,Mundo,NGDPD,2006,52185.442,não
WEOWORLD,Mundo,NGDPD,2007,58933.941,não
WEOWORLD,Mundo,NGDPD,2008,64727.535,não
WEOWORLD,Mundo,NGDPD,2009,61316.295,não
WEOWORLD,Mundo,NGDPD,2010,67114.720,não
WEOWORLD,Mundo,NGDPD,2011,74540.154,não
WEOWORLD,Mundo,NGDPD,2012,75990.878,não
WEOWORLD,Mundo,NGDPD,2013,78261.730,não
WEOWORLD,Mundo,NGDPD,2014,80461.021,não
WEOWORLD,Mundo,NGDPD,2015,75935.109,não
WEOWORLD,Mundo,NGDPD,2016,77184.802,não
WEOWORLD,Mundo,NGDPD,2017,82081.813,não
WEOWORLD,Mundo,NGDPD,2018,87167.921,não
WEOWORLD,Mundo,NGDPD,2019,88478.299,não
WEOWORLD,Mundo,NGDPD,2020,86191.637,não
WEOWORLD,Mundo,NGDPD,2021,98435.190,não
WEOWORLD,Mundo,NGDPD,2022,102670.358,não
WEOWORLD,Mundo,NGDPD,2023,107245.572,não
WEOWORLD,Mundo,NGDPD,2024,111598.554,não
WEOWORLD,Mundo,NGDPD,2025,118175.485,não
WEOWORLD,Mundo,NGDPD,2026,126295.331,sim
WEOWORLD,Mundo,NGDPD,2027,131890.665,sim
WEOWORLD,Mundo,NGDPD,2028,138128.890,sim
WEOWORLD,Mundo,NGDPD,2029,144669.072,sim
WEOWORLD,Mundo,NGDPD,2030,151388.840,sim
WEOWORLD,Mundo,NGDPD,2031,158391.655,sim
WE,América Latina e Caribe,NGDPD,1980,876.473,não
WE,América Latina e Caribe,NGDPD,1981,949.880,não
WE,América Latina e Caribe,NGDPD,1982,777.649,não
WE,América Latina e Caribe,NGDPD,1983,706.655,não
WE,América Latina e Caribe,NGDPD,1984,737.547,não
WE,América Latina e Caribe,NGDPD,1985,791.290,não
WE,América Latina e Caribe,NGDPD,1986,783.249,não
WE,América Latina e Caribe,NGDPD,1987,831.757,não
WE,América Latina e Caribe,NGDPD,1988,938.071,não
WE,América Latina e Caribe,NGDPD,1989,1054.762,não
WE,América Latina e Caribe,NGDPD,1990,1179.570,não
WE,América Latina e Caribe,NGDPD,1991,1271.215,não
WE,América Latina e Caribe,NGDPD,1992,1393.611,não
WE,América Latina e Caribe,NGDPD,1993,1573.071,não
WE,América Latina e Caribe,NGDPD,1994,1788.370,não
WE,América Latina e Caribe,NGDPD,1995,1915.334,não
WE,América Latina e Caribe,NGDPD,1996,2079.677,não
WE,América Latina e Caribe,NGDPD,1997,2278.050,não
WE,América Latina e Caribe,NGDPD,1998,2301.122,não
WE,América Latina e Caribe,NGDPD,1999,2066.900,não
WE,América Latina e Caribe,NGDPD,2000,2260.197,não
WE,América Latina e Caribe,NGDPD,2001,2207.919,não
WE,América Latina e Caribe,NGDPD,2002,1959.571,não
WE,América Latina e Caribe,NGDPD,2003,1991.297,não
WE,América Latina e Caribe,NGDPD,2004,2281.157,não
WE,América Latina e Caribe,NGDPD,2005,2767.749,não
WE,América Latina e Caribe,NGDPD,2006,3247.647,não
WE,América Latina e Caribe,NGDPD,2007,3850.136,não
WE,América Latina e Caribe,NGDPD,2008,4479.064,não
WE,América Latina e Caribe,NGDPD,2009,4140.369,não
WE,América Latina e Caribe,NGDPD,2010,5158.988,não
WE,América Latina e Caribe,NGDPD,2011,5956.206,não
WE,América Latina e Caribe,NGDPD,2012,6052.724,não
WE,América Latina e Caribe,NGDPD,2013,6124.078,não
WE,América Latina e Caribe,NGDPD,2014,6067.358,não
WE,América Latina e Caribe,NGDPD,2015,5140.122,não
WE,América Latina e Caribe,NGDPD,2016,4951.744,não
WE,América Latina e Caribe,NGDPD,2017,5508.308,não
WE,América Latina e Caribe,NGDPD,2018,5369.689,não
WE,América Latina e Caribe,NGDPD,2019,5254.361,não
WE,América Latina e Caribe,NGDPD,2020,4408.697,não
WE,América Latina e Caribe,NGDPD,2021,5137.008,não
WE,América Latina e Caribe,NGDPD,2022,5873.112,não
WE,América Latina e Caribe,NGDPD,2023,6614.744,não
WE,América Latina e Caribe,NGDPD,2024,6781.194,não
WE,América Latina e Caribe,NGDPD,2025,7072.389,não
WE,América Latina e Caribe,NGDPD,2026,8008.219,sim
WE,América Latina e Caribe,NGDPD,2027,8388.843,sim
WE,América Latina e Caribe,NGDPD,2028,8792.133,sim
WE,América Latina e Caribe,NGDPD,2029,9251.046,sim
WE,América Latina e Caribe,NGDPD,2030,9725.004,sim
WE,América Latina e Caribe,NGDPD,2031,10227.111,sim
ADVEC,Economias avançadas,NGDPD,1980,8544.095,não
ADVEC,Economias avançadas,NGDPD,1981,8685.954,não
ADVEC,Economias avançadas,NGDPD,1982,8624.977,não
ADVEC,Economias avançadas,NGDPD,1983,8976.390,não
ADVEC,Economias avançadas,NGDPD,1984,9388.368,não
ADVEC,Economias avançadas,NGDPD,1985,9876.184,não
ADVEC,Economias avançadas,NGDPD,1986,12056.679,não
ADVEC,Economias avançadas,NGDPD,1987,14022.739,não
ADVEC,Economias avançadas,NGDPD,1988,15865.980,não
ADVEC,Economias avançadas,NGDPD,1989,16547.149,não
ADVEC,Economias avançadas,NGDPD,1990,18519.535,não
ADVEC,Economias avançadas,NGDPD,1991,19758.862,não
ADVEC,Economias avançadas,NGDPD,1992,21269.380,não
ADVEC,Economias avançadas,NGDPD,1993,21444.994,não
ADVEC,Economias avançadas,NGDPD,1994,23038.511,não
ADVEC,Economias avançadas,NGDPD,1995,25505.419,não
ADVEC,Economias avançadas,NGDPD,1996,25684.238,não
ADVEC,Economias avançadas,NGDPD,1997,25174.893,não
ADVEC,Economias avançadas,NGDPD,1998,25225.088,não
ADVEC,Economias avançadas,NGDPD,1999,26569.500,não
ADVEC,Economias avançadas,NGDPD,2000,27056.629,não
ADVEC,Economias avançadas,NGDPD,2001,26775.631,não
ADVEC,Economias avançadas,NGDPD,2002,27934.490,não
ADVEC,Economias avançadas,NGDPD,2003,31328.260,não
ADVEC,Economias avançadas,NGDPD,2004,34753.798,não
ADVEC,Economias avançadas,NGDPD,2005,36582.232,não
ADVEC,Economias avançadas,NGDPD,2006,38483.346,não
ADVEC,Economias avançadas,NGDPD,2007,42050.779,não
ADVEC,Economias avançadas,NGDPD,2008,44441.424,não
ADVEC,Economias avançadas,NGDPD,2009,41936.808,não
ADVEC,Economias avançadas,NGDPD,2010,43799.462,não
ADVEC,Economias avançadas,NGDPD,2011,47038.040,não
ADVEC,Economias avançadas,NGDPD,2012,46867.397,não
ADVEC,Economias avançadas,NGDPD,2013,47336.913,não
ADVEC,Economias avançadas,NGDPD,2014,48490.422,não
ADVEC,Economias avançadas,NGDPD,2015,45898.598,não
ADVEC,Economias avançadas,NGDPD,2016,47158.323,não
ADVEC,Economias avançadas,NGDPD,2017,49233.645,não
ADVEC,Economias avançadas,NGDPD,2018,52110.328,não
ADVEC,Economias avançadas,NGDPD,2019,52663.787,não
ADVEC,Economias avançadas,NGDPD,2020,51829.643,não
ADVEC,Economias avançadas,NGDPD,2021,57983.984,não
ADVEC,Economias avançadas,NGDPD,2022,59358.621,não
ADVEC,Economias avançadas,NGDPD,2023,62760.184,não
ADVEC,Economias avançadas,NGDPD,2024,65382.172,não
ADVEC,Economias avançadas,NGDPD,2025,69386.689,não
ADVEC,Economias avançadas,NGDPD,2026,73813.721,sim
ADVEC,Economias avançadas,NGDPD,2027,76836.114,sim
ADVEC,Economias avançadas,NGDPD,2028,79759.917,sim
ADVEC,Economias avançadas,NGDPD,2029,82685.470,sim
ADVEC,Economias avançadas,NGDPD,2030,85703.601,sim
ADVEC,Economias avançadas,NGDPD,2031,88779.579,sim
OEMDC,Economias emergentes e em desenvolvimento,NGDPD,1980,2741.635,não
OEMDC,Economias emergentes e em desenvolvimento,NGDPD,1981,2898.009,não
OEMDC,Economias emergentes e em desenvolvimento,NGDPD,1982,2745.646,não
OEMDC,Economias emergentes e em desenvolvimento,NGDPD,1983,2706.621,não
OEMDC,Economias emergentes e em desenvolvimento,NGDPD,1984,2711.177,não
OEMDC,Economias emergentes e em desenvolvimento,NGDPD,1985,2757.918,não
OEMDC,Economias emergentes e em desenvolvimento,NGDPD,1986,2840.299,não
OEMDC,Economias emergentes e em desenvolvimento,NGDPD,1987,3139.268,não
OEMDC,Economias emergentes e em desenvolvimento,NGDPD,1988,3437.536,não
OEMDC,Economias emergentes e em desenvolvimento,NGDPD,1989,3771.596,não
OEMDC,Economias emergentes e em desenvolvimento,NGDPD,1990,4349.026,não
OEMDC,Economias emergentes e em desenvolvimento,NGDPD,1991,4603.357,não
OEMDC,Economias emergentes e em desenvolvimento,NGDPD,1992,4208.088,não
OEMDC,Economias emergentes e em desenvolvimento,NGDPD,1993,4768.642,não
OEMDC,Economias emergentes e em desenvolvimento,NGDPD,1994,5147.904,não
OEMDC,Economias emergentes e em desenvolvimento,NGDPD,1995,5938.844,não
OEMDC,Economias emergentes e em desenvolvimento,NGDPD,1996,6675.237,não
OEMDC,Economias emergentes e em desenvolvimento,NGDPD,1997,7104.370,não
OEMDC,Economias emergentes e em desenvolvimento,NGDPD,1998,6869.389,não
OEMDC,Economias emergentes e em desenvolvimento,NGDPD,1999,6605.402,não
OEMDC,Economias emergentes e em desenvolvimento,NGDPD,2000,7284.044,não
OEMDC,Economias emergentes e em desenvolvimento,NGDPD,2001,7311.491,não
OEMDC,Economias emergentes e em desenvolvimento,NGDPD,2002,7232.733,não
OEMDC,Economias emergentes e em desenvolvimento,NGDPD,2003,8146.987,não
OEMDC,Economias emergentes e em desenvolvimento,NGDPD,2004,9676.509,não
OEMDC,Economias emergentes e em desenvolvimento,NGDPD,2005,11569.213,não
OEMDC,Economias emergentes e em desenvolvimento,NGDPD,2006,13702.096,não
OEMDC,Economias emergentes e em desenvolvimento,NGDPD,2007,16883.163,não
OEMDC,Economias emergentes e em desenvolvimento,NGDPD,2008,20286.111,não
OEMDC,Economias emergentes e em desenvolvimento,NGDPD,2009,19379.487,não
OEMDC,Economias emergentes e em desenvolvimento,NGDPD,2010,23315.258,não
OEMDC,Economias emergentes e em desenvolvimento,NGDPD,2011,27502.114,não
OEMDC,Economias emergentes e em desenvolvimento,NGDPD,2012,29123.481,não
OEMDC,Economias emergentes e em desenvolvimento,NGDPD,2013,30924.817,não
OEMDC,Economias emergentes e em desenvolvimento,NGDPD,2014,31970.600,não
OEMDC,Economias emergentes e em desenvolvimento,NGDPD,2015,30036.512,não
OEMDC,Economias emergentes e em desenvolvimento,NGDPD,2016,30026.479,não
OEMDC,Economias emergentes e em desenvolvimento,NGDPD,2017,32848.168,não
OEMDC,Economias emergentes e em desenvolvimento,NGDPD,2018,35057.593,não
OEMDC,Economias emergentes e em desenvolvimento,NGDPD,2019,35814.511,não
OEMDC,Economias emergentes e em desenvolvimento,NGDPD,2020,34361.994,não
OEMDC,Economias emergentes e em desenvolvimento,NGDPD,2021,40451.207,não
OEMDC,Economias emergentes e em desenvolvimento,NGDPD,2022,43311.737,não
OEMDC,Economias emergentes e em desenvolvimento,NGDPD,2023,44485.388,não
OEMDC,Economias emergentes e em desenvolvimento,NGDPD,2024,46216.382,não
OEMDC,Economias emergentes e em desenvolvimento,NGDPD,2025,48788.796,não
OEMDC,Economias emergentes e em desenvolvimento,NGDPD,2026,52481.610,sim
OEMDC,Economias emergentes e em desenvolvimento,NGDPD,2027,55054.551,sim
OEMDC,Economias emergentes e em desenvolvimento,NGDPD,2028,58368.973,sim
OEMDC,Economias emergentes e em desenvolvimento,NGDPD,2029,61983.601,sim
OEMDC,Economias emergentes e em desenvolvimento,NGDPD,2030,65685.239,sim
OEMDC,Economias emergentes e em desenvolvimento,NGDPD,2031,69612.076,sim
BRA,Brasil,NGDPDPC,1980,1229.883,não
BRA,Brasil,NGDPDPC,1981,1382.548,não
BRA,Brasil,NGDPDPC,1982,1446.228,não
BRA,Brasil,NGDPDPC,1983,1134.932,não
BRA,Brasil,NGDPDPC,1984,1105.852,não
BRA,Brasil,NGDPDPC,1985,1719.515,não
BRA,Brasil,NGDPDPC,1986,1955.069,não
BRA,Brasil,NGDPDPC,1987,2087.445,não
BRA,Brasil,NGDPDPC,1988,2289.424,não
BRA,Brasil,NGDPDPC,1989,3087.928,não
BRA,Brasil,NGDPDPC,1990,3106.116,não
BRA,Brasil,NGDPDPC,1991,2677.837,não
BRA,Brasil,NGDPDPC,1992,2523.736,não
BRA,Brasil,NGDPDPC,1993,2787.164,não
BRA,Brasil,NGDPDPC,1994,3495.239,não
BRA,Brasil,NGDPDPC,1995,4851.990,não
BRA,Brasil,NGDPDPC,1996,5204.574,não
BRA,Brasil,NGDPDPC,1997,5321.137,não
BRA,Brasil,NGDPDPC,1998,5123.549,não
BRA,Brasil,NGDPDPC,1999,3501.438,não
BRA,Brasil,NGDPDPC,2000,3751.971,não
BRA,Brasil,NGDPDPC,2001,3163.671,não
BRA,Brasil,NGDPDPC,2002,2844.405,não
BRA,Brasil,NGDPDPC,2003,3077.735,não
BRA,Brasil,NGDPDPC,2004,3647.959,não
BRA,Brasil,NGDPDPC,2005,4806.171,não
BRA,Brasil,NGDPDPC,2006,5906.244,não
BRA,Brasil,NGDPDPC,2007,7374.237,não
BRA,Brasil,NGDPDPC,2008,8863.269,não
BRA,Brasil,NGDPDPC,2009,8640.934,não
BRA,Brasil,NGDPDPC,2010,11341.268,não
BRA,Brasil,NGDPDPC,2011,13326.088,não
BRA,Brasil,NGDPDPC,2012,12465.450,não
BRA,Brasil,NGDPDPC,2013,12406.559,não
BRA,Brasil,NGDPDPC,2014,12230.669,não
BRA,Brasil,NGDPDPC,2015,8893.346,não
BRA,Brasil,NGDPDPC,2016,8812.503,não
BRA,Brasil,NGDPDPC,2017,10055.567,não
BRA,Brasil,NGDPDPC,2018,9281.668,não
BRA,Brasil,NGDPDPC,2019,9010.512,não
BRA,Brasil,NGDPDPC,2020,7057.072,não
BRA,Brasil,NGDPDPC,2021,7951.553,não
BRA,Brasil,NGDPDPC,2022,9256.482,não
BRA,Brasil,NGDPDPC,2023,10350.437,não
BRA,Brasil,NGDPDPC,2024,10282.171,não
BRA,Brasil,NGDPDPC,2025,10685.689,não
BRA,Brasil,NGDPDPC,2026,12312.570,sim
BRA,Brasil,NGDPDPC,2027,12882.254,sim
BRA,Brasil,NGDPDPC,2028,13368.879,sim
BRA,Brasil,NGDPDPC,2029,14063.335,sim
BRA,Brasil,NGDPDPC,2030,14796.844,sim
BRA,Brasil,NGDPDPC,2031,15571.673,sim
ARG,Argentina,NGDPDPC,1980,8361.209,não
ARG,Argentina,NGDPDPC,1981,6671.428,não
ARG,Argentina,NGDPDPC,1982,3257.853,não
ARG,Argentina,NGDPDPC,1983,3962.735,não
ARG,Argentina,NGDPDPC,1984,4374.783,não
ARG,Argentina,NGDPDPC,1985,3248.745,não
ARG,Argentina,NGDPDPC,1986,3857.027,não
ARG,Argentina,NGDPDPC,1987,3909.984,não
ARG,Argentina,NGDPDPC,1988,4524.498,não
ARG,Argentina,NGDPDPC,1989,2867.307,não
ARG,Argentina,NGDPDPC,1990,4857.796,não
ARG,Argentina,NGDPDPC,1991,6429.454,não
ARG,Argentina,NGDPDPC,1992,7653.711,não
ARG,Argentina,NGDPDPC,1993,7796.240,não
ARG,Argentina,NGDPDPC,1994,8378.735,não
ARG,Argentina,NGDPDPC,1995,8295.123,não
ARG,Argentina,NGDPDPC,1996,8645.455,não
ARG,Argentina,NGDPDPC,1997,9196.516,não
ARG,Argentina,NGDPDPC,1998,9283.175,não
ARG,Argentina,NGDPDPC,1999,8709.072,não
ARG,Argentina,NGDPDPC,2000,8638.543,não
ARG,Argentina,NGDPDPC,2001,8085.356,não
ARG,Argentina,NGDPDPC,2002,2997.621,não
ARG,Argentina,NGDPDPC,2003,3761.088,não
ARG,Argentina,NGDPDPC,2004,4314.098,não
ARG,Argentina,NGDPDPC,2005,5163.550,não
ARG,Argentina,NGDPDPC,2006,5976.082,não
ARG,Argentina,NGDPDPC,2007,7315.726,não
ARG,Argentina,NGDPDPC,2008,9146.790,não
ARG,Argentina,NGDPDPC,2009,8337.811,não
ARG,Argentina,NGDPDPC,2010,10412.974,não
ARG,Argentina,NGDPDPC,2011,12787.806,não
ARG,Argentina,NGDPDPC,2012,13889.792,não
ARG,Argentina,NGDPDPC,2013,14488.829,não
ARG,Argentina,NGDPDPC,2014,13208.831,não
ARG,Argentina,NGDPDPC,2015,14895.316,não
ARG,Argentina,NGDPDPC,2016,12772.868,não
ARG,Argentina,NGDPDPC,2017,14618.327,não
ARG,Argentina,NGDPDPC,2018,11786.433,não
ARG,Argentina,NGDPDPC,2019,9941.590,não
ARG,Argentina,NGDPDPC,2020,8489.332,não
ARG,Argentina,NGDPDPC,2021,10610.191,não
ARG,Argentina,NGDPDPC,2022,13702.230,não
ARG,Argentina,NGDPDPC,2023,13908.489,não
ARG,Argentina,NGDPDPC,2024,13538.693,não
ARG,Argentina,NGDPDPC,2025,14354.988,não
ARG,Argentina,NGDPDPC,2026,14356.619,sim
ARG,Argentina,NGDPDPC,2027,14530.185,sim
ARG,Argentina,NGDPDPC,2028,15269.025,sim
ARG,Argentina,NGDPDPC,2029,15990.781,sim
ARG,Argentina,NGDPDPC,2030,16700.625,sim
ARG,Argentina,NGDPDPC,2031,17423.590,sim
CHL,Chile,NGDPDPC,1980,2598.159,não
CHL,Chile,NGDPDPC,1981,3025.972,não
CHL,Chile,NGDPDPC,1982,2219.964,não
CHL,Chile,NGDPDPC,1983,1774.676,não
CHL,Chile,NGDPDPC,1984,1698.949,não
CHL,Chile,NGDPDPC,1985,1434.434,não
CHL,Chile,NGDPDPC,1986,1515.068,não
CHL,Chile,NGDPDPC,1987,1756.210,não
CHL,Chile,NGDPDPC,1988,2035.335,não
CHL,Chile,NGDPDPC,1989,2305.635,não
CHL,Chile,NGDPDPC,1990,2521.569,não
CHL,Chile,NGDPDPC,1991,2849.743,não
CHL,Chile,NGDPDPC,1992,3383.780,não
CHL,Chile,NGDPDPC,1993,3563.323,não
CHL,Chile,NGDPDPC,1994,4048.671,não
CHL,Chile,NGDPDPC,1995,5142.153,não
CHL,Chile,NGDPDPC,1996,5376.778,não
CHL,Chile,NGDPDPC,1997,5788.713,não
CHL,Chile,NGDPDPC,1998,5465.792,não
CHL,Chile,NGDPDPC,1999,4978.070,não
CHL,Chile,NGDPDPC,2000,5092.521,não
CHL,Chile,NGDPDPC,2001,4601.085,não
CHL,Chile,NGDPDPC,2002,4472.867,não
CHL,Chile,NGDPDPC,2003,4817.240,não
CHL,Chile,NGDPDPC,2004,6176.397,não
CHL,Chile,NGDPDPC,2005,7551.076,não
CHL,Chile,NGDPDPC,2006,9405.301,não
CHL,Chile,NGDPDPC,2007,10447.793,não
CHL,Chile,NGDPDPC,2008,10769.752,não
CHL,Chile,NGDPDPC,2009,10192.185,não
CHL,Chile,NGDPDPC,2010,12748.117,não
CHL,Chile,NGDPDPC,2011,14602.219,não
CHL,Chile,NGDPDPC,2012,15371.433,não
CHL,Chile,NGDPDPC,2013,15787.358,não
CHL,Chile,NGDPDPC,2014,14614.282,não
CHL,Chile,NGDPDPC,2015,13506.926,não
CHL,Chile,NGDPDPC,2016,13704.911,não
CHL,Chile,NGDPDPC,2017,14970.174,não
CHL,Chile,NGDPDPC,2018,15752.408,não
CHL,Chile,NGDPDPC,2019,14602.920,não
CHL,Chile,NGDPDPC,2020,13207.850,não
CHL,Chile,NGDPDPC,2021,16265.341,não
CHL,Chile,NGDPDPC,2022,15385.381,não
CHL,Chile,NGDPDPC,2023,16988.274,não
CHL,Chile,NGDPDPC,2024,16589.838,não
CHL,Chile,NGDPDPC,2025,17734.761,não
CHL,Chile,NGDPDPC,2026,20239.757,sim
CHL,Chile,NGDPDPC,2027,21431.649,sim
CHL,Chile,NGDPDPC,2028,22368.322,sim
CHL,Chile,NGDPDPC,2029,23290.432,sim
CHL,Chile,NGDPDPC,2030,24244.375,sim
CHL,Chile,NGDPDPC,2031,25263.894,sim
COL,Colômbia,NGDPDPC,1980,1682.422,não
COL,Colômbia,NGDPDPC,1981,1792.979,não
COL,Colômbia,NGDPDPC,1982,1878.855,não
COL,Colômbia,NGDPDPC,1983,1827.900,não
COL,Colômbia,NGDPDPC,1984,1767.888,não
COL,Colômbia,NGDPDPC,1985,1623.653,não
COL,Colômbia,NGDPDPC,1986,1592.843,não
COL,Colômbia,NGDPDPC,1987,1624.050,não
COL,Colômbia,NGDPDPC,1988,1714.905,não
COL,Colômbia,NGDPDPC,1989,1694.086,não
COL,Colômbia,NGDPDPC,1990,1691.101,não
COL,Colômbia,NGDPDPC,1991,1712.342,não
COL,Colômbia,NGDPDPC,1992,1986.537,não
COL,Colômbia,NGDPDPC,1993,2209.196,não
COL,Colômbia,NGDPDPC,1994,2726.809,não
COL,Colômbia,NGDPDPC,1995,3035.304,não
COL,Colômbia,NGDPDPC,1996,3137.059,não
COL,Colômbia,NGDPDPC,1997,3399.320,não
COL,Colômbia,NGDPDPC,1998,3090.894,não
COL,Colômbia,NGDPDPC,1999,2673.657,não
COL,Colômbia,NGDPDPC,2000,2535.469,não
COL,Colômbia,NGDPDPC,2001,2461.321,não
COL,Colômbia,NGDPDPC,2002,2424.342,não
COL,Colômbia,NGDPDPC,2003,2313.528,não
COL,Colômbia,NGDPDPC,2004,2827.165,não
COL,Colômbia,NGDPDPC,2005,3493.965,não
COL,Colômbia,NGDPDPC,2006,3836.683,não
COL,Colômbia,NGDPDPC,2007,4834.374,não
COL,Colômbia,NGDPDPC,2008,5622.100,não
COL,Colômbia,NGDPDPC,2009,5330.750,não
COL,Colômbia,NGDPDPC,2010,6498.640,não
COL,Colômbia,NGDPDPC,2011,7518.387,não
COL,Colômbia,NGDPDPC,2012,8237.227,não
COL,Colômbia,NGDPDPC,2013,8409.677,não
COL,Colômbia,NGDPDPC,2014,8312.058,não
COL,Colômbia,NGDPDPC,2015,6337.016,não
COL,Colômbia,NGDPDPC,2016,6037.155,não
COL,Colômbia,NGDPDPC,2017,6577.315,não
COL,Colômbia,NGDPDPC,2018,6923.711,não
COL,Colômbia,NGDPDPC,2019,6540.105,não
COL,Colômbia,NGDPDPC,2020,5363.203,não
COL,Colômbia,NGDPDPC,2021,6231.291,não
COL,Colômbia,NGDPDPC,2022,6687.547,não
COL,Colômbia,NGDPDPC,2023,7026.609,não
COL,Colômbia,NGDPDPC,2024,7979.809,não
COL,Colômbia,NGDPDPC,2025,8622.574,não
COL,Colômbia,NGDPDPC,2026,10103.714,sim
COL,Colômbia,NGDPDPC,2027,10321.373,sim
COL,Colômbia,NGDPDPC,2028,10707.822,sim
COL,Colômbia,NGDPDPC,2029,11137.187,sim
COL,Colômbia,NGDPDPC,2030,11594.972,sim
COL,Colômbia,NGDPDPC,2031,12076.063,sim
MEX,México,NGDPDPC,1980,3557.305,não
MEX,México,NGDPDPC,1981,4461.156,não
MEX,México,NGDPDPC,1982,3162.500,não
MEX,México,NGDPDPC,1983,2519.488,não
MEX,México,NGDPDPC,1984,2904.686,não
MEX,México,NGDPDPC,1985,3015.010,não
MEX,México,NGDPDPC,1986,2043.270,não
MEX,México,NGDPDPC,1987,2194.692,não
MEX,México,NGDPDPC,1988,2631.484,não
MEX,México,NGDPDPC,1989,3144.690,não
MEX,México,NGDPDPC,1990,3640.260,não
MEX,México,NGDPDPC,1991,4281.697,não
MEX,México,NGDPDPC,1992,4873.452,não
MEX,México,NGDPDPC,1993,5933.292,não
MEX,México,NGDPDPC,1994,6086.828,não
MEX,México,NGDPDPC,1995,4109.778,não
MEX,México,NGDPDPC,1996,4597.153,não
MEX,México,NGDPDPC,1997,5484.708,não
MEX,México,NGDPDPC,1998,5759.186,não
MEX,México,NGDPDPC,1999,6435.620,não
MEX,México,NGDPDPC,2000,7467.739,não
MEX,México,NGDPDPC,2001,7902.129,não
MEX,México,NGDPDPC,2002,7934.694,não
MEX,México,NGDPDPC,2003,7390.343,não
MEX,México,NGDPDPC,2004,7806.561,não
MEX,México,NGDPDPC,2005,8626.151,não
MEX,México,NGDPDPC,2006,9456.912,não
MEX,México,NGDPDPC,2007,10063.621,não
MEX,México,NGDPDPC,2008,10438.499,não
MEX,México,NGDPDPC,2009,8346.772,não
MEX,México,NGDPDPC,2010,9632.818,não
MEX,México,NGDPDPC,2011,10554.350,não
MEX,México,NGDPDPC,2012,10631.077,não
MEX,México,NGDPDPC,2013,11099.184,não
MEX,México,NGDPDPC,2014,11272.395,não
MEX,México,NGDPDPC,2015,9915.089,não
MEX,México,NGDPDPC,2016,8999.570,não
MEX,México,NGDPDPC,2017,9542.783,não
MEX,México,NGDPDPC,2018,9970.967,não
MEX,México,NGDPDPC,2019,10251.145,não
MEX,México,NGDPDPC,2020,8744.029,não
MEX,México,NGDPDPC,2021,10207.315,não
MEX,México,NGDPDPC,2022,11287.534,não
MEX,México,NGDPDPC,2023,13683.652,não
MEX,México,NGDPDPC,2024,13838.574,não
MEX,México,NGDPDPC,2025,13741.296,não
MEX,México,NGDPDPC,2026,15779.319,sim
MEX,México,NGDPDPC,2027,16411.669,sim
MEX,México,NGDPDPC,2028,17070.678,sim
MEX,México,NGDPDPC,2029,17753.135,sim
MEX,México,NGDPDPC,2030,18463.785,sim
MEX,México,NGDPDPC,2031,19212.670,sim
PER,Peru,NGDPDPC,1980,1150.686,não
PER,Peru,NGDPDPC,1981,1356.398,não
PER,Peru,NGDPDPC,1982,1316.278,não
PER,Peru,NGDPDPC,1983,999.442,não
PER,Peru,NGDPDPC,1984,1006.416,não
PER,Peru,NGDPDPC,1985,851.139,não
PER,Peru,NGDPDPC,1986,1248.386,não
PER,Peru,NGDPDPC,1987,2015.875,não
PER,Peru,NGDPDPC,1988,1560.368,não
PER,Peru,NGDPDPC,1989,1885.285,não
PER,Peru,NGDPDPC,1990,1285.664,não
PER,Peru,NGDPDPC,1991,1511.937,não
PER,Peru,NGDPDPC,1992,1527.927,não
PER,Peru,NGDPDPC,1993,1456.493,não
PER,Peru,NGDPDPC,1994,1815.393,não
PER,Peru,NGDPDPC,1995,2118.751,não
PER,Peru,NGDPDPC,1996,2157.256,não
PER,Peru,NGDPDPC,1997,2230.091,não
PER,Peru,NGDPDPC,1998,2091.687,não
PER,Peru,NGDPDPC,1999,1862.854,não
PER,Peru,NGDPDPC,2000,1907.987,não
PER,Peru,NGDPDPC,2001,1911.026,não
PER,Peru,NGDPDPC,2002,1997.132,não
PER,Peru,NGDPDPC,2003,2149.254,não
PER,Peru,NGDPDPC,2004,2408.499,não
PER,Peru,NGDPDPC,2005,2671.322,não
PER,Peru,NGDPDPC,2006,3138.259,não
PER,Peru,NGDPDPC,2007,3638.948,não
PER,Peru,NGDPDPC,2008,4248.777,não
PER,Peru,NGDPDPC,2009,4297.950,não
PER,Peru,NGDPDPC,2010,5202.194,não
PER,Peru,NGDPDPC,2011,5907.881,não
PER,Peru,NGDPDPC,2012,6638.546,não
PER,Peru,NGDPDPC,2013,6869.825,não
PER,Peru,NGDPDPC,2014,6877.058,não
PER,Peru,NGDPDPC,2015,6452.556,não
PER,Peru,NGDPDPC,2016,6535.112,não
PER,Peru,NGDPDPC,2017,7105.650,não
PER,Peru,NGDPDPC,2018,7272.990,não
PER,Peru,NGDPDPC,2019,7353.109,não
PER,Peru,NGDPDPC,2020,6407.682,não
PER,Peru,NGDPDPC,2021,6923.086,não
PER,Peru,NGDPDPC,2022,7431.168,não
PER,Peru,NGDPDPC,2023,8086.186,não
PER,Peru,NGDPDPC,2024,8665.536,não
PER,Peru,NGDPDPC,2025,9910.942,não
PER,Peru,NGDPDPC,2026,10960.182,sim
PER,Peru,NGDPDPC,2027,11007.658,sim
PER,Peru,NGDPDPC,2028,11359.712,sim
PER,Peru,NGDPDPC,2029,11699.452,sim
PER,Peru,NGDPDPC,2030,12086.516,sim
PER,Peru,NGDPDPC,2031,12550.420,sim
USA,Estados Unidos,NGDPDPC,1980,12552.943,não
USA,Estados Unidos,NGDPDPC,1981,13948.701,não
USA,Estados Unidos,NGDPDPC,1982,14404.994,não
USA,Estados Unidos,NGDPDPC,1983,15513.679,não
USA,Estados Unidos,NGDPDPC,1984,17086.441,não
USA,Estados Unidos,NGDPDPC,1985,18199.320,não
USA,Estados Unidos,NGDPDPC,1986,19034.766,não
USA,Estados Unidos,NGDPDPC,1987,20000.968,não
USA,Estados Unidos,NGDPDPC,1988,21375.999,não
USA,Estados Unidos,NGDPDPC,1989,22814.077,não
USA,Estados Unidos,NGDPDPC,1990,23847.977,não
USA,Estados Unidos,NGDPDPC,1991,24302.776,não
USA,Estados Unidos,NGDPDPC,1992,25392.931,não
USA,Estados Unidos,NGDPDPC,1993,26364.192,não
USA,Estados Unidos,NGDPDPC,1994,27674.021,não
USA,Estados Unidos,NGDPDPC,1995,28671.480,não
USA,Estados Unidos,NGDPDPC,1996,29946.973,não
USA,Estados Unidos,NGDPDPC,1997,31440.087,não
USA,Estados Unidos,NGDPDPC,1998,32833.666,não
USA,Estados Unidos,NGDPDPC,1999,34496.241,não
USA,Estados Unidos,NGDPDPC,2000,36312.782,não
USA,Estados Unidos,NGDPDPC,2001,37101.453,não
USA,Estados Unidos,NGDPDPC,2002,37945.761,não
USA,Estados Unidos,NGDPDPC,2003,39405.354,não
USA,Estados Unidos,NGDPDPC,2004,41641.617,não
USA,Estados Unidos,NGDPDPC,2005,44034.256,não
USA,Estados Unidos,NGDPDPC,2006,46216.853,não
USA,Estados Unidos,NGDPDPC,2007,47943.353,não
USA,Estados Unidos,NGDPDPC,2008,48470.553,não
USA,Estados Unidos,NGDPDPC,2009,47102.428,não
USA,Estados Unidos,NGDPDPC,2010,48586.288,não
USA,Estados Unidos,NGDPDPC,2011,50008.108,não
USA,Estados Unidos,NGDPDPC,2012,51736.738,não
USA,Estados Unidos,NGDPDPC,2013,53363.904,não
USA,Estados Unidos,NGDPDPC,2014,55263.817,não
USA,Estados Unidos,NGDPDPC,2015,57006.926,não
USA,Estados Unidos,NGDPDPC,2016,58179.697,não
USA,Estados Unidos,NGDPDPC,2017,60292.978,não
USA,Estados Unidos,NGDPDPC,2018,63165.278,não
USA,Estados Unidos,NGDPDPC,2019,65561.320,não
USA,Estados Unidos,NGDPDPC,2020,64517.998,não
USA,Estados Unidos,NGDPDPC,2021,71365.730,não
USA,Estados Unidos,NGDPDPC,2022,77948.992,não
USA,Estados Unidos,NGDPDPC,2023,82536.095,não
USA,Estados Unidos,NGDPDPC,2024,86173.365,não
USA,Estados Unidos,NGDPDPC,2025,89991.152,não
USA,Estados Unidos,NGDPDPC,2026,94429.753,sim
USA,Estados Unidos,NGDPDPC,2027,98277.579,sim
USA,Estados Unidos,NGDPDPC,2028,101714.787,sim
USA,Estados Unidos,NGDPDPC,2029,105171.151,sim
USA,Estados Unidos,NGDPDPC,2030,108659.462,sim
USA,Estados Unidos,NGDPDPC,2031,112241.909,sim
CHN,China,NGDPDPC,1980,307.533,não
CHN,China,NGDPDPC,1981,289.007,não
CHN,China,NGDPDPC,1982,280.500,não
CHN,China,NGDPDPC,1983,297.077,não
CHN,China,NGDPDPC,1984,301.687,não
CHN,China,NGDPDPC,1985,293.534,não
CHN,China,NGDPDPC,1986,280.420,não
CHN,China,NGDPDPC,1987,300.370,não
CHN,China,NGDPDPC,1988,368.709,não
CHN,China,NGDPDPC,1989,407.249,não
CHN,China,NGDPDPC,1990,347.545,não
CHN,China,NGDPDPC,1991,359.122,não
CHN,China,NGDPDPC,1992,422.899,não
CHN,China,NGDPDPC,1993,524.750,não
CHN,China,NGDPDPC,1994,472.576,não
CHN,China,NGDPDPC,1995,609.220,não
CHN,China,NGDPDPC,1996,709.842,não
CHN,China,NGDPDPC,1997,782.918,não
CHN,China,NGDPDPC,1998,829.999,não
CHN,China,NGDPDPC,1999,875.390,não
CHN,China,NGDPDPC,2000,962.851,não
CHN,China,NGDPDPC,2001,1058.863,não
CHN,China,NGDPDPC,2002,1157.332,não
CHN,China,NGDPDPC,2003,1300.759,não
CHN,China,NGDPDPC,2004,1522.439,não
CHN,China,NGDPDPC,2005,1779.327,não
CHN,China,NGDPDPC,2006,2129.192,não
CHN,China,NGDPDPC,2007,2734.911,não
CHN,China,NGDPDPC,2008,3505.657,não
CHN,China,NGDPDPC,2009,3878.980,não
CHN,China,NGDPDPC,2010,4578.143,não
CHN,China,NGDPDPC,2011,5654.172,não
CHN,China,NGDPDPC,2012,6387.880,não
CHN,China,NGDPDPC,2013,7158.485,não
CHN,China,NGDPDPC,2014,7775.350,não
CHN,China,NGDPDPC,2015,8173.185,não
CHN,China,NGDPDPC,2016,8225.121,não
CHN,China,NGDPDPC,2017,8939.406,não
CHN,China,NGDPDPC,2018,10038.300,não
CHN,China,NGDPDPC,2019,10349.377,não
CHN,China,NGDPDPC,2020,10700.359,não
CHN,China,NGDPDPC,2021,12872.366,não
CHN,China,NGDPDPC,2022,12989.394,não
CHN,China,NGDPDPC,2023,13029.245,não
CHN,China,NGDPDPC,2024,13452.660,não
CHN,China,NGDPDPC,2025,13968.065,não
CHN,China,NGDPDPC,2026,14873.569,sim
CHN,China,NGDPDPC,2027,15677.967,sim
CHN,China,NGDPDPC,2028,16671.437,sim
CHN,China,NGDPDPC,2029,17725.491,sim
CHN,China,NGDPDPC,2030,18775.478,sim
CHN,China,NGDPDPC,2031,19883.249,sim
IND,Índia,NGDPDPC,1980,270.850,não
IND,Índia,NGDPDPC,1981,274.483,não
IND,Índia,NGDPDPC,1982,277.705,não
IND,Índia,NGDPDPC,1983,295.940,não
IND,Índia,NGDPDPC,1984,280.633,não
IND,Índia,NGDPDPC,1985,302.233,não
IND,Índia,NGDPDPC,1986,314.154,não
IND,Índia,NGDPDPC,1987,344.731,não
IND,Índia,NGDPDPC,1988,355.933,não
IND,Índia,NGDPDPC,1989,349.917,não
IND,Índia,NGDPDPC,1990,371.086,não
IND,Índia,NGDPDPC,1991,305.574,não
IND,Índia,NGDPDPC,1992,319.184,não
IND,Índia,NGDPDPC,1993,302.884,não
IND,Índia,NGDPDPC,1994,347.734,não
IND,Índia,NGDPDPC,1995,375.175,não
IND,Índia,NGDPDPC,1996,401.052,não
IND,Índia,NGDPDPC,1997,416.255,não
IND,Índia,NGDPDPC,1998,413.657,não
IND,Índia,NGDPDPC,1999,441.928,não
IND,Índia,NGDPDPC,2000,442.751,não
IND,Índia,NGDPDPC,2001,450.357,não
IND,Índia,NGDPDPC,2002,469.149,não
IND,Índia,NGDPDPC,2003,544.143,não
IND,Índia,NGDPDPC,2004,624.258,não
IND,Índia,NGDPDPC,2005,710.489,não
IND,Índia,NGDPDPC,2006,801.669,não
IND,Índia,NGDPDPC,2007,1021.887,não
IND,Índia,NGDPDPC,2008,992.519,não
IND,Índia,NGDPDPC,2009,1094.950,não
IND,Índia,NGDPDPC,2010,1347.519,não
IND,Índia,NGDPDPC,2011,1445.461,não
IND,Índia,NGDPDPC,2012,1425.587,não
IND,Índia,NGDPDPC,2013,1425.357,não
IND,Índia,NGDPDPC,2014,1541.704,não
IND,Índia,NGDPDPC,2015,1567.444,não
IND,Índia,NGDPDPC,2016,1685.202,não
IND,Índia,NGDPDPC,2017,1919.534,não
IND,Índia,NGDPDPC,2018,1930.293,não
IND,Índia,NGDPDPC,2019,1998.758,não
IND,Índia,NGDPDPC,2020,1862.198,não
IND,Índia,NGDPDPC,2021,2181.098,não
IND,Índia,NGDPDPC,2022,2279.982,não
IND,Índia,NGDPDPC,2023,2434.448,não
IND,Índia,NGDPDPC,2024,2591.992,não
IND,Índia,NGDPDPC,2025,2675.322,não
IND,Índia,NGDPDPC,2026,2812.623,sim
IND,Índia,NGDPDPC,2027,3074.934,sim
IND,Índia,NGDPDPC,2028,3369.284,sim
IND,Índia,NGDPDPC,2029,3699.844,sim
IND,Índia,NGDPDPC,2030,4047.753,sim
IND,Índia,NGDPDPC,2031,4420.601,sim
KOR,Coreia do Sul,NGDPDPC,1980,1744.756,não
KOR,Coreia do Sul,NGDPDPC,1981,1918.418,não
KOR,Coreia do Sul,NGDPDPC,1982,2032.027,não
KOR,Coreia do Sul,NGDPDPC,1983,2245.560,não
KOR,Coreia do Sul,NGDPDPC,1984,2468.702,não
KOR,Coreia do Sul,NGDPDPC,1985,2542.884,não
KOR,Coreia do Sul,NGDPDPC,1986,2910.824,não
KOR,Coreia do Sul,NGDPDPC,1987,3657.733,não
KOR,Coreia do Sul,NGDPDPC,1988,4888.718,não
KOR,Coreia do Sul,NGDPDPC,1989,5989.211,não
KOR,Coreia do Sul,NGDPDPC,1990,6812.886,não
KOR,Coreia do Sul,NGDPDPC,1991,7872.910,não
KOR,Coreia do Sul,NGDPDPC,1992,8386.948,não
KOR,Coreia do Sul,NGDPDPC,1993,9181.481,não
KOR,Coreia do Sul,NGDPDPC,1994,10729.637,não
KOR,Coreia do Sul,NGDPDPC,1995,13002.046,não
KOR,Coreia do Sul,NGDPDPC,1996,13864.865,não
KOR,Coreia do Sul,NGDPDPC,1997,12840.576,não
KOR,Coreia do Sul,NGDPDPC,1998,8572.751,não
KOR,Coreia do Sul,NGDPDPC,1999,11056.713,não
KOR,Coreia do Sul,NGDPDPC,2000,12716.990,não
KOR,Coreia do Sul,NGDPDPC,2001,11983.382,não
KOR,Coreia do Sul,NGDPDPC,2002,13637.337,não
KOR,Coreia do Sul,NGDPDPC,2003,15211.145,não
KOR,Coreia do Sul,NGDPDPC,2004,17107.739,não
KOR,Coreia do Sul,NGDPDPC,2005,20162.881,não
KOR,Coreia do Sul,NGDPDPC,2006,22596.681,não
KOR,Coreia do Sul,NGDPDPC,2007,25075.287,não
KOR,Coreia do Sul,NGDPDPC,2008,22291.166,não
KOR,Coreia do Sul,NGDPDPC,2009,19933.009,não
KOR,Coreia do Sul,NGDPDPC,2010,24069.073,não
KOR,Coreia do Sul,NGDPDPC,2011,26177.945,não
KOR,Coreia do Sul,NGDPDPC,2012,26600.549,não
KOR,Coreia do Sul,NGDPDPC,2013,28449.357,não
KOR,Coreia do Sul,NGDPDPC,2014,30667.091,não
KOR,Coreia do Sul,NGDPDPC,2015,30171.791,não
KOR,Coreia do Sul,NGDPDPC,2016,30825.524,não
KOR,Coreia do Sul,NGDPDPC,2017,33296.984,não
KOR,Coreia do Sul,NGDPDPC,2018,35363.952,não
KOR,Coreia do Sul,NGDPDPC,2019,33826.944,não
KOR,Coreia do Sul,NGDPDPC,2020,33653.202,não
KOR,Coreia do Sul,NGDPDPC,2021,37518.465,não
KOR,Coreia do Sul,NGDPDPC,2022,34822.406,não
KOR,Coreia do Sul,NGDPDPC,2023,35674.095,não
KOR,Coreia do Sul,NGDPDPC,2024,36238.640,não
KOR,Coreia do Sul,NGDPDPC,2025,36226.965,não
KOR,Coreia do Sul,NGDPDPC,2026,37412.075,sim
KOR,Coreia do Sul,NGDPDPC,2027,39011.816,sim
KOR,Coreia do Sul,NGDPDPC,2028,40694.633,sim
KOR,Coreia do Sul,NGDPDPC,2029,42453.457,sim
KOR,Coreia do Sul,NGDPDPC,2030,44177.222,sim
KOR,Coreia do Sul,NGDPDPC,2031,46019.171,sim
ZAF,África do Sul,NGDPDPC,1980,3074.684,não
ZAF,África do Sul,NGDPDPC,1981,3122.686,não
ZAF,África do Sul,NGDPDPC,1982,2806.158,não
ZAF,África do Sul,NGDPDPC,1983,3062.892,não
ZAF,África do Sul,NGDPDPC,1984,2633.905,não
ZAF,África do Sul,NGDPDPC,1985,1955.165,não
ZAF,África do Sul,NGDPDPC,1986,2176.064,não
ZAF,África do Sul,NGDPDPC,1987,2801.310,não
ZAF,África do Sul,NGDPDPC,1988,2954.825,não
ZAF,África do Sul,NGDPDPC,1989,3004.440,não
ZAF,África do Sul,NGDPDPC,1990,3425.585,não
ZAF,África do Sul,NGDPDPC,1991,3587.879,não
ZAF,África do Sul,NGDPDPC,1992,3802.578,não
ZAF,África do Sul,NGDPDPC,1993,3716.193,não
ZAF,África do Sul,NGDPDPC,1994,3786.210,não
ZAF,África do Sul,NGDPDPC,1995,4145.210,não
ZAF,África do Sul,NGDPDPC,1996,3869.700,não
ZAF,África do Sul,NGDPDPC,1997,3937.658,não
ZAF,África do Sul,NGDPDPC,1998,3508.140,não
ZAF,África do Sul,NGDPDPC,1999,3423.595,não
ZAF,África do Sul,NGDPDPC,2000,3382.066,não
ZAF,África do Sul,NGDPDPC,2001,2964.029,não
ZAF,África do Sul,NGDPDPC,2002,2778.115,não
ZAF,África do Sul,NGDPDPC,2003,4191.400,não
ZAF,África do Sul,NGDPDPC,2004,5392.861,não
ZAF,África do Sul,NGDPDPC,2005,6007.979,não
ZAF,África do Sul,NGDPDPC,2006,6250.883,não
ZAF,África do Sul,NGDPDPC,2007,6737.429,não
ZAF,África do Sul,NGDPDPC,2008,6321.162,não
ZAF,África do Sul,NGDPDPC,2009,6521.544,não
ZAF,África do Sul,NGDPDPC,2010,8101.967,não
ZAF,África do Sul,NGDPDPC,2011,8773.175,não
ZAF,África do Sul,NGDPDPC,2012,8176.848,não
ZAF,África do Sul,NGDPDPC,2013,7429.047,não
ZAF,África do Sul,NGDPDPC,2014,6951.426,não
ZAF,África do Sul,NGDPDPC,2015,6227.172,não
ZAF,África do Sul,NGDPDPC,2016,5732.033,não
ZAF,África do Sul,NGDPDPC,2017,6665.131,não
ZAF,África do Sul,NGDPDPC,2018,6979.677,não
ZAF,África do Sul,NGDPDPC,2019,6609.723,não
ZAF,África do Sul,NGDPDPC,2020,5660.106,não
ZAF,África do Sul,NGDPDPC,2021,6970.691,não
ZAF,África do Sul,NGDPDPC,2022,6693.779,não
ZAF,África do Sul,NGDPDPC,2023,6192.660,não
ZAF,África do Sul,NGDPDPC,2024,6434.850,não
ZAF,África do Sul,NGDPDPC,2025,6769.156,não
ZAF,África do Sul,NGDPDPC,2026,7502.970,sim
ZAF,África do Sul,NGDPDPC,2027,7623.795,sim
ZAF,África do Sul,NGDPDPC,2028,7803.973,sim
ZAF,África do Sul,NGDPDPC,2029,8001.807,sim
ZAF,África do Sul,NGDPDPC,2030,8217.982,sim
ZAF,África do Sul,NGDPDPC,2031,8437.791,sim
RUS,Rússia,NGDPDPC,1992,480.829,não
RUS,Rússia,NGDPDPC,1993,1324.643,não
RUS,Rússia,NGDPDPC,1994,1982.233,não
RUS,Rússia,NGDPDPC,1995,2264.307,não
RUS,Rússia,NGDPDPC,1996,2786.823,não
RUS,Rússia,NGDPDPC,1997,2933.328,não
RUS,Rússia,NGDPDPC,1998,1948.527,não
RUS,Rússia,NGDPDPC,1999,1423.895,não
RUS,Rússia,NGDPDPC,2000,1896.592,não
RUS,Rússia,NGDPDPC,2001,2248.025,não
RUS,Rússia,NGDPDPC,2002,2535.724,não
RUS,Rússia,NGDPDPC,2003,3165.547,não
RUS,Rússia,NGDPDPC,2004,4362.128,não
RUS,Rússia,NGDPDPC,2005,5655.110,não
RUS,Rússia,NGDPDPC,2006,7362.107,não
RUS,Rússia,NGDPDPC,2007,9685.931,não
RUS,Rússia,NGDPDPC,2008,12371.087,não
RUS,Rússia,NGDPDPC,2009,9091.086,não
RUS,Rússia,NGDPDPC,2010,11346.212,não
RUS,Rússia,NGDPDPC,2011,14208.329,não
RUS,Rússia,NGDPDPC,2012,15187.957,não
RUS,Rússia,NGDPDPC,2013,15825.474,não
RUS,Rússia,NGDPDPC,2014,14137.163,não
RUS,Rússia,NGDPDPC,2015,9336.767,não
RUS,Rússia,NGDPDPC,2016,8784.877,não
RUS,Rússia,NGDPDPC,2017,10774.842,não
RUS,Rússia,NGDPDPC,2018,11288.694,não
RUS,Rússia,NGDPDPC,2019,11572.297,não
RUS,Rússia,NGDPDPC,2020,10166.732,não
RUS,Rússia,NGDPDPC,2021,12540.967,não
RUS,Rússia,NGDPDPC,2022,15774.227,não
RUS,Rússia,NGDPDPC,2023,13989.783,não
RUS,Rússia,NGDPDPC,2024,15093.504,não
RUS,Rússia,NGDPDPC,2025,17972.117,não
RUS,Rússia,NGDPDPC,2026,18525.487,sim
RUS,Rússia,NGDPDPC,2027,17710.859,sim
RUS,Rússia,NGDPDPC,2028,17884.541,sim
RUS,Rússia,NGDPDPC,2029,18053.484,sim
RUS,Rússia,NGDPDPC,2030,18264.263,sim
RUS,Rússia,NGDPDPC,2031,18483.966,sim
TUR,Turquia,NGDPDPC,1980,2149.702,não
TUR,Turquia,NGDPDPC,1981,2128.930,não
TUR,Turquia,NGDPDPC,1982,1890.724,não
TUR,Turquia,NGDPDPC,1983,1766.494,não
TUR,Turquia,NGDPDPC,1984,1680.988,não
TUR,Turquia,NGDPDPC,1985,1848.957,não
TUR,Turquia,NGDPDPC,1986,1997.936,não
TUR,Turquia,NGDPDPC,1987,2277.630,não
TUR,Turquia,NGDPDPC,1988,2350.740,não
TUR,Turquia,NGDPDPC,1989,2728.223,não
TUR,Turquia,NGDPDPC,1990,3766.222,não
TUR,Turquia,NGDPDPC,1991,3719.080,não
TUR,Turquia,NGDPDPC,1992,3847.435,não
TUR,Turquia,NGDPDPC,1993,4293.634,não
TUR,Turquia,NGDPDPC,1994,3049.437,não
TUR,Turquia,NGDPDPC,1995,3909.992,não
TUR,Turquia,NGDPDPC,1996,4129.999,não
TUR,Turquia,NGDPDPC,1997,4253.615,não
TUR,Turquia,NGDPDPC,1998,4445.653,não
TUR,Turquia,NGDPDPC,1999,4013.312,não
TUR,Turquia,NGDPDPC,2000,4256.640,não
TUR,Turquia,NGDPDPC,2001,3115.140,não
TUR,Turquia,NGDPDPC,2002,3616.114,não
TUR,Turquia,NGDPDPC,2003,4750.989,não
TUR,Turquia,NGDPDPC,2004,6040.164,não
TUR,Turquia,NGDPDPC,2005,7405.476,não
TUR,Turquia,NGDPDPC,2006,8007.819,não
TUR,Turquia,NGDPDPC,2007,9790.887,não
TUR,Turquia,NGDPDPC,2008,11089.025,não
TUR,Turquia,NGDPDPC,2009,9108.034,não
TUR,Turquia,NGDPDPC,2010,10705.548,não
TUR,Turquia,NGDPDPC,2011,11361.902,não
TUR,Turquia,NGDPDPC,2012,11738.279,não
TUR,Turquia,NGDPDPC,2013,12639.299,não
TUR,Turquia,NGDPDPC,2014,12222.238,não
TUR,Turquia,NGDPDPC,2015,11099.800,não
TUR,Turquia,NGDPDPC,2016,10978.312,não
TUR,Turquia,NGDPDPC,2017,10756.742,não
TUR,Turquia,NGDPDPC,2018,9917.054,não
TUR,Turquia,NGDPDPC,2019,9387.652,não
TUR,Turquia,NGDPDPC,2020,8758.704,não
TUR,Turquia,NGDPDPC,2021,9836.039,não
TUR,Turquia,NGDPDPC,2022,10881.992,não
TUR,Turquia,NGDPDPC,2023,13516.335,não
TUR,Turquia,NGDPDPC,2024,15882.632,não
TUR,Turquia,NGDPDPC,2025,18611.136,não
TUR,Turquia,NGDPDPC,2026,19018.179,sim
TUR,Turquia,NGDPDPC,2027,18805.324,sim
TUR,Turquia,NGDPDPC,2028,20007.395,sim
TUR,Turquia,NGDPDPC,2029,21078.126,sim
TUR,Turquia,NGDPDPC,2030,22025.143,sim
TUR,Turquia,NGDPDPC,2031,22954.739,sim
IDN,Indonésia,NGDPDPC,1980,673.239,não
IDN,Indonésia,NGDPDPC,1981,736.992,não
IDN,Indonésia,NGDPDPC,1982,741.946,não
IDN,Indonésia,NGDPDPC,1983,659.474,não
IDN,Indonésia,NGDPDPC,1984,672.201,não
IDN,Indonésia,NGDPDPC,1985,658.217,não
IDN,Indonésia,NGDPDPC,1986,610.234,não
IDN,Indonésia,NGDPDPC,1987,562.902,não
IDN,Indonésia,NGDPDPC,1988,621.934,não
IDN,Indonésia,NGDPDPC,1989,696.874,não
IDN,Indonésia,NGDPDPC,1990,770.757,não
IDN,Indonésia,NGDPDPC,1991,847.573,não
IDN,Indonésia,NGDPDPC,1992,907.767,não
IDN,Indonésia,NGDPDPC,1993,1013.057,não
IDN,Indonésia,NGDPDPC,1994,1115.613,não
IDN,Indonésia,NGDPDPC,1995,1254.023,não
IDN,Indonésia,NGDPDPC,1996,1394.497,não
IDN,Indonésia,NGDPDPC,1997,1308.114,não
IDN,Indonésia,NGDPDPC,1998,572.090,não
IDN,Indonésia,NGDPDPC,1999,829.574,não
IDN,Indonésia,NGDPDPC,2000,870.154,não
IDN,Indonésia,NGDPDPC,2001,834.139,não
IDN,Indonésia,NGDPDPC,2002,1002.907,não
IDN,Indonésia,NGDPDPC,2003,1186.465,não
IDN,Indonésia,NGDPDPC,2004,1279.721,não
IDN,Indonésia,NGDPDPC,2005,1404.348,não
IDN,Indonésia,NGDPDPC,2006,1765.794,não
IDN,Indonésia,NGDPDPC,2007,2064.003,não
IDN,Indonésia,NGDPDPC,2008,2416.785,não
IDN,Indonésia,NGDPDPC,2009,2469.384,não
IDN,Indonésia,NGDPDPC,2010,3177.453,não
IDN,Indonésia,NGDPDPC,2011,3690.097,não
IDN,Indonésia,NGDPDPC,2012,3739.917,não
IDN,Indonésia,NGDPDPC,2013,3667.435,não
IDN,Indonésia,NGDPDPC,2014,3532.669,não
IDN,Indonésia,NGDPDPC,2015,3373.489,não
IDN,Indonésia,NGDPDPC,2016,3604.990,não
IDN,Indonésia,NGDPDPC,2017,3885.967,não
IDN,Indonésia,NGDPDPC,2018,3945.583,não
IDN,Indonésia,NGDPDPC,2019,4192.768,não
IDN,Indonésia,NGDPDPC,2020,3919.465,não
IDN,Indonésia,NGDPDPC,2021,4351.304,não
IDN,Indonésia,NGDPDPC,2022,4784.207,não
IDN,Indonésia,NGDPDPC,2023,4919.934,não
IDN,Indonésia,NGDPDPC,2024,4958.391,não
IDN,Indonésia,NGDPDPC,2025,5082.438,não
IDN,Indonésia,NGDPDPC,2026,5361.700,sim
IDN,Indonésia,NGDPDPC,2027,5724.751,sim
IDN,Indonésia,NGDPDPC,2028,6120.262,sim
IDN,Indonésia,NGDPDPC,2029,6542.837,sim
IDN,Indonésia,NGDPDPC,2030,6999.650,sim
IDN,Indonésia,NGDPDPC,2031,7491.532,sim
WEOWORLD,Mundo,NGDPDPC,1980,2884.667,não
WEOWORLD,Mundo,NGDPDPC,1981,2901.596,não
WEOWORLD,Mundo,NGDPDPC,1982,2797.522,não
WEOWORLD,Mundo,NGDPDPC,1983,2824.811,não
WEOWORLD,Mundo,NGDPDPC,1984,2875.086,não
WEOWORLD,Mundo,NGDPDPC,1985,2949.701,não
WEOWORLD,Mundo,NGDPDPC,1986,3412.639,não
WEOWORLD,Mundo,NGDPDPC,1987,3862.521,não
WEOWORLD,Mundo,NGDPDPC,1988,4270.447,não
WEOWORLD,Mundo,NGDPDPC,1989,4415.225,não
WEOWORLD,Mundo,NGDPDPC,1990,4767.648,não
WEOWORLD,Mundo,NGDPDPC,1991,4941.237,não
WEOWORLD,Mundo,NGDPDPC,1992,4850.003,não
WEOWORLD,Mundo,NGDPDPC,1993,4910.006,não
WEOWORLD,Mundo,NGDPDPC,1994,5191.612,não
WEOWORLD,Mundo,NGDPDPC,1995,5694.119,não
WEOWORLD,Mundo,NGDPDPC,1996,5768.759,não
WEOWORLD,Mundo,NGDPDPC,1997,5669.181,não
WEOWORLD,Mundo,NGDPDPC,1998,5518.660,não
WEOWORLD,Mundo,NGDPDPC,1999,5625.451,não
WEOWORLD,Mundo,NGDPDPC,2000,5737.845,não
WEOWORLD,Mundo,NGDPDPC,2001,5621.908,não
WEOWORLD,Mundo,NGDPDPC,2002,5706.186,não
WEOWORLD,Mundo,NGDPDPC,2003,6300.402,não
WEOWORLD,Mundo,NGDPDPC,2004,7002.227,não
WEOWORLD,Mundo,NGDPDPC,2005,7494.444,não
WEOWORLD,Mundo,NGDPDPC,2006,8022.183,não
WEOWORLD,Mundo,NGDPDPC,2007,8947.450,não
WEOWORLD,Mundo,NGDPDPC,2008,9705.286,não
WEOWORLD,Mundo,NGDPDPC,2009,9081.703,não
WEOWORLD,Mundo,NGDPDPC,2010,9820.249,não
WEOWORLD,Mundo,NGDPDPC,2011,10800.711,não
WEOWORLD,Mundo,NGDPDPC,2012,10852.381,não
WEOWORLD,Mundo,NGDPDPC,2013,11037.653,não
WEOWORLD,Mundo,NGDPDPC,2014,11187.162,não
WEOWORLD,Mundo,NGDPDPC,2015,10433.009,não
WEOWORLD,Mundo,NGDPDPC,2016,10476.311,não
WEOWORLD,Mundo,NGDPDPC,2017,11011.149,não
WEOWORLD,Mundo,NGDPDPC,2018,11571.198,não
WEOWORLD,Mundo,NGDPDPC,2019,11621.405,não
WEOWORLD,Mundo,NGDPDPC,2020,11213.338,não
WEOWORLD,Mundo,NGDPDPC,2021,12700.995,não
WEOWORLD,Mundo,NGDPDPC,2022,13139.423,não
WEOWORLD,Mundo,NGDPDPC,2023,13596.396,não
WEOWORLD,Mundo,NGDPDPC,2024,14015.091,não
WEOWORLD,Mundo,NGDPDPC,2025,14714.678,não
WEOWORLD,Mundo,NGDPDPC,2026,15679.140,sim
WEOWORLD,Mundo,NGDPDPC,2027,16233.625,sim
WEOWORLD,Mundo,NGDPDPC,2028,16857.206,sim
WEOWORLD,Mundo,NGDPDPC,2029,17508.366,sim
WEOWORLD,Mundo,NGDPDPC,2030,18168.200,sim
WEOWORLD,Mundo,NGDPDPC,2031,18847.588,sim
WE,América Latina e Caribe,NGDPDPC,1980,2554.849,não
WE,América Latina e Caribe,NGDPDPC,1981,2704.092,não
WE,América Latina e Caribe,NGDPDPC,1982,2162.929,não
WE,América Latina e Caribe,NGDPDPC,1983,1921.957,não
WE,América Latina e Caribe,NGDPDPC,1984,1961.594,não
WE,América Latina e Caribe,NGDPDPC,1985,2066.588,não
WE,América Latina e Caribe,NGDPDPC,1986,2000.624,não
WE,América Latina e Caribe,NGDPDPC,1987,2090.032,não
WE,América Latina e Caribe,NGDPDPC,1988,2318.038,não
WE,América Latina e Caribe,NGDPDPC,1989,2556.757,não
WE,América Latina e Caribe,NGDPDPC,1990,2799.124,não
WE,América Latina e Caribe,NGDPDPC,1991,2954.362,não
WE,América Latina e Caribe,NGDPDPC,1992,3180.544,não
WE,América Latina e Caribe,NGDPDPC,1993,3528.546,não
WE,América Latina e Caribe,NGDPDPC,1994,3915.200,não
WE,América Latina e Caribe,NGDPDPC,1995,4122.527,não
WE,América Latina e Caribe,NGDPDPC,1996,4383.391,não
WE,América Latina e Caribe,NGDPDPC,1997,4726.139,não
WE,América Latina e Caribe,NGDPDPC,1998,4700.422,não
WE,América Latina e Caribe,NGDPDPC,1999,4159.924,não
WE,América Latina e Caribe,NGDPDPC,2000,4473.095,não
WE,América Latina e Caribe,NGDPDPC,2001,4310.008,não
WE,América Latina e Caribe,NGDPDPC,2002,3774.967,não
WE,América Latina e Caribe,NGDPDPC,2003,3787.241,não
WE,América Latina e Caribe,NGDPDPC,2004,4284.856,não
WE,América Latina e Caribe,NGDPDPC,2005,5135.527,não
WE,América Latina e Caribe,NGDPDPC,2006,5953.421,não
WE,América Latina e Caribe,NGDPDPC,2007,6973.010,não
WE,América Latina e Caribe,NGDPDPC,2008,8015.072,não
WE,América Latina e Caribe,NGDPDPC,2009,7321.335,não
WE,América Latina e Caribe,NGDPDPC,2010,9015.273,não
WE,América Latina e Caribe,NGDPDPC,2011,10292.706,não
WE,América Latina e Caribe,NGDPDPC,2012,10345.959,não
WE,América Latina e Caribe,NGDPDPC,2013,10356.136,não
WE,América Latina e Caribe,NGDPDPC,2014,10152.016,não
WE,América Latina e Caribe,NGDPDPC,2015,8511.269,não
WE,América Latina e Caribe,NGDPDPC,2016,8119.661,não
WE,América Latina e Caribe,NGDPDPC,2017,8950.209,não
WE,América Latina e Caribe,NGDPDPC,2018,8659.455,não
WE,América Latina e Caribe,NGDPDPC,2019,8400.264,não
WE,América Latina e Caribe,NGDPDPC,2020,6983.064,não
WE,América Latina e Caribe,NGDPDPC,2021,8082.664,não
WE,América Latina e Caribe,NGDPDPC,2022,9186.918,não
WE,América Latina e Caribe,NGDPDPC,2023,10274.442,não
WE,América Latina e Caribe,NGDPDPC,2024,10460.050,não
WE,América Latina e Caribe,NGDPDPC,2025,10834.363,não
WE,América Latina e Caribe,NGDPDPC,2026,12181.251,sim
WE,América Latina e Caribe,NGDPDPC,2027,12674.371,sim
WE,América Latina e Caribe,NGDPDPC,2028,13197.581,sim
WE,América Latina e Caribe,NGDPDPC,2029,13799.279,sim
WE,América Latina e Caribe,NGDPDPC,2030,14419.488,sim
WE,América Latina e Caribe,NGDPDPC,2031,15076.648,sim
ADVEC,Economias avançadas,NGDPDPC,1980,10258.685,não
ADVEC,Economias avançadas,NGDPDPC,1981,10350.023,não
ADVEC,Economias avançadas,NGDPDPC,1982,10209.036,não
ADVEC,Economias avançadas,NGDPDPC,1983,10561.186,não
ADVEC,Economias avançadas,NGDPDPC,1984,10984.633,não
ADVEC,Economias avançadas,NGDPDPC,1985,11490.707,não
ADVEC,Economias avançadas,NGDPDPC,1986,13948.096,não
ADVEC,Economias avançadas,NGDPDPC,1987,16130.445,não
ADVEC,Economias avançadas,NGDPDPC,1988,18136.070,não
ADVEC,Economias avançadas,NGDPDPC,1989,18784.281,não
ADVEC,Economias avançadas,NGDPDPC,1990,20851.896,não
ADVEC,Economias avançadas,NGDPDPC,1991,22054.645,não
ADVEC,Economias avançadas,NGDPDPC,1992,23313.277,não
ADVEC,Economias avançadas,NGDPDPC,1993,23163.337,não
ADVEC,Economias avançadas,NGDPDPC,1994,24723.713,não
ADVEC,Economias avançadas,NGDPDPC,1995,26802.323,não
ADVEC,Economias avançadas,NGDPDPC,1996,26823.636,não
ADVEC,Economias avançadas,NGDPDPC,1997,26132.417,não
ADVEC,Economias avançadas,NGDPDPC,1998,26034.004,não
ADVEC,Economias avançadas,NGDPDPC,1999,27262.534,não
ADVEC,Economias avançadas,NGDPDPC,2000,27586.843,não
ADVEC,Economias avançadas,NGDPDPC,2001,27128.901,não
ADVEC,Economias avançadas,NGDPDPC,2002,28124.772,não
ADVEC,Economias avançadas,NGDPDPC,2003,31354.130,não
ADVEC,Economias avançadas,NGDPDPC,2004,34575.519,não
ADVEC,Economias avançadas,NGDPDPC,2005,36173.363,não
ADVEC,Economias avançadas,NGDPDPC,2006,37815.261,não
ADVEC,Economias avançadas,NGDPDPC,2007,41049.682,não
ADVEC,Economias avançadas,NGDPDPC,2008,43100.591,não
ADVEC,Economias avançadas,NGDPDPC,2009,40445.555,não
ADVEC,Economias avançadas,NGDPDPC,2010,42032.308,não
ADVEC,Economias avançadas,NGDPDPC,2011,44906.339,não
ADVEC,Economias avançadas,NGDPDPC,2012,44546.169,não
ADVEC,Economias avançadas,NGDPDPC,2013,44807.063,não
ADVEC,Economias avançadas,NGDPDPC,2014,45681.448,não
ADVEC,Economias avançadas,NGDPDPC,2015,43032.090,não
ADVEC,Economias avançadas,NGDPDPC,2016,43993.659,não
ADVEC,Economias avançadas,NGDPDPC,2017,45747.526,não
ADVEC,Economias avançadas,NGDPDPC,2018,48233.427,não
ADVEC,Economias avançadas,NGDPDPC,2019,48561.741,não
ADVEC,Economias avançadas,NGDPDPC,2020,47630.671,não
ADVEC,Economias avançadas,NGDPDPC,2021,53237.165,não
ADVEC,Economias avançadas,NGDPDPC,2022,54244.972,não
ADVEC,Economias avançadas,NGDPDPC,2023,56921.092,não
ADVEC,Economias avançadas,NGDPDPC,2024,58931.093,não
ADVEC,Economias avançadas,NGDPDPC,2025,62337.049,não
ADVEC,Economias avançadas,NGDPDPC,2026,66175.154,sim
ADVEC,Economias avançadas,NGDPDPC,2027,68766.627,sim
ADVEC,Economias avançadas,NGDPDPC,2028,71259.174,sim
ADVEC,Economias avançadas,NGDPDPC,2029,73738.860,sim
ADVEC,Economias avançadas,NGDPDPC,2030,76289.154,sim
ADVEC,Economias avançadas,NGDPDPC,2031,78890.859,sim
OEMDC,Economias emergentes e em desenvolvimento,NGDPDPC,1980,888.404,não
OEMDC,Economias emergentes e em desenvolvimento,NGDPDPC,1981,911.677,não
OEMDC,Economias emergentes e em desenvolvimento,NGDPDPC,1982,846.056,não
OEMDC,Economias emergentes e em desenvolvimento,NGDPDPC,1983,817.073,não
OEMDC,Economias emergentes e em desenvolvimento,NGDPDPC,1984,801.455,não
OEMDC,Economias emergentes e em desenvolvimento,NGDPDPC,1985,798.602,não
OEMDC,Economias emergentes e em desenvolvimento,NGDPDPC,1986,804.430,não
OEMDC,Economias emergentes e em desenvolvimento,NGDPDPC,1987,870.937,não
OEMDC,Economias emergentes e em desenvolvimento,NGDPDPC,1988,936.201,não
OEMDC,Economias emergentes e em desenvolvimento,NGDPDPC,1989,1006.031,não
OEMDC,Economias emergentes e em desenvolvimento,NGDPDPC,1990,1109.001,não
OEMDC,Economias emergentes e em desenvolvimento,NGDPDPC,1991,1138.209,não
OEMDC,Economias emergentes e em desenvolvimento,NGDPDPC,1992,965.016,não
OEMDC,Economias emergentes e em desenvolvimento,NGDPDPC,1993,1079.895,não
OEMDC,Economias emergentes e em desenvolvimento,NGDPDPC,1994,1144.617,não
OEMDC,Economias emergentes e em desenvolvimento,NGDPDPC,1995,1299.310,não
OEMDC,Economias emergentes e em desenvolvimento,NGDPDPC,1996,1434.903,não
OEMDC,Economias emergentes e em desenvolvimento,NGDPDPC,1997,1497.905,não
OEMDC,Economias emergentes e em desenvolvimento,NGDPDPC,1998,1414.264,não
OEMDC,Economias emergentes e em desenvolvimento,NGDPDPC,1999,1341.823,não
OEMDC,Economias emergentes e em desenvolvimento,NGDPDPC,2000,1451.814,não
OEMDC,Economias emergentes e em desenvolvimento,NGDPDPC,2001,1437.329,não
OEMDC,Economias emergentes e em desenvolvimento,NGDPDPC,2002,1396.077,não
OEMDC,Economias emergentes e em desenvolvimento,NGDPDPC,2003,1547.135,não
OEMDC,Economias emergentes e em desenvolvimento,NGDPDPC,2004,1812.188,não
OEMDC,Economias emergentes e em desenvolvimento,NGDPDPC,2005,2137.177,não
OEMDC,Economias emergentes e em desenvolvimento,NGDPDPC,2006,2497.131,não
OEMDC,Economias emergentes e em desenvolvimento,NGDPDPC,2007,3035.480,não
OEMDC,Economias emergentes e em desenvolvimento,NGDPDPC,2008,3598.186,não
OEMDC,Economias emergentes e em desenvolvimento,NGDPDPC,2009,3391.316,não
OEMDC,Economias emergentes e em desenvolvimento,NGDPDPC,2010,4025.232,não
OEMDC,Economias emergentes e em desenvolvimento,NGDPDPC,2011,4697.566,não
OEMDC,Economias emergentes e em desenvolvimento,NGDPDPC,2012,4894.602,não
OEMDC,Economias emergentes e em desenvolvimento,NGDPDPC,2013,5125.118,não
OEMDC,Economias emergentes e em desenvolvimento,NGDPDPC,2014,5214.774,não
OEMDC,Economias emergentes e em desenvolvimento,NGDPDPC,2015,4835.444,não
OEMDC,Economias emergentes e em desenvolvimento,NGDPDPC,2016,4769.423,não
OEMDC,Economias emergentes e em desenvolvimento,NGDPDPC,2017,5150.049,não
OEMDC,Economias emergentes e em desenvolvimento,NGDPDPC,2018,5432.925,não
OEMDC,Economias emergentes e em desenvolvimento,NGDPDPC,2019,5485.518,não
OEMDC,Economias emergentes e em desenvolvimento,NGDPDPC,2020,5207.648,não
OEMDC,Economias emergentes e em desenvolvimento,NGDPDPC,2021,6072.814,não
OEMDC,Economias emergentes e em desenvolvimento,NGDPDPC,2022,6445.537,não
OEMDC,Economias emergentes e em desenvolvimento,NGDPDPC,2023,6556.227,não
OEMDC,Economias emergentes e em desenvolvimento,NGDPDPC,2024,6743.694,não
OEMDC,Economias emergentes e em desenvolvimento,NGDPDPC,2025,7052.401,não
OEMDC,Economias emergentes e em desenvolvimento,NGDPDPC,2026,7562.669,sim
OEMDC,Economias emergentes e em desenvolvimento,NGDPDPC,2027,7856.866,sim
OEMDC,Economias emergentes e em desenvolvimento,NGDPDPC,2028,8250.308,sim
OEMDC,Economias emergentes e em desenvolvimento,NGDPDPC,2029,8679.322,sim
OEMDC,Economias emergentes e em desenvolvimento,NGDPDPC,2030,9111.279,sim
OEMDC,Economias emergentes e em desenvolvimento,NGDPDPC,2031,9564.110,sim
BRA,Brasil,PPPPC,1980,4427.939,não
BRA,Brasil,PPPPC,1981,4532.319,não
BRA,Brasil,PPPPC,1982,4736.640,não
BRA,Brasil,PPPPC,1983,4653.791,não
BRA,Brasil,PPPPC,1984,4971.614,não
BRA,Brasil,PPPPC,1985,5420.615,não
BRA,Brasil,PPPPC,1986,5828.799,não
BRA,Brasil,PPPPC,1987,6070.430,não
BRA,Brasil,PPPPC,1988,6186.153,não
BRA,Brasil,PPPPC,1989,6518.464,não
BRA,Brasil,PPPPC,1990,6291.047,não
BRA,Brasil,PPPPC,1991,6460.698,não
BRA,Brasil,PPPPC,1992,6470.632,não
BRA,Brasil,PPPPC,1993,6823.181,não
BRA,Brasil,PPPPC,1994,7225.904,não
BRA,Brasil,PPPPC,1995,7584.731,não
BRA,Brasil,PPPPC,1996,7669.110,não
BRA,Brasil,PPPPC,1997,7941.583,não
BRA,Brasil,PPPPC,1998,7934.334,não
BRA,Brasil,PPPPC,1999,7963.272,não
BRA,Brasil,PPPPC,2000,8333.612,não
BRA,Brasil,PPPPC,2001,8527.042,não
BRA,Brasil,PPPPC,2002,8813.197,não
BRA,Brasil,PPPPC,2003,8982.016,não
BRA,Brasil,PPPPC,2004,9643.571,não
BRA,Brasil,PPPPC,2005,10151.103,não
BRA,Brasil,PPPPC,2006,10761.746,não
BRA,Brasil,PPPPC,2007,11605.183,não
BRA,Brasil,PPPPC,2008,12309.433,não
BRA,Brasil,PPPPC,2009,12252.012,não
BRA,Brasil,PPPPC,2010,13226.640,não
BRA,Brasil,PPPPC,2011,13935.215,não
BRA,Brasil,PPPPC,2012,14356.717,não
BRA,Brasil,PPPPC,2013,14922.341,não
BRA,Brasil,PPPPC,2014,15138.365,não
BRA,Brasil,PPPPC,2015,14621.149,não
BRA,Brasil,PPPPC,2016,14173.734,não
BRA,Brasil,PPPPC,2017,14523.000,não
BRA,Brasil,PPPPC,2018,15432.162,não
BRA,Brasil,PPPPC,2019,16035.469,não
BRA,Brasil,PPPPC,2020,16062.817,não
BRA,Brasil,PPPPC,2021,18028.100,não
BRA,Brasil,PPPPC,2022,19821.227,não
BRA,Brasil,PPPPC,2023,21137.486,não
BRA,Brasil,PPPPC,2024,22309.326,não
BRA,Brasil,PPPPC,2025,23380.975,não
BRA,Brasil,PPPPC,2026,24427.845,sim
BRA,Brasil,PPPPC,2027,25373.835,sim
BRA,Brasil,PPPPC,2028,26320.371,sim
BRA,Brasil,PPPPC,2029,27384.992,sim
BRA,Brasil,PPPPC,2030,28515.566,sim
BRA,Brasil,PPPPC,2031,29689.935,sim
ARG,Argentina,PPPPC,1980,7178.036,não
ARG,Argentina,PPPPC,1981,7275.713,não
ARG,Argentina,PPPPC,1982,7357.928,não
ARG,Argentina,PPPPC,1983,7820.674,não
ARG,Argentina,PPPPC,1984,8126.537,não
ARG,Argentina,PPPPC,1985,7669.670,não
ARG,Argentina,PPPPC,1986,8276.808,não
ARG,Argentina,PPPPC,1987,8598.493,não
ARG,Argentina,PPPPC,1988,8622.165,não
ARG,Argentina,PPPPC,1989,8230.443,não
ARG,Argentina,PPPPC,1990,8250.739,não
ARG,Argentina,PPPPC,1991,9299.500,não
ARG,Argentina,PPPPC,1992,10349.782,não
ARG,Argentina,PPPPC,1993,11092.266,não
ARG,Argentina,PPPPC,1994,11837.547,não
ARG,Argentina,PPPPC,1995,11598.017,não
ARG,Argentina,PPPPC,1996,12315.600,não
ARG,Argentina,PPPPC,1997,13388.597,não
ARG,Argentina,PPPPC,1998,13903.773,não
ARG,Argentina,PPPPC,1999,13475.988,não
ARG,Argentina,PPPPC,2000,13529.296,não
ARG,Argentina,PPPPC,2001,13091.494,não
ARG,Argentina,PPPPC,2002,11733.027,não
ARG,Argentina,PPPPC,2003,12914.250,não
ARG,Argentina,PPPPC,2004,14308.623,não
ARG,Argentina,PPPPC,2005,15911.198,não
ARG,Argentina,PPPPC,2006,17549.661,não
ARG,Argentina,PPPPC,2007,19456.172,não
ARG,Argentina,PPPPC,2008,20433.482,não
ARG,Argentina,PPPPC,2009,19155.297,não
ARG,Argentina,PPPPC,2010,21008.870,não
ARG,Argentina,PPPPC,2011,22469.140,não
ARG,Argentina,PPPPC,2012,22396.499,não
ARG,Argentina,PPPPC,2013,23065.982,não
ARG,Argentina,PPPPC,2014,22627.914,não
ARG,Argentina,PPPPC,2015,23210.094,não
ARG,Argentina,PPPPC,2016,22701.934,não
ARG,Argentina,PPPPC,2017,23514.667,não
ARG,Argentina,PPPPC,2018,24498.379,não
ARG,Argentina,PPPPC,2019,23535.013,não
ARG,Argentina,PPPPC,2020,22302.151,não
ARG,Argentina,PPPPC,2021,26015.237,não
ARG,Argentina,PPPPC,2022,29271.003,não
ARG,Argentina,PPPPC,2023,29522.706,não
ARG,Argentina,PPPPC,2024,29587.354,não
ARG,Argentina,PPPPC,2025,31483.857,não
ARG,Argentina,PPPPC,2026,33187.452,sim
ARG,Argentina,PPPPC,2027,34924.743,sim
ARG,Argentina,PPPPC,2028,36470.811,sim
ARG,Argentina,PPPPC,2029,38051.720,sim
ARG,Argentina,PPPPC,2030,39576.128,sim
ARG,Argentina,PPPPC,2031,41104.321,sim
CHL,Chile,PPPPC,1980,3479.431,não
CHL,Chile,PPPPC,1981,3979.135,não
CHL,Chile,PPPPC,1982,3592.235,não
CHL,Chile,PPPPC,1983,3570.900,não
CHL,Chile,PPPPC,1984,3856.520,não
CHL,Chile,PPPPC,1985,3994.562,não
CHL,Chile,PPPPC,1986,4227.811,não
CHL,Chile,PPPPC,1987,4538.364,não
CHL,Chile,PPPPC,1988,4955.684,não
CHL,Chile,PPPPC,1989,5601.557,não
CHL,Chile,PPPPC,1990,5926.103,não
CHL,Chile,PPPPC,1991,6485.001,não
CHL,Chile,PPPPC,1992,7186.704,não
CHL,Chile,PPPPC,1993,7718.278,não
CHL,Chile,PPPPC,1994,8154.154,não
CHL,Chile,PPPPC,1995,8938.180,não
CHL,Chile,PPPPC,1996,9424.942,não
CHL,Chile,PPPPC,1997,10159.836,não
CHL,Chile,PPPPC,1998,10566.742,não
CHL,Chile,PPPPC,1999,10557.328,não
CHL,Chile,PPPPC,2000,11200.600,não
CHL,Chile,PPPPC,2001,11678.774,não
CHL,Chile,PPPPC,2002,12105.888,não
CHL,Chile,PPPPC,2003,12792.703,não
CHL,Chile,PPPPC,2004,13874.108,não
CHL,Chile,PPPPC,2005,14997.870,não
CHL,Chile,PPPPC,2006,16236.971,não
CHL,Chile,PPPPC,2007,17368.742,não
CHL,Chile,PPPPC,2008,18192.047,não
CHL,Chile,PPPPC,2009,17913.553,não
CHL,Chile,PPPPC,2010,18995.136,não
CHL,Chile,PPPPC,2011,20385.198,não
CHL,Chile,PPPPC,2012,21819.649,não
CHL,Chile,PPPPC,2013,22691.632,não
CHL,Chile,PPPPC,2014,23249.351,não
CHL,Chile,PPPPC,2015,23695.707,não
CHL,Chile,PPPPC,2016,24024.315,não
CHL,Chile,PPPPC,2017,24424.643,não
CHL,Chile,PPPPC,2018,25492.234,não
CHL,Chile,PPPPC,2019,25823.898,não
CHL,Chile,PPPPC,2020,25528.892,não
CHL,Chile,PPPPC,2021,29184.704,não
CHL,Chile,PPPPC,2022,31623.997,não
CHL,Chile,PPPPC,2023,32673.422,não
CHL,Chile,PPPPC,2024,34114.494,não
CHL,Chile,PPPPC,2025,35649.165,não
CHL,Chile,PPPPC,2026,37336.113,sim
CHL,Chile,PPPPC,2027,38941.802,sim
CHL,Chile,PPPPC,2028,40323.259,sim
CHL,Chile,PPPPC,2029,41826.303,sim
CHL,Chile,PPPPC,2030,43414.260,sim
CHL,Chile,PPPPC,2031,45073.853,sim
COL,Colômbia,PPPPC,1980,2801.952,não
COL,Colômbia,PPPPC,1981,3068.539,não
COL,Colômbia,PPPPC,1982,3218.428,não
COL,Colômbia,PPPPC,1983,3325.293,não
COL,Colômbia,PPPPC,1984,3486.766,não
COL,Colômbia,PPPPC,1985,3734.062,não
COL,Colômbia,PPPPC,1986,3949.162,não
COL,Colômbia,PPPPC,1987,4176.819,não
COL,Colômbia,PPPPC,1988,4407.551,não
COL,Colômbia,PPPPC,1989,4640.502,não
COL,Colômbia,PPPPC,1990,4920.116,não
COL,Colômbia,PPPPC,1991,5101.195,não
COL,Colômbia,PPPPC,1992,5337.828,não
COL,Colômbia,PPPPC,1993,5668.187,não
COL,Colômbia,PPPPC,1994,5979.160,não
COL,Colômbia,PPPPC,1995,6314.678,não
COL,Colômbia,PPPPC,1996,6457.364,não
COL,Colômbia,PPPPC,1997,6706.035,não
COL,Colômbia,PPPPC,1998,6715.661,não
COL,Colômbia,PPPPC,1999,6442.196,não
COL,Colômbia,PPPPC,2000,6680.527,não
COL,Colômbia,PPPPC,2001,6857.415,não
COL,Colômbia,PPPPC,2002,7049.412,não
COL,Colômbia,PPPPC,2003,7377.425,não
COL,Colômbia,PPPPC,2004,7882.060,não
COL,Colômbia,PPPPC,2005,8387.580,não
COL,Colômbia,PPPPC,2006,9118.053,não
COL,Colômbia,PPPPC,2007,9881.538,não
COL,Colômbia,PPPPC,2008,10288.047,não
COL,Colômbia,PPPPC,2009,10355.432,não
COL,Colômbia,PPPPC,2010,10833.903,não
COL,Colômbia,PPPPC,2011,11701.700,não
COL,Colômbia,PPPPC,2012,12262.387,não
COL,Colômbia,PPPPC,2013,12986.406,não
COL,Colômbia,PPPPC,2014,13677.304,não
COL,Colômbia,PPPPC,2015,14074.782,não
COL,Colômbia,PPPPC,2016,14345.284,não
COL,Colômbia,PPPPC,2017,14616.864,não
COL,Colômbia,PPPPC,2018,15481.447,não
COL,Colômbia,PPPPC,2019,16349.326,não
COL,Colômbia,PPPPC,2020,15587.556,não
COL,Colômbia,PPPPC,2021,17724.717,não
COL,Colômbia,PPPPC,2022,20153.521,não
COL,Colômbia,PPPPC,2023,20860.036,não
COL,Colômbia,PPPPC,2024,21499.476,não
COL,Colômbia,PPPPC,2025,22542.894,não
COL,Colômbia,PPPPC,2026,23575.647,sim
COL,Colômbia,PPPPC,2027,24561.883,sim
COL,Colômbia,PPPPC,2028,25481.889,sim
COL,Colômbia,PPPPC,2029,26514.066,sim
COL,Colômbia,PPPPC,2030,27619.871,sim
COL,Colômbia,PPPPC,2031,28773.389,sim
MEX,México,PPPPC,1980,6486.052,não
MEX,México,PPPPC,1981,7596.879,não
MEX,México,PPPPC,1982,7875.467,não
MEX,México,PPPPC,1983,7627.479,não
MEX,México,PPPPC,1984,7997.262,não
MEX,México,PPPPC,1985,8224.861,não
MEX,México,PPPPC,1986,7889.909,não
MEX,México,PPPPC,1987,8082.756,não
MEX,México,PPPPC,1988,8301.210,não
MEX,México,PPPPC,1989,8766.114,não
MEX,México,PPPPC,1990,9388.919,não
MEX,México,PPPPC,1991,9902.055,não
MEX,México,PPPPC,1992,10294.824,não
MEX,México,PPPPC,1993,10645.480,não
MEX,México,PPPPC,1994,11152.282,não
MEX,México,PPPPC,1995,10533.250,não
MEX,México,PPPPC,1996,11211.424,não
MEX,México,PPPPC,1997,12042.276,não
MEX,México,PPPPC,1998,12748.997,não
MEX,México,PPPPC,1999,13111.388,não
MEX,México,PPPPC,2000,13900.842,não
MEX,México,PPPPC,2001,13957.268,não
MEX,México,PPPPC,2002,13942.988,não
MEX,México,PPPPC,2003,14189.513,não
MEX,México,PPPPC,2004,14891.800,não
MEX,México,PPPPC,2005,15476.879,não
MEX,México,PPPPC,2006,16486.010,não
MEX,México,PPPPC,2007,17023.663,não
MEX,México,PPPPC,2008,17241.841,não
MEX,México,PPPPC,2009,16003.763,não
MEX,México,PPPPC,2010,16747.819,não
MEX,México,PPPPC,2011,17425.431,não
MEX,México,PPPPC,2012,18129.239,não
MEX,México,PPPPC,2013,18355.915,não
MEX,México,PPPPC,2014,18913.756,não
MEX,México,PPPPC,2015,19393.676,não
MEX,México,PPPPC,2016,19728.461,não
MEX,México,PPPPC,2017,20262.587,não
MEX,México,PPPPC,2018,20685.338,não
MEX,México,PPPPC,2019,20724.883,não
MEX,México,PPPPC,2020,19141.257,não
MEX,México,PPPPC,2021,20814.061,não
MEX,México,PPPPC,2022,22947.575,não
MEX,México,PPPPC,2023,24316.159,não
MEX,México,PPPPC,2024,25038.884,não
MEX,México,PPPPC,2025,25681.595,não
MEX,México,PPPPC,2026,26642.547,sim
MEX,México,PPPPC,2027,27620.526,sim
MEX,México,PPPPC,2028,28469.528,sim
MEX,México,PPPPC,2029,29370.199,sim
MEX,México,PPPPC,2030,30328.407,sim
MEX,México,PPPPC,2031,31318.429,sim
PER,Peru,PPPPC,1980,2988.102,não
PER,Peru,PPPPC,1981,3364.815,não
PER,Peru,PPPPC,1982,3475.688,não
PER,Peru,PPPPC,1983,3197.884,não
PER,Peru,PPPPC,1984,3359.976,não
PER,Peru,PPPPC,1985,3458.536,não
PER,Peru,PPPPC,1986,3866.728,não
PER,Peru,PPPPC,1987,4174.634,não
PER,Peru,PPPPC,1988,3829.814,não
PER,Peru,PPPPC,1989,3373.432,não
PER,Peru,PPPPC,1990,3254.615,não
PER,Peru,PPPPC,1991,3370.806,não
PER,Peru,PPPPC,1992,3362.577,não
PER,Peru,PPPPC,1993,3554.262,não
PER,Peru,PPPPC,1994,4001.597,não
PER,Peru,PPPPC,1995,4309.177,não
PER,Peru,PPPPC,1996,4429.428,não
PER,Peru,PPPPC,1997,4710.614,não
PER,Peru,PPPPC,1998,4661.852,não
PER,Peru,PPPPC,1999,4720.838,não
PER,Peru,PPPPC,2000,4887.236,não
PER,Peru,PPPPC,2001,4966.941,não
PER,Peru,PPPPC,2002,5263.284,não
PER,Peru,PPPPC,2003,5538.202,não
PER,Peru,PPPPC,2004,5917.686,não
PER,Peru,PPPPC,2005,6433.003,não
PER,Peru,PPPPC,2006,7076.290,não
PER,Peru,PPPPC,2007,7834.676,não
PER,Peru,PPPPC,2008,8659.604,não
PER,Peru,PPPPC,2009,8751.258,não
PER,Peru,PPPPC,2010,9525.869,não
PER,Peru,PPPPC,2011,10261.460,não
PER,Peru,PPPPC,2012,11015.409,não
PER,Peru,PPPPC,2013,11766.330,não
PER,Peru,PPPPC,2014,12142.796,não
PER,Peru,PPPPC,2015,12506.978,não
PER,Peru,PPPPC,2016,12927.004,não
PER,Peru,PPPPC,2017,13249.986,não
PER,Peru,PPPPC,2018,13648.554,não
PER,Peru,PPPPC,2019,14181.780,não
PER,Peru,PPPPC,2020,13185.754,não
PER,Peru,PPPPC,2021,15579.745,não
PER,Peru,PPPPC,2022,16972.290,não
PER,Peru,PPPPC,2023,17364.957,não
PER,Peru,PPPPC,2024,18238.969,não
PER,Peru,PPPPC,2025,19209.345,não
PER,Peru,PPPPC,2026,20115.730,sim
PER,Peru,PPPPC,2027,20923.822,sim
PER,Peru,PPPPC,2028,21646.782,sim
PER,Peru,PPPPC,2029,22423.458,sim
PER,Peru,PPPPC,2030,23243.170,sim
PER,Peru,PPPPC,2031,24084.688,sim
USA,Estados Unidos,PPPPC,1980,12552.943,não
USA,Estados Unidos,PPPPC,1981,13948.701,não
USA,Estados Unidos,PPPPC,1982,14404.994,não
USA,Estados Unidos,PPPPC,1983,15513.679,não
USA,Estados Unidos,PPPPC,1984,17086.441,não
USA,Estados Unidos,PPPPC,1985,18199.320,não
USA,Estados Unidos,PPPPC,1986,19034.766,não
USA,Estados Unidos,PPPPC,1987,20000.968,não
USA,Estados Unidos,PPPPC,1988,21375.999,não
USA,Estados Unidos,PPPPC,1989,22814.077,não
USA,Estados Unidos,PPPPC,1990,23847.977,não
USA,Estados Unidos,PPPPC,1991,24302.776,não
USA,Estados Unidos,PPPPC,1992,25392.931,não
USA,Estados Unidos,PPPPC,1993,26364.192,não
USA,Estados Unidos,PPPPC,1994,27674.021,não
USA,Estados Unidos,PPPPC,1995,28671.480,não
USA,Estados Unidos,PPPPC,1996,29946.973,não
USA,Estados Unidos,PPPPC,1997,31440.087,não
USA,Estados Unidos,PPPPC,1998,32833.666,não
USA,Estados Unidos,PPPPC,1999,34496.241,não
USA,Estados Unidos,PPPPC,2000,36312.782,não
USA,Estados Unidos,PPPPC,2001,37101.453,não
USA,Estados Unidos,PPPPC,2002,37945.761,não
USA,Estados Unidos,PPPPC,2003,39405.354,não
USA,Estados Unidos,PPPPC,2004,41641.617,não
USA,Estados Unidos,PPPPC,2005,44034.256,não
USA,Estados Unidos,PPPPC,2006,46216.853,não
USA,Estados Unidos,PPPPC,2007,47943.353,não
USA,Estados Unidos,PPPPC,2008,48470.553,não
USA,Estados Unidos,PPPPC,2009,47102.428,não
USA,Estados Unidos,PPPPC,2010,48586.288,não
USA,Estados Unidos,PPPPC,2011,50008.108,não
USA,Estados Unidos,PPPPC,2012,51736.738,não
USA,Estados Unidos,PPPPC,2013,53363.904,não
USA,Estados Unidos,PPPPC,2014,55263.817,não
USA,Estados Unidos,PPPPC,2015,57006.926,não
USA,Estados Unidos,PPPPC,2016,58179.697,não
USA,Estados Unidos,PPPPC,2017,60292.978,não
USA,Estados Unidos,PPPPC,2018,63165.278,não
USA,Estados Unidos,PPPPC,2019,65561.320,não
USA,Estados Unidos,PPPPC,2020,64517.998,não
USA,Estados Unidos,PPPPC,2021,71365.730,não
USA,Estados Unidos,PPPPC,2022,77948.992,não
USA,Estados Unidos,PPPPC,2023,82536.095,não
USA,Estados Unidos,PPPPC,2024,86173.365,não
USA,Estados Unidos,PPPPC,2025,89991.152,não
USA,Estados Unidos,PPPPC,2026,94429.753,sim
USA,Estados Unidos,PPPPC,2027,98277.579,sim
USA,Estados Unidos,PPPPC,2028,101714.787,sim
USA,Estados Unidos,PPPPC,2029,105171.151,sim
USA,Estados Unidos,PPPPC,2030,108659.462,sim
USA,Estados Unidos,PPPPC,2031,112241.909,sim
CHN,China,PPPPC,1980,275.489,não
CHN,China,PPPPC,1981,312.603,não
CHN,China,PPPPC,1982,356.162,não
CHN,China,PPPPC,1983,404.691,não
CHN,China,PPPPC,1984,476.786,não
CHN,China,PPPPC,1985,550.391,não
CHN,China,PPPPC,1986,602.025,não
CHN,China,PPPPC,1987,677.821,não
CHN,China,PPPPC,1988,768.187,não
CHN,China,PPPPC,1989,819.455,não
CHN,China,PPPPC,1990,870.593,não
CHN,China,PPPPC,1991,979.114,não
CHN,China,PPPPC,1992,1131.236,não
CHN,China,PPPPC,1993,1304.443,não
CHN,China,PPPPC,1994,1490.100,não
CHN,China,PPPPC,1995,1671.209,não
CHN,China,PPPPC,1996,1852.057,não
CHN,China,PPPPC,1997,2038.952,não
CHN,China,PPPPC,1998,2205.211,não
CHN,China,PPPPC,1999,2390.260,não
CHN,China,PPPPC,2000,2633.912,não
CHN,China,PPPPC,2001,2897.072,não
CHN,China,PPPPC,2002,3192.526,não
CHN,China,PPPPC,2003,3563.585,não
CHN,China,PPPPC,2004,4005.970,não
CHN,China,PPPPC,2005,4577.071,não
CHN,China,PPPPC,2006,5287.778,não
CHN,China,PPPPC,2007,6167.771,não
CHN,China,PPPPC,2008,6857.571,não
CHN,China,PPPPC,2009,7514.889,não
CHN,China,PPPPC,2010,8371.264,não
CHN,China,PPPPC,2011,9294.288,não
CHN,China,PPPPC,2012,10134.737,não
CHN,China,PPPPC,2013,11042.848,não
CHN,China,PPPPC,2014,11996.128,não
CHN,China,PPPPC,2015,12893.511,não
CHN,China,PPPPC,2016,13807.500,não
CHN,China,PPPPC,2017,14939.698,não
CHN,China,PPPPC,2018,16225.262,não
CHN,China,PPPPC,2019,17586.601,não
CHN,China,PPPPC,2020,18384.413,não
CHN,China,PPPPC,2021,20827.093,não
CHN,China,PPPPC,2022,23016.507,não
CHN,China,PPPPC,2023,25188.583,não
CHN,China,PPPPC,2024,27132.068,não
CHN,China,PPPPC,2025,29352.032,não
CHN,China,PPPPC,2026,31596.218,sim
CHN,China,PPPPC,2027,33669.345,sim
CHN,China,PPPPC,2028,35680.538,sim
CHN,China,PPPPC,2029,37749.565,sim
CHN,China,PPPPC,2030,39847.633,sim
CHN,China,PPPPC,2031,42034.314,sim
IND,Índia,PPPPC,1980,524.785,não
IND,Índia,PPPPC,1981,594.799,não
IND,Índia,PPPPC,1982,638.426,não
IND,Índia,PPPPC,1983,695.319,não
IND,Índia,PPPPC,1984,730.596,não
IND,Índia,PPPPC,1985,775.052,não
IND,Índia,PPPPC,1986,809.522,não
IND,Índia,PPPPC,1987,843.028,não
IND,Índia,PPPPC,1988,935.494,não
IND,Índia,PPPPC,1989,1007.234,não
IND,Índia,PPPPC,1990,1078.614,não
IND,Índia,PPPPC,1991,1102.714,não
IND,Índia,PPPPC,1992,1164.608,não
IND,Índia,PPPPC,1993,1222.898,não
IND,Índia,PPPPC,1994,1305.226,não
IND,Índia,PPPPC,1995,1404.955,não
IND,Índia,PPPPC,1996,1508.256,não
IND,Índia,PPPPC,1997,1565.314,não
IND,Índia,PPPPC,1998,1648.573,não
IND,Índia,PPPPC,1999,1785.506,não
IND,Índia,PPPPC,2000,1860.787,não
IND,Índia,PPPPC,2001,1957.508,não
IND,Índia,PPPPC,2002,2026.505,não
IND,Índia,PPPPC,2003,2190.625,não
IND,Índia,PPPPC,2004,2386.748,não
IND,Índia,PPPPC,2005,2613.644,não
IND,Índia,PPPPC,2006,2866.242,não
IND,Índia,PPPPC,2007,3122.048,não
IND,Índia,PPPPC,2008,3233.553,não
IND,Índia,PPPPC,2009,3458.905,não
IND,Índia,PPPPC,2010,3743.588,não
IND,Índia,PPPPC,2011,3964.517,não
IND,Índia,PPPPC,2012,4200.565,não
IND,Índia,PPPPC,2013,4484.708,não
IND,Índia,PPPPC,2014,4839.507,não
IND,Índia,PPPPC,2015,5212.441,não
IND,Índia,PPPPC,2016,5628.939,não
IND,Índia,PPPPC,2017,6048.388,não
IND,Índia,PPPPC,2018,6592.154,não
IND,Índia,PPPPC,2019,7001.454,não
IND,Índia,PPPPC,2020,6802.464,não
IND,Índia,PPPPC,2021,7839.690,não
IND,Índia,PPPPC,2022,8965.139,não
IND,Índia,PPPPC,2023,9879.524,não
IND,Índia,PPPPC,2024,10747.418,não
IND,Índia,PPPPC,2025,11789.254,não
IND,Índia,PPPPC,2026,12801.024,sim
IND,Índia,PPPPC,2027,13818.908,sim
IND,Índia,PPPPC,2028,14836.517,sim
IND,Índia,PPPPC,2029,15957.469,sim
IND,Índia,PPPPC,2030,17174.606,sim
IND,Índia,PPPPC,2031,18485.403,sim
KOR,Coreia do Sul,PPPPC,1980,2199.594,não
KOR,Coreia do Sul,PPPPC,1981,2545.929,não
KOR,Coreia do Sul,PPPPC,1982,2887.205,não
KOR,Coreia do Sul,PPPPC,1983,3354.484,não
KOR,Coreia do Sul,PPPPC,1984,3798.079,não
KOR,Coreia do Sul,PPPPC,1985,4187.799,não
KOR,Coreia do Sul,PPPPC,1986,4716.389,não
KOR,Coreia do Sul,PPPPC,1987,5402.889,não
KOR,Coreia do Sul,PPPPC,1988,6210.971,não
KOR,Coreia do Sul,PPPPC,1989,6848.918,não
KOR,Coreia do Sul,PPPPC,1990,7740.889,não
KOR,Coreia do Sul,PPPPC,1991,8785.620,não
KOR,Coreia do Sul,PPPPC,1992,9457.791,não
KOR,Coreia do Sul,PPPPC,1993,10254.474,não
KOR,Coreia do Sul,PPPPC,1994,11340.330,não
KOR,Coreia do Sul,PPPPC,1995,12578.100,não
KOR,Coreia do Sul,PPPPC,1996,13700.676,não
KOR,Coreia do Sul,PPPPC,1997,14674.224,não
KOR,Coreia do Sul,PPPPC,1998,14004.804,não
KOR,Coreia do Sul,PPPPC,1999,15740.690,não
KOR,Coreia do Sul,PPPPC,2000,17432.121,não
KOR,Coreia do Sul,PPPPC,2001,18524.335,não
KOR,Coreia do Sul,PPPPC,2002,20152.219,não
KOR,Coreia do Sul,PPPPC,2003,21072.419,não
KOR,Coreia do Sul,PPPPC,2004,22670.690,não
KOR,Coreia do Sul,PPPPC,2005,24348.952,não
KOR,Coreia do Sul,PPPPC,2006,26277.959,não
KOR,Coreia do Sul,PPPPC,2007,28422.675,não
KOR,Coreia do Sul,PPPPC,2008,29614.869,não
KOR,Coreia do Sul,PPPPC,2009,29887.594,não
KOR,Coreia do Sul,PPPPC,2010,32202.010,não
KOR,Coreia do Sul,PPPPC,2011,33817.494,não
KOR,Coreia do Sul,PPPPC,2012,35139.529,não
KOR,Coreia do Sul,PPPPC,2013,36746.215,não
KOR,Coreia do Sul,PPPPC,2014,38346.444,não
KOR,Coreia do Sul,PPPPC,2015,39623.062,não
KOR,Coreia do Sul,PPPPC,2016,41104.719,não
KOR,Coreia do Sul,PPPPC,2017,43155.911,não
KOR,Coreia do Sul,PPPPC,2018,45511.086,não
KOR,Coreia do Sul,PPPPC,2019,46511.218,não
KOR,Coreia do Sul,PPPPC,2020,47881.490,não
KOR,Coreia do Sul,PPPPC,2021,51880.379,não
KOR,Coreia do Sul,PPPPC,2022,57193.172,não
KOR,Coreia do Sul,PPPPC,2023,60201.551,não
KOR,Coreia do Sul,PPPPC,2024,62885.478,não
KOR,Coreia do Sul,PPPPC,2025,65404.674,não
KOR,Coreia do Sul,PPPPC,2026,68624.312,sim
KOR,Coreia do Sul,PPPPC,2027,71731.722,sim
KOR,Coreia do Sul,PPPPC,2028,74585.014,sim
KOR,Coreia do Sul,PPPPC,2029,77526.271,sim
KOR,Coreia do Sul,PPPPC,2030,80547.497,sim
KOR,Coreia do Sul,PPPPC,2031,83696.104,sim
ZAF,África do Sul,PPPPC,1980,4839.799,não
ZAF,África do Sul,PPPPC,1981,5441.363,não
ZAF,África do Sul,PPPPC,1982,5608.792,não
ZAF,África do Sul,PPPPC,1983,5575.093,não
ZAF,África do Sul,PPPPC,1984,5920.074,não
ZAF,África do Sul,PPPPC,1985,5892.424,não
ZAF,África do Sul,PPPPC,1986,5878.449,não
ZAF,África do Sul,PPPPC,1987,6020.376,não
ZAF,África do Sul,PPPPC,1988,6357.938,não
ZAF,África do Sul,PPPPC,1989,6620.661,não
ZAF,África do Sul,PPPPC,1990,6694.005,não
ZAF,África do Sul,PPPPC,1991,6686.387,não
ZAF,África do Sul,PPPPC,1992,6526.387,não
ZAF,África do Sul,PPPPC,1993,6597.894,não
ZAF,África do Sul,PPPPC,1994,6793.258,não
ZAF,África do Sul,PPPPC,1995,7000.519,não
ZAF,África do Sul,PPPPC,1996,7297.829,não
ZAF,África do Sul,PPPPC,1997,7490.689,não
ZAF,África do Sul,PPPPC,1998,7497.468,não
ZAF,África do Sul,PPPPC,1999,7671.622,não
ZAF,África do Sul,PPPPC,2000,8052.920,não
ZAF,África do Sul,PPPPC,2001,8304.166,não
ZAF,África do Sul,PPPPC,2002,8585.856,não
ZAF,África do Sul,PPPPC,2003,8930.722,não
ZAF,África do Sul,PPPPC,2004,9487.631,não
ZAF,África do Sul,PPPPC,2005,10182.338,não
ZAF,África do Sul,PPPPC,2006,10952.147,não
ZAF,África do Sul,PPPPC,2007,11676.289,não
ZAF,África do Sul,PPPPC,2008,12110.505,não
ZAF,África do Sul,PPPPC,2009,11828.946,não
ZAF,África do Sul,PPPPC,2010,12163.072,não
ZAF,África do Sul,PPPPC,2011,12616.932,não
ZAF,África do Sul,PPPPC,2012,12951.662,não
ZAF,África do Sul,PPPPC,2013,13290.544,não
ZAF,África do Sul,PPPPC,2014,13494.084,não
ZAF,África do Sul,PPPPC,2015,13593.003,não
ZAF,África do Sul,PPPPC,2016,13625.725,não
ZAF,África do Sul,PPPPC,2017,13840.359,não
ZAF,África do Sul,PPPPC,2018,13479.396,não
ZAF,África do Sul,PPPPC,2019,13519.882,não
ZAF,África do Sul,PPPPC,2020,12855.357,não
ZAF,África do Sul,PPPPC,2021,13969.943,não
ZAF,África do Sul,PPPPC,2022,15112.871,não
ZAF,África do Sul,PPPPC,2023,15615.889,não
ZAF,África do Sul,PPPPC,2024,15895.477,não
ZAF,África do Sul,PPPPC,2025,16326.288,não
ZAF,África do Sul,PPPPC,2026,16739.671,sim
ZAF,África do Sul,PPPPC,2027,17085.821,sim
ZAF,África do Sul,PPPPC,2028,17395.724,sim
ZAF,África do Sul,PPPPC,2029,17756.204,sim
ZAF,África do Sul,PPPPC,2030,18163.274,sim
ZAF,África do Sul,PPPPC,2031,18569.726,sim
RUS,Rússia,PPPPC,1992,10887.189,não
RUS,Rússia,PPPPC,1993,10229.205,não
RUS,Rússia,PPPPC,1994,9116.775,não
RUS,Rússia,PPPPC,1995,8920.819,não
RUS,Rússia,PPPPC,1996,8771.054,não
RUS,Rússia,PPPPC,1997,9059.181,não
RUS,Rússia,PPPPC,1998,8686.559,não
RUS,Rússia,PPPPC,1999,9393.698,não
RUS,Rússia,PPPPC,2000,10610.137,não
RUS,Rússia,PPPPC,2001,11447.201,não
RUS,Rússia,PPPPC,2002,12191.674,não
RUS,Rússia,PPPPC,2003,13360.154,não
RUS,Rússia,PPPPC,2004,14761.886,não
RUS,Rússia,PPPPC,2005,16263.882,não
RUS,Rússia,PPPPC,2006,18196.662,não
RUS,Rússia,PPPPC,2007,20321.977,não
RUS,Rússia,PPPPC,2008,21807.580,não
RUS,Rússia,PPPPC,2009,20217.947,não
RUS,Rússia,PPPPC,2010,21377.354,não
RUS,Rússia,PPPPC,2011,22672.789,não
RUS,Rússia,PPPPC,2012,23983.130,não
RUS,Rússia,PPPPC,2013,24765.760,não
RUS,Rússia,PPPPC,2014,25326.312,não
RUS,Rússia,PPPPC,2015,24991.231,não
RUS,Rússia,PPPPC,2016,25195.883,não
RUS,Rússia,PPPPC,2017,26042.702,não
RUS,Rússia,PPPPC,2018,28718.337,não
RUS,Rússia,PPPPC,2019,31252.701,não
RUS,Rússia,PPPPC,2020,31778.293,não
RUS,Rússia,PPPPC,2021,39004.508,não
RUS,Rússia,PPPPC,2022,41251.482,não
RUS,Rússia,PPPPC,2023,44560.077,não
RUS,Rússia,PPPPC,2024,48119.003,não
RUS,Rússia,PPPPC,2025,50255.084,não
RUS,Rússia,PPPPC,2026,52478.730,sim
RUS,Rússia,PPPPC,2027,54347.331,sim
RUS,Rússia,PPPPC,2028,55938.161,sim
RUS,Rússia,PPPPC,2029,57657.615,sim
RUS,Rússia,PPPPC,2030,59469.625,sim
RUS,Rússia,PPPPC,2031,61327.586,sim
TUR,Turquia,PPPPC,1980,3584.841,não
TUR,Turquia,PPPPC,1981,4003.127,não
TUR,Turquia,PPPPC,1982,4297.196,não
TUR,Turquia,PPPPC,1983,4573.774,não
TUR,Turquia,PPPPC,1984,4952.673,não
TUR,Turquia,PPPPC,1985,5216.303,não
TUR,Turquia,PPPPC,1986,5577.783,não
TUR,Turquia,PPPPC,1987,6169.479,não
TUR,Turquia,PPPPC,1988,6403.141,não
TUR,Turquia,PPPPC,1989,6552.891,não
TUR,Turquia,PPPPC,1990,7299.294,não
TUR,Turquia,PPPPC,1991,7488.465,não
TUR,Turquia,PPPPC,1992,7984.857,não
TUR,Turquia,PPPPC,1993,8690.134,não
TUR,Turquia,PPPPC,1994,8259.668,não
TUR,Turquia,PPPPC,1995,8900.132,não
TUR,Turquia,PPPPC,1996,9551.879,não
TUR,Turquia,PPPPC,1997,10293.469,não
TUR,Turquia,PPPPC,1998,10579.536,não
TUR,Turquia,PPPPC,1999,10253.958,não
TUR,Turquia,PPPPC,2000,11060.749,não
TUR,Turquia,PPPPC,2001,10545.169,não
TUR,Turquia,PPPPC,2002,11253.682,não
TUR,Turquia,PPPPC,2003,11997.387,não
TUR,Turquia,PPPPC,2004,13381.718,não
TUR,Turquia,PPPPC,2005,14874.906,não
TUR,Turquia,PPPPC,2006,16213.603,não
TUR,Turquia,PPPPC,2007,17288.226,não
TUR,Turquia,PPPPC,2008,17559.648,não
TUR,Turquia,PPPPC,2009,16575.026,não
TUR,Turquia,PPPPC,2010,17934.950,não
TUR,Turquia,PPPPC,2011,20018.734,não
TUR,Turquia,PPPPC,2012,21101.170,não
TUR,Turquia,PPPPC,2013,22984.735,não
TUR,Turquia,PPPPC,2014,24133.261,não
TUR,Turquia,PPPPC,2015,25429.966,não
TUR,Turquia,PPPPC,2016,26170.190,não
TUR,Turquia,PPPPC,2017,28353.426,não
TUR,Turquia,PPPPC,2018,28640.417,não
TUR,Turquia,PPPPC,2019,29016.608,não
TUR,Turquia,PPPPC,2020,29209.214,não
TUR,Turquia,PPPPC,2021,32412.254,não
TUR,Turquia,PPPPC,2022,36247.779,não
TUR,Turquia,PPPPC,2023,39325.253,não
TUR,Turquia,PPPPC,2024,41549.109,não
TUR,Turquia,PPPPC,2025,44109.588,não
TUR,Turquia,PPPPC,2026,46672.249,sim
TUR,Turquia,PPPPC,2027,49120.553,sim
TUR,Turquia,PPPPC,2028,51608.283,sim
TUR,Turquia,PPPPC,2029,54392.101,sim
TUR,Turquia,PPPPC,2030,57383.195,sim
TUR,Turquia,PPPPC,2031,60397.238,sim
IDN,Indonésia,PPPPC,1980,1108.676,não
IDN,Indonésia,PPPPC,1981,1280.542,não
IDN,Indonésia,PPPPC,1982,1363.269,não
IDN,Indonésia,PPPPC,1983,1447.441,não
IDN,Indonésia,PPPPC,1984,1582.002,não
IDN,Indonésia,PPPPC,1985,1662.898,não
IDN,Indonésia,PPPPC,1986,1783.078,não
IDN,Indonésia,PPPPC,1987,1909.607,não
IDN,Indonésia,PPPPC,1988,2073.928,não
IDN,Indonésia,PPPPC,1989,2305.480,não
IDN,Indonésia,PPPPC,1990,2556.535,não
IDN,Indonésia,PPPPC,1991,2832.017,não
IDN,Indonésia,PPPPC,1992,3035.156,não
IDN,Indonésia,PPPPC,1993,3299.565,não
IDN,Indonésia,PPPPC,1994,3565.002,não
IDN,Indonésia,PPPPC,1995,3874.674,não
IDN,Indonésia,PPPPC,1996,4205.510,não
IDN,Indonésia,PPPPC,1997,4427.950,não
IDN,Indonésia,PPPPC,1998,3845.525,não
IDN,Indonésia,PPPPC,1999,3885.913,não
IDN,Indonésia,PPPPC,2000,4124.152,não
IDN,Indonésia,PPPPC,2001,4309.204,não
IDN,Indonésia,PPPPC,2002,4508.776,não
IDN,Indonésia,PPPPC,2003,4749.843,não
IDN,Indonésia,PPPPC,2004,5050.913,não
IDN,Indonésia,PPPPC,2005,5428.429,não
IDN,Indonésia,PPPPC,2006,5820.651,não
IDN,Indonésia,PPPPC,2007,6268.284,não
IDN,Indonésia,PPPPC,2008,6767.976,não
IDN,Indonésia,PPPPC,2009,7029.645,não
IDN,Indonésia,PPPPC,2010,7462.433,não
IDN,Indonésia,PPPPC,2011,7940.979,não
IDN,Indonésia,PPPPC,2012,8456.574,não
IDN,Indonésia,PPPPC,2013,8954.663,não
IDN,Indonésia,PPPPC,2014,9439.798,não
IDN,Indonésia,PPPPC,2015,9873.843,não
IDN,Indonésia,PPPPC,2016,10335.112,não
IDN,Indonésia,PPPPC,2017,10932.638,não
IDN,Indonésia,PPPPC,2018,11621.366,não
IDN,Indonésia,PPPPC,2019,12236.943,não
IDN,Indonésia,PPPPC,2020,11929.526,não
IDN,Indonésia,PPPPC,2021,12947.903,não
IDN,Indonésia,PPPPC,2022,14443.788,não
IDN,Indonésia,PPPPC,2023,15566.405,não
IDN,Indonésia,PPPPC,2024,16582.681,não
IDN,Indonésia,PPPPC,2025,17745.531,não
IDN,Indonésia,PPPPC,2026,18973.452,sim
IDN,Indonésia,PPPPC,2027,20184.649,sim
IDN,Indonésia,PPPPC,2028,21384.652,sim
IDN,Indonésia,PPPPC,2029,22697.977,sim
IDN,Indonésia,PPPPC,2030,24123.465,sim
IDN,Indonésia,PPPPC,2031,25641.236,sim
WEOWORLD,Mundo,PPPPC,1980,3380.466,não
WEOWORLD,Mundo,PPPPC,1981,3712.703,não
WEOWORLD,Mundo,PPPPC,1982,3891.684,não
WEOWORLD,Mundo,PPPPC,1983,4074.544,não
WEOWORLD,Mundo,PPPPC,1984,4334.668,não
WEOWORLD,Mundo,PPPPC,1985,4551.963,não
WEOWORLD,Mundo,PPPPC,1986,4709.715,não
WEOWORLD,Mundo,PPPPC,1987,4916.964,não
WEOWORLD,Mundo,PPPPC,1988,5223.436,não
WEOWORLD,Mundo,PPPPC,1989,5524.410,não
WEOWORLD,Mundo,PPPPC,1990,5730.412,não
WEOWORLD,Mundo,PPPPC,1991,5958.635,não
WEOWORLD,Mundo,PPPPC,1992,6297.170,não
WEOWORLD,Mundo,PPPPC,1993,6463.653,não
WEOWORLD,Mundo,PPPPC,1994,6683.926,não
WEOWORLD,Mundo,PPPPC,1995,6952.483,não
WEOWORLD,Mundo,PPPPC,1996,7233.663,não
WEOWORLD,Mundo,PPPPC,1997,7542.134,não
WEOWORLD,Mundo,PPPPC,1998,7645.774,não
WEOWORLD,Mundo,PPPPC,1999,7916.856,não
WEOWORLD,Mundo,PPPPC,2000,8366.806,não
WEOWORLD,Mundo,PPPPC,2001,8649.457,não
WEOWORLD,Mundo,PPPPC,2002,8883.135,não
WEOWORLD,Mundo,PPPPC,2003,9255.769,não
WEOWORLD,Mundo,PPPPC,2004,9867.305,não
WEOWORLD,Mundo,PPPPC,2005,10514.726,não
WEOWORLD,Mundo,PPPPC,2006,11259.511,não
WEOWORLD,Mundo,PPPPC,2007,12017.728,não
WEOWORLD,Mundo,PPPPC,2008,12437.444,não
WEOWORLD,Mundo,PPPPC,2009,12280.306,não
WEOWORLD,Mundo,PPPPC,2010,12910.039,não
WEOWORLD,Mundo,PPPPC,2011,13545.047,não
WEOWORLD,Mundo,PPPPC,2012,14039.251,não
WEOWORLD,Mundo,PPPPC,2013,14565.312,não
WEOWORLD,Mundo,PPPPC,2014,15121.348,não
WEOWORLD,Mundo,PPPPC,2015,15584.756,não
WEOWORLD,Mundo,PPPPC,2016,16028.017,não
WEOWORLD,Mundo,PPPPC,2017,16732.943,não
WEOWORLD,Mundo,PPPPC,2018,17613.374,não
WEOWORLD,Mundo,PPPPC,2019,18463.981,não
WEOWORLD,Mundo,PPPPC,2020,18244.802,não
WEOWORLD,Mundo,PPPPC,2021,20268.496,não
WEOWORLD,Mundo,PPPPC,2022,22321.049,não
WEOWORLD,Mundo,PPPPC,2023,23676.662,não
WEOWORLD,Mundo,PPPPC,2024,24843.990,não
WEOWORLD,Mundo,PPPPC,2025,26188.940,não
WEOWORLD,Mundo,PPPPC,2026,27654.859,sim
WEOWORLD,Mundo,PPPPC,2027,28914.377,sim
WEOWORLD,Mundo,PPPPC,2028,30074.764,sim
WEOWORLD,Mundo,PPPPC,2029,31304.657,sim
WEOWORLD,Mundo,PPPPC,2030,32575.431,sim
WEOWORLD,Mundo,PPPPC,2031,33882.818,sim
WE,América Latina e Caribe,PPPPC,1980,4746.422,não
WE,América Latina e Caribe,PPPPC,1981,5127.576,não
WE,América Latina e Caribe,PPPPC,1982,5299.385,não
WE,América Latina e Caribe,PPPPC,1983,5217.731,não
WE,América Latina e Caribe,PPPPC,1984,5497.708,não
WE,América Latina e Caribe,PPPPC,1985,5713.858,não
WE,América Latina e Caribe,PPPPC,1986,5920.215,não
WE,América Latina e Caribe,PPPPC,1987,6146.648,não
WE,América Latina e Caribe,PPPPC,1988,6302.303,não
WE,América Latina e Caribe,PPPPC,1989,6463.043,não
WE,América Latina e Caribe,PPPPC,1990,6594.361,não
WE,América Latina e Caribe,PPPPC,1991,6951.723,não
WE,América Latina e Caribe,PPPPC,1992,7222.664,não
WE,América Latina e Caribe,PPPPC,1993,7556.923,não
WE,América Latina e Caribe,PPPPC,1994,7875.993,não
WE,América Latina e Caribe,PPPPC,1995,7977.302,não
WE,América Latina e Caribe,PPPPC,1996,8249.529,não
WE,América Latina e Caribe,PPPPC,1997,8717.043,não
WE,América Latina e Caribe,PPPPC,1998,8930.385,não
WE,América Latina e Caribe,PPPPC,1999,8933.810,não
WE,América Latina e Caribe,PPPPC,2000,9308.592,não
WE,América Latina e Caribe,PPPPC,2001,9431.728,não
WE,América Latina e Caribe,PPPPC,2002,9445.343,não
WE,América Latina e Caribe,PPPPC,2003,9693.158,não
WE,América Latina e Caribe,PPPPC,2004,10409.338,não
WE,América Latina e Caribe,PPPPC,2005,11064.555,não
WE,América Latina e Caribe,PPPPC,2006,11894.885,não
WE,América Latina e Caribe,PPPPC,2007,12731.514,não
WE,América Latina e Caribe,PPPPC,2008,13311.353,não
WE,América Latina e Caribe,PPPPC,2009,12914.135,não
WE,América Latina e Caribe,PPPPC,2010,13692.821,não
WE,América Latina e Caribe,PPPPC,2011,14453.539,não
WE,América Latina e Caribe,PPPPC,2012,14988.840,não
WE,América Latina e Caribe,PPPPC,2013,15501.855,não
WE,América Latina e Caribe,PPPPC,2014,15799.689,não
WE,América Latina e Caribe,PPPPC,2015,15820.553,não
WE,América Latina e Caribe,PPPPC,2016,15660.865,não
WE,América Latina e Caribe,PPPPC,2017,15992.109,não
WE,América Latina e Caribe,PPPPC,2018,16560.392,não
WE,América Latina e Caribe,PPPPC,2019,16814.315,não
WE,América Latina e Caribe,PPPPC,2020,16040.958,não
WE,América Latina e Caribe,PPPPC,2021,18030.660,não
WE,América Latina e Caribe,PPPPC,2022,20010.107,não
WE,América Latina e Caribe,PPPPC,2023,21071.899,não
WE,América Latina e Caribe,PPPPC,2024,21931.817,não
WE,América Latina e Caribe,PPPPC,2025,22923.950,não
WE,América Latina e Caribe,PPPPC,2026,23958.144,sim
WE,América Latina e Caribe,PPPPC,2027,24968.462,sim
WE,América Latina e Caribe,PPPPC,2028,25926.998,sim
WE,América Latina e Caribe,PPPPC,2029,26963.608,sim
WE,América Latina e Caribe,PPPPC,2030,28041.025,sim
WE,América Latina e Caribe,PPPPC,2031,29127.532,sim
ADVEC,Economias avançadas,PPPPC,1980,10327.437,não
ADVEC,Economias avançadas,PPPPC,1981,11475.179,não
ADVEC,Economias avançadas,PPPPC,1982,12129.334,não
ADVEC,Economias avançadas,PPPPC,1983,12921.621,não
ADVEC,Economias avançadas,PPPPC,1984,13946.661,não
ADVEC,Economias avançadas,PPPPC,1985,14831.520,não
ADVEC,Economias avançadas,PPPPC,1986,15535.899,não
ADVEC,Economias avançadas,PPPPC,1987,16425.157,não
ADVEC,Economias avançadas,PPPPC,1988,17694.521,não
ADVEC,Economias avançadas,PPPPC,1989,18982.342,não
ADVEC,Economias avançadas,PPPPC,1990,20108.646,não
ADVEC,Economias avançadas,PPPPC,1991,20917.050,não
ADVEC,Economias avançadas,PPPPC,1992,21553.566,não
ADVEC,Economias avançadas,PPPPC,1993,22059.611,não
ADVEC,Economias avançadas,PPPPC,1994,23122.451,não
ADVEC,Economias avançadas,PPPPC,1995,23976.932,não
ADVEC,Economias avançadas,PPPPC,1996,25002.038,não
ADVEC,Economias avançadas,PPPPC,1997,26162.727,não
ADVEC,Economias avançadas,PPPPC,1998,27010.503,não
ADVEC,Economias avançadas,PPPPC,1999,28196.641,não
ADVEC,Economias avançadas,PPPPC,2000,29854.555,não
ADVEC,Economias avançadas,PPPPC,2001,30820.255,não
ADVEC,Economias avançadas,PPPPC,2002,31607.337,não
ADVEC,Economias avançadas,PPPPC,2003,32679.647,não
ADVEC,Economias avançadas,PPPPC,2004,34433.116,não
ADVEC,Economias avançadas,PPPPC,2005,36297.986,não
ADVEC,Economias avançadas,PPPPC,2006,38330.678,não
ADVEC,Economias avançadas,PPPPC,2007,40201.824,não
ADVEC,Economias avançadas,PPPPC,2008,40844.565,não
ADVEC,Economias avançadas,PPPPC,2009,39468.287,não
ADVEC,Economias avançadas,PPPPC,2010,40966.901,não
ADVEC,Economias avançadas,PPPPC,2011,42296.961,não
ADVEC,Economias avançadas,PPPPC,2012,43385.950,não
ADVEC,Economias avançadas,PPPPC,2013,44586.006,não
ADVEC,Economias avançadas,PPPPC,2014,46117.979,não
ADVEC,Economias avançadas,PPPPC,2015,47418.728,não
ADVEC,Economias avançadas,PPPPC,2016,48505.066,não
ADVEC,Economias avançadas,PPPPC,2017,50456.499,não
ADVEC,Economias avançadas,PPPPC,2018,52547.507,não
ADVEC,Economias avançadas,PPPPC,2019,55012.390,não
ADVEC,Economias avançadas,PPPPC,2020,54127.488,não
ADVEC,Economias avançadas,PPPPC,2021,59864.659,não
ADVEC,Economias avançadas,PPPPC,2022,65755.516,não
ADVEC,Economias avançadas,PPPPC,2023,68791.383,não
ADVEC,Economias avançadas,PPPPC,2024,71336.423,não
ADVEC,Economias avançadas,PPPPC,2025,74516.332,não
ADVEC,Economias avançadas,PPPPC,2026,77843.065,sim
ADVEC,Economias avançadas,PPPPC,2027,80762.893,sim
ADVEC,Economias avançadas,PPPPC,2028,83374.311,sim
ADVEC,Economias avançadas,PPPPC,2029,86066.495,sim
ADVEC,Economias avançadas,PPPPC,2030,88828.443,sim
ADVEC,Economias avançadas,PPPPC,2031,91639.499,sim
OEMDC,Economias emergentes e em desenvolvimento,PPPPC,1980,1499.811,não
OEMDC,Economias emergentes e em desenvolvimento,PPPPC,1981,1638.883,não
OEMDC,Economias emergentes e em desenvolvimento,PPPPC,1982,1722.695,não
OEMDC,Economias emergentes e em desenvolvimento,PPPPC,1983,1778.558,não
OEMDC,Economias emergentes e em desenvolvimento,PPPPC,1984,1876.856,não
OEMDC,Economias emergentes e em desenvolvimento,PPPPC,1985,1963.001,não
OEMDC,Economias emergentes e em desenvolvimento,PPPPC,1986,2024.150,não
OEMDC,Economias emergentes e em desenvolvimento,PPPPC,1987,2110.710,não
OEMDC,Economias emergentes e em desenvolvimento,PPPPC,1988,2224.605,não
OEMDC,Economias emergentes e em desenvolvimento,PPPPC,1989,2330.360,não
OEMDC,Economias emergentes e em desenvolvimento,PPPPC,1990,2451.188,não
OEMDC,Economias emergentes e em desenvolvimento,PPPPC,1991,2582.827,não
OEMDC,Economias emergentes e em desenvolvimento,PPPPC,1992,3083.369,não
OEMDC,Economias emergentes e em desenvolvimento,PPPPC,1993,3187.177,não
OEMDC,Economias emergentes e em desenvolvimento,PPPPC,1994,3269.519,não
OEMDC,Economias emergentes e em desenvolvimento,PPPPC,1995,3398.970,não
OEMDC,Economias emergentes e em desenvolvimento,PPPPC,1996,3566.904,não
OEMDC,Economias emergentes e em desenvolvimento,PPPPC,1997,3736.978,não
OEMDC,Economias emergentes e em desenvolvimento,PPPPC,1998,3771.576,não
OEMDC,Economias emergentes e em desenvolvimento,PPPPC,1999,3901.940,não
OEMDC,Economias emergentes e em desenvolvimento,PPPPC,2000,4151.639,não
OEMDC,Economias emergentes e em desenvolvimento,PPPPC,2001,4335.722,não
OEMDC,Economias emergentes e em desenvolvimento,PPPPC,2002,4514.270,não
OEMDC,Economias emergentes e em desenvolvimento,PPPPC,2003,4811.722,não
OEMDC,Economias emergentes e em desenvolvimento,PPPPC,2004,5243.356,não
OEMDC,Economias emergentes e em desenvolvimento,PPPPC,2005,5698.372,não
OEMDC,Economias emergentes e em desenvolvimento,PPPPC,2006,6239.231,não
OEMDC,Economias emergentes e em desenvolvimento,PPPPC,2007,6827.324,não
OEMDC,Economias emergentes e em desenvolvimento,PPPPC,2008,7242.548,não
OEMDC,Economias emergentes e em desenvolvimento,PPPPC,2009,7347.553,não
OEMDC,Economias emergentes e em desenvolvimento,PPPPC,2010,7862.550,não
OEMDC,Economias emergentes e em desenvolvimento,PPPPC,2011,8399.940,não
OEMDC,Economias emergentes e em desenvolvimento,PPPPC,2012,8850.130,não
OEMDC,Economias emergentes e em desenvolvimento,PPPPC,2013,9309.123,não
OEMDC,Economias emergentes e em desenvolvimento,PPPPC,2014,9754.549,não
OEMDC,Economias emergentes e em desenvolvimento,PPPPC,2015,10118.567,não
OEMDC,Economias emergentes e em desenvolvimento,PPPPC,2016,10498.257,não
OEMDC,Economias emergentes e em desenvolvimento,PPPPC,2017,11042.737,não
OEMDC,Economias emergentes e em desenvolvimento,PPPPC,2018,11764.432,não
OEMDC,Economias emergentes e em desenvolvimento,PPPPC,2019,12393.194,não
OEMDC,Economias emergentes e em desenvolvimento,PPPPC,2020,12327.282,não
OEMDC,Economias emergentes e em desenvolvimento,PPPPC,2021,13794.018,não
OEMDC,Economias emergentes e em desenvolvimento,PPPPC,2022,15247.908,não
OEMDC,Economias emergentes e em desenvolvimento,PPPPC,2023,16345.618,não
OEMDC,Economias emergentes e em desenvolvimento,PPPPC,2024,17317.387,não
OEMDC,Economias emergentes e em desenvolvimento,PPPPC,2025,18413.227,não
OEMDC,Economias emergentes e em desenvolvimento,PPPPC,2026,19587.864,sim
OEMDC,Economias emergentes e em desenvolvimento,PPPPC,2027,20646.765,sim
OEMDC,Economias emergentes e em desenvolvimento,PPPPC,2028,21642.279,sim
OEMDC,Economias emergentes e em desenvolvimento,PPPPC,2029,22706.214,sim
OEMDC,Economias emergentes e em desenvolvimento,PPPPC,2030,23809.590,sim
OEMDC,Economias emergentes e em desenvolvimento,PPPPC,2031,24952.877,sim
BRA,Brasil,PPPSH,1980,3.968,não
BRA,Brasil,PPPSH,1981,3.706,não
BRA,Brasil,PPPSH,1982,3.709,não
BRA,Brasil,PPPSH,1983,3.495,não
BRA,Brasil,PPPSH,1984,3.523,não
BRA,Brasil,PPPSH,1985,3.669,não
BRA,Brasil,PPPSH,1986,3.821,não
BRA,Brasil,PPPSH,1987,3.811,não
BRA,Brasil,PPPSH,1988,3.660,não
BRA,Brasil,PPPSH,1989,3.646,não
BRA,Brasil,PPPSH,1990,3.360,não
BRA,Brasil,PPPSH,1991,3.319,não
BRA,Brasil,PPPSH,1992,2.965,não
BRA,Brasil,PPPSH,1993,3.047,não
BRA,Brasil,PPPSH,1994,3.121,não
BRA,Brasil,PPPSH,1995,3.145,não
BRA,Brasil,PPPSH,1996,3.097,não
BRA,Brasil,PPPSH,1997,3.077,não
BRA,Brasil,PPPSH,1998,3.008,não
BRA,Brasil,PPPSH,1999,2.921,não
BRA,Brasil,PPPSH,2000,2.900,não
BRA,Brasil,PPPSH,2001,2.871,não
BRA,Brasil,PPPSH,2002,2.879,não
BRA,Brasil,PPPSH,2003,2.809,não
BRA,Brasil,PPPSH,2004,2.826,não
BRA,Brasil,PPPSH,2005,2.788,não
BRA,Brasil,PPPSH,2006,2.755,não
BRA,Brasil,PPPSH,2007,2.778,não
BRA,Brasil,PPPSH,2008,2.839,não
BRA,Brasil,PPPSH,2009,2.855,não
BRA,Brasil,PPPSH,2010,2.919,não
BRA,Brasil,PPPSH,2011,2.924,não
BRA,Brasil,PPPSH,2012,2.887,não
BRA,Brasil,PPPSH,2013,2.878,não
BRA,Brasil,PPPSH,2014,2.795,não
BRA,Brasil,PPPSH,2015,2.609,não
BRA,Brasil,PPPSH,2016,2.447,não
BRA,Brasil,PPPSH,2017,2.389,não
BRA,Brasil,PPPSH,2018,2.402,não
BRA,Brasil,PPPSH,2019,2.372,não
BRA,Brasil,PPPSH,2020,2.396,não
BRA,Brasil,PPPSH,2021,2.411,não
BRA,Brasil,PPPSH,2022,2.396,não
BRA,Brasil,PPPSH,2023,2.396,não
BRA,Brasil,PPPSH,2024,2.397,não
BRA,Brasil,PPPSH,2025,2.372,não
BRA,Brasil,PPPSH,2026,2.348,sim
BRA,Brasil,PPPSH,2027,2.320,sim
BRA,Brasil,PPPSH,2028,2.300,sim
BRA,Brasil,PPPSH,2029,2.286,sim
BRA,Brasil,PPPSH,2030,2.274,sim
BRA,Brasil,PPPSH,2031,2.263,sim
ARG,Argentina,PPPSH,1980,1.516,não
ARG,Argentina,PPPSH,1981,1.396,não
ARG,Argentina,PPPSH,1982,1.346,não
ARG,Argentina,PPPSH,1983,1.361,não
ARG,Argentina,PPPSH,1984,1.329,não
ARG,Argentina,PPPSH,1985,1.194,não
ARG,Argentina,PPPSH,1986,1.239,não
ARG,Argentina,PPPSH,1987,1.223,não
ARG,Argentina,PPPSH,1988,1.148,não
ARG,Argentina,PPPSH,1989,1.031,não
ARG,Argentina,PPPSH,1990,0.978,não
ARG,Argentina,PPPSH,1991,1.056,não
ARG,Argentina,PPPSH,1992,1.046,não
ARG,Argentina,PPPSH,1993,1.091,não
ARG,Argentina,PPPSH,1994,1.123,não
ARG,Argentina,PPPSH,1995,1.053,não
ARG,Argentina,PPPSH,1996,1.071,não
ARG,Argentina,PPPSH,1997,1.112,não
ARG,Argentina,PPPSH,1998,1.125,não
ARG,Argentina,PPPSH,1999,1.051,não
ARG,Argentina,PPPSH,2000,0.991,não
ARG,Argentina,PPPSH,2001,0.925,não
ARG,Argentina,PPPSH,2002,0.802,não
ARG,Argentina,PPPSH,2003,0.843,não
ARG,Argentina,PPPSH,2004,0.874,não
ARG,Argentina,PPPSH,2005,0.909,não
ARG,Argentina,PPPSH,2006,0.934,não
ARG,Argentina,PPPSH,2007,0.967,não
ARG,Argentina,PPPSH,2008,0.979,não
ARG,Argentina,PPPSH,2009,0.927,não
ARG,Argentina,PPPSH,2010,0.971,não
ARG,Argentina,PPPSH,2011,0.992,não
ARG,Argentina,PPPSH,2012,0.951,não
ARG,Argentina,PPPSH,2013,0.942,não
ARG,Argentina,PPPSH,2014,0.888,não
ARG,Argentina,PPPSH,2015,0.883,não
ARG,Argentina,PPPSH,2016,0.838,não
ARG,Argentina,PPPSH,2017,0.830,não
ARG,Argentina,PPPSH,2018,0.822,não
ARG,Argentina,PPPSH,2019,0.752,não
ARG,Argentina,PPPSH,2020,0.722,não
ARG,Argentina,PPPSH,2021,0.759,não
ARG,Argentina,PPPSH,2022,0.776,não
ARG,Argentina,PPPSH,2023,0.738,não
ARG,Argentina,PPPSH,2024,0.704,não
ARG,Argentina,PPPSH,2025,0.711,não
ARG,Argentina,PPPSH,2026,0.714,sim
ARG,Argentina,PPPSH,2027,0.720,sim
ARG,Argentina,PPPSH,2028,0.724,sim
ARG,Argentina,PPPSH,2029,0.727,sim
ARG,Argentina,PPPSH,2030,0.727,sim
ARG,Argentina,PPPSH,2031,0.727,sim
CHL,Chile,PPPSH,1980,0.294,não
CHL,Chile,PPPSH,1981,0.305,não
CHL,Chile,PPPSH,1982,0.262,não
CHL,Chile,PPPSH,1983,0.249,não
CHL,Chile,PPPSH,1984,0.252,não
CHL,Chile,PPPSH,1985,0.248,não
CHL,Chile,PPPSH,1986,0.254,não
CHL,Chile,PPPSH,1987,0.260,não
CHL,Chile,PPPSH,1988,0.267,não
CHL,Chile,PPPSH,1989,0.285,não
CHL,Chile,PPPSH,1990,0.285,não
CHL,Chile,PPPSH,1991,0.300,não
CHL,Chile,PPPSH,1992,0.299,não
CHL,Chile,PPPSH,1993,0.313,não
CHL,Chile,PPPSH,1994,0.320,não
CHL,Chile,PPPSH,1995,0.336,não
CHL,Chile,PPPSH,1996,0.340,não
CHL,Chile,PPPSH,1997,0.351,não
CHL,Chile,PPPSH,1998,0.356,não
CHL,Chile,PPPSH,1999,0.343,não
CHL,Chile,PPPSH,2000,0.343,não
CHL,Chile,PPPSH,2001,0.345,não
CHL,Chile,PPPSH,2002,0.347,não
CHL,Chile,PPPSH,2003,0.350,não
CHL,Chile,PPPSH,2004,0.355,não
CHL,Chile,PPPSH,2005,0.360,não
CHL,Chile,PPPSH,2006,0.363,não
CHL,Chile,PPPSH,2007,0.362,não
CHL,Chile,PPPSH,2008,0.366,não
CHL,Chile,PPPSH,2009,0.364,não
CHL,Chile,PPPSH,2010,0.367,não
CHL,Chile,PPPSH,2011,0.375,não
CHL,Chile,PPPSH,2012,0.386,não
CHL,Chile,PPPSH,2013,0.386,não
CHL,Chile,PPPSH,2014,0.379,não
CHL,Chile,PPPSH,2015,0.375,não
CHL,Chile,PPPSH,2016,0.370,não
CHL,Chile,PPPSH,2017,0.361,não
CHL,Chile,PPPSH,2018,0.360,não
CHL,Chile,PPPSH,2019,0.350,não
CHL,Chile,PPPSH,2020,0.350,não
CHL,Chile,PPPSH,2021,0.360,não
CHL,Chile,PPPSH,2022,0.355,não
CHL,Chile,PPPSH,2023,0.346,não
CHL,Chile,PPPSH,2024,0.343,não
CHL,Chile,PPPSH,2025,0.340,não
CHL,Chile,PPPSH,2026,0.338,sim
CHL,Chile,PPPSH,2027,0.336,sim
CHL,Chile,PPPSH,2028,0.333,sim
CHL,Chile,PPPSH,2029,0.330,sim
CHL,Chile,PPPSH,2030,0.328,sim
CHL,Chile,PPPSH,2031,0.325,sim
COL,Colômbia,PPPSH,1980,0.585,não
COL,Colômbia,PPPSH,1981,0.585,não
COL,Colômbia,PPPSH,1982,0.587,não
COL,Colômbia,PPPSH,1983,0.582,não
COL,Colômbia,PPPSH,1984,0.576,não
COL,Colômbia,PPPSH,1985,0.573,não
COL,Colômbia,PPPSH,1986,0.587,não
COL,Colômbia,PPPSH,1987,0.596,não
COL,Colômbia,PPPSH,1988,0.594,não
COL,Colômbia,PPPSH,1989,0.593,não
COL,Colômbia,PPPSH,1990,0.594,não
COL,Colômbia,PPPSH,1991,0.595,não
COL,Colômbia,PPPSH,1992,0.557,não
COL,Colômbia,PPPSH,1993,0.578,não
COL,Colômbia,PPPSH,1994,0.591,não
COL,Colômbia,PPPSH,1995,0.600,não
COL,Colômbia,PPPSH,1996,0.590,não
COL,Colômbia,PPPSH,1997,0.587,não
COL,Colômbia,PPPSH,1998,0.575,não
COL,Colômbia,PPPSH,1999,0.532,não
COL,Colômbia,PPPSH,2000,0.521,não
COL,Colômbia,PPPSH,2001,0.517,não
COL,Colômbia,PPPSH,2002,0.516,não
COL,Colômbia,PPPSH,2003,0.517,não
COL,Colômbia,PPPSH,2004,0.518,não
COL,Colômbia,PPPSH,2005,0.517,não
COL,Colômbia,PPPSH,2006,0.525,não
COL,Colômbia,PPPSH,2007,0.533,não
COL,Colômbia,PPPSH,2008,0.535,não
COL,Colômbia,PPPSH,2009,0.545,não
COL,Colômbia,PPPSH,2010,0.541,não
COL,Colômbia,PPPSH,2011,0.558,não
COL,Colômbia,PPPSH,2012,0.561,não
COL,Colômbia,PPPSH,2013,0.571,não
COL,Colômbia,PPPSH,2014,0.577,não
COL,Colômbia,PPPSH,2015,0.575,não
COL,Colômbia,PPPSH,2016,0.569,não
COL,Colômbia,PPPSH,2017,0.556,não
COL,Colômbia,PPPSH,2018,0.563,não
COL,Colômbia,PPPSH,2019,0.574,não
COL,Colômbia,PPPSH,2020,0.560,não
COL,Colômbia,PPPSH,2021,0.577,não
COL,Colômbia,PPPSH,2022,0.597,não
COL,Colômbia,PPPSH,2023,0.583,não
COL,Colômbia,PPPSH,2024,0.573,não
COL,Colômbia,PPPSH,2025,0.569,não
COL,Colômbia,PPPSH,2026,0.565,sim
COL,Colômbia,PPPSH,2027,0.562,sim
COL,Colômbia,PPPSH,2028,0.558,sim
COL,Colômbia,PPPSH,2029,0.556,sim
COL,Colômbia,PPPSH,2030,0.555,sim
COL,Colômbia,PPPSH,2031,0.553,sim
MEX,México,PPPSH,1980,3.337,não
MEX,México,PPPSH,1981,3.573,não
MEX,México,PPPSH,1982,3.553,não
MEX,México,PPPSH,1983,3.305,não
MEX,México,PPPSH,1984,3.275,não
MEX,México,PPPSH,1985,3.222,não
MEX,México,PPPSH,1986,2.997,não
MEX,México,PPPSH,1987,2.945,não
MEX,México,PPPSH,1988,2.855,não
MEX,México,PPPSH,1989,2.856,não
MEX,México,PPPSH,1990,2.890,não
MEX,México,PPPSH,1991,2.938,não
MEX,México,PPPSH,1992,2.732,não
MEX,México,PPPSH,1993,2.759,não
MEX,México,PPPSH,1994,2.801,não
MEX,México,PPPSH,1995,2.543,não
MEX,México,PPPSH,1996,2.603,não
MEX,México,PPPSH,1997,2.681,não
MEX,México,PPPSH,1998,2.774,não
MEX,México,PPPSH,1999,2.754,não
MEX,México,PPPSH,2000,2.752,não
MEX,México,PPPSH,2001,2.674,não
MEX,México,PPPSH,2002,2.596,não
MEX,México,PPPSH,2003,2.535,não
MEX,México,PPPSH,2004,2.497,não
MEX,México,PPPSH,2005,2.437,não
MEX,México,PPPSH,2006,2.428,não
MEX,México,PPPSH,2007,2.356,não
MEX,México,PPPSH,2008,2.313,não
MEX,México,PPPSH,2009,2.182,não
MEX,México,PPPSH,2010,2.178,não
MEX,México,PPPSH,2011,2.170,não
MEX,México,PPPSH,2012,2.177,não
MEX,México,PPPSH,2013,2.125,não
MEX,México,PPPSH,2014,2.105,não
MEX,México,PPPSH,2015,2.092,não
MEX,México,PPPSH,2016,2.065,não
MEX,México,PPPSH,2017,2.027,não
MEX,México,PPPSH,2018,1.964,não
MEX,México,PPPSH,2019,1.876,não
MEX,México,PPPSH,2020,1.750,não
MEX,México,PPPSH,2021,1.709,não
MEX,México,PPPSH,2022,1.710,não
MEX,México,PPPSH,2023,1.707,não
MEX,México,PPPSH,2024,1.674,não
MEX,México,PPPSH,2025,1.628,não
MEX,México,PPPSH,2026,1.608,sim
MEX,México,PPPSH,2027,1.592,sim
MEX,México,PPPSH,2028,1.575,sim
MEX,México,PPPSH,2029,1.558,sim
MEX,México,PPPSH,2030,1.542,sim
MEX,México,PPPSH,2031,1.527,sim
PER,Peru,PPPSH,1980,0.396,não
PER,Peru,PPPSH,1981,0.408,não
PER,Peru,PPPSH,1982,0.405,não
PER,Peru,PPPSH,1983,0.358,não
PER,Peru,PPPSH,1984,0.356,não
PER,Peru,PPPSH,1985,0.351,não
PER,Peru,PPPSH,1986,0.381,não
PER,Peru,PPPSH,1987,0.395,não
PER,Peru,PPPSH,1988,0.343,não
PER,Peru,PPPSH,1989,0.286,não
PER,Peru,PPPSH,1990,0.261,não
PER,Peru,PPPSH,1991,0.261,não
PER,Peru,PPPSH,1992,0.233,não
PER,Peru,PPPSH,1993,0.241,não
PER,Peru,PPPSH,1994,0.263,não
PER,Peru,PPPSH,1995,0.273,não
PER,Peru,PPPSH,1996,0.270,não
PER,Peru,PPPSH,1997,0.276,não
PER,Peru,PPPSH,1998,0.268,não
PER,Peru,PPPSH,1999,0.263,não
PER,Peru,PPPSH,2000,0.257,não
PER,Peru,PPPSH,2001,0.252,não
PER,Peru,PPPSH,2002,0.259,não
PER,Peru,PPPSH,2003,0.260,não
PER,Peru,PPPSH,2004,0.260,não
PER,Peru,PPPSH,2005,0.264,não
PER,Peru,PPPSH,2006,0.270,não
PER,Peru,PPPSH,2007,0.278,não
PER,Peru,PPPSH,2008,0.295,não
PER,Peru,PPPSH,2009,0.301,não
PER,Peru,PPPSH,2010,0.310,não
PER,Peru,PPPSH,2011,0.317,não
PER,Peru,PPPSH,2012,0.326,não
PER,Peru,PPPSH,2013,0.334,não
PER,Peru,PPPSH,2014,0.331,não
PER,Peru,PPPSH,2015,0.330,não
PER,Peru,PPPSH,2016,0.333,não
PER,Peru,PPPSH,2017,0.329,não
PER,Peru,PPPSH,2018,0.325,não
PER,Peru,PPPSH,2019,0.324,não
PER,Peru,PPPSH,2020,0.307,não
PER,Peru,PPPSH,2021,0.328,não
PER,Peru,PPPSH,2022,0.325,não
PER,Peru,PPPSH,2023,0.314,não
PER,Peru,PPPSH,2024,0.314,não
PER,Peru,PPPSH,2025,0.314,não
PER,Peru,PPPSH,2026,0.314,sim
PER,Peru,PPPSH,2027,0.313,sim
PER,Peru,PPPSH,2028,0.311,sim
PER,Peru,PPPSH,2029,0.310,sim
PER,Peru,PPPSH,2030,0.310,sim
PER,Peru,PPPSH,2031,0.309,sim
USA,Estados Unidos,PPPSH,1980,21.596,não
USA,Estados Unidos,PPPSH,1981,21.636,não
USA,Estados Unidos,PPPSH,1982,21.137,não
USA,Estados Unidos,PPPSH,1983,21.560,não
USA,Estados Unidos,PPPSH,1984,22.130,não
USA,Estados Unidos,PPPSH,1985,22.253,não
USA,Estados Unidos,PPPSH,1986,22.298,não
USA,Estados Unidos,PPPSH,1987,22.206,não
USA,Estados Unidos,PPPSH,1988,22.159,não
USA,Estados Unidos,PPPSH,1989,22.175,não
USA,Estados Unidos,PPPSH,1990,21.724,não
USA,Estados Unidos,PPPSH,1991,21.217,não
USA,Estados Unidos,PPPSH,1992,19.718,não
USA,Estados Unidos,PPPSH,1993,19.892,não
USA,Estados Unidos,PPPSH,1994,20.122,não
USA,Estados Unidos,PPPSH,1995,19.940,não
USA,Estados Unidos,PPPSH,1996,19.938,não
USA,Estados Unidos,PPPSH,1997,20.006,não
USA,Estados Unidos,PPPSH,1998,20.369,não
USA,Estados Unidos,PPPSH,1999,20.628,não
USA,Estados Unidos,PPPSH,2000,20.421,não
USA,Estados Unidos,PPPSH,2001,20.126,não
USA,Estados Unidos,PPPSH,2002,19.919,não
USA,Estados Unidos,PPPSH,2003,19.756,não
USA,Estados Unidos,PPPSH,2004,19.514,não
USA,Estados Unidos,PPPSH,2005,19.301,não
USA,Estados Unidos,PPPSH,2006,18.863,não
USA,Estados Unidos,PPPSH,2007,18.286,não
USA,Estados Unidos,PPPSH,2008,17.806,não
USA,Estados Unidos,PPPSH,2009,17.462,não
USA,Estados Unidos,PPPSH,2010,17.056,não
USA,Estados Unidos,PPPSH,2011,16.686,não
USA,Estados Unidos,PPPSH,2012,16.534,não
USA,Estados Unidos,PPPSH,2013,16.341,não
USA,Estados Unidos,PPPSH,2014,16.190,não
USA,Estados Unidos,PPPSH,2015,16.129,não
USA,Estados Unidos,PPPSH,2016,15.925,não
USA,Estados Unidos,PPPSH,2017,15.723,não
USA,Estados Unidos,PPPSH,2018,15.568,não
USA,Estados Unidos,PPPSH,2019,15.323,não
USA,Estados Unidos,PPPSH,2020,15.242,não
USA,Estados Unidos,PPPSH,2021,15.104,não
USA,Estados Unidos,PPPSH,2022,14.938,não
USA,Estados Unidos,PPPSH,2023,14.892,não
USA,Estados Unidos,PPPSH,2024,14.810,não
USA,Estados Unidos,PPPSH,2025,14.628,não
USA,Estados Unidos,PPPSH,2026,14.538,sim
USA,Estados Unidos,PPPSH,2027,14.384,sim
USA,Estados Unidos,PPPSH,2028,14.229,sim
USA,Estados Unidos,PPPSH,2029,14.057,sim
USA,Estados Unidos,PPPSH,2030,13.881,sim
USA,Estados Unidos,PPPSH,2031,13.707,sim
CHN,China,PPPSH,1980,2.055,não
CHN,China,PPPSH,1981,2.110,não
CHN,China,PPPSH,1982,2.289,não
CHN,China,PPPSH,1983,2.473,não
CHN,China,PPPSH,1984,2.727,não
CHN,China,PPPSH,1985,2.988,não
CHN,China,PPPSH,1986,3.151,não
CHN,China,PPPSH,1987,3.388,não
CHN,China,PPPSH,1988,3.609,não
CHN,China,PPPSH,1989,3.630,não
CHN,China,PPPSH,1990,3.626,não
CHN,China,PPPSH,1991,3.907,não
CHN,China,PPPSH,1992,4.008,não
CHN,China,PPPSH,1993,4.484,não
CHN,China,PPPSH,1994,4.931,não
CHN,China,PPPSH,1995,5.283,não
CHN,China,PPPSH,1996,5.598,não
CHN,China,PPPSH,1997,5.879,não
CHN,China,PPPSH,1998,6.184,não
CHN,China,PPPSH,1999,6.440,não
CHN,China,PPPSH,2000,6.650,não
CHN,China,PPPSH,2001,7.032,não
CHN,China,PPPSH,2002,7.474,não
CHN,China,PPPSH,2003,7.941,não
CHN,China,PPPSH,2004,8.317,não
CHN,China,PPPSH,2005,8.859,não
CHN,China,PPPSH,2006,9.490,não
CHN,China,PPPSH,2007,10.295,não
CHN,China,PPPSH,2008,10.979,não
CHN,China,PPPSH,2009,12.096,não
CHN,China,PPPSH,2010,12.722,não
CHN,China,PPPSH,2011,13.412,não
CHN,China,PPPSH,2012,14.013,não
CHN,China,PPPSH,2013,14.615,não
CHN,China,PPPSH,2014,15.183,não
CHN,China,PPPSH,2015,15.723,não
CHN,China,PPPSH,2016,16.280,não
CHN,China,PPPSH,2017,16.769,não
CHN,China,PPPSH,2018,17.186,não
CHN,China,PPPSH,2019,17.641,não
CHN,China,PPPSH,2020,18.512,não
CHN,China,PPPSH,2021,18.729,não
CHN,China,PPPSH,2022,18.630,não
CHN,China,PPPSH,2023,19.013,não
CHN,China,PPPSH,2024,19.315,não
CHN,China,PPPSH,2025,19.609,não
CHN,China,PPPSH,2026,19.885,sim
CHN,China,PPPSH,2027,20.047,sim
CHN,China,PPPSH,2028,20.201,sim
CHN,China,PPPSH,2029,20.306,sim
CHN,China,PPPSH,2030,20.365,sim
CHN,China,PPPSH,2031,20.415,sim
IND,Índia,PPPSH,1980,2.726,não
IND,Índia,PPPSH,1981,2.824,não
IND,Índia,PPPSH,1982,2.907,não
IND,Índia,PPPSH,1983,3.042,não
IND,Índia,PPPSH,1984,3.023,não
IND,Índia,PPPSH,1985,3.071,não
IND,Índia,PPPSH,1986,3.116,não
IND,Índia,PPPSH,1987,3.119,não
IND,Índia,PPPSH,1988,3.275,não
IND,Índia,PPPSH,1989,3.349,não
IND,Índia,PPPSH,1990,3.399,não
IND,Índia,PPPSH,1991,3.358,não
IND,Índia,PPPSH,1992,3.180,não
IND,Índia,PPPSH,1993,3.271,não
IND,Índia,PPPSH,1994,3.392,não
IND,Índia,PPPSH,1995,3.521,não
IND,Índia,PPPSH,1996,3.649,não
IND,Índia,PPPSH,1997,3.648,não
IND,Índia,PPPSH,1998,3.774,não
IND,Índia,PPPSH,1999,3.970,não
IND,Índia,PPPSH,2000,3.922,não
IND,Índia,PPPSH,2001,4.013,não
IND,Índia,PPPSH,2002,4.054,não
IND,Índia,PPPSH,2003,4.219,não
IND,Índia,PPPSH,2004,4.331,não
IND,Índia,PPPSH,2005,4.467,não
IND,Índia,PPPSH,2006,4.590,não
IND,Índia,PPPSH,2007,4.696,não
IND,Índia,PPPSH,2008,4.709,não
IND,Índia,PPPSH,2009,5.113,não
IND,Índia,PPPSH,2010,5.276,não
IND,Índia,PPPSH,2011,5.348,não
IND,Índia,PPPSH,2012,5.464,não
IND,Índia,PPPSH,2013,5.626,não
IND,Índia,PPPSH,2014,5.839,não
IND,Índia,PPPSH,2015,6.103,não
IND,Índia,PPPSH,2016,6.406,não
IND,Índia,PPPSH,2017,6.593,não
IND,Índia,PPPSH,2018,6.830,não
IND,Índia,PPPSH,2019,6.918,não
IND,Índia,PPPSH,2020,6.804,não
IND,Índia,PPPSH,2021,7.058,não
IND,Índia,PPPSH,2022,7.327,não
IND,Índia,PPPSH,2023,7.607,não
IND,Índia,PPPSH,2024,7.883,não
IND,Índia,PPPSH,2025,8.205,não
IND,Índia,PPPSH,2026,8.486,sim
IND,Índia,PPPSH,2027,8.760,sim
IND,Índia,PPPSH,2028,9.039,sim
IND,Índia,PPPSH,2029,9.337,sim
IND,Índia,PPPSH,2030,9.650,sim
IND,Índia,PPPSH,2031,9.975,sim
KOR,Coreia do Sul,PPPSH,1980,0.634,não
KOR,Coreia do Sul,PPPSH,1981,0.665,não
KOR,Coreia do Sul,PPPSH,1982,0.718,não
KOR,Coreia do Sul,PPPSH,1983,0.794,não
KOR,Coreia do Sul,PPPSH,1984,0.841,não
KOR,Coreia do Sul,PPPSH,1985,0.876,não
KOR,Coreia do Sul,PPPSH,1986,0.946,não
KOR,Coreia do Sul,PPPSH,1987,1.029,não
KOR,Coreia do Sul,PPPSH,1988,1.105,não
KOR,Coreia do Sul,PPPSH,1989,1.143,não
KOR,Coreia do Sul,PPPSH,1990,1.209,não
KOR,Coreia do Sul,PPPSH,1991,1.311,não
KOR,Coreia do Sul,PPPSH,1992,1.251,não
KOR,Coreia do Sul,PPPSH,1993,1.314,não
KOR,Coreia do Sul,PPPSH,1994,1.398,não
KOR,Coreia do Sul,PPPSH,1995,1.480,não
KOR,Coreia do Sul,PPPSH,1996,1.540,não
KOR,Coreia do Sul,PPPSH,1997,1.573,não
KOR,Coreia do Sul,PPPSH,1998,1.457,não
KOR,Coreia do Sul,PPPSH,1999,1.572,não
KOR,Coreia do Sul,PPPSH,2000,1.632,não
KOR,Coreia do Sul,PPPSH,2001,1.669,não
KOR,Coreia do Sul,PPPSH,2002,1.750,não
KOR,Coreia do Sul,PPPSH,2003,1.740,não
KOR,Coreia do Sul,PPPSH,2004,1.741,não
KOR,Coreia do Sul,PPPSH,2005,1.737,não
KOR,Coreia do Sul,PPPSH,2006,1.738,não
KOR,Coreia do Sul,PPPSH,2007,1.748,não
KOR,Coreia do Sul,PPPSH,2008,1.751,não
KOR,Coreia do Sul,PPPSH,2009,1.777,não
KOR,Coreia do Sul,PPPSH,2010,1.809,não
KOR,Coreia do Sul,PPPSH,2011,1.806,não
KOR,Coreia do Sul,PPPSH,2012,1.794,não
KOR,Coreia do Sul,PPPSH,2013,1.794,não
KOR,Coreia do Sul,PPPSH,2014,1.789,não
KOR,Coreia do Sul,PPPSH,2015,1.782,não
KOR,Coreia do Sul,PPPSH,2016,1.783,não
KOR,Coreia do Sul,PPPSH,2017,1.777,não
KOR,Coreia do Sul,PPPSH,2018,1.769,não
KOR,Coreia do Sul,PPPSH,2019,1.713,não
KOR,Coreia do Sul,PPPSH,2020,1.770,não
KOR,Coreia do Sul,PPPSH,2021,1.710,não
KOR,Coreia do Sul,PPPSH,2022,1.694,não
KOR,Coreia do Sul,PPPSH,2023,1.667,não
KOR,Coreia do Sul,PPPSH,2024,1.645,não
KOR,Coreia do Sul,PPPSH,2025,1.607,não
KOR,Coreia do Sul,PPPSH,2026,1.590,sim
KOR,Coreia do Sul,PPPSH,2027,1.574,sim
KOR,Coreia do Sul,PPPSH,2028,1.558,sim
KOR,Coreia do Sul,PPPSH,2029,1.540,sim
KOR,Coreia do Sul,PPPSH,2030,1.523,sim
KOR,Coreia do Sul,PPPSH,2031,1.506,sim
ZAF,África do Sul,PPPSH,1980,1.064,não
ZAF,África do Sul,PPPSH,1981,1.095,não
ZAF,África do Sul,PPPSH,1982,1.085,não
ZAF,África do Sul,PPPSH,1983,1.039,não
ZAF,África do Sul,PPPSH,1984,1.045,não
ZAF,África do Sul,PPPSH,1985,0.997,não
ZAF,África do Sul,PPPSH,1986,0.965,não
ZAF,África do Sul,PPPSH,1987,0.949,não
ZAF,África do Sul,PPPSH,1988,0.947,não
ZAF,África do Sul,PPPSH,1989,0.936,não
ZAF,África do Sul,PPPSH,1990,0.897,não
ZAF,África do Sul,PPPSH,1991,0.868,não
ZAF,África do Sul,PPPSH,1992,0.763,não
ZAF,África do Sul,PPPSH,1993,0.758,não
ZAF,África do Sul,PPPSH,1994,0.761,não
ZAF,África do Sul,PPPSH,1995,0.757,não
ZAF,África do Sul,PPPSH,1996,0.761,não
ZAF,África do Sul,PPPSH,1997,0.750,não
ZAF,África do Sul,PPPSH,1998,0.734,não
ZAF,África do Sul,PPPSH,1999,0.727,não
ZAF,África do Sul,PPPSH,2000,0.720,não
ZAF,África do Sul,PPPSH,2001,0.722,não
ZAF,África do Sul,PPPSH,2002,0.729,não
ZAF,África do Sul,PPPSH,2003,0.724,não
ZAF,África do Sul,PPPSH,2004,0.720,não
ZAF,África do Sul,PPPSH,2005,0.724,não
ZAF,África do Sul,PPPSH,2006,0.727,não
ZAF,África do Sul,PPPSH,2007,0.728,não
ZAF,África do Sul,PPPSH,2008,0.731,não
ZAF,África do Sul,PPPSH,2009,0.725,não
ZAF,África do Sul,PPPSH,2010,0.710,não
ZAF,África do Sul,PPPSH,2011,0.706,não
ZAF,África do Sul,PPPSH,2012,0.700,não
ZAF,África do Sul,PPPSH,2013,0.694,não
ZAF,África do Sul,PPPSH,2014,0.680,não
ZAF,África do Sul,PPPSH,2015,0.667,não
ZAF,África do Sul,PPPSH,2016,0.651,não
ZAF,África do Sul,PPPSH,2017,0.635,não
ZAF,África do Sul,PPPSH,2018,0.590,não
ZAF,África do Sul,PPPSH,2019,0.566,não
ZAF,África do Sul,PPPSH,2020,0.547,não
ZAF,África do Sul,PPPSH,2021,0.536,não
ZAF,África do Sul,PPPSH,2022,0.527,não
ZAF,África do Sul,PPPSH,2023,0.515,não
ZAF,África do Sul,PPPSH,2024,0.501,não
ZAF,África do Sul,PPPSH,2025,0.490,não
ZAF,África do Sul,PPPSH,2026,0.481,sim
ZAF,África do Sul,PPPSH,2027,0.472,sim
ZAF,África do Sul,PPPSH,2028,0.464,sim
ZAF,África do Sul,PPPSH,2029,0.458,sim
ZAF,África do Sul,PPPSH,2030,0.452,sim
ZAF,África do Sul,PPPSH,2031,0.447,sim
RUS,Rússia,PPPSH,1992,4.903,não
RUS,Rússia,PPPSH,1993,4.395,não
RUS,Rússia,PPPSH,1994,3.731,não
RUS,Rússia,PPPSH,1995,3.453,não
RUS,Rússia,PPPSH,1996,3.208,não
RUS,Rússia,PPPSH,1997,3.124,não
RUS,Rússia,PPPSH,1998,2.882,não
RUS,Rússia,PPPSH,1999,2.962,não
RUS,Rússia,PPPSH,2000,3.101,não
RUS,Rússia,PPPSH,2001,3.181,não
RUS,Rússia,PPPSH,2002,3.243,não
RUS,Rússia,PPPSH,2003,3.359,não
RUS,Rússia,PPPSH,2004,3.423,não
RUS,Rússia,PPPSH,2005,3.481,não
RUS,Rússia,PPPSH,2006,3.580,não
RUS,Rússia,PPPSH,2007,3.693,não
RUS,Rússia,PPPSH,2008,3.781,não
RUS,Rússia,PPPSH,2009,3.508,não
RUS,Rússia,PPPSH,2010,3.487,não
RUS,Rússia,PPPSH,2011,3.493,não
RUS,Rússia,PPPSH,2012,3.520,não
RUS,Rússia,PPPSH,2013,3.467,não
RUS,Rússia,PPPSH,2014,3.375,não
RUS,Rússia,PPPSH,2015,3.201,não
RUS,Rússia,PPPSH,2016,3.110,não
RUS,Rússia,PPPSH,2017,3.052,não
RUS,Rússia,PPPSH,2018,3.169,não
RUS,Rússia,PPPSH,2019,3.258,não
RUS,Rússia,PPPSH,2020,3.317,não
RUS,Rússia,PPPSH,2021,3.621,não
RUS,Rússia,PPPSH,2022,3.443,não
RUS,Rússia,PPPSH,2023,3.470,não
RUS,Rússia,PPPSH,2024,3.523,não
RUS,Rússia,PPPSH,2025,3.441,não
RUS,Rússia,PPPSH,2026,3.378,sim
RUS,Rússia,PPPSH,2027,3.309,sim
RUS,Rússia,PPPSH,2028,3.238,sim
RUS,Rússia,PPPSH,2029,3.172,sim
RUS,Rússia,PPPSH,2030,3.109,sim
RUS,Rússia,PPPSH,2031,3.047,sim
TUR,Turquia,PPPSH,1980,1.218,não
TUR,Turquia,PPPSH,1981,1.242,não
TUR,Turquia,PPPSH,1982,1.278,não
TUR,Turquia,PPPSH,1983,1.306,não
TUR,Turquia,PPPSH,1984,1.335,não
TUR,Turquia,PPPSH,1985,1.344,não
TUR,Turquia,PPPSH,1986,1.392,não
TUR,Turquia,PPPSH,1987,1.474,não
TUR,Turquia,PPPSH,1988,1.442,não
TUR,Turquia,PPPSH,1989,1.395,não
TUR,Turquia,PPPSH,1990,1.466,não
TUR,Turquia,PPPSH,1991,1.446,não
TUR,Turquia,PPPSH,1992,1.376,não
TUR,Turquia,PPPSH,1993,1.460,não
TUR,Turquia,PPPSH,1994,1.342,não
TUR,Turquia,PPPSH,1995,1.388,não
TUR,Turquia,PPPSH,1996,1.431,não
TUR,Turquia,PPPSH,1997,1.479,não
TUR,Turquia,PPPSH,1998,1.485,não
TUR,Turquia,PPPSH,1999,1.392,não
TUR,Turquia,PPPSH,2000,1.416,não
TUR,Turquia,PPPSH,2001,1.307,não
TUR,Turquia,PPPSH,2002,1.354,não
TUR,Turquia,PPPSH,2003,1.382,não
TUR,Turquia,PPPSH,2004,1.445,não
TUR,Turquia,PPPSH,2005,1.507,não
TUR,Turquia,PPPSH,2006,1.534,não
TUR,Turquia,PPPSH,2007,1.532,não
TUR,Turquia,PPPSH,2008,1.504,não
TUR,Turquia,PPPSH,2009,1.440,não
TUR,Turquia,PPPSH,2010,1.487,não
TUR,Turquia,PPPSH,2011,1.589,não
TUR,Turquia,PPPSH,2012,1.614,não
TUR,Turquia,PPPSH,2013,1.694,não
TUR,Turquia,PPPSH,2014,1.713,não
TUR,Turquia,PPPSH,2015,1.754,não
TUR,Turquia,PPPSH,2016,1.757,não
TUR,Turquia,PPPSH,2017,1.826,não
TUR,Turquia,PPPSH,2018,1.757,não
TUR,Turquia,PPPSH,2019,1.705,não
TUR,Turquia,PPPSH,2020,1.737,não
TUR,Turquia,PPPSH,2021,1.736,não
TUR,Turquia,PPPSH,2022,1.766,não
TUR,Turquia,PPPSH,2023,1.797,não
TUR,Turquia,PPPSH,2024,1.796,não
TUR,Turquia,PPPSH,2025,1.800,não
TUR,Turquia,PPPSH,2026,1.807,sim
TUR,Turquia,PPPSH,2027,1.812,sim
TUR,Turquia,PPPSH,2028,1.823,sim
TUR,Turquia,PPPSH,2029,1.838,sim
TUR,Turquia,PPPSH,2030,1.856,sim
TUR,Turquia,PPPSH,2031,1.874,sim
IDN,Indonésia,PPPSH,1980,1.236,não
IDN,Indonésia,PPPSH,1981,1.299,não
IDN,Indonésia,PPPSH,1982,1.322,não
IDN,Indonésia,PPPSH,1983,1.343,não
IDN,Indonésia,PPPSH,1984,1.383,não
IDN,Indonésia,PPPSH,1985,1.387,não
IDN,Indonésia,PPPSH,1986,1.440,não
IDN,Indonésia,PPPSH,1987,1.477,não
IDN,Indonésia,PPPSH,1988,1.514,não
IDN,Indonésia,PPPSH,1989,1.594,não
IDN,Indonésia,PPPSH,1990,1.671,não
IDN,Indonésia,PPPSH,1991,1.779,não
IDN,Indonésia,PPPSH,1992,1.702,não
IDN,Indonésia,PPPSH,1993,1.803,não
IDN,Indonésia,PPPSH,1994,1.886,não
IDN,Indonésia,PPPSH,1995,1.970,não
IDN,Indonésia,PPPSH,1996,2.046,não
IDN,Indonésia,PPPSH,1997,2.058,não
IDN,Indonésia,PPPSH,1998,1.742,não
IDN,Indonésia,PPPSH,1999,1.697,não
IDN,Indonésia,PPPSH,2000,1.695,não
IDN,Indonésia,PPPSH,2001,1.715,não
IDN,Indonésia,PPPSH,2002,1.744,não
IDN,Indonésia,PPPSH,2003,1.763,não
IDN,Indonésia,PPPSH,2004,1.761,não
IDN,Indonésia,PPPSH,2005,1.779,não
IDN,Indonésia,PPPSH,2006,1.785,não
IDN,Indonésia,PPPSH,2007,1.804,não
IDN,Indonésia,PPPSH,2008,1.885,não
IDN,Indonésia,PPPSH,2009,1.987,não
IDN,Indonésia,PPPSH,2010,2.010,não
IDN,Indonésia,PPPSH,2011,2.055,não
IDN,Indonésia,PPPSH,2012,2.111,não
IDN,Indonésia,PPPSH,2013,2.157,não
IDN,Indonésia,PPPSH,2014,2.189,não
IDN,Indonésia,PPPSH,2015,2.221,não
IDN,Indonésia,PPPSH,2016,2.262,não
IDN,Indonésia,PPPSH,2017,2.291,não
IDN,Indonésia,PPPSH,2018,2.314,não
IDN,Indonésia,PPPSH,2019,2.323,não
IDN,Indonésia,PPPSH,2020,2.299,não
IDN,Indonésia,PPPSH,2021,2.248,não
IDN,Indonésia,PPPSH,2022,2.283,não
IDN,Indonésia,PPPSH,2023,2.323,não
IDN,Indonésia,PPPSH,2024,2.361,não
IDN,Indonésia,PPPSH,2025,2.400,não
IDN,Indonésia,PPPSH,2026,2.446,sim
IDN,Indonésia,PPPSH,2027,2.491,sim
IDN,Indonésia,PPPSH,2028,2.538,sim
IDN,Indonésia,PPPSH,2029,2.589,sim
IDN,Indonésia,PPPSH,2030,2.643,sim
IDN,Indonésia,PPPSH,2031,2.700,sim
WEOWORLD,Mundo,PPPSH,1980,100.000,não
WEOWORLD,Mundo,PPPSH,1981,100.000,não
WEOWORLD,Mundo,PPPSH,1982,100.000,não
WEOWORLD,Mundo,PPPSH,1983,100.000,não
WEOWORLD,Mundo,PPPSH,1984,100.000,não
WEOWORLD,Mundo,PPPSH,1985,100.000,não
WEOWORLD,Mundo,PPPSH,1986,100.000,não
WEOWORLD,Mundo,PPPSH,1987,100.000,não
WEOWORLD,Mundo,PPPSH,1988,100.000,não
WEOWORLD,Mundo,PPPSH,1989,100.000,não
WEOWORLD,Mundo,PPPSH,1990,100.000,não
WEOWORLD,Mundo,PPPSH,1991,100.000,não
WEOWORLD,Mundo,PPPSH,1992,100.000,não
WEOWORLD,Mundo,PPPSH,1993,100.000,não
WEOWORLD,Mundo,PPPSH,1994,100.000,não
WEOWORLD,Mundo,PPPSH,1995,100.000,não
WEOWORLD,Mundo,PPPSH,1996,100.000,não
WEOWORLD,Mundo,PPPSH,1997,100.000,não
WEOWORLD,Mundo,PPPSH,1998,100.000,não
WEOWORLD,Mundo,PPPSH,1999,100.000,não
WEOWORLD,Mundo,PPPSH,2000,100.000,não
WEOWORLD,Mundo,PPPSH,2001,100.000,não
WEOWORLD,Mundo,PPPSH,2002,100.000,não
WEOWORLD,Mundo,PPPSH,2003,100.000,não
WEOWORLD,Mundo,PPPSH,2004,100.000,não
WEOWORLD,Mundo,PPPSH,2005,100.000,não
WEOWORLD,Mundo,PPPSH,2006,100.000,não
WEOWORLD,Mundo,PPPSH,2007,100.000,não
WEOWORLD,Mundo,PPPSH,2008,100.000,não
WEOWORLD,Mundo,PPPSH,2009,100.000,não
WEOWORLD,Mundo,PPPSH,2010,100.000,não
WEOWORLD,Mundo,PPPSH,2011,100.000,não
WEOWORLD,Mundo,PPPSH,2012,100.000,não
WEOWORLD,Mundo,PPPSH,2013,100.000,não
WEOWORLD,Mundo,PPPSH,2014,100.000,não
WEOWORLD,Mundo,PPPSH,2015,100.000,não
WEOWORLD,Mundo,PPPSH,2016,100.000,não
WEOWORLD,Mundo,PPPSH,2017,100.000,não
WEOWORLD,Mundo,PPPSH,2018,100.000,não
WEOWORLD,Mundo,PPPSH,2019,100.000,não
WEOWORLD,Mundo,PPPSH,2020,100.000,não
WEOWORLD,Mundo,PPPSH,2021,100.000,não
WEOWORLD,Mundo,PPPSH,2022,100.000,não
WEOWORLD,Mundo,PPPSH,2023,100.000,não
WEOWORLD,Mundo,PPPSH,2024,100.000,não
WEOWORLD,Mundo,PPPSH,2025,100.000,não
WEOWORLD,Mundo,PPPSH,2026,100.000,sim
WEOWORLD,Mundo,PPPSH,2027,100.000,sim
WEOWORLD,Mundo,PPPSH,2028,100.000,sim
WEOWORLD,Mundo,PPPSH,2029,100.000,sim
WEOWORLD,Mundo,PPPSH,2030,100.000,sim
WEOWORLD,Mundo,PPPSH,2031,100.000,sim
WE,América Latina e Caribe,PPPSH,1980,12.332,não
WE,América Latina e Caribe,PPPSH,1981,12.176,não
WE,América Latina e Caribe,PPPSH,1982,12.051,não
WE,América Latina e Caribe,PPPSH,1983,11.380,não
WE,América Latina e Caribe,PPPSH,1984,11.311,não
WE,América Latina e Caribe,PPPSH,1985,11.206,não
WE,América Latina e Caribe,PPPSH,1986,11.240,não
WE,América Latina e Caribe,PPPSH,1987,11.177,não
WE,América Latina e Caribe,PPPSH,1988,10.804,não
WE,América Latina e Caribe,PPPSH,1989,10.485,não
WE,América Latina e Caribe,PPPSH,1990,10.153,não
WE,América Latina e Caribe,PPPSH,1991,10.309,não
WE,América Latina e Caribe,PPPSH,1992,9.573,não
WE,América Latina e Caribe,PPPSH,1993,9.777,não
WE,América Latina e Caribe,PPPSH,1994,9.936,não
WE,América Latina e Caribe,PPPSH,1995,9.674,não
WE,América Latina e Caribe,PPPSH,1996,9.666,não
WE,América Latina e Caribe,PPPSH,1997,9.800,não
WE,América Latina e Caribe,PPPSH,1998,9.826,não
WE,América Latina e Caribe,PPPSH,1999,9.507,não
WE,América Latina e Caribe,PPPSH,2000,9.370,não
WE,América Latina e Caribe,PPPSH,2001,9.189,não
WE,América Latina e Caribe,PPPSH,2002,8.936,não
WE,América Latina e Caribe,PPPSH,2003,8.789,não
WE,América Latina e Caribe,PPPSH,2004,8.851,não
WE,América Latina e Caribe,PPPSH,2005,8.827,não
WE,América Latina e Caribe,PPPSH,2006,8.859,não
WE,América Latina e Caribe,PPPSH,2007,8.881,não
WE,América Latina e Caribe,PPPSH,2008,8.968,não
WE,América Latina e Caribe,PPPSH,2009,8.809,não
WE,América Latina e Caribe,PPPSH,2010,8.881,não
WE,América Latina e Caribe,PPPSH,2011,8.946,não
WE,América Latina e Caribe,PPPSH,2012,8.920,não
WE,América Latina e Caribe,PPPSH,2013,8.876,não
WE,América Latina e Caribe,PPPSH,2014,8.682,não
WE,América Latina e Caribe,PPPSH,2015,8.423,não
WE,América Latina e Caribe,PPPSH,2016,8.088,não
WE,América Latina e Caribe,PPPSH,2017,7.890,não
WE,América Latina e Caribe,PPPSH,2018,7.739,não
WE,América Latina e Caribe,PPPSH,2019,7.482,não
WE,América Latina e Caribe,PPPSH,2020,7.221,não
WE,América Latina e Caribe,PPPSH,2021,7.295,não
WE,América Latina e Caribe,PPPSH,2022,7.334,não
WE,América Latina e Caribe,PPPSH,2023,7.264,não
WE,América Latina e Caribe,PPPSH,2024,7.187,não
WE,América Latina e Caribe,PPPSH,2025,7.115,não
WE,América Latina e Caribe,PPPSH,2026,7.071,sim
WE,América Latina e Caribe,PPPSH,2027,7.035,sim
WE,América Latina e Caribe,PPPSH,2028,7.009,sim
WE,América Latina e Caribe,PPPSH,2029,6.988,sim
WE,América Latina e Caribe,PPPSH,2030,6.967,sim
WE,América Latina e Caribe,PPPSH,2031,6.939,sim
ADVEC,Economias avançadas,PPPSH,1980,65.010,não
ADVEC,Economias avançadas,PPPSH,1981,64.969,não
ADVEC,Economias avançadas,PPPSH,1982,64.777,não
ADVEC,Economias avançadas,PPPSH,1983,65.157,não
ADVEC,Economias avançadas,PPPSH,1984,65.333,não
ADVEC,Economias avançadas,PPPSH,1985,65.377,não
ADVEC,Economias avançadas,PPPSH,1986,65.385,não
ADVEC,Economias avançadas,PPPSH,1987,65.308,não
ADVEC,Economias avançadas,PPPSH,1988,65.505,não
ADVEC,Economias avançadas,PPPSH,1989,65.725,não
ADVEC,Economias avançadas,PPPSH,1990,65.064,não
ADVEC,Economias avançadas,PPPSH,1991,64.567,não
ADVEC,Economias avançadas,PPPSH,1992,59.466,não
ADVEC,Economias avançadas,PPPSH,1993,59.235,não
ADVEC,Economias avançadas,PPPSH,1994,59.496,não
ADVEC,Economias avançadas,PPPSH,1995,59.553,não
ADVEC,Economias avançadas,PPPSH,1996,59.125,não
ADVEC,Economias avançadas,PPPSH,1997,58.789,não
ADVEC,Economias avançadas,PPPSH,1998,58.823,não
ADVEC,Economias avançadas,PPPSH,1999,58.860,não
ADVEC,Economias avançadas,PPPSH,2000,58.333,não
ADVEC,Economias avançadas,PPPSH,2001,57.856,não
ADVEC,Economias avançadas,PPPSH,2002,57.217,não
ADVEC,Economias avançadas,PPPSH,2003,56.307,não
ADVEC,Economias avançadas,PPPSH,2004,55.281,não
ADVEC,Economias avançadas,PPPSH,2005,54.338,não
ADVEC,Economias avançadas,PPPSH,2006,53.258,não
ADVEC,Economias avançadas,PPPSH,2007,52.027,não
ADVEC,Economias avançadas,PPPSH,2008,50.773,não
ADVEC,Economias avançadas,PPPSH,2009,49.359,não
ADVEC,Economias avançadas,PPPSH,2010,48.383,não
ADVEC,Economias avançadas,PPPSH,2011,47.389,não
ADVEC,Economias avançadas,PPPSH,2012,46.433,não
ADVEC,Economias avançadas,PPPSH,2013,45.610,não
ADVEC,Economias avançadas,PPPSH,2014,45.012,não
ADVEC,Economias avançadas,PPPSH,2015,44.589,não
ADVEC,Economias avançadas,PPPSH,2016,44.030,não
ADVEC,Economias avançadas,PPPSH,2017,43.534,não
ADVEC,Economias avançadas,PPPSH,2018,42.787,não
ADVEC,Economias avançadas,PPPSH,2019,42.440,não
ADVEC,Economias avançadas,PPPSH,2020,41.999,não
ADVEC,Economias avançadas,PPPSH,2021,41.508,não
ADVEC,Economias avançadas,PPPSH,2022,41.255,não
ADVEC,Economias avançadas,PPPSH,2023,40.613,não
ADVEC,Economias avançadas,PPPSH,2024,40.008,não
ADVEC,Economias avançadas,PPPSH,2025,39.435,não
ADVEC,Economias avançadas,PPPSH,2026,38.979,sim
ADVEC,Economias avançadas,PPPSH,2027,38.414,sim
ADVEC,Economias avançadas,PPPSH,2028,37.868,sim
ADVEC,Economias avançadas,PPPSH,2029,37.310,sim
ADVEC,Economias avançadas,PPPSH,2030,36.763,sim
ADVEC,Economias avançadas,PPPSH,2031,36.217,sim
OEMDC,Economias emergentes e em desenvolvimento,PPPSH,1980,34.990,não
OEMDC,Economias emergentes e em desenvolvimento,PPPSH,1981,35.031,não
OEMDC,Economias emergentes e em desenvolvimento,PPPSH,1982,35.223,não
OEMDC,Economias emergentes e em desenvolvimento,PPPSH,1983,34.843,não
OEMDC,Economias emergentes e em desenvolvimento,PPPSH,1984,34.667,não
OEMDC,Economias emergentes e em desenvolvimento,PPPSH,1985,34.623,não
OEMDC,Economias emergentes e em desenvolvimento,PPPSH,1986,34.615,não
OEMDC,Economias emergentes e em desenvolvimento,PPPSH,1987,34.692,não
OEMDC,Economias emergentes e em desenvolvimento,PPPSH,1988,34.495,não
OEMDC,Economias emergentes e em desenvolvimento,PPPSH,1989,34.275,não
OEMDC,Economias emergentes e em desenvolvimento,PPPSH,1990,34.936,não
OEMDC,Economias emergentes e em desenvolvimento,PPPSH,1991,35.433,não
OEMDC,Economias emergentes e em desenvolvimento,PPPSH,1992,40.534,não
OEMDC,Economias emergentes e em desenvolvimento,PPPSH,1993,40.765,não
OEMDC,Economias emergentes e em desenvolvimento,PPPSH,1994,40.504,não
OEMDC,Economias emergentes e em desenvolvimento,PPPSH,1995,40.447,não
OEMDC,Economias emergentes e em desenvolvimento,PPPSH,1996,40.875,não
OEMDC,Economias emergentes e em desenvolvimento,PPPSH,1997,41.211,não
OEMDC,Economias emergentes e em desenvolvimento,PPPSH,1998,41.177,não
OEMDC,Economias emergentes e em desenvolvimento,PPPSH,1999,41.140,não
OEMDC,Economias emergentes e em desenvolvimento,PPPSH,2000,41.667,não
OEMDC,Economias emergentes e em desenvolvimento,PPPSH,2001,42.144,não
OEMDC,Economias emergentes e em desenvolvimento,PPPSH,2002,42.783,não
OEMDC,Economias emergentes e em desenvolvimento,PPPSH,2003,43.693,não
OEMDC,Economias emergentes e em desenvolvimento,PPPSH,2004,44.719,não
OEMDC,Economias emergentes e em desenvolvimento,PPPSH,2005,45.662,não
OEMDC,Economias emergentes e em desenvolvimento,PPPSH,2006,46.742,não
OEMDC,Economias emergentes e em desenvolvimento,PPPSH,2007,47.973,não
OEMDC,Economias emergentes e em desenvolvimento,PPPSH,2008,49.227,não
OEMDC,Economias emergentes e em desenvolvimento,PPPSH,2009,50.641,não
OEMDC,Economias emergentes e em desenvolvimento,PPPSH,2010,51.617,não
OEMDC,Economias emergentes e em desenvolvimento,PPPSH,2011,52.611,não
OEMDC,Economias emergentes e em desenvolvimento,PPPSH,2012,53.567,não
OEMDC,Economias emergentes e em desenvolvimento,PPPSH,2013,54.390,não
OEMDC,Economias emergentes e em desenvolvimento,PPPSH,2014,54.988,não
OEMDC,Economias emergentes e em desenvolvimento,PPPSH,2015,55.411,não
OEMDC,Economias emergentes e em desenvolvimento,PPPSH,2016,55.970,não
OEMDC,Economias emergentes e em desenvolvimento,PPPSH,2017,56.466,não
OEMDC,Economias emergentes e em desenvolvimento,PPPSH,2018,57.213,não
OEMDC,Economias emergentes e em desenvolvimento,PPPSH,2019,57.560,não
OEMDC,Economias emergentes e em desenvolvimento,PPPSH,2020,58.001,não
OEMDC,Economias emergentes e em desenvolvimento,PPPSH,2021,58.492,não
OEMDC,Economias emergentes e em desenvolvimento,PPPSH,2022,58.745,não
OEMDC,Economias emergentes e em desenvolvimento,PPPSH,2023,59.387,não
OEMDC,Economias emergentes e em desenvolvimento,PPPSH,2024,59.992,não
OEMDC,Economias emergentes e em desenvolvimento,PPPSH,2025,60.565,não
OEMDC,Economias emergentes e em desenvolvimento,PPPSH,2026,61.021,sim
OEMDC,Economias emergentes e em desenvolvimento,PPPSH,2027,61.586,sim
OEMDC,Economias emergentes e em desenvolvimento,PPPSH,2028,62.132,sim
OEMDC,Economias emergentes e em desenvolvimento,PPPSH,2029,62.690,sim
OEMDC,Economias emergentes e em desenvolvimento,PPPSH,2030,63.237,sim
OEMDC,Economias emergentes e em desenvolvimento,PPPSH,2031,63.783,sim
BRA,Brasil,PCPIPCH,1980,90.200,não
BRA,Brasil,PCPIPCH,1981,101.700,não
BRA,Brasil,PCPIPCH,1982,100.600,não
BRA,Brasil,PCPIPCH,1983,135.000,não
BRA,Brasil,PCPIPCH,1984,192.100,não
BRA,Brasil,PCPIPCH,1985,226.000,não
BRA,Brasil,PCPIPCH,1986,147.100,não
BRA,Brasil,PCPIPCH,1987,228.300,não
BRA,Brasil,PCPIPCH,1988,629.100,não
BRA,Brasil,PCPIPCH,1989,1430.700,não
BRA,Brasil,PCPIPCH,1990,2947.700,não
BRA,Brasil,PCPIPCH,1991,432.800,não
BRA,Brasil,PCPIPCH,1992,952.000,não
BRA,Brasil,PCPIPCH,1993,1927.400,não
BRA,Brasil,PCPIPCH,1994,2075.800,não
BRA,Brasil,PCPIPCH,1995,66.000,não
BRA,Brasil,PCPIPCH,1996,15.800,não
BRA,Brasil,PCPIPCH,1997,6.900,não
BRA,Brasil,PCPIPCH,1998,3.200,não
BRA,Brasil,PCPIPCH,1999,4.900,não
BRA,Brasil,PCPIPCH,2000,7.000,não
BRA,Brasil,PCPIPCH,2001,6.800,não
BRA,Brasil,PCPIPCH,2002,8.400,não
BRA,Brasil,PCPIPCH,2003,14.700,não
BRA,Brasil,PCPIPCH,2004,6.600,não
BRA,Brasil,PCPIPCH,2005,6.900,não
BRA,Brasil,PCPIPCH,2006,4.200,não
BRA,Brasil,PCPIPCH,2007,3.600,não
BRA,Brasil,PCPIPCH,2008,5.700,não
BRA,Brasil,PCPIPCH,2009,4.900,não
BRA,Brasil,PCPIPCH,2010,5.000,não
BRA,Brasil,PCPIPCH,2011,6.600,não
BRA,Brasil,PCPIPCH,2012,5.400,não
BRA,Brasil,PCPIPCH,2013,6.200,não
BRA,Brasil,PCPIPCH,2014,6.300,não
BRA,Brasil,PCPIPCH,2015,9.000,não
BRA,Brasil,PCPIPCH,2016,8.700,não
BRA,Brasil,PCPIPCH,2017,3.400,não
BRA,Brasil,PCPIPCH,2018,3.700,não
BRA,Brasil,PCPIPCH,2019,3.700,não
BRA,Brasil,PCPIPCH,2020,3.200,não
BRA,Brasil,PCPIPCH,2021,8.300,não
BRA,Brasil,PCPIPCH,2022,9.300,não
BRA,Brasil,PCPIPCH,2023,4.600,não
BRA,Brasil,PCPIPCH,2024,4.400,não
BRA,Brasil,PCPIPCH,2025,5.000,não
BRA,Brasil,PCPIPCH,2026,4.000,sim
BRA,Brasil,PCPIPCH,2027,3.400,sim
BRA,Brasil,PCPIPCH,2028,3.000,sim
BRA,Brasil,PCPIPCH,2029,3.000,sim
BRA,Brasil,PCPIPCH,2030,3.000,sim
BRA,Brasil,PCPIPCH,2031,3.000,sim
ARG,Argentina,PCPIPCH,1998,0.900,não
ARG,Argentina,PCPIPCH,1999,-1.200,não
ARG,Argentina,PCPIPCH,2000,-0.900,não
ARG,Argentina,PCPIPCH,2001,-1.100,não
ARG,Argentina,PCPIPCH,2002,25.900,não
ARG,Argentina,PCPIPCH,2003,13.400,não
ARG,Argentina,PCPIPCH,2004,4.400,não
ARG,Argentina,PCPIPCH,2005,9.600,não
ARG,Argentina,PCPIPCH,2006,10.900,não
ARG,Argentina,PCPIPCH,2007,8.800,não
ARG,Argentina,PCPIPCH,2008,8.600,não
ARG,Argentina,PCPIPCH,2009,6.300,não
ARG,Argentina,PCPIPCH,2010,10.500,não
ARG,Argentina,PCPIPCH,2011,9.800,não
ARG,Argentina,PCPIPCH,2012,10.000,não
ARG,Argentina,PCPIPCH,2013,10.600,não
ARG,Argentina,PCPIPCH,2017,25.700,não
ARG,Argentina,PCPIPCH,2018,34.300,não
ARG,Argentina,PCPIPCH,2019,53.500,não
ARG,Argentina,PCPIPCH,2020,42.000,não
ARG,Argentina,PCPIPCH,2021,48.400,não
ARG,Argentina,PCPIPCH,2022,72.400,não
ARG,Argentina,PCPIPCH,2023,133.500,não
ARG,Argentina,PCPIPCH,2024,219.900,não
ARG,Argentina,PCPIPCH,2025,41.900,não
ARG,Argentina,PCPIPCH,2026,30.400,sim
ARG,Argentina,PCPIPCH,2027,15.700,sim
ARG,Argentina,PCPIPCH,2028,9.600,sim
ARG,Argentina,PCPIPCH,2029,7.500,sim
ARG,Argentina,PCPIPCH,2030,7.500,sim
ARG,Argentina,PCPIPCH,2031,7.500,sim
CHL,Chile,PCPIPCH,1980,35.100,não
CHL,Chile,PCPIPCH,1981,19.700,não
CHL,Chile,PCPIPCH,1982,9.900,não
CHL,Chile,PCPIPCH,1983,27.300,não
CHL,Chile,PCPIPCH,1984,19.900,não
CHL,Chile,PCPIPCH,1985,30.700,não
CHL,Chile,PCPIPCH,1986,19.500,não
CHL,Chile,PCPIPCH,1987,19.900,não
CHL,Chile,PCPIPCH,1988,14.700,não
CHL,Chile,PCPIPCH,1989,17.000,não
CHL,Chile,PCPIPCH,1990,26.000,não
CHL,Chile,PCPIPCH,1991,21.800,não
CHL,Chile,PCPIPCH,1992,15.400,não
CHL,Chile,PCPIPCH,1993,12.700,não
CHL,Chile,PCPIPCH,1994,11.400,não
CHL,Chile,PCPIPCH,1995,8.200,não
CHL,Chile,PCPIPCH,1996,7.400,não
CHL,Chile,PCPIPCH,1997,6.100,não
CHL,Chile,PCPIPCH,1998,5.100,não
CHL,Chile,PCPIPCH,1999,3.300,não
CHL,Chile,PCPIPCH,2000,3.800,não
CHL,Chile,PCPIPCH,2001,3.600,não
CHL,Chile,PCPIPCH,2002,2.500,não
CHL,Chile,PCPIPCH,2003,2.800,não
CHL,Chile,PCPIPCH,2004,1.100,não
CHL,Chile,PCPIPCH,2005,3.100,não
CHL,Chile,PCPIPCH,2006,3.400,não
CHL,Chile,PCPIPCH,2007,4.400,não
CHL,Chile,PCPIPCH,2008,8.700,não
CHL,Chile,PCPIPCH,2009,1.500,não
CHL,Chile,PCPIPCH,2010,1.400,não
CHL,Chile,PCPIPCH,2011,3.300,não
CHL,Chile,PCPIPCH,2012,3.000,não
CHL,Chile,PCPIPCH,2013,1.800,não
CHL,Chile,PCPIPCH,2014,4.700,não
CHL,Chile,PCPIPCH,2015,4.300,não
CHL,Chile,PCPIPCH,2016,3.800,não
CHL,Chile,PCPIPCH,2017,2.200,não
CHL,Chile,PCPIPCH,2018,2.300,não
CHL,Chile,PCPIPCH,2019,2.300,não
CHL,Chile,PCPIPCH,2020,3.000,não
CHL,Chile,PCPIPCH,2021,4.500,não
CHL,Chile,PCPIPCH,2022,11.600,não
CHL,Chile,PCPIPCH,2023,7.600,não
CHL,Chile,PCPIPCH,2024,3.900,não
CHL,Chile,PCPIPCH,2025,4.200,não
CHL,Chile,PCPIPCH,2026,2.900,sim
CHL,Chile,PCPIPCH,2027,3.300,sim
CHL,Chile,PCPIPCH,2028,3.000,sim
CHL,Chile,PCPIPCH,2029,3.000,sim
CHL,Chile,PCPIPCH,2030,3.000,sim
CHL,Chile,PCPIPCH,2031,3.000,sim
COL,Colômbia,PCPIPCH,1980,25.900,não
COL,Colômbia,PCPIPCH,1981,27.400,não
COL,Colômbia,PCPIPCH,1982,24.900,não
COL,Colômbia,PCPIPCH,1983,19.500,não
COL,Colômbia,PCPIPCH,1984,16.300,não
COL,Colômbia,PCPIPCH,1985,23.900,não
COL,Colômbia,PCPIPCH,1986,18.800,não
COL,Colômbia,PCPIPCH,1987,23.300,não
COL,Colômbia,PCPIPCH,1988,28.100,não
COL,Colômbia,PCPIPCH,1989,25.900,não
COL,Colômbia,PCPIPCH,1990,29.100,não
COL,Colômbia,PCPIPCH,1991,30.300,não
COL,Colômbia,PCPIPCH,1992,27.000,não
COL,Colômbia,PCPIPCH,1993,22.400,não
COL,Colômbia,PCPIPCH,1994,22.900,não
COL,Colômbia,PCPIPCH,1995,20.900,não
COL,Colômbia,PCPIPCH,1996,20.800,não
COL,Colômbia,PCPIPCH,1997,18.500,não
COL,Colômbia,PCPIPCH,1998,18.700,não
COL,Colômbia,PCPIPCH,1999,10.900,não
COL,Colômbia,PCPIPCH,2000,9.200,não
COL,Colômbia,PCPIPCH,2001,8.000,não
COL,Colômbia,PCPIPCH,2002,6.300,não
COL,Colômbia,PCPIPCH,2003,7.100,não
COL,Colômbia,PCPIPCH,2004,5.900,não
COL,Colômbia,PCPIPCH,2005,5.000,não
COL,Colômbia,PCPIPCH,2006,4.300,não
COL,Colômbia,PCPIPCH,2007,5.500,não
COL,Colômbia,PCPIPCH,2008,7.000,não
COL,Colômbia,PCPIPCH,2009,4.200,não
COL,Colômbia,PCPIPCH,2010,2.300,não
COL,Colômbia,PCPIPCH,2011,3.400,não
COL,Colômbia,PCPIPCH,2012,3.200,não
COL,Colômbia,PCPIPCH,2013,2.000,não
COL,Colômbia,PCPIPCH,2014,2.900,não
COL,Colômbia,PCPIPCH,2015,5.000,não
COL,Colômbia,PCPIPCH,2016,7.500,não
COL,Colômbia,PCPIPCH,2017,4.300,não
COL,Colômbia,PCPIPCH,2018,3.200,não
COL,Colômbia,PCPIPCH,2019,3.500,não
COL,Colômbia,PCPIPCH,2020,2.500,não
COL,Colômbia,PCPIPCH,2021,3.500,não
COL,Colômbia,PCPIPCH,2022,10.200,não
COL,Colômbia,PCPIPCH,2023,11.700,não
COL,Colômbia,PCPIPCH,2024,6.600,não
COL,Colômbia,PCPIPCH,2025,5.100,não
COL,Colômbia,PCPIPCH,2026,5.900,sim
COL,Colômbia,PCPIPCH,2027,5.200,sim
COL,Colômbia,PCPIPCH,2028,3.400,sim
COL,Colômbia,PCPIPCH,2029,3.000,sim
COL,Colômbia,PCPIPCH,2030,3.000,sim
COL,Colômbia,PCPIPCH,2031,3.000,sim
MEX,México,PCPIPCH,1980,26.500,não
MEX,México,PCPIPCH,1981,28.000,não
MEX,México,PCPIPCH,1982,59.100,não
MEX,México,PCPIPCH,1983,101.800,não
MEX,México,PCPIPCH,1984,65.400,não
MEX,México,PCPIPCH,1985,57.800,não
MEX,México,PCPIPCH,1986,86.400,não
MEX,México,PCPIPCH,1987,132.000,não
MEX,México,PCPIPCH,1988,113.500,não
MEX,México,PCPIPCH,1989,19.900,não
MEX,México,PCPIPCH,1990,26.700,não
MEX,México,PCPIPCH,1991,22.600,não
MEX,México,PCPIPCH,1992,15.500,não
MEX,México,PCPIPCH,1993,9.800,não
MEX,México,PCPIPCH,1994,7.000,não
MEX,México,PCPIPCH,1995,35.100,não
MEX,México,PCPIPCH,1996,34.300,não
MEX,México,PCPIPCH,1997,20.600,não
MEX,México,PCPIPCH,1998,15.900,não
MEX,México,PCPIPCH,1999,16.600,não
MEX,México,PCPIPCH,2000,9.500,não
MEX,México,PCPIPCH,2001,6.400,não
MEX,México,PCPIPCH,2002,5.000,não
MEX,México,PCPIPCH,2003,4.600,não
MEX,México,PCPIPCH,2004,4.700,não
MEX,México,PCPIPCH,2005,4.000,não
MEX,México,PCPIPCH,2006,3.600,não
MEX,México,PCPIPCH,2007,4.000,não
MEX,México,PCPIPCH,2008,5.100,não
MEX,México,PCPIPCH,2009,5.300,não
MEX,México,PCPIPCH,2010,4.200,não
MEX,México,PCPIPCH,2011,3.400,não
MEX,México,PCPIPCH,2012,4.100,não
MEX,México,PCPIPCH,2013,3.800,não
MEX,México,PCPIPCH,2014,4.000,não
MEX,México,PCPIPCH,2015,2.700,não
MEX,México,PCPIPCH,2016,2.800,não
MEX,México,PCPIPCH,2017,6.000,não
MEX,México,PCPIPCH,2018,4.900,não
MEX,México,PCPIPCH,2019,3.600,não
MEX,México,PCPIPCH,2020,3.400,não
MEX,México,PCPIPCH,2021,5.700,não
MEX,México,PCPIPCH,2022,7.900,não
MEX,México,PCPIPCH,2023,5.500,não
MEX,México,PCPIPCH,2024,4.700,não
MEX,México,PCPIPCH,2025,3.800,não
MEX,México,PCPIPCH,2026,3.900,sim
MEX,México,PCPIPCH,2027,3.400,sim
MEX,México,PCPIPCH,2028,3.000,sim
MEX,México,PCPIPCH,2029,3.000,sim
MEX,México,PCPIPCH,2030,3.000,sim
MEX,México,PCPIPCH,2031,3.000,sim
PER,Peru,PCPIPCH,1980,59.100,não
PER,Peru,PCPIPCH,1981,75.400,não
PER,Peru,PCPIPCH,1982,64.500,não
PER,Peru,PCPIPCH,1983,111.100,não
PER,Peru,PCPIPCH,1984,110.200,não
PER,Peru,PCPIPCH,1985,163.400,não
PER,Peru,PCPIPCH,1986,77.900,não
PER,Peru,PCPIPCH,1987,85.800,não
PER,Peru,PCPIPCH,1988,667.000,não
PER,Peru,PCPIPCH,1989,3398.300,não
PER,Peru,PCPIPCH,1990,7481.700,não
PER,Peru,PCPIPCH,1991,409.500,não
PER,Peru,PCPIPCH,1992,73.500,não
PER,Peru,PCPIPCH,1993,48.600,não
PER,Peru,PCPIPCH,1994,23.700,não
PER,Peru,PCPIPCH,1995,11.100,não
PER,Peru,PCPIPCH,1996,11.500,não
PER,Peru,PCPIPCH,1997,8.500,não
PER,Peru,PCPIPCH,1998,7.300,não
PER,Peru,PCPIPCH,1999,3.500,não
PER,Peru,PCPIPCH,2000,3.800,não
PER,Peru,PCPIPCH,2001,2.000,não
PER,Peru,PCPIPCH,2002,0.200,não
PER,Peru,PCPIPCH,2003,2.300,não
PER,Peru,PCPIPCH,2004,3.700,não
PER,Peru,PCPIPCH,2005,1.600,não
PER,Peru,PCPIPCH,2006,2.000,não
PER,Peru,PCPIPCH,2007,1.800,não
PER,Peru,PCPIPCH,2008,5.800,não
PER,Peru,PCPIPCH,2009,2.900,não
PER,Peru,PCPIPCH,2010,1.500,não
PER,Peru,PCPIPCH,2011,3.400,não
PER,Peru,PCPIPCH,2012,3.700,não
PER,Peru,PCPIPCH,2013,2.800,não
PER,Peru,PCPIPCH,2014,3.200,não
PER,Peru,PCPIPCH,2015,3.500,não
PER,Peru,PCPIPCH,2016,3.600,não
PER,Peru,PCPIPCH,2017,2.800,não
PER,Peru,PCPIPCH,2018,1.300,não
PER,Peru,PCPIPCH,2019,2.100,não
PER,Peru,PCPIPCH,2020,1.800,não
PER,Peru,PCPIPCH,2021,4.000,não
PER,Peru,PCPIPCH,2022,7.900,não
PER,Peru,PCPIPCH,2023,6.300,não
PER,Peru,PCPIPCH,2024,2.400,não
PER,Peru,PCPIPCH,2025,1.500,não
PER,Peru,PCPIPCH,2026,2.500,sim
PER,Peru,PCPIPCH,2027,1.800,sim
PER,Peru,PCPIPCH,2028,2.000,sim
PER,Peru,PCPIPCH,2029,2.000,sim
PER,Peru,PCPIPCH,2030,2.000,sim
PER,Peru,PCPIPCH,2031,2.000,sim
USA,Estados Unidos,PCPIPCH,1980,13.500,não
USA,Estados Unidos,PCPIPCH,1981,10.400,não
USA,Estados Unidos,PCPIPCH,1982,6.200,não
USA,Estados Unidos,PCPIPCH,1983,3.200,não
USA,Estados Unidos,PCPIPCH,1984,4.400,não
USA,Estados Unidos,PCPIPCH,1985,3.500,não
USA,Estados Unidos,PCPIPCH,1986,1.900,não
USA,Estados Unidos,PCPIPCH,1987,3.600,não
USA,Estados Unidos,PCPIPCH,1988,4.100,não
USA,Estados Unidos,PCPIPCH,1989,4.800,não
USA,Estados Unidos,PCPIPCH,1990,5.400,não
USA,Estados Unidos,PCPIPCH,1991,4.200,não
USA,Estados Unidos,PCPIPCH,1992,3.000,não
USA,Estados Unidos,PCPIPCH,1993,3.000,não
USA,Estados Unidos,PCPIPCH,1994,2.600,não
USA,Estados Unidos,PCPIPCH,1995,2.800,não
USA,Estados Unidos,PCPIPCH,1996,2.900,não
USA,Estados Unidos,PCPIPCH,1997,2.300,não
USA,Estados Unidos,PCPIPCH,1998,1.500,não
USA,Estados Unidos,PCPIPCH,1999,2.200,não
USA,Estados Unidos,PCPIPCH,2000,3.400,não
USA,Estados Unidos,PCPIPCH,2001,2.800,não
USA,Estados Unidos,PCPIPCH,2002,1.600,não
USA,Estados Unidos,PCPIPCH,2003,2.300,não
USA,Estados Unidos,PCPIPCH,2004,2.700,não
USA,Estados Unidos,PCPIPCH,2005,3.400,não
USA,Estados Unidos,PCPIPCH,2006,3.200,não
USA,Estados Unidos,PCPIPCH,2007,2.900,não
USA,Estados Unidos,PCPIPCH,2008,3.800,não
USA,Estados Unidos,PCPIPCH,2009,-0.300,não
USA,Estados Unidos,PCPIPCH,2010,1.600,não
USA,Estados Unidos,PCPIPCH,2011,3.100,não
USA,Estados Unidos,PCPIPCH,2012,2.100,não
USA,Estados Unidos,PCPIPCH,2013,1.500,não
USA,Estados Unidos,PCPIPCH,2014,1.600,não
USA,Estados Unidos,PCPIPCH,2015,0.100,não
USA,Estados Unidos,PCPIPCH,2016,1.300,não
USA,Estados Unidos,PCPIPCH,2017,2.100,não
USA,Estados Unidos,PCPIPCH,2018,2.400,não
USA,Estados Unidos,PCPIPCH,2019,1.800,não
USA,Estados Unidos,PCPIPCH,2020,1.300,não
USA,Estados Unidos,PCPIPCH,2021,4.700,não
USA,Estados Unidos,PCPIPCH,2022,8.000,não
USA,Estados Unidos,PCPIPCH,2023,4.100,não
USA,Estados Unidos,PCPIPCH,2024,3.000,não
USA,Estados Unidos,PCPIPCH,2025,2.700,não
USA,Estados Unidos,PCPIPCH,2026,3.200,sim
USA,Estados Unidos,PCPIPCH,2027,2.100,sim
USA,Estados Unidos,PCPIPCH,2028,2.200,sim
USA,Estados Unidos,PCPIPCH,2029,2.200,sim
USA,Estados Unidos,PCPIPCH,2030,2.200,sim
USA,Estados Unidos,PCPIPCH,2031,2.200,sim
CHN,China,PCPIPCH,1981,2.500,não
CHN,China,PCPIPCH,1982,2.000,não
CHN,China,PCPIPCH,1983,2.000,não
CHN,China,PCPIPCH,1984,2.700,não
CHN,China,PCPIPCH,1985,9.300,não
CHN,China,PCPIPCH,1986,6.500,não
CHN,China,PCPIPCH,1987,7.300,não
CHN,China,PCPIPCH,1988,18.800,não
CHN,China,PCPIPCH,1989,18.000,não
CHN,China,PCPIPCH,1990,3.300,não
CHN,China,PCPIPCH,1991,3.600,não
CHN,China,PCPIPCH,1992,6.400,não
CHN,China,PCPIPCH,1993,14.600,não
CHN,China,PCPIPCH,1994,24.300,não
CHN,China,PCPIPCH,1995,16.800,não
CHN,China,PCPIPCH,1996,8.300,não
CHN,China,PCPIPCH,1997,2.800,não
CHN,China,PCPIPCH,1998,-0.800,não
CHN,China,PCPIPCH,1999,-1.400,não
CHN,China,PCPIPCH,2000,0.400,não
CHN,China,PCPIPCH,2001,0.700,não
CHN,China,PCPIPCH,2002,-0.800,não
CHN,China,PCPIPCH,2003,1.200,não
CHN,China,PCPIPCH,2004,3.900,não
CHN,China,PCPIPCH,2005,1.800,não
CHN,China,PCPIPCH,2006,1.500,não
CHN,China,PCPIPCH,2007,4.800,não
CHN,China,PCPIPCH,2008,5.800,não
CHN,China,PCPIPCH,2009,-0.700,não
CHN,China,PCPIPCH,2010,3.300,não
CHN,China,PCPIPCH,2011,5.400,não
CHN,China,PCPIPCH,2012,2.600,não
CHN,China,PCPIPCH,2013,2.600,não
CHN,China,PCPIPCH,2014,2.000,não
CHN,China,PCPIPCH,2015,1.400,não
CHN,China,PCPIPCH,2016,2.000,não
CHN,China,PCPIPCH,2017,1.600,não
CHN,China,PCPIPCH,2018,2.100,não
CHN,China,PCPIPCH,2019,2.900,não
CHN,China,PCPIPCH,2020,2.500,não
CHN,China,PCPIPCH,2021,0.900,não
CHN,China,PCPIPCH,2022,2.000,não
CHN,China,PCPIPCH,2023,0.200,não
CHN,China,PCPIPCH,2024,0.200,não
CHN,China,PCPIPCH,2025,0.000,não
CHN,China,PCPIPCH,2026,1.200,sim
CHN,China,PCPIPCH,2027,1.500,sim
CHN,China,PCPIPCH,2028,1.800,sim
CHN,China,PCPIPCH,2029,1.900,sim
CHN,China,PCPIPCH,2030,2.000,sim
CHN,China,PCPIPCH,2031,2.000,sim
IND,Índia,PCPIPCH,1980,11.300,não
IND,Índia,PCPIPCH,1981,12.700,não
IND,Índia,PCPIPCH,1982,7.700,não
IND,Índia,PCPIPCH,1983,12.600,não
IND,Índia,PCPIPCH,1984,6.500,não
IND,Índia,PCPIPCH,1985,6.300,não
IND,Índia,PCPIPCH,1986,8.900,não
IND,Índia,PCPIPCH,1987,9.100,não
IND,Índia,PCPIPCH,1988,7.200,não
IND,Índia,PCPIPCH,1989,4.600,não
IND,Índia,PCPIPCH,1990,11.200,não
IND,Índia,PCPIPCH,1991,13.500,não
IND,Índia,PCPIPCH,1992,9.900,não
IND,Índia,PCPIPCH,1993,7.300,não
IND,Índia,PCPIPCH,1994,10.300,não
IND,Índia,PCPIPCH,1995,10.000,não
IND,Índia,PCPIPCH,1996,9.400,não
IND,Índia,PCPIPCH,1997,6.800,não
IND,Índia,PCPIPCH,1998,13.100,não
IND,Índia,PCPIPCH,1999,3.400,não
IND,Índia,PCPIPCH,2000,3.800,não
IND,Índia,PCPIPCH,2001,4.400,não
IND,Índia,PCPIPCH,2002,5.000,não
IND,Índia,PCPIPCH,2003,4.100,não
IND,Índia,PCPIPCH,2004,4.000,não
IND,Índia,PCPIPCH,2005,3.700,não
IND,Índia,PCPIPCH,2006,6.700,não
IND,Índia,PCPIPCH,2007,5.900,não
IND,Índia,PCPIPCH,2008,9.200,não
IND,Índia,PCPIPCH,2009,10.600,não
IND,Índia,PCPIPCH,2010,9.400,não
IND,Índia,PCPIPCH,2011,8.100,não
IND,Índia,PCPIPCH,2012,10.000,não
IND,Índia,PCPIPCH,2013,9.800,não
IND,Índia,PCPIPCH,2014,5.900,não
IND,Índia,PCPIPCH,2015,4.900,não
IND,Índia,PCPIPCH,2016,4.500,não
IND,Índia,PCPIPCH,2017,3.600,não
IND,Índia,PCPIPCH,2018,3.400,não
IND,Índia,PCPIPCH,2019,4.800,não
IND,Índia,PCPIPCH,2020,6.200,não
IND,Índia,PCPIPCH,2021,5.500,não
IND,Índia,PCPIPCH,2022,6.600,não
IND,Índia,PCPIPCH,2023,5.400,não
IND,Índia,PCPIPCH,2024,4.600,não
IND,Índia,PCPIPCH,2025,2.100,não
IND,Índia,PCPIPCH,2026,4.700,sim
IND,Índia,PCPIPCH,2027,4.000,sim
IND,Índia,PCPIPCH,2028,4.000,sim
IND,Índia,PCPIPCH,2029,4.000,sim
IND,Índia,PCPIPCH,2030,4.000,sim
IND,Índia,PCPIPCH,2031,4.000,sim
KOR,Coreia do Sul,PCPIPCH,1980,28.700,não
KOR,Coreia do Sul,PCPIPCH,1981,21.400,não
KOR,Coreia do Sul,PCPIPCH,1982,7.200,não
KOR,Coreia do Sul,PCPIPCH,1983,3.400,não
KOR,Coreia do Sul,PCPIPCH,1984,2.300,não
KOR,Coreia do Sul,PCPIPCH,1985,2.500,não
KOR,Coreia do Sul,PCPIPCH,1986,2.800,não
KOR,Coreia do Sul,PCPIPCH,1987,3.000,não
KOR,Coreia do Sul,PCPIPCH,1988,7.100,não
KOR,Coreia do Sul,PCPIPCH,1989,5.700,não
KOR,Coreia do Sul,PCPIPCH,1990,8.600,não
KOR,Coreia do Sul,PCPIPCH,1991,9.300,não
KOR,Coreia do Sul,PCPIPCH,1992,6.200,não
KOR,Coreia do Sul,PCPIPCH,1993,4.800,não
KOR,Coreia do Sul,PCPIPCH,1994,6.300,não
KOR,Coreia do Sul,PCPIPCH,1995,4.500,não
KOR,Coreia do Sul,PCPIPCH,1996,4.900,não
KOR,Coreia do Sul,PCPIPCH,1997,4.400,não
KOR,Coreia do Sul,PCPIPCH,1998,7.500,não
KOR,Coreia do Sul,PCPIPCH,1999,0.800,não
KOR,Coreia do Sul,PCPIPCH,2000,2.300,não
KOR,Coreia do Sul,PCPIPCH,2001,4.100,não
KOR,Coreia do Sul,PCPIPCH,2002,2.800,não
KOR,Coreia do Sul,PCPIPCH,2003,3.500,não
KOR,Coreia do Sul,PCPIPCH,2004,3.600,não
KOR,Coreia do Sul,PCPIPCH,2005,2.800,não
KOR,Coreia do Sul,PCPIPCH,2006,2.200,não
KOR,Coreia do Sul,PCPIPCH,2007,2.500,não
KOR,Coreia do Sul,PCPIPCH,2008,4.700,não
KOR,Coreia do Sul,PCPIPCH,2009,2.800,não
KOR,Coreia do Sul,PCPIPCH,2010,2.900,não
KOR,Coreia do Sul,PCPIPCH,2011,4.000,não
KOR,Coreia do Sul,PCPIPCH,2012,2.200,não
KOR,Coreia do Sul,PCPIPCH,2013,1.300,não
KOR,Coreia do Sul,PCPIPCH,2014,1.300,não
KOR,Coreia do Sul,PCPIPCH,2015,0.700,não
KOR,Coreia do Sul,PCPIPCH,2016,1.000,não
KOR,Coreia do Sul,PCPIPCH,2017,1.900,não
KOR,Coreia do Sul,PCPIPCH,2018,1.500,não
KOR,Coreia do Sul,PCPIPCH,2019,0.400,não
KOR,Coreia do Sul,PCPIPCH,2020,0.500,não
KOR,Coreia do Sul,PCPIPCH,2021,2.500,não
KOR,Coreia do Sul,PCPIPCH,2022,5.100,não
KOR,Coreia do Sul,PCPIPCH,2023,3.600,não
KOR,Coreia do Sul,PCPIPCH,2024,2.300,não
KOR,Coreia do Sul,PCPIPCH,2025,2.100,não
KOR,Coreia do Sul,PCPIPCH,2026,2.500,sim
KOR,Coreia do Sul,PCPIPCH,2027,1.900,sim
KOR,Coreia do Sul,PCPIPCH,2028,2.000,sim
KOR,Coreia do Sul,PCPIPCH,2029,2.000,sim
KOR,Coreia do Sul,PCPIPCH,2030,2.000,sim
KOR,Coreia do Sul,PCPIPCH,2031,2.000,sim
ZAF,África do Sul,PCPIPCH,1980,14.200,não
ZAF,África do Sul,PCPIPCH,1981,15.900,não
ZAF,África do Sul,PCPIPCH,1982,14.000,não
ZAF,África do Sul,PCPIPCH,1983,12.700,não
ZAF,África do Sul,PCPIPCH,1984,11.300,não
ZAF,África do Sul,PCPIPCH,1985,16.500,não
ZAF,África do Sul,PCPIPCH,1986,18.200,não
ZAF,África do Sul,PCPIPCH,1987,16.400,não
ZAF,África do Sul,PCPIPCH,1988,12.600,não
ZAF,África do Sul,PCPIPCH,1989,14.800,não
ZAF,África do Sul,PCPIPCH,1990,14.400,não
ZAF,África do Sul,PCPIPCH,1991,15.100,não
ZAF,África do Sul,PCPIPCH,1992,14.000,não
ZAF,África do Sul,PCPIPCH,1993,9.600,não
ZAF,África do Sul,PCPIPCH,1994,8.900,não
ZAF,África do Sul,PCPIPCH,1995,8.800,não
ZAF,África do Sul,PCPIPCH,1996,7.400,não
ZAF,África do Sul,PCPIPCH,1997,8.600,não
ZAF,África do Sul,PCPIPCH,1998,7.000,não
ZAF,África do Sul,PCPIPCH,1999,5.100,não
ZAF,África do Sul,PCPIPCH,2000,5.300,não
ZAF,África do Sul,PCPIPCH,2001,5.700,não
ZAF,África do Sul,PCPIPCH,2002,9.100,não
ZAF,África do Sul,PCPIPCH,2003,5.900,não
ZAF,África do Sul,PCPIPCH,2004,1.400,não
ZAF,África do Sul,PCPIPCH,2005,3.400,não
ZAF,África do Sul,PCPIPCH,2006,4.700,não
ZAF,África do Sul,PCPIPCH,2007,7.100,não
ZAF,África do Sul,PCPIPCH,2008,10.900,não
ZAF,África do Sul,PCPIPCH,2009,7.200,não
ZAF,África do Sul,PCPIPCH,2010,4.200,não
ZAF,África do Sul,PCPIPCH,2011,5.000,não
ZAF,África do Sul,PCPIPCH,2012,5.700,não
ZAF,África do Sul,PCPIPCH,2013,5.700,não
ZAF,África do Sul,PCPIPCH,2014,6.100,não
ZAF,África do Sul,PCPIPCH,2015,4.600,não
ZAF,África do Sul,PCPIPCH,2016,6.300,não
ZAF,África do Sul,PCPIPCH,2017,5.300,não
ZAF,África do Sul,PCPIPCH,2018,4.600,não
ZAF,África do Sul,PCPIPCH,2019,4.100,não
ZAF,África do Sul,PCPIPCH,2020,3.300,não
ZAF,África do Sul,PCPIPCH,2021,4.600,não
ZAF,África do Sul,PCPIPCH,2022,6.900,não
ZAF,África do Sul,PCPIPCH,2023,5.900,não
ZAF,África do Sul,PCPIPCH,2024,4.400,não
ZAF,África do Sul,PCPIPCH,2025,3.200,não
ZAF,África do Sul,PCPIPCH,2026,3.900,sim
ZAF,África do Sul,PCPIPCH,2027,3.400,sim
ZAF,África do Sul,PCPIPCH,2028,3.000,sim
ZAF,África do Sul,PCPIPCH,2029,3.000,sim
ZAF,África do Sul,PCPIPCH,2030,3.000,sim
ZAF,África do Sul,PCPIPCH,2031,3.000,sim
RUS,Rússia,PCPIPCH,1990,0.000,não
RUS,Rússia,PCPIPCH,1991,135.600,não
RUS,Rússia,PCPIPCH,1992,1569.100,não
RUS,Rússia,PCPIPCH,1993,874.300,não
RUS,Rússia,PCPIPCH,1994,307.500,não
RUS,Rússia,PCPIPCH,1995,197.300,não
RUS,Rússia,PCPIPCH,1996,47.800,não
RUS,Rússia,PCPIPCH,1997,14.800,não
RUS,Rússia,PCPIPCH,1998,27.700,não
RUS,Rússia,PCPIPCH,1999,85.700,não
RUS,Rússia,PCPIPCH,2000,20.800,não
RUS,Rússia,PCPIPCH,2001,21.500,não
RUS,Rússia,PCPIPCH,2002,15.800,não
RUS,Rússia,PCPIPCH,2003,13.700,não
RUS,Rússia,PCPIPCH,2004,10.900,não
RUS,Rússia,PCPIPCH,2005,12.700,não
RUS,Rússia,PCPIPCH,2006,9.700,não
RUS,Rússia,PCPIPCH,2007,9.000,não
RUS,Rússia,PCPIPCH,2008,14.100,não
RUS,Rússia,PCPIPCH,2009,11.600,não
RUS,Rússia,PCPIPCH,2010,6.800,não
RUS,Rússia,PCPIPCH,2011,8.400,não
RUS,Rússia,PCPIPCH,2012,5.100,não
RUS,Rússia,PCPIPCH,2013,6.800,não
RUS,Rússia,PCPIPCH,2014,7.800,não
RUS,Rússia,PCPIPCH,2015,15.500,não
RUS,Rússia,PCPIPCH,2016,7.000,não
RUS,Rússia,PCPIPCH,2017,3.700,não
RUS,Rússia,PCPIPCH,2018,2.900,não
RUS,Rússia,PCPIPCH,2019,4.500,não
RUS,Rússia,PCPIPCH,2020,3.400,não
RUS,Rússia,PCPIPCH,2021,6.700,não
RUS,Rússia,PCPIPCH,2022,13.700,não
RUS,Rússia,PCPIPCH,2023,5.900,não
RUS,Rússia,PCPIPCH,2024,8.400,não
RUS,Rússia,PCPIPCH,2025,8.700,não
RUS,Rússia,PCPIPCH,2026,5.600,sim
RUS,Rússia,PCPIPCH,2027,4.300,sim
RUS,Rússia,PCPIPCH,2028,4.000,sim
RUS,Rússia,PCPIPCH,2029,4.000,sim
RUS,Rússia,PCPIPCH,2030,4.000,sim
RUS,Rússia,PCPIPCH,2031,4.000,sim
TUR,Turquia,PCPIPCH,1980,110.600,não
TUR,Turquia,PCPIPCH,1981,36.400,não
TUR,Turquia,PCPIPCH,1982,31.100,não
TUR,Turquia,PCPIPCH,1983,31.300,não
TUR,Turquia,PCPIPCH,1984,48.400,não
TUR,Turquia,PCPIPCH,1985,44.500,não
TUR,Turquia,PCPIPCH,1986,34.600,não
TUR,Turquia,PCPIPCH,1987,39.000,não
TUR,Turquia,PCPIPCH,1988,73.200,não
TUR,Turquia,PCPIPCH,1989,63.200,não
TUR,Turquia,PCPIPCH,1990,60.400,não
TUR,Turquia,PCPIPCH,1991,66.000,não
TUR,Turquia,PCPIPCH,1992,70.100,não
TUR,Turquia,PCPIPCH,1993,66.100,não
TUR,Turquia,PCPIPCH,1994,104.500,não
TUR,Turquia,PCPIPCH,1995,89.600,não
TUR,Turquia,PCPIPCH,1996,80.200,não
TUR,Turquia,PCPIPCH,1997,85.700,não
TUR,Turquia,PCPIPCH,1998,84.700,não
TUR,Turquia,PCPIPCH,1999,64.900,não
TUR,Turquia,PCPIPCH,2000,55.000,não
TUR,Turquia,PCPIPCH,2001,54.200,não
TUR,Turquia,PCPIPCH,2002,45.100,não
TUR,Turquia,PCPIPCH,2003,25.300,não
TUR,Turquia,PCPIPCH,2004,8.600,não
TUR,Turquia,PCPIPCH,2005,8.100,não
TUR,Turquia,PCPIPCH,2006,9.600,não
TUR,Turquia,PCPIPCH,2007,8.800,não
TUR,Turquia,PCPIPCH,2008,10.400,não
TUR,Turquia,PCPIPCH,2009,6.200,não
TUR,Turquia,PCPIPCH,2010,8.600,não
TUR,Turquia,PCPIPCH,2011,6.500,não
TUR,Turquia,PCPIPCH,2012,8.900,não
TUR,Turquia,PCPIPCH,2013,7.500,não
TUR,Turquia,PCPIPCH,2014,8.900,não
TUR,Turquia,PCPIPCH,2015,7.700,não
TUR,Turquia,PCPIPCH,2016,7.800,não
TUR,Turquia,PCPIPCH,2017,11.200,não
TUR,Turquia,PCPIPCH,2018,16.300,não
TUR,Turquia,PCPIPCH,2019,15.200,não
TUR,Turquia,PCPIPCH,2020,12.300,não
TUR,Turquia,PCPIPCH,2021,19.600,não
TUR,Turquia,PCPIPCH,2022,72.300,não
TUR,Turquia,PCPIPCH,2023,53.900,não
TUR,Turquia,PCPIPCH,2024,58.500,não
TUR,Turquia,PCPIPCH,2025,34.900,não
TUR,Turquia,PCPIPCH,2026,28.600,sim
TUR,Turquia,PCPIPCH,2027,21.400,sim
TUR,Turquia,PCPIPCH,2028,17.000,sim
TUR,Turquia,PCPIPCH,2029,15.000,sim
TUR,Turquia,PCPIPCH,2030,15.000,sim
TUR,Turquia,PCPIPCH,2031,15.000,sim
IDN,Indonésia,PCPIPCH,1980,18.000,não
IDN,Indonésia,PCPIPCH,1981,12.200,não
IDN,Indonésia,PCPIPCH,1982,9.500,não
IDN,Indonésia,PCPIPCH,1983,11.800,não
IDN,Indonésia,PCPIPCH,1984,10.500,não
IDN,Indonésia,PCPIPCH,1985,4.700,não
IDN,Indonésia,PCPIPCH,1986,5.800,não
IDN,Indonésia,PCPIPCH,1987,9.300,não
IDN,Indonésia,PCPIPCH,1988,8.100,não
IDN,Indonésia,PCPIPCH,1989,6.400,não
IDN,Indonésia,PCPIPCH,1990,7.800,não
IDN,Indonésia,PCPIPCH,1991,9.400,não
IDN,Indonésia,PCPIPCH,1992,7.500,não
IDN,Indonésia,PCPIPCH,1993,9.700,não
IDN,Indonésia,PCPIPCH,1994,8.500,não
IDN,Indonésia,PCPIPCH,1995,9.400,não
IDN,Indonésia,PCPIPCH,1996,8.000,não
IDN,Indonésia,PCPIPCH,1997,6.200,não
IDN,Indonésia,PCPIPCH,1998,58.400,não
IDN,Indonésia,PCPIPCH,1999,20.500,não
IDN,Indonésia,PCPIPCH,2000,3.700,não
IDN,Indonésia,PCPIPCH,2001,11.500,não
IDN,Indonésia,PCPIPCH,2002,11.900,não
IDN,Indonésia,PCPIPCH,2003,6.800,não
IDN,Indonésia,PCPIPCH,2004,6.100,não
IDN,Indonésia,PCPIPCH,2005,10.500,não
IDN,Indonésia,PCPIPCH,2006,13.100,não
IDN,Indonésia,PCPIPCH,2007,6.300,não
IDN,Indonésia,PCPIPCH,2008,9.900,não
IDN,Indonésia,PCPIPCH,2009,4.800,não
IDN,Indonésia,PCPIPCH,2010,5.100,não
IDN,Indonésia,PCPIPCH,2011,5.300,não
IDN,Indonésia,PCPIPCH,2012,4.000,não
IDN,Indonésia,PCPIPCH,2013,6.400,não
IDN,Indonésia,PCPIPCH,2014,6.400,não
IDN,Indonésia,PCPIPCH,2015,6.400,não
IDN,Indonésia,PCPIPCH,2016,3.500,não
IDN,Indonésia,PCPIPCH,2017,3.800,não
IDN,Indonésia,PCPIPCH,2018,3.300,não
IDN,Indonésia,PCPIPCH,2019,2.800,não
IDN,Indonésia,PCPIPCH,2020,2.000,não
IDN,Indonésia,PCPIPCH,2021,1.600,não
IDN,Indonésia,PCPIPCH,2022,4.100,não
IDN,Indonésia,PCPIPCH,2023,3.700,não
IDN,Indonésia,PCPIPCH,2024,2.300,não
IDN,Indonésia,PCPIPCH,2025,1.900,não
IDN,Indonésia,PCPIPCH,2026,3.000,sim
IDN,Indonésia,PCPIPCH,2027,2.600,sim
IDN,Indonésia,PCPIPCH,2028,2.500,sim
IDN,Indonésia,PCPIPCH,2029,2.500,sim
IDN,Indonésia,PCPIPCH,2030,2.500,sim
IDN,Indonésia,PCPIPCH,2031,2.500,sim
WEOWORLD,Mundo,PCPIPCH,1980,17.200,não
WEOWORLD,Mundo,PCPIPCH,1981,15.000,não
WEOWORLD,Mundo,PCPIPCH,1982,14.300,não
WEOWORLD,Mundo,PCPIPCH,1983,13.400,não
WEOWORLD,Mundo,PCPIPCH,1984,14.000,não
WEOWORLD,Mundo,PCPIPCH,1985,13.700,não
WEOWORLD,Mundo,PCPIPCH,1986,11.700,não
WEOWORLD,Mundo,PCPIPCH,1987,14.500,não
WEOWORLD,Mundo,PCPIPCH,1988,19.100,não
WEOWORLD,Mundo,PCPIPCH,1989,22.000,não
WEOWORLD,Mundo,PCPIPCH,1990,25.400,não
WEOWORLD,Mundo,PCPIPCH,1991,16.800,não
WEOWORLD,Mundo,PCPIPCH,1992,39.300,não
WEOWORLD,Mundo,PCPIPCH,1993,39.800,não
WEOWORLD,Mundo,PCPIPCH,1994,30.700,não
WEOWORLD,Mundo,PCPIPCH,1995,16.200,não
WEOWORLD,Mundo,PCPIPCH,1996,9.500,não
WEOWORLD,Mundo,PCPIPCH,1997,6.600,não
WEOWORLD,Mundo,PCPIPCH,1998,6.300,não
WEOWORLD,Mundo,PCPIPCH,1999,6.200,não
WEOWORLD,Mundo,PCPIPCH,2000,5.000,não
WEOWORLD,Mundo,PCPIPCH,2001,4.700,não
WEOWORLD,Mundo,PCPIPCH,2002,3.800,não
WEOWORLD,Mundo,PCPIPCH,2003,3.900,não
WEOWORLD,Mundo,PCPIPCH,2004,3.800,não
WEOWORLD,Mundo,PCPIPCH,2005,4.000,não
WEOWORLD,Mundo,PCPIPCH,2006,3.900,não
WEOWORLD,Mundo,PCPIPCH,2007,4.200,não
WEOWORLD,Mundo,PCPIPCH,2008,6.300,não
WEOWORLD,Mundo,PCPIPCH,2009,2.600,não
WEOWORLD,Mundo,PCPIPCH,2010,3.600,não
WEOWORLD,Mundo,PCPIPCH,2011,4.900,não
WEOWORLD,Mundo,PCPIPCH,2012,4.000,não
WEOWORLD,Mundo,PCPIPCH,2013,3.600,não
WEOWORLD,Mundo,PCPIPCH,2014,3.200,não
WEOWORLD,Mundo,PCPIPCH,2015,2.700,não
WEOWORLD,Mundo,PCPIPCH,2016,2.700,não
WEOWORLD,Mundo,PCPIPCH,2017,3.300,não
WEOWORLD,Mundo,PCPIPCH,2018,3.600,não
WEOWORLD,Mundo,PCPIPCH,2019,3.600,não
WEOWORLD,Mundo,PCPIPCH,2020,3.300,não
WEOWORLD,Mundo,PCPIPCH,2021,4.700,não
WEOWORLD,Mundo,PCPIPCH,2022,8.700,não
WEOWORLD,Mundo,PCPIPCH,2023,6.700,não
WEOWORLD,Mundo,PCPIPCH,2024,5.800,não
WEOWORLD,Mundo,PCPIPCH,2025,4.100,não
WEOWORLD,Mundo,PCPIPCH,2026,4.400,sim
WEOWORLD,Mundo,PCPIPCH,2027,3.700,sim
WEOWORLD,Mundo,PCPIPCH,2028,3.400,sim
WEOWORLD,Mundo,PCPIPCH,2029,3.200,sim
WEOWORLD,Mundo,PCPIPCH,2030,3.200,sim
WEOWORLD,Mundo,PCPIPCH,2031,3.200,sim
WE,América Latina e Caribe,PCPIPCH,1980,49.900,não
WE,América Latina e Caribe,PCPIPCH,1981,51.500,não
WE,América Latina e Caribe,PCPIPCH,1982,63.500,não
WE,América Latina e Caribe,PCPIPCH,1983,93.000,não
WE,América Latina e Caribe,PCPIPCH,1984,98.100,não
WE,América Latina e Caribe,PCPIPCH,1985,114.800,não
WE,América Latina e Caribe,PCPIPCH,1986,93.900,não
WE,América Latina e Caribe,PCPIPCH,1987,134.300,não
WE,América Latina e Caribe,PCPIPCH,1988,234.800,não
WE,América Latina e Caribe,PCPIPCH,1989,295.500,não
WE,América Latina e Caribe,PCPIPCH,1990,416.300,não
WE,América Latina e Caribe,PCPIPCH,1991,130.800,não
WE,América Latina e Caribe,PCPIPCH,1992,174.200,não
WE,América Latina e Caribe,PCPIPCH,1993,243.300,não
WE,América Latina e Caribe,PCPIPCH,1994,248.800,não
WE,América Latina e Caribe,PCPIPCH,1995,40.100,não
WE,América Latina e Caribe,PCPIPCH,1996,21.100,não
WE,América Latina e Caribe,PCPIPCH,1997,12.800,não
WE,América Latina e Caribe,PCPIPCH,1998,9.800,não
WE,América Latina e Caribe,PCPIPCH,1999,10.000,não
WE,América Latina e Caribe,PCPIPCH,2000,8.900,não
WE,América Latina e Caribe,PCPIPCH,2001,6.900,não
WE,América Latina e Caribe,PCPIPCH,2002,6.400,não
WE,América Latina e Caribe,PCPIPCH,2003,9.000,não
WE,América Latina e Caribe,PCPIPCH,2004,6.100,não
WE,América Latina e Caribe,PCPIPCH,2005,5.400,não
WE,América Latina e Caribe,PCPIPCH,2006,4.200,não
WE,América Latina e Caribe,PCPIPCH,2007,4.200,não
WE,América Latina e Caribe,PCPIPCH,2008,6.500,não
WE,América Latina e Caribe,PCPIPCH,2009,4.600,não
WE,América Latina e Caribe,PCPIPCH,2010,4.200,não
WE,América Latina e Caribe,PCPIPCH,2011,5.100,não
WE,América Latina e Caribe,PCPIPCH,2012,4.600,não
WE,América Latina e Caribe,PCPIPCH,2013,4.500,não
WE,América Latina e Caribe,PCPIPCH,2014,4.800,não
WE,América Latina e Caribe,PCPIPCH,2015,5.300,não
WE,América Latina e Caribe,PCPIPCH,2016,5.400,não
WE,América Latina e Caribe,PCPIPCH,2017,6.300,não
WE,América Latina e Caribe,PCPIPCH,2018,6.600,não
WE,América Latina e Caribe,PCPIPCH,2019,7.600,não
WE,América Latina e Caribe,PCPIPCH,2020,6.500,não
WE,América Latina e Caribe,PCPIPCH,2021,9.900,não
WE,América Latina e Caribe,PCPIPCH,2022,14.200,não
WE,América Latina e Caribe,PCPIPCH,2023,14.800,não
WE,América Latina e Caribe,PCPIPCH,2024,16.600,não
WE,América Latina e Caribe,PCPIPCH,2025,7.600,não
WE,América Latina e Caribe,PCPIPCH,2026,6.700,sim
WE,América Latina e Caribe,PCPIPCH,2027,4.900,sim
WE,América Latina e Caribe,PCPIPCH,2028,3.700,sim
WE,América Latina e Caribe,PCPIPCH,2029,3.500,sim
WE,América Latina e Caribe,PCPIPCH,2030,3.500,sim
WE,América Latina e Caribe,PCPIPCH,2031,3.500,sim
ADVEC,Economias avançadas,PCPIPCH,1980,13.500,não
ADVEC,Economias avançadas,PCPIPCH,1981,11.000,não
ADVEC,Economias avançadas,PCPIPCH,1982,8.400,não
ADVEC,Economias avançadas,PCPIPCH,1983,6.000,não
ADVEC,Economias avançadas,PCPIPCH,1984,6.500,não
ADVEC,Economias avançadas,PCPIPCH,1985,5.400,não
ADVEC,Economias avançadas,PCPIPCH,1986,2.900,não
ADVEC,Economias avançadas,PCPIPCH,1987,3.200,não
ADVEC,Economias avançadas,PCPIPCH,1988,3.500,não
ADVEC,Economias avançadas,PCPIPCH,1989,4.700,não
ADVEC,Economias avançadas,PCPIPCH,1990,5.000,não
ADVEC,Economias avançadas,PCPIPCH,1991,6.100,não
ADVEC,Economias avançadas,PCPIPCH,1992,3.900,não
ADVEC,Economias avançadas,PCPIPCH,1993,3.400,não
ADVEC,Economias avançadas,PCPIPCH,1994,2.900,não
ADVEC,Economias avançadas,PCPIPCH,1995,2.800,não
ADVEC,Economias avançadas,PCPIPCH,1996,2.800,não
ADVEC,Economias avançadas,PCPIPCH,1997,4.600,não
ADVEC,Economias avançadas,PCPIPCH,1998,1.600,não
ADVEC,Economias avançadas,PCPIPCH,1999,1.400,não
ADVEC,Economias avançadas,PCPIPCH,2000,2.300,não
ADVEC,Economias avançadas,PCPIPCH,2001,2.200,não
ADVEC,Economias avançadas,PCPIPCH,2002,1.600,não
ADVEC,Economias avançadas,PCPIPCH,2003,1.900,não
ADVEC,Economias avançadas,PCPIPCH,2004,2.000,não
ADVEC,Economias avançadas,PCPIPCH,2005,2.300,não
ADVEC,Economias avançadas,PCPIPCH,2006,2.400,não
ADVEC,Economias avançadas,PCPIPCH,2007,2.200,não
ADVEC,Economias avançadas,PCPIPCH,2008,3.500,não
ADVEC,Economias avançadas,PCPIPCH,2009,0.200,não
ADVEC,Economias avançadas,PCPIPCH,2010,1.600,não
ADVEC,Economias avançadas,PCPIPCH,2011,2.700,não
ADVEC,Economias avançadas,PCPIPCH,2012,2.000,não
ADVEC,Economias avançadas,PCPIPCH,2013,1.400,não
ADVEC,Economias avançadas,PCPIPCH,2014,1.300,não
ADVEC,Economias avançadas,PCPIPCH,2015,0.300,não
ADVEC,Economias avançadas,PCPIPCH,2016,0.700,não
ADVEC,Economias avançadas,PCPIPCH,2017,1.700,não
ADVEC,Economias avançadas,PCPIPCH,2018,2.000,não
ADVEC,Economias avançadas,PCPIPCH,2019,1.400,não
ADVEC,Economias avançadas,PCPIPCH,2020,0.700,não
ADVEC,Economias avançadas,PCPIPCH,2021,3.100,não
ADVEC,Economias avançadas,PCPIPCH,2022,7.300,não
ADVEC,Economias avançadas,PCPIPCH,2023,4.600,não
ADVEC,Economias avançadas,PCPIPCH,2024,2.600,não
ADVEC,Economias avançadas,PCPIPCH,2025,2.500,não
ADVEC,Economias avançadas,PCPIPCH,2026,2.800,sim
ADVEC,Economias avançadas,PCPIPCH,2027,2.200,sim
ADVEC,Economias avançadas,PCPIPCH,2028,2.100,sim
ADVEC,Economias avançadas,PCPIPCH,2029,2.100,sim
ADVEC,Economias avançadas,PCPIPCH,2030,2.100,sim
ADVEC,Economias avançadas,PCPIPCH,2031,2.100,sim
OEMDC,Economias emergentes e em desenvolvimento,PCPIPCH,1980,26.900,não
OEMDC,Economias emergentes e em desenvolvimento,PCPIPCH,1981,23.800,não
OEMDC,Economias emergentes e em desenvolvimento,PCPIPCH,1982,27.500,não
OEMDC,Economias emergentes e em desenvolvimento,PCPIPCH,1983,30.500,não
OEMDC,Economias emergentes e em desenvolvimento,PCPIPCH,1984,32.900,não
OEMDC,Economias emergentes e em desenvolvimento,PCPIPCH,1985,33.900,não
OEMDC,Economias emergentes e em desenvolvimento,PCPIPCH,1986,32.200,não
OEMDC,Economias emergentes e em desenvolvimento,PCPIPCH,1987,41.300,não
OEMDC,Economias emergentes e em desenvolvimento,PCPIPCH,1988,58.100,não
OEMDC,Economias emergentes e em desenvolvimento,PCPIPCH,1989,66.300,não
OEMDC,Economias emergentes e em desenvolvimento,PCPIPCH,1990,79.500,não
OEMDC,Economias emergentes e em desenvolvimento,PCPIPCH,1991,43.300,não
OEMDC,Economias emergentes e em desenvolvimento,PCPIPCH,1992,122.600,não
OEMDC,Economias emergentes e em desenvolvimento,PCPIPCH,1993,123.200,não
OEMDC,Economias emergentes e em desenvolvimento,PCPIPCH,1994,90.600,não
OEMDC,Economias emergentes e em desenvolvimento,PCPIPCH,1995,40.700,não
OEMDC,Economias emergentes e em desenvolvimento,PCPIPCH,1996,20.700,não
OEMDC,Economias emergentes e em desenvolvimento,PCPIPCH,1997,12.800,não
OEMDC,Economias emergentes e em desenvolvimento,PCPIPCH,1998,13.800,não
OEMDC,Economias emergentes e em desenvolvimento,PCPIPCH,1999,13.800,não
OEMDC,Economias emergentes e em desenvolvimento,PCPIPCH,2000,9.100,não
OEMDC,Economias emergentes e em desenvolvimento,PCPIPCH,2001,8.400,não
OEMDC,Economias emergentes e em desenvolvimento,PCPIPCH,2002,6.900,não
OEMDC,Economias emergentes e em desenvolvimento,PCPIPCH,2003,6.700,não
OEMDC,Economias emergentes e em desenvolvimento,PCPIPCH,2004,6.100,não
OEMDC,Economias emergentes e em desenvolvimento,PCPIPCH,2005,6.100,não
OEMDC,Economias emergentes e em desenvolvimento,PCPIPCH,2006,5.800,não
OEMDC,Economias emergentes e em desenvolvimento,PCPIPCH,2007,6.500,não
OEMDC,Economias emergentes e em desenvolvimento,PCPIPCH,2008,9.300,não
OEMDC,Economias emergentes e em desenvolvimento,PCPIPCH,2009,5.200,não
OEMDC,Economias emergentes e em desenvolvimento,PCPIPCH,2010,5.700,não
OEMDC,Economias emergentes e em desenvolvimento,PCPIPCH,2011,7.100,não
OEMDC,Economias emergentes e em desenvolvimento,PCPIPCH,2012,5.800,não
OEMDC,Economias emergentes e em desenvolvimento,PCPIPCH,2013,5.500,não
OEMDC,Economias emergentes e em desenvolvimento,PCPIPCH,2014,4.700,não
OEMDC,Economias emergentes e em desenvolvimento,PCPIPCH,2015,4.800,não
OEMDC,Economias emergentes e em desenvolvimento,PCPIPCH,2016,4.300,não
OEMDC,Economias emergentes e em desenvolvimento,PCPIPCH,2017,4.500,não
OEMDC,Economias emergentes e em desenvolvimento,PCPIPCH,2018,4.900,não
OEMDC,Economias emergentes e em desenvolvimento,PCPIPCH,2019,5.200,não
OEMDC,Economias emergentes e em desenvolvimento,PCPIPCH,2020,5.300,não
OEMDC,Economias emergentes e em desenvolvimento,PCPIPCH,2021,5.900,não
OEMDC,Economias emergentes e em desenvolvimento,PCPIPCH,2022,9.700,não
OEMDC,Economias emergentes e em desenvolvimento,PCPIPCH,2023,8.200,não
OEMDC,Economias emergentes e em desenvolvimento,PCPIPCH,2024,8.000,não
OEMDC,Economias emergentes e em desenvolvimento,PCPIPCH,2025,5.200,não
OEMDC,Economias emergentes e em desenvolvimento,PCPIPCH,2026,5.500,sim
OEMDC,Economias emergentes e em desenvolvimento,PCPIPCH,2027,4.600,sim
OEMDC,Economias emergentes e em desenvolvimento,PCPIPCH,2028,4.100,sim
OEMDC,Economias emergentes e em desenvolvimento,PCPIPCH,2029,3.900,sim
OEMDC,Economias emergentes e em desenvolvimento,PCPIPCH,2030,3.900,sim
OEMDC,Economias emergentes e em desenvolvimento,PCPIPCH,2031,3.900,sim
BRA,Brasil,LUR,1991,6.400,não
BRA,Brasil,LUR,1992,6.400,não
BRA,Brasil,LUR,1993,6.000,não
BRA,Brasil,LUR,1994,6.500,não
BRA,Brasil,LUR,1995,7.100,não
BRA,Brasil,LUR,1996,8.000,não
BRA,Brasil,LUR,1997,9.000,não
BRA,Brasil,LUR,1998,10.100,não
BRA,Brasil,LUR,1999,11.100,não
BRA,Brasil,LUR,2000,10.500,não
BRA,Brasil,LUR,2001,10.600,não
BRA,Brasil,LUR,2002,10.600,não
BRA,Brasil,LUR,2003,11.200,não
BRA,Brasil,LUR,2004,10.100,não
BRA,Brasil,LUR,2005,10.600,não
BRA,Brasil,LUR,2006,9.700,não
BRA,Brasil,LUR,2007,9.300,não
BRA,Brasil,LUR,2008,8.300,não
BRA,Brasil,LUR,2009,9.400,não
BRA,Brasil,LUR,2010,8.000,não
BRA,Brasil,LUR,2011,7.600,não
BRA,Brasil,LUR,2012,6.900,não
BRA,Brasil,LUR,2013,7.200,não
BRA,Brasil,LUR,2014,6.900,não
BRA,Brasil,LUR,2015,8.600,não
BRA,Brasil,LUR,2016,11.600,não
BRA,Brasil,LUR,2017,12.900,não
BRA,Brasil,LUR,2018,12.400,não
BRA,Brasil,LUR,2019,12.000,não
BRA,Brasil,LUR,2020,13.800,não
BRA,Brasil,LUR,2021,13.200,não
BRA,Brasil,LUR,2022,9.300,não
BRA,Brasil,LUR,2023,8.000,não
BRA,Brasil,LUR,2024,6.900,não
BRA,Brasil,LUR,2025,6.000,não
BRA,Brasil,LUR,2026,6.800,sim
BRA,Brasil,LUR,2027,7.400,sim
BRA,Brasil,LUR,2028,7.400,sim
BRA,Brasil,LUR,2029,7.400,sim
BRA,Brasil,LUR,2030,7.400,sim
BRA,Brasil,LUR,2031,7.400,sim
ARG,Argentina,LUR,1980,3.000,não
ARG,Argentina,LUR,1981,5.000,não
ARG,Argentina,LUR,1982,4.500,não
ARG,Argentina,LUR,1983,5.000,não
ARG,Argentina,LUR,1984,5.000,não
ARG,Argentina,LUR,1985,6.200,não
ARG,Argentina,LUR,1986,6.300,não
ARG,Argentina,LUR,1987,6.000,não
ARG,Argentina,LUR,1988,6.500,não
ARG,Argentina,LUR,1989,8.000,não
ARG,Argentina,LUR,1990,7.600,não
ARG,Argentina,LUR,1991,6.500,não
ARG,Argentina,LUR,1992,7.100,não
ARG,Argentina,LUR,1993,11.600,não
ARG,Argentina,LUR,1994,13.300,não
ARG,Argentina,LUR,1995,18.900,não
ARG,Argentina,LUR,1996,18.800,não
ARG,Argentina,LUR,1997,16.800,não
ARG,Argentina,LUR,1998,14.800,não
ARG,Argentina,LUR,1999,16.100,não
ARG,Argentina,LUR,2000,17.100,não
ARG,Argentina,LUR,2001,19.200,não
ARG,Argentina,LUR,2002,22.500,não
ARG,Argentina,LUR,2003,17.300,não
ARG,Argentina,LUR,2004,13.600,não
ARG,Argentina,LUR,2005,11.600,não
ARG,Argentina,LUR,2006,10.200,não
ARG,Argentina,LUR,2007,8.500,não
ARG,Argentina,LUR,2008,7.900,não
ARG,Argentina,LUR,2009,8.700,não
ARG,Argentina,LUR,2010,7.800,não
ARG,Argentina,LUR,2011,7.200,não
ARG,Argentina,LUR,2012,7.200,não
ARG,Argentina,LUR,2013,7.100,não
ARG,Argentina,LUR,2014,7.300,não
ARG,Argentina,LUR,2015,6.500,não
ARG,Argentina,LUR,2016,8.500,não
ARG,Argentina,LUR,2017,8.400,não
ARG,Argentina,LUR,2018,9.200,não
ARG,Argentina,LUR,2019,9.800,não
ARG,Argentina,LUR,2020,11.600,não
ARG,Argentina,LUR,2021,8.800,não
ARG,Argentina,LUR,2022,6.800,não
ARG,Argentina,LUR,2023,6.100,não
ARG,Argentina,LUR,2024,7.200,não
ARG,Argentina,LUR,2025,7.400,não
ARG,Argentina,LUR,2026,7.200,sim
ARG,Argentina,LUR,2027,6.900,sim
ARG,Argentina,LUR,2028,6.500,sim
ARG,Argentina,LUR,2029,6.500,sim
ARG,Argentina,LUR,2030,6.500,sim
ARG,Argentina,LUR,2031,6.500,sim
CHL,Chile,LUR,1980,11.500,não
CHL,Chile,LUR,1981,10.300,não
CHL,Chile,LUR,1982,19.800,não
CHL,Chile,LUR,1983,21.000,não
CHL,Chile,LUR,1984,17.500,não
CHL,Chile,LUR,1985,15.000,não
CHL,Chile,LUR,1986,12.300,não
CHL,Chile,LUR,1987,11.000,não
CHL,Chile,LUR,1988,9.900,não
CHL,Chile,LUR,1989,8.000,não
CHL,Chile,LUR,1990,7.800,não
CHL,Chile,LUR,1991,8.200,não
CHL,Chile,LUR,1992,6.700,não
CHL,Chile,LUR,1993,6.500,não
CHL,Chile,LUR,1994,7.800,não
CHL,Chile,LUR,1995,7.400,não
CHL,Chile,LUR,1996,6.500,não
CHL,Chile,LUR,1997,6.100,não
CHL,Chile,LUR,1998,6.200,não
CHL,Chile,LUR,1999,10.000,não
CHL,Chile,LUR,2000,9.700,não
CHL,Chile,LUR,2001,9.900,não
CHL,Chile,LUR,2002,9.800,não
CHL,Chile,LUR,2003,9.500,não
CHL,Chile,LUR,2004,10.000,não
CHL,Chile,LUR,2005,9.300,não
CHL,Chile,LUR,2006,8.000,não
CHL,Chile,LUR,2007,7.000,não
CHL,Chile,LUR,2008,7.800,não
CHL,Chile,LUR,2009,11.100,não
CHL,Chile,LUR,2010,8.300,não
CHL,Chile,LUR,2011,7.300,não
CHL,Chile,LUR,2012,6.600,não
CHL,Chile,LUR,2013,6.100,não
CHL,Chile,LUR,2014,6.500,não
CHL,Chile,LUR,2015,6.300,não
CHL,Chile,LUR,2016,6.700,não
CHL,Chile,LUR,2017,7.000,não
CHL,Chile,LUR,2018,7.400,não
CHL,Chile,LUR,2019,7.200,não
CHL,Chile,LUR,2020,10.800,não
CHL,Chile,LUR,2021,8.900,não
CHL,Chile,LUR,2022,7.900,não
CHL,Chile,LUR,2023,8.700,não
CHL,Chile,LUR,2024,8.500,não
CHL,Chile,LUR,2025,8.500,não
CHL,Chile,LUR,2026,8.100,sim
CHL,Chile,LUR,2027,7.600,sim
CHL,Chile,LUR,2028,7.400,sim
CHL,Chile,LUR,2029,7.300,sim
CHL,Chile,LUR,2030,7.300,sim
CHL,Chile,LUR,2031,7.400,sim
COL,Colômbia,LUR,1980,5.400,não
COL,Colômbia,LUR,1981,6.600,não
COL,Colômbia,LUR,1982,7.100,não
COL,Colômbia,LUR,1983,8.700,não
COL,Colômbia,LUR,1984,9.000,não
COL,Colômbia,LUR,1985,8.700,não
COL,Colômbia,LUR,1986,7.700,não
COL,Colômbia,LUR,1987,7.400,não
COL,Colômbia,LUR,1988,6.500,não
COL,Colômbia,LUR,1989,6.800,não
COL,Colômbia,LUR,1990,6.600,não
COL,Colômbia,LUR,1991,6.400,não
COL,Colômbia,LUR,1992,5.900,não
COL,Colômbia,LUR,1993,5.000,não
COL,Colômbia,LUR,1994,4.900,não
COL,Colômbia,LUR,1995,5.600,não
COL,Colômbia,LUR,1996,7.800,não
COL,Colômbia,LUR,1997,7.900,não
COL,Colômbia,LUR,1998,9.700,não
COL,Colômbia,LUR,1999,13.100,não
COL,Colômbia,LUR,2000,13.300,não
COL,Colômbia,LUR,2001,15.000,não
COL,Colômbia,LUR,2002,15.600,não
COL,Colômbia,LUR,2003,14.100,não
COL,Colômbia,LUR,2004,13.700,não
COL,Colômbia,LUR,2005,11.800,não
COL,Colômbia,LUR,2006,12.000,não
COL,Colômbia,LUR,2007,11.200,não
COL,Colômbia,LUR,2008,11.300,não
COL,Colômbia,LUR,2009,11.300,não
COL,Colômbia,LUR,2010,11.200,não
COL,Colômbia,LUR,2011,10.100,não
COL,Colômbia,LUR,2012,9.900,não
COL,Colômbia,LUR,2013,8.600,não
COL,Colômbia,LUR,2014,9.000,não
COL,Colômbia,LUR,2015,8.800,não
COL,Colômbia,LUR,2016,9.100,não
COL,Colômbia,LUR,2017,8.900,não
COL,Colômbia,LUR,2018,10.000,não
COL,Colômbia,LUR,2019,9.900,não
COL,Colômbia,LUR,2020,13.900,não
COL,Colômbia,LUR,2021,11.100,não
COL,Colômbia,LUR,2022,10.300,não
COL,Colômbia,LUR,2023,10.000,não
COL,Colômbia,LUR,2024,9.100,não
COL,Colômbia,LUR,2025,8.000,não
COL,Colômbia,LUR,2026,9.000,sim
COL,Colômbia,LUR,2027,10.000,sim
COL,Colômbia,LUR,2028,10.000,sim
COL,Colômbia,LUR,2029,10.000,sim
COL,Colômbia,LUR,2030,10.000,sim
COL,Colômbia,LUR,2031,10.000,sim
MEX,México,LUR,1980,1.200,não
MEX,México,LUR,1981,0.900,não
MEX,México,LUR,1982,4.200,não
MEX,México,LUR,1983,6.100,não
MEX,México,LUR,1984,5.600,não
MEX,México,LUR,1985,4.400,não
MEX,México,LUR,1986,4.300,não
MEX,México,LUR,1987,3.900,não
MEX,México,LUR,1988,3.500,não
MEX,México,LUR,1989,2.900,não
MEX,México,LUR,1990,2.700,não
MEX,México,LUR,1991,2.700,não
MEX,México,LUR,1992,2.800,não
MEX,México,LUR,1993,3.400,não
MEX,México,LUR,1994,3.700,não
MEX,México,LUR,1995,6.200,não
MEX,México,LUR,1996,5.500,não
MEX,México,LUR,1997,3.700,não
MEX,México,LUR,1998,3.200,não
MEX,México,LUR,1999,2.500,não
MEX,México,LUR,2000,2.200,não
MEX,México,LUR,2001,2.800,não
MEX,México,LUR,2002,3.000,não
MEX,México,LUR,2003,3.400,não
MEX,México,LUR,2004,3.900,não
MEX,México,LUR,2005,3.500,não
MEX,México,LUR,2006,3.600,não
MEX,México,LUR,2007,3.700,não
MEX,México,LUR,2008,3.900,não
MEX,México,LUR,2009,5.400,não
MEX,México,LUR,2010,5.300,não
MEX,México,LUR,2011,5.200,não
MEX,México,LUR,2012,4.900,não
MEX,México,LUR,2013,4.900,não
MEX,México,LUR,2014,4.800,não
MEX,México,LUR,2015,4.300,não
MEX,México,LUR,2016,3.900,não
MEX,México,LUR,2017,3.400,não
MEX,México,LUR,2018,3.300,não
MEX,México,LUR,2019,3.500,não
MEX,México,LUR,2020,4.400,não
MEX,México,LUR,2021,4.100,não
MEX,México,LUR,2022,3.300,não
MEX,México,LUR,2023,2.800,não
MEX,México,LUR,2024,2.700,não
MEX,México,LUR,2025,2.600,não
MEX,México,LUR,2026,2.700,sim
MEX,México,LUR,2027,2.800,sim
MEX,México,LUR,2028,2.800,sim
MEX,México,LUR,2029,2.800,sim
MEX,México,LUR,2030,2.800,sim
MEX,México,LUR,2031,2.800,sim
PER,Peru,LUR,1980,7.300,não
PER,Peru,LUR,1981,6.800,não
PER,Peru,LUR,1982,6.400,não
PER,Peru,LUR,1983,9.000,não
PER,Peru,LUR,1984,8.900,não
PER,Peru,LUR,1985,4.600,não
PER,Peru,LUR,1986,5.300,não
PER,Peru,LUR,1987,4.800,não
PER,Peru,LUR,1988,4.200,não
PER,Peru,LUR,1989,7.900,não
PER,Peru,LUR,1990,8.300,não
PER,Peru,LUR,1991,5.900,não
PER,Peru,LUR,1992,9.400,não
PER,Peru,LUR,1993,9.900,não
PER,Peru,LUR,1994,8.800,não
PER,Peru,LUR,1995,7.100,não
PER,Peru,LUR,1996,7.200,não
PER,Peru,LUR,1997,8.600,não
PER,Peru,LUR,1998,6.900,não
PER,Peru,LUR,1999,9.400,não
PER,Peru,LUR,2000,7.800,não
PER,Peru,LUR,2001,9.200,não
PER,Peru,LUR,2002,9.400,não
PER,Peru,LUR,2003,9.400,não
PER,Peru,LUR,2004,9.400,não
PER,Peru,LUR,2005,9.600,não
PER,Peru,LUR,2006,8.500,não
PER,Peru,LUR,2007,8.400,não
PER,Peru,LUR,2008,8.400,não
PER,Peru,LUR,2009,8.400,não
PER,Peru,LUR,2010,7.900,não
PER,Peru,LUR,2011,7.700,não
PER,Peru,LUR,2012,6.800,não
PER,Peru,LUR,2013,6.000,não
PER,Peru,LUR,2014,5.600,não
PER,Peru,LUR,2015,6.500,não
PER,Peru,LUR,2016,6.800,não
PER,Peru,LUR,2017,6.900,não
PER,Peru,LUR,2018,6.700,não
PER,Peru,LUR,2019,6.600,não
PER,Peru,LUR,2020,13.000,não
PER,Peru,LUR,2021,10.700,não
PER,Peru,LUR,2022,7.800,não
PER,Peru,LUR,2023,6.800,não
PER,Peru,LUR,2024,6.400,não
PER,Peru,LUR,2025,5.900,não
PER,Peru,LUR,2026,6.300,sim
PER,Peru,LUR,2027,6.300,sim
PER,Peru,LUR,2028,6.500,sim
PER,Peru,LUR,2029,6.500,sim
PER,Peru,LUR,2030,6.500,sim
PER,Peru,LUR,2031,6.500,sim
USA,Estados Unidos,LUR,1980,7.200,não
USA,Estados Unidos,LUR,1981,7.600,não
USA,Estados Unidos,LUR,1982,9.700,não
USA,Estados Unidos,LUR,1983,9.600,não
USA,Estados Unidos,LUR,1984,7.500,não
USA,Estados Unidos,LUR,1985,7.200,não
USA,Estados Unidos,LUR,1986,7.000,não
USA,Estados Unidos,LUR,1987,6.200,não
USA,Estados Unidos,LUR,1988,5.500,não
USA,Estados Unidos,LUR,1989,5.300,não
USA,Estados Unidos,LUR,1990,5.600,não
USA,Estados Unidos,LUR,1991,6.900,não
USA,Estados Unidos,LUR,1992,7.500,não
USA,Estados Unidos,LUR,1993,6.900,não
USA,Estados Unidos,LUR,1994,6.100,não
USA,Estados Unidos,LUR,1995,5.600,não
USA,Estados Unidos,LUR,1996,5.400,não
USA,Estados Unidos,LUR,1997,4.900,não
USA,Estados Unidos,LUR,1998,4.500,não
USA,Estados Unidos,LUR,1999,4.200,não
USA,Estados Unidos,LUR,2000,4.000,não
USA,Estados Unidos,LUR,2001,4.700,não
USA,Estados Unidos,LUR,2002,5.800,não
USA,Estados Unidos,LUR,2003,6.000,não
USA,Estados Unidos,LUR,2004,5.500,não
USA,Estados Unidos,LUR,2005,5.100,não
USA,Estados Unidos,LUR,2006,4.600,não
USA,Estados Unidos,LUR,2007,4.600,não
USA,Estados Unidos,LUR,2008,5.800,não
USA,Estados Unidos,LUR,2009,9.300,não
USA,Estados Unidos,LUR,2010,9.600,não
USA,Estados Unidos,LUR,2011,8.900,não
USA,Estados Unidos,LUR,2012,8.100,não
USA,Estados Unidos,LUR,2013,7.400,não
USA,Estados Unidos,LUR,2014,6.200,não
USA,Estados Unidos,LUR,2015,5.300,não
USA,Estados Unidos,LUR,2016,4.900,não
USA,Estados Unidos,LUR,2017,4.400,não
USA,Estados Unidos,LUR,2018,3.900,não
USA,Estados Unidos,LUR,2019,3.700,não
USA,Estados Unidos,LUR,2020,8.100,não
USA,Estados Unidos,LUR,2021,5.400,não
USA,Estados Unidos,LUR,2022,3.700,não
USA,Estados Unidos,LUR,2023,3.600,não
USA,Estados Unidos,LUR,2024,4.000,não
USA,Estados Unidos,LUR,2025,4.300,não
USA,Estados Unidos,LUR,2026,4.400,sim
USA,Estados Unidos,LUR,2027,4.200,sim
USA,Estados Unidos,LUR,2028,4.100,sim
USA,Estados Unidos,LUR,2029,3.900,sim
USA,Estados Unidos,LUR,2030,3.900,sim
USA,Estados Unidos,LUR,2031,3.900,sim
CHN,China,LUR,2017,5.000,não
CHN,China,LUR,2018,4.900,não
CHN,China,LUR,2019,5.200,não
CHN,China,LUR,2020,5.600,não
CHN,China,LUR,2021,5.100,não
CHN,China,LUR,2022,5.600,não
CHN,China,LUR,2023,5.200,não
CHN,China,LUR,2024,5.100,não
CHN,China,LUR,2025,5.100,não
CHN,China,LUR,2026,5.100,sim
CHN,China,LUR,2027,5.100,sim
CHN,China,LUR,2028,5.100,sim
CHN,China,LUR,2029,5.100,sim
CHN,China,LUR,2030,5.100,sim
CHN,China,LUR,2031,5.100,sim
IND,Índia,LUR,2018,8.900,não
IND,Índia,LUR,2019,7.500,não
IND,Índia,LUR,2020,8.700,não
IND,Índia,LUR,2021,7.400,não
IND,Índia,LUR,2022,5.300,não
IND,Índia,LUR,2023,4.900,não
IND,Índia,LUR,2024,4.900,não
IND,Índia,LUR,2025,4.900,não
IND,Índia,LUR,2026,4.900,sim
IND,Índia,LUR,2027,4.900,sim
IND,Índia,LUR,2028,4.900,sim
IND,Índia,LUR,2029,4.900,sim
IND,Índia,LUR,2030,4.900,sim
IND,Índia,LUR,2031,4.900,sim
KOR,Coreia do Sul,LUR,1980,5.200,não
KOR,Coreia do Sul,LUR,1981,4.500,não
KOR,Coreia do Sul,LUR,1982,4.100,não
KOR,Coreia do Sul,LUR,1983,4.100,não
KOR,Coreia do Sul,LUR,1984,3.900,não
KOR,Coreia do Sul,LUR,1985,4.000,não
KOR,Coreia do Sul,LUR,1986,3.800,não
KOR,Coreia do Sul,LUR,1987,3.100,não
KOR,Coreia do Sul,LUR,1988,2.500,não
KOR,Coreia do Sul,LUR,1989,2.600,não
KOR,Coreia do Sul,LUR,1990,2.500,não
KOR,Coreia do Sul,LUR,1991,2.500,não
KOR,Coreia do Sul,LUR,1992,2.500,não
KOR,Coreia do Sul,LUR,1993,2.900,não
KOR,Coreia do Sul,LUR,1994,2.500,não
KOR,Coreia do Sul,LUR,1995,2.100,não
KOR,Coreia do Sul,LUR,1996,2.100,não
KOR,Coreia do Sul,LUR,1997,2.600,não
KOR,Coreia do Sul,LUR,1998,7.000,não
KOR,Coreia do Sul,LUR,1999,6.600,não
KOR,Coreia do Sul,LUR,2000,4.400,não
KOR,Coreia do Sul,LUR,2001,4.000,não
KOR,Coreia do Sul,LUR,2002,3.300,não
KOR,Coreia do Sul,LUR,2003,3.600,não
KOR,Coreia do Sul,LUR,2004,3.700,não
KOR,Coreia do Sul,LUR,2005,3.800,não
KOR,Coreia do Sul,LUR,2006,3.500,não
KOR,Coreia do Sul,LUR,2007,3.300,não
KOR,Coreia do Sul,LUR,2008,3.200,não
KOR,Coreia do Sul,LUR,2009,3.600,não
KOR,Coreia do Sul,LUR,2010,3.700,não
KOR,Coreia do Sul,LUR,2011,3.400,não
KOR,Coreia do Sul,LUR,2012,3.200,não
KOR,Coreia do Sul,LUR,2013,3.100,não
KOR,Coreia do Sul,LUR,2014,3.500,não
KOR,Coreia do Sul,LUR,2015,3.600,não
KOR,Coreia do Sul,LUR,2016,3.700,não
KOR,Coreia do Sul,LUR,2017,3.700,não
KOR,Coreia do Sul,LUR,2018,3.800,não
KOR,Coreia do Sul,LUR,2019,3.800,não
KOR,Coreia do Sul,LUR,2020,4.000,não
KOR,Coreia do Sul,LUR,2021,3.700,não
KOR,Coreia do Sul,LUR,2022,2.900,não
KOR,Coreia do Sul,LUR,2023,2.700,não
KOR,Coreia do Sul,LUR,2024,2.800,não
KOR,Coreia do Sul,LUR,2025,2.800,não
KOR,Coreia do Sul,LUR,2026,2.800,sim
KOR,Coreia do Sul,LUR,2027,2.900,sim
KOR,Coreia do Sul,LUR,2028,2.800,sim
KOR,Coreia do Sul,LUR,2029,2.800,sim
KOR,Coreia do Sul,LUR,2030,2.800,sim
KOR,Coreia do Sul,LUR,2031,2.800,sim
ZAF,África do Sul,LUR,1980,9.200,não
ZAF,África do Sul,LUR,1981,9.800,não
ZAF,África do Sul,LUR,1982,10.800,não
ZAF,África do Sul,LUR,1983,12.500,não
ZAF,África do Sul,LUR,1984,13.700,não
ZAF,África do Sul,LUR,1985,15.500,não
ZAF,África do Sul,LUR,1986,16.000,não
ZAF,África do Sul,LUR,1987,16.600,não
ZAF,África do Sul,LUR,1988,17.200,não
ZAF,África do Sul,LUR,1989,17.800,não
ZAF,África do Sul,LUR,1990,18.800,não
ZAF,África do Sul,LUR,1991,20.200,não
ZAF,África do Sul,LUR,1992,21.200,não
ZAF,África do Sul,LUR,1993,22.200,não
ZAF,África do Sul,LUR,1994,22.900,não
ZAF,África do Sul,LUR,1995,16.500,não
ZAF,África do Sul,LUR,1996,20.300,não
ZAF,África do Sul,LUR,1997,22.000,não
ZAF,África do Sul,LUR,1998,26.100,não
ZAF,África do Sul,LUR,1999,23.300,não
ZAF,África do Sul,LUR,2000,23.000,não
ZAF,África do Sul,LUR,2001,26.000,não
ZAF,África do Sul,LUR,2002,27.800,não
ZAF,África do Sul,LUR,2003,27.700,não
ZAF,África do Sul,LUR,2004,25.200,não
ZAF,África do Sul,LUR,2005,24.700,não
ZAF,África do Sul,LUR,2006,23.600,não
ZAF,África do Sul,LUR,2007,23.000,não
ZAF,África do Sul,LUR,2008,22.500,não
ZAF,África do Sul,LUR,2009,23.700,não
ZAF,África do Sul,LUR,2010,24.900,não
ZAF,África do Sul,LUR,2011,24.800,não
ZAF,África do Sul,LUR,2012,24.900,não
ZAF,África do Sul,LUR,2013,24.700,não
ZAF,África do Sul,LUR,2014,25.100,não
ZAF,África do Sul,LUR,2015,25.400,não
ZAF,África do Sul,LUR,2016,26.700,não
ZAF,África do Sul,LUR,2017,27.500,não
ZAF,África do Sul,LUR,2018,27.100,não
ZAF,África do Sul,LUR,2019,28.700,não
ZAF,África do Sul,LUR,2020,29.200,não
ZAF,África do Sul,LUR,2021,34.300,não
ZAF,África do Sul,LUR,2022,33.500,não
ZAF,África do Sul,LUR,2023,32.400,não
ZAF,África do Sul,LUR,2024,32.600,não
ZAF,África do Sul,LUR,2025,32.400,não
ZAF,África do Sul,LUR,2026,32.500,sim
ZAF,África do Sul,LUR,2027,32.400,sim
ZAF,África do Sul,LUR,2028,32.200,sim
ZAF,África do Sul,LUR,2029,32.100,sim
ZAF,África do Sul,LUR,2030,32.000,sim
ZAF,África do Sul,LUR,2031,31.900,sim
RUS,Rússia,LUR,1992,5.200,não
RUS,Rússia,LUR,1993,5.900,não
RUS,Rússia,LUR,1994,8.100,não
RUS,Rússia,LUR,1995,8.300,não
RUS,Rússia,LUR,1996,9.300,não
RUS,Rússia,LUR,1997,10.800,não
RUS,Rússia,LUR,1998,11.900,não
RUS,Rússia,LUR,1999,13.000,não
RUS,Rússia,LUR,2000,10.600,não
RUS,Rússia,LUR,2001,8.900,não
RUS,Rússia,LUR,2002,8.000,não
RUS,Rússia,LUR,2003,8.200,não
RUS,Rússia,LUR,2004,7.700,não
RUS,Rússia,LUR,2005,7.200,não
RUS,Rússia,LUR,2006,7.100,não
RUS,Rússia,LUR,2007,6.000,não
RUS,Rússia,LUR,2008,6.200,não
RUS,Rússia,LUR,2009,8.200,não
RUS,Rússia,LUR,2010,7.400,não
RUS,Rússia,LUR,2011,6.500,não
RUS,Rússia,LUR,2012,5.500,não
RUS,Rússia,LUR,2013,5.500,não
RUS,Rússia,LUR,2014,5.200,não
RUS,Rússia,LUR,2015,5.600,não
RUS,Rússia,LUR,2016,5.500,não
RUS,Rússia,LUR,2017,5.200,não
RUS,Rússia,LUR,2018,4.800,não
RUS,Rússia,LUR,2019,4.600,não
RUS,Rússia,LUR,2020,5.800,não
RUS,Rússia,LUR,2021,4.800,não
RUS,Rússia,LUR,2022,4.000,não
RUS,Rússia,LUR,2023,3.200,não
RUS,Rússia,LUR,2024,2.500,não
RUS,Rússia,LUR,2025,2.200,não
RUS,Rússia,LUR,2026,2.400,sim
RUS,Rússia,LUR,2027,2.600,sim
RUS,Rússia,LUR,2028,3.200,sim
RUS,Rússia,LUR,2029,3.300,sim
RUS,Rússia,LUR,2030,3.400,sim
RUS,Rússia,LUR,2031,3.400,sim
TUR,Turquia,LUR,1980,7.200,não
TUR,Turquia,LUR,1981,7.200,não
TUR,Turquia,LUR,1982,7.600,não
TUR,Turquia,LUR,1983,7.500,não
TUR,Turquia,LUR,1984,7.400,não
TUR,Turquia,LUR,1985,6.900,não
TUR,Turquia,LUR,1986,7.700,não
TUR,Turquia,LUR,1987,8.100,não
TUR,Turquia,LUR,1988,8.700,não
TUR,Turquia,LUR,1989,8.600,não
TUR,Turquia,LUR,1990,8.000,não
TUR,Turquia,LUR,1991,7.700,não
TUR,Turquia,LUR,1992,7.900,não
TUR,Turquia,LUR,1993,8.400,não
TUR,Turquia,LUR,1994,8.000,não
TUR,Turquia,LUR,1995,7.100,não
TUR,Turquia,LUR,1996,6.100,não
TUR,Turquia,LUR,1997,6.300,não
TUR,Turquia,LUR,1998,6.400,não
TUR,Turquia,LUR,1999,7.200,não
TUR,Turquia,LUR,2000,6.000,não
TUR,Turquia,LUR,2001,7.800,não
TUR,Turquia,LUR,2002,9.800,não
TUR,Turquia,LUR,2003,9.900,não
TUR,Turquia,LUR,2004,9.700,não
TUR,Turquia,LUR,2005,9.200,não
TUR,Turquia,LUR,2006,8.700,não
TUR,Turquia,LUR,2007,8.900,não
TUR,Turquia,LUR,2008,9.800,não
TUR,Turquia,LUR,2009,12.900,não
TUR,Turquia,LUR,2010,11.000,não
TUR,Turquia,LUR,2011,9.000,não
TUR,Turquia,LUR,2012,8.300,não
TUR,Turquia,LUR,2013,8.900,não
TUR,Turquia,LUR,2014,9.900,não
TUR,Turquia,LUR,2015,10.300,não
TUR,Turquia,LUR,2016,10.900,não
TUR,Turquia,LUR,2017,10.900,não
TUR,Turquia,LUR,2018,10.900,não
TUR,Turquia,LUR,2019,13.700,não
TUR,Turquia,LUR,2020,13.100,não
TUR,Turquia,LUR,2021,12.000,não
TUR,Turquia,LUR,2022,10.400,não
TUR,Turquia,LUR,2023,9.400,não
TUR,Turquia,LUR,2024,8.700,não
TUR,Turquia,LUR,2025,8.300,não
TUR,Turquia,LUR,2026,8.300,sim
TUR,Turquia,LUR,2027,8.700,sim
TUR,Turquia,LUR,2028,9.100,sim
TUR,Turquia,LUR,2029,9.100,sim
TUR,Turquia,LUR,2030,9.100,sim
TUR,Turquia,LUR,2031,9.100,sim
IDN,Indonésia,LUR,1984,1.600,não
IDN,Indonésia,LUR,1985,2.200,não
IDN,Indonésia,LUR,1986,2.800,não
IDN,Indonésia,LUR,1987,2.600,não
IDN,Indonésia,LUR,1988,2.900,não
IDN,Indonésia,LUR,1989,2.900,não
IDN,Indonésia,LUR,1990,2.600,não
IDN,Indonésia,LUR,1991,2.700,não
IDN,Indonésia,LUR,1992,2.800,não
IDN,Indonésia,LUR,1993,2.800,não
IDN,Indonésia,LUR,1994,4.500,não
IDN,Indonésia,LUR,1995,7.400,não
IDN,Indonésia,LUR,1996,5.000,não
IDN,Indonésia,LUR,1997,4.800,não
IDN,Indonésia,LUR,1998,5.500,não
IDN,Indonésia,LUR,1999,6.400,não
IDN,Indonésia,LUR,2000,6.100,não
IDN,Indonésia,LUR,2001,8.100,não
IDN,Indonésia,LUR,2002,9.100,não
IDN,Indonésia,LUR,2003,9.700,não
IDN,Indonésia,LUR,2004,9.900,não
IDN,Indonésia,LUR,2005,11.200,não
IDN,Indonésia,LUR,2006,10.300,não
IDN,Indonésia,LUR,2007,9.100,não
IDN,Indonésia,LUR,2008,8.400,não
IDN,Indonésia,LUR,2009,7.900,não
IDN,Indonésia,LUR,2010,7.100,não
IDN,Indonésia,LUR,2011,6.600,não
IDN,Indonésia,LUR,2012,6.100,não
IDN,Indonésia,LUR,2013,6.300,não
IDN,Indonésia,LUR,2014,5.900,não
IDN,Indonésia,LUR,2015,6.200,não
IDN,Indonésia,LUR,2016,5.600,não
IDN,Indonésia,LUR,2017,5.500,não
IDN,Indonésia,LUR,2018,5.300,não
IDN,Indonésia,LUR,2019,5.300,não
IDN,Indonésia,LUR,2020,7.100,não
IDN,Indonésia,LUR,2021,6.500,não
IDN,Indonésia,LUR,2022,5.900,não
IDN,Indonésia,LUR,2023,5.300,não
IDN,Indonésia,LUR,2024,4.900,não
IDN,Indonésia,LUR,2025,4.900,não
IDN,Indonésia,LUR,2026,4.900,sim
IDN,Indonésia,LUR,2027,4.800,sim
IDN,Indonésia,LUR,2028,4.700,sim
IDN,Indonésia,LUR,2029,4.700,sim
IDN,Indonésia,LUR,2030,4.700,sim
IDN,Indonésia,LUR,2031,4.700,sim
ADVEC,Economias avançadas,LUR,1980,5.600,não
ADVEC,Economias avançadas,LUR,1981,6.300,não
ADVEC,Economias avançadas,LUR,1982,7.600,não
ADVEC,Economias avançadas,LUR,1983,7.900,não
ADVEC,Economias avançadas,LUR,1984,7.500,não
ADVEC,Economias avançadas,LUR,1985,7.400,não
ADVEC,Economias avançadas,LUR,1986,7.300,não
ADVEC,Economias avançadas,LUR,1987,6.900,não
ADVEC,Economias avançadas,LUR,1988,6.300,não
ADVEC,Economias avançadas,LUR,1989,5.800,não
ADVEC,Economias avançadas,LUR,1990,5.800,não
ADVEC,Economias avançadas,LUR,1991,6.500,não
ADVEC,Economias avançadas,LUR,1992,7.200,não
ADVEC,Economias avançadas,LUR,1993,7.700,não
ADVEC,Economias avançadas,LUR,1994,7.500,não
ADVEC,Economias avançadas,LUR,1995,7.200,não
ADVEC,Economias avançadas,LUR,1996,7.200,não
ADVEC,Economias avançadas,LUR,1997,6.900,não
ADVEC,Economias avançadas,LUR,1998,6.900,não
ADVEC,Economias avançadas,LUR,1999,6.700,não
ADVEC,Economias avançadas,LUR,2000,6.200,não
ADVEC,Economias avançadas,LUR,2001,6.200,não
ADVEC,Economias avançadas,LUR,2002,6.700,não
ADVEC,Economias avançadas,LUR,2003,6.900,não
ADVEC,Economias avançadas,LUR,2004,6.600,não
ADVEC,Economias avançadas,LUR,2005,6.400,não
ADVEC,Economias avançadas,LUR,2006,5.900,não
ADVEC,Economias avançadas,LUR,2007,5.500,não
ADVEC,Economias avançadas,LUR,2008,5.900,não
ADVEC,Economias avançadas,LUR,2009,8.100,não
ADVEC,Economias avançadas,LUR,2010,8.400,não
ADVEC,Economias avançadas,LUR,2011,8.000,não
ADVEC,Economias avançadas,LUR,2012,8.100,não
ADVEC,Economias avançadas,LUR,2013,8.000,não
ADVEC,Economias avançadas,LUR,2014,7.400,não
ADVEC,Economias avançadas,LUR,2015,6.700,não
ADVEC,Economias avançadas,LUR,2016,6.300,não
ADVEC,Economias avançadas,LUR,2017,5.700,não
ADVEC,Economias avançadas,LUR,2018,5.100,não
ADVEC,Economias avançadas,LUR,2019,4.800,não
ADVEC,Economias avançadas,LUR,2020,6.600,não
ADVEC,Economias avançadas,LUR,2021,5.600,não
ADVEC,Economias avançadas,LUR,2022,4.500,não
ADVEC,Economias avançadas,LUR,2023,4.400,não
ADVEC,Economias avançadas,LUR,2024,4.600,não
ADVEC,Economias avançadas,LUR,2025,4.700,não
ADVEC,Economias avançadas,LUR,2026,4.800,sim
ADVEC,Economias avançadas,LUR,2027,4.700,sim
ADVEC,Economias avançadas,LUR,2028,4.500,sim
ADVEC,Economias avançadas,LUR,2029,4.400,sim
ADVEC,Economias avançadas,LUR,2030,4.400,sim
ADVEC,Economias avançadas,LUR,2031,4.400,sim
BRA,Brasil,BCA_NGDPD,1980,-8.800,não
BRA,Brasil,BCA_NGDPD,1981,-7.000,não
BRA,Brasil,BCA_NGDPD,1982,-9.100,não
BRA,Brasil,BCA_NGDPD,1983,-4.800,não
BRA,Brasil,BCA_NGDPD,1984,0.000,não
BRA,Brasil,BCA_NGDPD,1985,-0.100,não
BRA,Brasil,BCA_NGDPD,1986,-2.100,não
BRA,Brasil,BCA_NGDPD,1987,-0.500,não
BRA,Brasil,BCA_NGDPD,1988,1.300,não
BRA,Brasil,BCA_NGDPD,1989,0.200,não
BRA,Brasil,BCA_NGDPD,1990,-0.800,não
BRA,Brasil,BCA_NGDPD,1991,-0.400,não
BRA,Brasil,BCA_NGDPD,1992,1.600,não
BRA,Brasil,BCA_NGDPD,1993,-0.100,não
BRA,Brasil,BCA_NGDPD,1994,-0.300,não
BRA,Brasil,BCA_NGDPD,1995,-2.400,não
BRA,Brasil,BCA_NGDPD,1996,-2.800,não
BRA,Brasil,BCA_NGDPD,1997,-3.600,não
BRA,Brasil,BCA_NGDPD,1998,-4.000,não
BRA,Brasil,BCA_NGDPD,1999,-4.500,não
BRA,Brasil,BCA_NGDPD,2000,-4.000,não
BRA,Brasil,BCA_NGDPD,2001,-4.400,não
BRA,Brasil,BCA_NGDPD,2002,-1.800,não
BRA,Brasil,BCA_NGDPD,2003,0.400,não
BRA,Brasil,BCA_NGDPD,2004,1.300,não
BRA,Brasil,BCA_NGDPD,2005,1.300,não
BRA,Brasil,BCA_NGDPD,2006,1.000,não
BRA,Brasil,BCA_NGDPD,2007,-0.200,não
BRA,Brasil,BCA_NGDPD,2008,-2.100,não
BRA,Brasil,BCA_NGDPD,2009,-1.800,não
BRA,Brasil,BCA_NGDPD,2010,-3.900,não
BRA,Brasil,BCA_NGDPD,2011,-3.200,não
BRA,Brasil,BCA_NGDPD,2012,-3.800,não
BRA,Brasil,BCA_NGDPD,2013,-3.600,não
BRA,Brasil,BCA_NGDPD,2014,-4.500,não
BRA,Brasil,BCA_NGDPD,2015,-3.500,não
BRA,Brasil,BCA_NGDPD,2016,-1.700,não
BRA,Brasil,BCA_NGDPD,2017,-1.200,não
BRA,Brasil,BCA_NGDPD,2018,-2.800,não
BRA,Brasil,BCA_NGDPD,2019,-3.400,não
BRA,Brasil,BCA_NGDPD,2020,-1.600,não
BRA,Brasil,BCA_NGDPD,2021,-2.400,não
BRA,Brasil,BCA_NGDPD,2022,-2.100,não
BRA,Brasil,BCA_NGDPD,2023,-1.200,não
BRA,Brasil,BCA_NGDPD,2024,-3.000,não
BRA,Brasil,BCA_NGDPD,2025,-3.000,não
BRA,Brasil,BCA_NGDPD,2026,-2.700,sim
BRA,Brasil,BCA_NGDPD,2027,-2.400,sim
BRA,Brasil,BCA_NGDPD,2028,-2.000,sim
BRA,Brasil,BCA_NGDPD,2029,-1.900,sim
BRA,Brasil,BCA_NGDPD,2030,-2.000,sim
BRA,Brasil,BCA_NGDPD,2031,-1.800,sim
ARG,Argentina,BCA_NGDPD,1980,-1.100,não
ARG,Argentina,BCA_NGDPD,1981,-3.000,não
ARG,Argentina,BCA_NGDPD,1982,-3.100,não
ARG,Argentina,BCA_NGDPD,1983,-2.100,não
ARG,Argentina,BCA_NGDPD,1984,-1.900,não
ARG,Argentina,BCA_NGDPD,1985,-1.000,não
ARG,Argentina,BCA_NGDPD,1986,-2.400,não
ARG,Argentina,BCA_NGDPD,1987,-3.500,não
ARG,Argentina,BCA_NGDPD,1988,-1.100,não
ARG,Argentina,BCA_NGDPD,1989,1.200,não
ARG,Argentina,BCA_NGDPD,1990,3.000,não
ARG,Argentina,BCA_NGDPD,1991,-0.200,não
ARG,Argentina,BCA_NGDPD,1992,-2.500,não
ARG,Argentina,BCA_NGDPD,1993,-3.000,não
ARG,Argentina,BCA_NGDPD,1994,-3.800,não
ARG,Argentina,BCA_NGDPD,1995,-1.800,não
ARG,Argentina,BCA_NGDPD,1996,-2.400,não
ARG,Argentina,BCA_NGDPD,1997,-3.800,não
ARG,Argentina,BCA_NGDPD,1998,-4.400,não
ARG,Argentina,BCA_NGDPD,1999,-3.800,não
ARG,Argentina,BCA_NGDPD,2000,-2.900,não
ARG,Argentina,BCA_NGDPD,2001,-1.300,não
ARG,Argentina,BCA_NGDPD,2002,7.700,não
ARG,Argentina,BCA_NGDPD,2003,5.600,não
ARG,Argentina,BCA_NGDPD,2004,1.800,não
ARG,Argentina,BCA_NGDPD,2005,2.500,não
ARG,Argentina,BCA_NGDPD,2006,2.800,não
ARG,Argentina,BCA_NGDPD,2007,2.100,não
ARG,Argentina,BCA_NGDPD,2008,1.500,não
ARG,Argentina,BCA_NGDPD,2009,2.200,não
ARG,Argentina,BCA_NGDPD,2010,-0.400,não
ARG,Argentina,BCA_NGDPD,2011,-1.000,não
ARG,Argentina,BCA_NGDPD,2012,-0.400,não
ARG,Argentina,BCA_NGDPD,2013,-2.100,não
ARG,Argentina,BCA_NGDPD,2014,-1.600,não
ARG,Argentina,BCA_NGDPD,2015,-2.700,não
ARG,Argentina,BCA_NGDPD,2016,-2.700,não
ARG,Argentina,BCA_NGDPD,2017,-4.800,não
ARG,Argentina,BCA_NGDPD,2018,-5.200,não
ARG,Argentina,BCA_NGDPD,2019,-0.800,não
ARG,Argentina,BCA_NGDPD,2020,0.700,não
ARG,Argentina,BCA_NGDPD,2021,1.400,não
ARG,Argentina,BCA_NGDPD,2022,-0.600,não
ARG,Argentina,BCA_NGDPD,2023,-3.200,não
ARG,Argentina,BCA_NGDPD,2024,0.900,não
ARG,Argentina,BCA_NGDPD,2025,-1.100,não
ARG,Argentina,BCA_NGDPD,2026,-0.800,sim
ARG,Argentina,BCA_NGDPD,2027,-0.600,sim
ARG,Argentina,BCA_NGDPD,2028,-0.600,sim
ARG,Argentina,BCA_NGDPD,2029,-0.500,sim
ARG,Argentina,BCA_NGDPD,2030,-0.400,sim
ARG,Argentina,BCA_NGDPD,2031,-0.300,sim
CHL,Chile,BCA_NGDPD,1980,-6.800,não
CHL,Chile,BCA_NGDPD,1981,-13.800,não
CHL,Chile,BCA_NGDPD,1982,-9.000,não
CHL,Chile,BCA_NGDPD,1983,-5.400,não
CHL,Chile,BCA_NGDPD,1984,-10.400,não
CHL,Chile,BCA_NGDPD,1985,-8.100,não
CHL,Chile,BCA_NGDPD,1986,-6.400,não
CHL,Chile,BCA_NGDPD,1987,-3.300,não
CHL,Chile,BCA_NGDPD,1988,-0.900,não
CHL,Chile,BCA_NGDPD,1989,-2.300,não
CHL,Chile,BCA_NGDPD,1990,-1.500,não
CHL,Chile,BCA_NGDPD,1991,-0.300,não
CHL,Chile,BCA_NGDPD,1992,-2.100,não
CHL,Chile,BCA_NGDPD,1993,-5.100,não
CHL,Chile,BCA_NGDPD,1994,-2.800,não
CHL,Chile,BCA_NGDPD,1995,-1.800,não
CHL,Chile,BCA_NGDPD,1996,-3.800,não
CHL,Chile,BCA_NGDPD,1997,-4.100,não
CHL,Chile,BCA_NGDPD,1998,-4.700,não
CHL,Chile,BCA_NGDPD,1999,0.300,não
CHL,Chile,BCA_NGDPD,2000,-1.000,não
CHL,Chile,BCA_NGDPD,2001,-1.400,não
CHL,Chile,BCA_NGDPD,2002,-0.700,não
CHL,Chile,BCA_NGDPD,2003,0.200,não
CHL,Chile,BCA_NGDPD,2004,3.300,não
CHL,Chile,BCA_NGDPD,2005,1.900,não
CHL,Chile,BCA_NGDPD,2006,5.500,não
CHL,Chile,BCA_NGDPD,2007,5.100,não
CHL,Chile,BCA_NGDPD,2008,-4.200,não
CHL,Chile,BCA_NGDPD,2009,1.400,não
CHL,Chile,BCA_NGDPD,2010,0.900,não
CHL,Chile,BCA_NGDPD,2011,-4.900,não
CHL,Chile,BCA_NGDPD,2012,-5.300,não
CHL,Chile,BCA_NGDPD,2013,-4.800,não
CHL,Chile,BCA_NGDPD,2014,-3.500,não
CHL,Chile,BCA_NGDPD,2015,-2.700,não
CHL,Chile,BCA_NGDPD,2016,-2.600,não
CHL,Chile,BCA_NGDPD,2017,-2.800,não
CHL,Chile,BCA_NGDPD,2018,-4.500,não
CHL,Chile,BCA_NGDPD,2019,-5.200,não
CHL,Chile,BCA_NGDPD,2020,-1.900,não
CHL,Chile,BCA_NGDPD,2021,-7.300,não
CHL,Chile,BCA_NGDPD,2022,-8.800,não
CHL,Chile,BCA_NGDPD,2023,-3.100,não
CHL,Chile,BCA_NGDPD,2024,-1.500,não
CHL,Chile,BCA_NGDPD,2025,-2.300,não
CHL,Chile,BCA_NGDPD,2026,-0.800,sim
CHL,Chile,BCA_NGDPD,2027,-1.800,sim
CHL,Chile,BCA_NGDPD,2028,-1.900,sim
CHL,Chile,BCA_NGDPD,2029,-1.900,sim
CHL,Chile,BCA_NGDPD,2030,-2.100,sim
CHL,Chile,BCA_NGDPD,2031,-2.400,sim
COL,Colômbia,BCA_NGDPD,1980,0.000,não
COL,Colômbia,BCA_NGDPD,1981,-3.400,não
COL,Colômbia,BCA_NGDPD,1982,-5.300,não
COL,Colômbia,BCA_NGDPD,1983,-5.200,não
COL,Colômbia,BCA_NGDPD,1984,-3.900,não
COL,Colômbia,BCA_NGDPD,1985,-3.300,não
COL,Colômbia,BCA_NGDPD,1986,1.100,não
COL,Colômbia,BCA_NGDPD,1987,0.000,não
COL,Colômbia,BCA_NGDPD,1988,-0.400,não
COL,Colômbia,BCA_NGDPD,1989,-0.400,não
COL,Colômbia,BCA_NGDPD,1990,1.000,não
COL,Colômbia,BCA_NGDPD,1991,4.000,não
COL,Colômbia,BCA_NGDPD,1992,1.300,não
COL,Colômbia,BCA_NGDPD,1993,-2.900,não
COL,Colômbia,BCA_NGDPD,1994,-3.800,não
COL,Colômbia,BCA_NGDPD,1995,-4.200,não
COL,Colômbia,BCA_NGDPD,1996,-4.000,não
COL,Colômbia,BCA_NGDPD,1997,-4.500,não
COL,Colômbia,BCA_NGDPD,1998,-4.100,não
COL,Colômbia,BCA_NGDPD,1999,0.700,não
COL,Colômbia,BCA_NGDPD,2000,0.900,não
COL,Colômbia,BCA_NGDPD,2001,-1.100,não
COL,Colômbia,BCA_NGDPD,2002,-1.300,não
COL,Colômbia,BCA_NGDPD,2003,-1.000,não
COL,Colômbia,BCA_NGDPD,2004,-0.700,não
COL,Colômbia,BCA_NGDPD,2005,-1.300,não
COL,Colômbia,BCA_NGDPD,2006,-1.800,não
COL,Colômbia,BCA_NGDPD,2007,-3.000,não
COL,Colômbia,BCA_NGDPD,2008,-2.700,não
COL,Colômbia,BCA_NGDPD,2009,-1.900,não
COL,Colômbia,BCA_NGDPD,2010,-3.000,não
COL,Colômbia,BCA_NGDPD,2011,-2.900,não
COL,Colômbia,BCA_NGDPD,2012,-3.100,não
COL,Colômbia,BCA_NGDPD,2013,-3.200,não
COL,Colômbia,BCA_NGDPD,2014,-5.200,não
COL,Colômbia,BCA_NGDPD,2015,-6.400,não
COL,Colômbia,BCA_NGDPD,2016,-4.500,não
COL,Colômbia,BCA_NGDPD,2017,-3.200,não
COL,Colômbia,BCA_NGDPD,2018,-4.200,não
COL,Colômbia,BCA_NGDPD,2019,-4.600,não
COL,Colômbia,BCA_NGDPD,2020,-3.400,não
COL,Colômbia,BCA_NGDPD,2021,-5.600,não
COL,Colômbia,BCA_NGDPD,2022,-6.000,não
COL,Colômbia,BCA_NGDPD,2023,-2.300,não
COL,Colômbia,BCA_NGDPD,2024,-1.700,não
COL,Colômbia,BCA_NGDPD,2025,-2.400,não
COL,Colômbia,BCA_NGDPD,2026,-2.500,sim
COL,Colômbia,BCA_NGDPD,2027,-2.600,sim
COL,Colômbia,BCA_NGDPD,2028,-2.800,sim
COL,Colômbia,BCA_NGDPD,2029,-3.000,sim
COL,Colômbia,BCA_NGDPD,2030,-3.200,sim
COL,Colômbia,BCA_NGDPD,2031,-3.200,sim
MEX,México,BCA_NGDPD,1980,-5.100,não
MEX,México,BCA_NGDPD,1981,-5.900,não
MEX,México,BCA_NGDPD,1982,-0.800,não
MEX,México,BCA_NGDPD,1983,7.400,não
MEX,México,BCA_NGDPD,1984,5.200,não
MEX,México,BCA_NGDPD,1985,2.200,não
MEX,México,BCA_NGDPD,1986,0.300,não
MEX,México,BCA_NGDPD,1987,4.600,não
MEX,México,BCA_NGDPD,1988,-1.100,não
MEX,México,BCA_NGDPD,1989,-2.900,não
MEX,México,BCA_NGDPD,1990,-3.400,não
MEX,México,BCA_NGDPD,1991,-5.900,não
MEX,México,BCA_NGDPD,1992,-8.500,não
MEX,México,BCA_NGDPD,1993,-6.400,não
MEX,México,BCA_NGDPD,1994,-7.800,não
MEX,México,BCA_NGDPD,1995,-0.400,não
MEX,México,BCA_NGDPD,1996,-0.600,não
MEX,México,BCA_NGDPD,1997,-1.500,não
MEX,México,BCA_NGDPD,1998,-2.900,não
MEX,México,BCA_NGDPD,1999,-2.200,não
MEX,México,BCA_NGDPD,2000,-2.500,não
MEX,México,BCA_NGDPD,2001,-2.200,não
MEX,México,BCA_NGDPD,2002,-1.500,não
MEX,México,BCA_NGDPD,2003,-0.500,não
MEX,México,BCA_NGDPD,2004,-0.500,não
MEX,México,BCA_NGDPD,2005,-0.600,não
MEX,México,BCA_NGDPD,2006,-0.300,não
MEX,México,BCA_NGDPD,2007,-0.800,não
MEX,México,BCA_NGDPD,2008,-1.400,não
MEX,México,BCA_NGDPD,2009,-0.800,não
MEX,México,BCA_NGDPD,2010,-0.300,não
MEX,México,BCA_NGDPD,2011,-0.900,não
MEX,México,BCA_NGDPD,2012,-1.400,não
MEX,México,BCA_NGDPD,2013,-2.400,não
MEX,México,BCA_NGDPD,2014,-1.800,não
MEX,México,BCA_NGDPD,2015,-2.600,não
MEX,México,BCA_NGDPD,2016,-2.300,não
MEX,México,BCA_NGDPD,2017,-1.800,não
MEX,México,BCA_NGDPD,2018,-2.100,não
MEX,México,BCA_NGDPD,2019,-0.300,não
MEX,México,BCA_NGDPD,2020,2.400,não
MEX,México,BCA_NGDPD,2021,-0.300,não
MEX,México,BCA_NGDPD,2022,-1.300,não
MEX,México,BCA_NGDPD,2023,-0.700,não
MEX,México,BCA_NGDPD,2024,-0.900,não
MEX,México,BCA_NGDPD,2025,-0.400,não
MEX,México,BCA_NGDPD,2026,-0.400,sim
MEX,México,BCA_NGDPD,2027,-0.500,sim
MEX,México,BCA_NGDPD,2028,-0.600,sim
MEX,México,BCA_NGDPD,2029,-0.700,sim
MEX,México,BCA_NGDPD,2030,-0.700,sim
MEX,México,BCA_NGDPD,2031,-0.700,sim
PER,Peru,BCA_NGDPD,1980,-5.200,não
PER,Peru,BCA_NGDPD,1981,-9.700,não
PER,Peru,BCA_NGDPD,1982,-9.100,não
PER,Peru,BCA_NGDPD,1983,-6.800,não
PER,Peru,BCA_NGDPD,1984,-1.400,não
PER,Peru,BCA_NGDPD,1985,0.300,não
PER,Peru,BCA_NGDPD,1986,-5.400,não
PER,Peru,BCA_NGDPD,1987,-4.300,não
PER,Peru,BCA_NGDPD,1988,-5.400,não
PER,Peru,BCA_NGDPD,1989,-0.500,não
PER,Peru,BCA_NGDPD,1990,-5.100,não
PER,Peru,BCA_NGDPD,1991,-4.500,não
PER,Peru,BCA_NGDPD,1992,-5.500,não
PER,Peru,BCA_NGDPD,1993,-7.200,não
PER,Peru,BCA_NGDPD,1994,-6.200,não
PER,Peru,BCA_NGDPD,1995,-9.000,não
PER,Peru,BCA_NGDPD,1996,-6.800,não
PER,Peru,BCA_NGDPD,1997,-6.000,não
PER,Peru,BCA_NGDPD,1998,-6.200,não
PER,Peru,BCA_NGDPD,1999,-2.800,não
PER,Peru,BCA_NGDPD,2000,-3.100,não
PER,Peru,BCA_NGDPD,2001,-2.300,não
PER,Peru,BCA_NGDPD,2002,-2.000,não
PER,Peru,BCA_NGDPD,2003,-1.600,não
PER,Peru,BCA_NGDPD,2004,0.100,não
PER,Peru,BCA_NGDPD,2005,1.600,não
PER,Peru,BCA_NGDPD,2006,3.300,não
PER,Peru,BCA_NGDPD,2007,1.500,não
PER,Peru,BCA_NGDPD,2008,-4.400,não
PER,Peru,BCA_NGDPD,2009,-0.500,não
PER,Peru,BCA_NGDPD,2010,-2.400,não
PER,Peru,BCA_NGDPD,2011,-2.000,não
PER,Peru,BCA_NGDPD,2012,-2.900,não
PER,Peru,BCA_NGDPD,2013,-4.800,não
PER,Peru,BCA_NGDPD,2014,-4.300,não
PER,Peru,BCA_NGDPD,2015,-4.600,não
PER,Peru,BCA_NGDPD,2016,-2.200,não
PER,Peru,BCA_NGDPD,2017,-0.900,não
PER,Peru,BCA_NGDPD,2018,-1.200,não
PER,Peru,BCA_NGDPD,2019,-0.700,não
PER,Peru,BCA_NGDPD,2020,0.800,não
PER,Peru,BCA_NGDPD,2021,-2.200,não
PER,Peru,BCA_NGDPD,2022,-4.000,não
PER,Peru,BCA_NGDPD,2023,0.300,não
PER,Peru,BCA_NGDPD,2024,2.200,não
PER,Peru,BCA_NGDPD,2025,3.100,não
PER,Peru,BCA_NGDPD,2026,3.400,sim
PER,Peru,BCA_NGDPD,2027,2.500,sim
PER,Peru,BCA_NGDPD,2028,1.200,sim
PER,Peru,BCA_NGDPD,2029,0.200,sim
PER,Peru,BCA_NGDPD,2030,-0.400,sim
PER,Peru,BCA_NGDPD,2031,-0.800,sim
USA,Estados Unidos,BCA_NGDPD,1980,0.100,não
USA,Estados Unidos,BCA_NGDPD,1981,0.200,não
USA,Estados Unidos,BCA_NGDPD,1982,-0.200,não
USA,Estados Unidos,BCA_NGDPD,1983,-1.100,não
USA,Estados Unidos,BCA_NGDPD,1984,-2.300,não
USA,Estados Unidos,BCA_NGDPD,1985,-2.700,não
USA,Estados Unidos,BCA_NGDPD,1986,-3.200,não
USA,Estados Unidos,BCA_NGDPD,1987,-3.300,não
USA,Estados Unidos,BCA_NGDPD,1988,-2.300,não
USA,Estados Unidos,BCA_NGDPD,1989,-1.800,não
USA,Estados Unidos,BCA_NGDPD,1990,-1.300,não
USA,Estados Unidos,BCA_NGDPD,1991,0.000,não
USA,Estados Unidos,BCA_NGDPD,1992,-0.800,não
USA,Estados Unidos,BCA_NGDPD,1993,-1.200,não
USA,Estados Unidos,BCA_NGDPD,1994,-1.700,não
USA,Estados Unidos,BCA_NGDPD,1995,-1.500,não
USA,Estados Unidos,BCA_NGDPD,1996,-1.500,não
USA,Estados Unidos,BCA_NGDPD,1997,-1.600,não
USA,Estados Unidos,BCA_NGDPD,1998,-2.400,não
USA,Estados Unidos,BCA_NGDPD,1999,-3.000,não
USA,Estados Unidos,BCA_NGDPD,2000,-3.900,não
USA,Estados Unidos,BCA_NGDPD,2001,-3.700,não
USA,Estados Unidos,BCA_NGDPD,2002,-4.200,não
USA,Estados Unidos,BCA_NGDPD,2003,-4.600,não
USA,Estados Unidos,BCA_NGDPD,2004,-5.200,não
USA,Estados Unidos,BCA_NGDPD,2005,-5.700,não
USA,Estados Unidos,BCA_NGDPD,2006,-5.900,não
USA,Estados Unidos,BCA_NGDPD,2007,-5.100,não
USA,Estados Unidos,BCA_NGDPD,2008,-4.700,não
USA,Estados Unidos,BCA_NGDPD,2009,-2.600,não
USA,Estados Unidos,BCA_NGDPD,2010,-2.900,não
USA,Estados Unidos,BCA_NGDPD,2011,-2.900,não
USA,Estados Unidos,BCA_NGDPD,2012,-2.600,não
USA,Estados Unidos,BCA_NGDPD,2013,-2.000,não
USA,Estados Unidos,BCA_NGDPD,2014,-2.100,não
USA,Estados Unidos,BCA_NGDPD,2015,-2.200,não
USA,Estados Unidos,BCA_NGDPD,2016,-2.100,não
USA,Estados Unidos,BCA_NGDPD,2017,-1.900,não
USA,Estados Unidos,BCA_NGDPD,2018,-2.100,não
USA,Estados Unidos,BCA_NGDPD,2019,-2.100,não
USA,Estados Unidos,BCA_NGDPD,2020,-2.800,não
USA,Estados Unidos,BCA_NGDPD,2021,-3.600,não
USA,Estados Unidos,BCA_NGDPD,2022,-3.800,não
USA,Estados Unidos,BCA_NGDPD,2023,-3.300,não
USA,Estados Unidos,BCA_NGDPD,2024,-4.000,não
USA,Estados Unidos,BCA_NGDPD,2025,-3.600,não
USA,Estados Unidos,BCA_NGDPD,2026,-3.700,sim
USA,Estados Unidos,BCA_NGDPD,2027,-3.600,sim
USA,Estados Unidos,BCA_NGDPD,2028,-3.600,sim
USA,Estados Unidos,BCA_NGDPD,2029,-3.600,sim
USA,Estados Unidos,BCA_NGDPD,2030,-3.600,sim
USA,Estados Unidos,BCA_NGDPD,2031,-3.600,sim
CHN,China,BCA_NGDPD,1997,3.800,não
CHN,China,BCA_NGDPD,1998,3.000,não
CHN,China,BCA_NGDPD,1999,1.900,não
CHN,China,BCA_NGDPD,2000,1.700,não
CHN,China,BCA_NGDPD,2001,1.300,não
CHN,China,BCA_NGDPD,2002,2.400,não
CHN,China,BCA_NGDPD,2003,2.600,não
CHN,China,BCA_NGDPD,2004,3.500,não
CHN,China,BCA_NGDPD,2005,5.700,não
CHN,China,BCA_NGDPD,2006,8.300,não
CHN,China,BCA_NGDPD,2007,9.800,não
CHN,China,BCA_NGDPD,2008,9.000,não
CHN,China,BCA_NGDPD,2009,4.700,não
CHN,China,BCA_NGDPD,2010,3.900,não
CHN,China,BCA_NGDPD,2011,1.800,não
CHN,China,BCA_NGDPD,2012,2.500,não
CHN,China,BCA_NGDPD,2013,1.500,não
CHN,China,BCA_NGDPD,2014,2.200,não
CHN,China,BCA_NGDPD,2015,2.600,não
CHN,China,BCA_NGDPD,2016,1.700,não
CHN,China,BCA_NGDPD,2017,1.500,não
CHN,China,BCA_NGDPD,2018,0.200,não
CHN,China,BCA_NGDPD,2019,0.700,não
CHN,China,BCA_NGDPD,2020,1.600,não
CHN,China,BCA_NGDPD,2021,1.900,não
CHN,China,BCA_NGDPD,2022,2.400,não
CHN,China,BCA_NGDPD,2023,1.400,não
CHN,China,BCA_NGDPD,2024,2.200,não
CHN,China,BCA_NGDPD,2025,3.700,não
CHN,China,BCA_NGDPD,2026,3.500,sim
CHN,China,BCA_NGDPD,2027,3.300,sim
CHN,China,BCA_NGDPD,2028,3.000,sim
CHN,China,BCA_NGDPD,2029,2.900,sim
CHN,China,BCA_NGDPD,2030,2.900,sim
CHN,China,BCA_NGDPD,2031,2.800,sim
IND,Índia,BCA_NGDPD,1980,-1.500,não
IND,Índia,BCA_NGDPD,1981,-1.600,não
IND,Índia,BCA_NGDPD,1982,-1.700,não
IND,Índia,BCA_NGDPD,1983,-1.500,não
IND,Índia,BCA_NGDPD,1984,-1.100,não
IND,Índia,BCA_NGDPD,1985,-2.100,não
IND,Índia,BCA_NGDPD,1986,-1.800,não
IND,Índia,BCA_NGDPD,1987,-1.700,não
IND,Índia,BCA_NGDPD,1988,-2.400,não
IND,Índia,BCA_NGDPD,1989,-2.000,não
IND,Índia,BCA_NGDPD,1990,-3.000,não
IND,Índia,BCA_NGDPD,1991,-0.400,não
IND,Índia,BCA_NGDPD,1992,-1.700,não
IND,Índia,BCA_NGDPD,1993,-0.400,não
IND,Índia,BCA_NGDPD,1994,-1.000,não
IND,Índia,BCA_NGDPD,1995,-1.600,não
IND,Índia,BCA_NGDPD,1996,-1.100,não
IND,Índia,BCA_NGDPD,1997,-1.300,não
IND,Índia,BCA_NGDPD,1998,-1.000,não
IND,Índia,BCA_NGDPD,1999,-1.000,não
IND,Índia,BCA_NGDPD,2000,-0.600,não
IND,Índia,BCA_NGDPD,2001,0.700,não
IND,Índia,BCA_NGDPD,2002,1.200,não
IND,Índia,BCA_NGDPD,2003,2.300,não
IND,Índia,BCA_NGDPD,2004,-0.300,não
IND,Índia,BCA_NGDPD,2005,-1.200,não
IND,Índia,BCA_NGDPD,2006,-1.000,não
IND,Índia,BCA_NGDPD,2007,-1.300,não
IND,Índia,BCA_NGDPD,2008,-2.300,não
IND,Índia,BCA_NGDPD,2009,-2.900,não
IND,Índia,BCA_NGDPD,2010,-2.900,não
IND,Índia,BCA_NGDPD,2011,-4.300,não
IND,Índia,BCA_NGDPD,2012,-4.800,não
IND,Índia,BCA_NGDPD,2013,-1.700,não
IND,Índia,BCA_NGDPD,2014,-1.300,não
IND,Índia,BCA_NGDPD,2015,-1.100,não
IND,Índia,BCA_NGDPD,2016,-0.600,não
IND,Índia,BCA_NGDPD,2017,-1.900,não
IND,Índia,BCA_NGDPD,2018,-2.200,não
IND,Índia,BCA_NGDPD,2019,-0.900,não
IND,Índia,BCA_NGDPD,2020,0.900,não
IND,Índia,BCA_NGDPD,2021,-1.300,não
IND,Índia,BCA_NGDPD,2022,-2.100,não
IND,Índia,BCA_NGDPD,2023,-0.700,não
IND,Índia,BCA_NGDPD,2024,-0.600,não
IND,Índia,BCA_NGDPD,2025,-0.900,não
IND,Índia,BCA_NGDPD,2026,-2.000,sim
IND,Índia,BCA_NGDPD,2027,-1.600,sim
IND,Índia,BCA_NGDPD,2028,-1.500,sim
IND,Índia,BCA_NGDPD,2029,-1.500,sim
IND,Índia,BCA_NGDPD,2030,-1.700,sim
IND,Índia,BCA_NGDPD,2031,-1.900,sim
KOR,Coreia do Sul,BCA_NGDPD,1980,-10.400,não
KOR,Coreia do Sul,BCA_NGDPD,1981,-8.700,não
KOR,Coreia do Sul,BCA_NGDPD,1982,-7.000,não
KOR,Coreia do Sul,BCA_NGDPD,1983,-4.000,não
KOR,Coreia do Sul,BCA_NGDPD,1984,-1.900,não
KOR,Coreia do Sul,BCA_NGDPD,1985,-2.100,não
KOR,Coreia do Sul,BCA_NGDPD,1986,2.200,não
KOR,Coreia do Sul,BCA_NGDPD,1987,5.700,não
KOR,Coreia do Sul,BCA_NGDPD,1988,6.200,não
KOR,Coreia do Sul,BCA_NGDPD,1989,1.500,não
KOR,Coreia do Sul,BCA_NGDPD,1990,-1.000,não
KOR,Coreia do Sul,BCA_NGDPD,1991,-2.400,não
KOR,Coreia do Sul,BCA_NGDPD,1992,-0.800,não
KOR,Coreia do Sul,BCA_NGDPD,1993,0.400,não
KOR,Coreia do Sul,BCA_NGDPD,1994,-1.000,não
KOR,Coreia do Sul,BCA_NGDPD,1995,-1.700,não
KOR,Coreia do Sul,BCA_NGDPD,1996,-3.900,não
KOR,Coreia do Sul,BCA_NGDPD,1997,-1.800,não
KOR,Coreia do Sul,BCA_NGDPD,1998,10.100,não
KOR,Coreia do Sul,BCA_NGDPD,1999,4.200,não
KOR,Coreia do Sul,BCA_NGDPD,2000,1.700,não
KOR,Coreia do Sul,BCA_NGDPD,2001,0.400,não
KOR,Coreia do Sul,BCA_NGDPD,2002,0.600,não
KOR,Coreia do Sul,BCA_NGDPD,2003,1.600,não
KOR,Coreia do Sul,BCA_NGDPD,2004,3.600,não
KOR,Coreia do Sul,BCA_NGDPD,2005,1.300,não
KOR,Coreia do Sul,BCA_NGDPD,2006,0.200,não
KOR,Coreia do Sul,BCA_NGDPD,2007,0.900,não
KOR,Coreia do Sul,BCA_NGDPD,2008,0.200,não
KOR,Coreia do Sul,BCA_NGDPD,2009,3.400,não
KOR,Coreia do Sul,BCA_NGDPD,2010,2.300,não
KOR,Coreia do Sul,BCA_NGDPD,2011,1.300,não
KOR,Coreia do Sul,BCA_NGDPD,2012,3.700,não
KOR,Coreia do Sul,BCA_NGDPD,2013,5.400,não
KOR,Coreia do Sul,BCA_NGDPD,2014,5.300,não
KOR,Coreia do Sul,BCA_NGDPD,2015,6.800,não
KOR,Coreia do Sul,BCA_NGDPD,2016,6.200,não
KOR,Coreia do Sul,BCA_NGDPD,2017,4.400,não
KOR,Coreia do Sul,BCA_NGDPD,2018,4.200,não
KOR,Coreia do Sul,BCA_NGDPD,2019,3.400,não
KOR,Coreia do Sul,BCA_NGDPD,2020,4.400,não
KOR,Coreia do Sul,BCA_NGDPD,2021,4.300,não
KOR,Coreia do Sul,BCA_NGDPD,2022,1.300,não
KOR,Coreia do Sul,BCA_NGDPD,2023,1.800,não
KOR,Coreia do Sul,BCA_NGDPD,2024,5.300,não
KOR,Coreia do Sul,BCA_NGDPD,2025,6.600,não
KOR,Coreia do Sul,BCA_NGDPD,2026,5.600,sim
KOR,Coreia do Sul,BCA_NGDPD,2027,5.400,sim
KOR,Coreia do Sul,BCA_NGDPD,2028,5.300,sim
KOR,Coreia do Sul,BCA_NGDPD,2029,5.400,sim
KOR,Coreia do Sul,BCA_NGDPD,2030,5.500,sim
KOR,Coreia do Sul,BCA_NGDPD,2031,5.500,sim
ZAF,África do Sul,BCA_NGDPD,1980,3.700,não
ZAF,África do Sul,BCA_NGDPD,1981,-5.500,não
ZAF,África do Sul,BCA_NGDPD,1982,-4.000,não
ZAF,África do Sul,BCA_NGDPD,1983,-0.400,não
ZAF,África do Sul,BCA_NGDPD,1984,-2.200,não
ZAF,África do Sul,BCA_NGDPD,1985,3.600,não
ZAF,África do Sul,BCA_NGDPD,1986,3.800,não
ZAF,África do Sul,BCA_NGDPD,1987,5.300,não
ZAF,África do Sul,BCA_NGDPD,1988,2.500,não
ZAF,África do Sul,BCA_NGDPD,1989,1.400,não
ZAF,África do Sul,BCA_NGDPD,1990,1.200,não
ZAF,África do Sul,BCA_NGDPD,1991,1.000,não
ZAF,África do Sul,BCA_NGDPD,1992,1.300,não
ZAF,África do Sul,BCA_NGDPD,1993,1.900,não
ZAF,África do Sul,BCA_NGDPD,1994,0.000,não
ZAF,África do Sul,BCA_NGDPD,1995,-1.500,não
ZAF,África do Sul,BCA_NGDPD,1996,-1.000,não
ZAF,África do Sul,BCA_NGDPD,1997,-1.300,não
ZAF,África do Sul,BCA_NGDPD,1998,-1.500,não
ZAF,África do Sul,BCA_NGDPD,1999,-0.400,não
ZAF,África do Sul,BCA_NGDPD,2000,-0.100,não
ZAF,África do Sul,BCA_NGDPD,2001,0.200,não
ZAF,África do Sul,BCA_NGDPD,2002,0.800,não
ZAF,África do Sul,BCA_NGDPD,2003,-0.700,não
ZAF,África do Sul,BCA_NGDPD,2004,-2.500,não
ZAF,África do Sul,BCA_NGDPD,2005,-2.800,não
ZAF,África do Sul,BCA_NGDPD,2006,-4.000,não
ZAF,África do Sul,BCA_NGDPD,2007,-4.800,não
ZAF,África do Sul,BCA_NGDPD,2008,-5.000,não
ZAF,África do Sul,BCA_NGDPD,2009,-2.400,não
ZAF,África do Sul,BCA_NGDPD,2010,-1.300,não
ZAF,África do Sul,BCA_NGDPD,2011,-2.000,não
ZAF,África do Sul,BCA_NGDPD,2012,-4.700,não
ZAF,África do Sul,BCA_NGDPD,2013,-5.300,não
ZAF,África do Sul,BCA_NGDPD,2014,-4.800,não
ZAF,África do Sul,BCA_NGDPD,2015,-4.300,não
ZAF,África do Sul,BCA_NGDPD,2016,-2.700,não
ZAF,África do Sul,BCA_NGDPD,2017,-2.400,não
ZAF,África do Sul,BCA_NGDPD,2018,-2.900,não
ZAF,África do Sul,BCA_NGDPD,2019,-2.600,não
ZAF,África do Sul,BCA_NGDPD,2020,2.000,não
ZAF,África do Sul,BCA_NGDPD,2021,3.700,não
ZAF,África do Sul,BCA_NGDPD,2022,-0.300,não
ZAF,África do Sul,BCA_NGDPD,2023,-1.100,não
ZAF,África do Sul,BCA_NGDPD,2024,-0.700,não
ZAF,África do Sul,BCA_NGDPD,2025,-0.500,não
ZAF,África do Sul,BCA_NGDPD,2026,-0.900,sim
ZAF,África do Sul,BCA_NGDPD,2027,-1.400,sim
ZAF,África do Sul,BCA_NGDPD,2028,-1.600,sim
ZAF,África do Sul,BCA_NGDPD,2029,-1.700,sim
ZAF,África do Sul,BCA_NGDPD,2030,-1.800,sim
ZAF,África do Sul,BCA_NGDPD,2031,-1.800,sim
RUS,Rússia,BCA_NGDPD,1992,-1.700,não
RUS,Rússia,BCA_NGDPD,1993,1.300,não
RUS,Rússia,BCA_NGDPD,1994,3.000,não
RUS,Rússia,BCA_NGDPD,1995,2.200,não
RUS,Rússia,BCA_NGDPD,1996,2.400,não
RUS,Rússia,BCA_NGDPD,1997,-0.200,não
RUS,Rússia,BCA_NGDPD,1998,0.000,não
RUS,Rússia,BCA_NGDPD,1999,10.900,não
RUS,Rússia,BCA_NGDPD,2000,16.300,não
RUS,Rússia,BCA_NGDPD,2001,9.800,não
RUS,Rússia,BCA_NGDPD,2002,7.400,não
RUS,Rússia,BCA_NGDPD,2003,7.200,não
RUS,Rússia,BCA_NGDPD,2004,9.200,não
RUS,Rússia,BCA_NGDPD,2005,10.300,não
RUS,Rússia,BCA_NGDPD,2006,8.700,não
RUS,Rússia,BCA_NGDPD,2007,5.200,não
RUS,Rússia,BCA_NGDPD,2008,5.800,não
RUS,Rússia,BCA_NGDPD,2009,3.900,não
RUS,Rússia,BCA_NGDPD,2010,4.100,não
RUS,Rússia,BCA_NGDPD,2011,4.800,não
RUS,Rússia,BCA_NGDPD,2012,3.300,não
RUS,Rússia,BCA_NGDPD,2013,1.500,não
RUS,Rússia,BCA_NGDPD,2014,2.800,não
RUS,Rússia,BCA_NGDPD,2015,5.000,não
RUS,Rússia,BCA_NGDPD,2016,1.900,não
RUS,Rússia,BCA_NGDPD,2017,2.000,não
RUS,Rússia,BCA_NGDPD,2018,7.000,não
RUS,Rússia,BCA_NGDPD,2019,3.900,não
RUS,Rússia,BCA_NGDPD,2020,2.400,não
RUS,Rússia,BCA_NGDPD,2021,6.800,não
RUS,Rússia,BCA_NGDPD,2022,10.400,não
RUS,Rússia,BCA_NGDPD,2023,2.400,não
RUS,Rússia,BCA_NGDPD,2024,2.900,não
RUS,Rússia,BCA_NGDPD,2025,1.600,não
RUS,Rússia,BCA_NGDPD,2026,2.900,sim
RUS,Rússia,BCA_NGDPD,2027,2.300,sim
RUS,Rússia,BCA_NGDPD,2028,1.800,sim
RUS,Rússia,BCA_NGDPD,2029,1.400,sim
RUS,Rússia,BCA_NGDPD,2030,1.200,sim
RUS,Rússia,BCA_NGDPD,2031,1.100,sim
TUR,Turquia,BCA_NGDPD,1980,-3.200,não
TUR,Turquia,BCA_NGDPD,1981,-1.900,não
TUR,Turquia,BCA_NGDPD,1982,-1.100,não
TUR,Turquia,BCA_NGDPD,1983,-2.300,não
TUR,Turquia,BCA_NGDPD,1984,-1.700,não
TUR,Turquia,BCA_NGDPD,1985,-1.100,não
TUR,Turquia,BCA_NGDPD,1986,-1.400,não
TUR,Turquia,BCA_NGDPD,1987,-0.700,não
TUR,Turquia,BCA_NGDPD,1988,1.300,não
TUR,Turquia,BCA_NGDPD,1989,0.700,não
TUR,Turquia,BCA_NGDPD,1990,-1.300,não
TUR,Turquia,BCA_NGDPD,1991,0.400,não
TUR,Turquia,BCA_NGDPD,1992,-0.400,não
TUR,Turquia,BCA_NGDPD,1993,-2.600,não
TUR,Turquia,BCA_NGDPD,1994,1.500,não
TUR,Turquia,BCA_NGDPD,1995,-1.000,não
TUR,Turquia,BCA_NGDPD,1996,-1.000,não
TUR,Turquia,BCA_NGDPD,1997,-1.000,não
TUR,Turquia,BCA_NGDPD,1998,0.700,não
TUR,Turquia,BCA_NGDPD,1999,-0.400,não
TUR,Turquia,BCA_NGDPD,2000,-3.600,não
TUR,Turquia,BCA_NGDPD,2001,1.900,não
TUR,Turquia,BCA_NGDPD,2002,-0.300,não
TUR,Turquia,BCA_NGDPD,2003,-2.400,não
TUR,Turquia,BCA_NGDPD,2004,-3.500,não
TUR,Turquia,BCA_NGDPD,2005,-4.100,não
TUR,Turquia,BCA_NGDPD,2006,-5.600,não
TUR,Turquia,BCA_NGDPD,2007,-5.400,não
TUR,Turquia,BCA_NGDPD,2008,-5.000,não
TUR,Turquia,BCA_NGDPD,2009,-1.700,não
TUR,Turquia,BCA_NGDPD,2010,-5.700,não
TUR,Turquia,BCA_NGDPD,2011,-8.800,não
TUR,Turquia,BCA_NGDPD,2012,-4.700,não
TUR,Turquia,BCA_NGDPD,2013,-5.100,não
TUR,Turquia,BCA_NGDPD,2014,-3.400,não
TUR,Turquia,BCA_NGDPD,2015,-2.500,não
TUR,Turquia,BCA_NGDPD,2016,-2.500,não
TUR,Turquia,BCA_NGDPD,2017,-4.100,não
TUR,Turquia,BCA_NGDPD,2018,-1.800,não
TUR,Turquia,BCA_NGDPD,2019,1.900,não
TUR,Turquia,BCA_NGDPD,2020,-4.200,não
TUR,Turquia,BCA_NGDPD,2021,-0.900,não
TUR,Turquia,BCA_NGDPD,2022,-5.000,não
TUR,Turquia,BCA_NGDPD,2023,-3.600,não
TUR,Turquia,BCA_NGDPD,2024,-1.000,não
TUR,Turquia,BCA_NGDPD,2025,-1.900,não
TUR,Turquia,BCA_NGDPD,2026,-2.800,sim
TUR,Turquia,BCA_NGDPD,2027,-2.500,sim
TUR,Turquia,BCA_NGDPD,2028,-2.200,sim
TUR,Turquia,BCA_NGDPD,2029,-1.800,sim
TUR,Turquia,BCA_NGDPD,2030,-1.400,sim
TUR,Turquia,BCA_NGDPD,2031,-1.200,sim
IDN,Indonésia,BCA_NGDPD,1980,2.900,não
IDN,Indonésia,BCA_NGDPD,1981,-0.500,não
IDN,Indonésia,BCA_NGDPD,1982,-4.700,não
IDN,Indonésia,BCA_NGDPD,1983,-6.500,não
IDN,Indonésia,BCA_NGDPD,1984,-2.100,não
IDN,Indonésia,BCA_NGDPD,1985,-2.000,não
IDN,Indonésia,BCA_NGDPD,1986,-4.200,não
IDN,Indonésia,BCA_NGDPD,1987,-2.500,não
IDN,Indonésia,BCA_NGDPD,1988,-2.000,não
IDN,Indonésia,BCA_NGDPD,1989,-1.400,não
IDN,Indonésia,BCA_NGDPD,1990,-2.300,não
IDN,Indonésia,BCA_NGDPD,1991,-2.800,não
IDN,Indonésia,BCA_NGDPD,1992,-1.800,não
IDN,Indonésia,BCA_NGDPD,1993,-1.200,não
IDN,Indonésia,BCA_NGDPD,1994,-1.400,não
IDN,Indonésia,BCA_NGDPD,1995,-2.800,não
IDN,Indonésia,BCA_NGDPD,1996,-2.700,não
IDN,Indonésia,BCA_NGDPD,1997,-1.500,não
IDN,Indonésia,BCA_NGDPD,1998,3.500,não
IDN,Indonésia,BCA_NGDPD,1999,3.400,não
IDN,Indonésia,BCA_NGDPD,2000,4.500,não
IDN,Indonésia,BCA_NGDPD,2001,4.000,não
IDN,Indonésia,BCA_NGDPD,2002,3.700,não
IDN,Indonésia,BCA_NGDPD,2003,3.200,não
IDN,Indonésia,BCA_NGDPD,2004,1.900,não
IDN,Indonésia,BCA_NGDPD,2005,0.500,não
IDN,Indonésia,BCA_NGDPD,2006,2.400,não
IDN,Indonésia,BCA_NGDPD,2007,1.400,não
IDN,Indonésia,BCA_NGDPD,2008,0.000,não
IDN,Indonésia,BCA_NGDPD,2009,1.800,não
IDN,Indonésia,BCA_NGDPD,2010,0.700,não
IDN,Indonésia,BCA_NGDPD,2011,0.200,não
IDN,Indonésia,BCA_NGDPD,2012,-2.700,não
IDN,Indonésia,BCA_NGDPD,2013,-3.200,não
IDN,Indonésia,BCA_NGDPD,2014,-3.100,não
IDN,Indonésia,BCA_NGDPD,2015,-2.000,não
IDN,Indonésia,BCA_NGDPD,2016,-1.800,não
IDN,Indonésia,BCA_NGDPD,2017,-1.600,não
IDN,Indonésia,BCA_NGDPD,2018,-2.900,não
IDN,Indonésia,BCA_NGDPD,2019,-2.700,não
IDN,Indonésia,BCA_NGDPD,2020,-0.400,não
IDN,Indonésia,BCA_NGDPD,2021,0.300,não
IDN,Indonésia,BCA_NGDPD,2022,1.000,não
IDN,Indonésia,BCA_NGDPD,2023,-0.100,não
IDN,Indonésia,BCA_NGDPD,2024,-0.600,não
IDN,Indonésia,BCA_NGDPD,2025,-0.100,não
IDN,Indonésia,BCA_NGDPD,2026,-1.100,sim
IDN,Indonésia,BCA_NGDPD,2027,-0.900,sim
IDN,Indonésia,BCA_NGDPD,2028,-0.800,sim
IDN,Indonésia,BCA_NGDPD,2029,-0.800,sim
IDN,Indonésia,BCA_NGDPD,2030,-0.800,sim
IDN,Indonésia,BCA_NGDPD,2031,-0.800,sim
WEOWORLD,Mundo,BCA_NGDPD,1980,-0.700,não
WEOWORLD,Mundo,BCA_NGDPD,1981,-0.700,não
WEOWORLD,Mundo,BCA_NGDPD,1982,-0.800,não
WEOWORLD,Mundo,BCA_NGDPD,1983,-0.700,não
WEOWORLD,Mundo,BCA_NGDPD,1984,-0.600,não
WEOWORLD,Mundo,BCA_NGDPD,1985,-0.500,não
WEOWORLD,Mundo,BCA_NGDPD,1986,-0.500,não
WEOWORLD,Mundo,BCA_NGDPD,1987,-0.400,não
WEOWORLD,Mundo,BCA_NGDPD,1988,-0.300,não
WEOWORLD,Mundo,BCA_NGDPD,1989,-0.400,não
WEOWORLD,Mundo,BCA_NGDPD,1990,-0.500,não
WEOWORLD,Mundo,BCA_NGDPD,1991,-0.600,não
WEOWORLD,Mundo,BCA_NGDPD,1992,-0.500,não
WEOWORLD,Mundo,BCA_NGDPD,1993,-0.200,não
WEOWORLD,Mundo,BCA_NGDPD,1994,-0.300,não
WEOWORLD,Mundo,BCA_NGDPD,1995,-0.200,não
WEOWORLD,Mundo,BCA_NGDPD,1996,-0.200,não
WEOWORLD,Mundo,BCA_NGDPD,1997,0.000,não
WEOWORLD,Mundo,BCA_NGDPD,1998,-0.300,não
WEOWORLD,Mundo,BCA_NGDPD,1999,-0.300,não
WEOWORLD,Mundo,BCA_NGDPD,2000,-0.400,não
WEOWORLD,Mundo,BCA_NGDPD,2001,-0.500,não
WEOWORLD,Mundo,BCA_NGDPD,2002,-0.400,não
WEOWORLD,Mundo,BCA_NGDPD,2003,-0.200,não
WEOWORLD,Mundo,BCA_NGDPD,2004,0.000,não
WEOWORLD,Mundo,BCA_NGDPD,2005,0.100,não
WEOWORLD,Mundo,BCA_NGDPD,2006,0.300,não
WEOWORLD,Mundo,BCA_NGDPD,2007,0.300,não
WEOWORLD,Mundo,BCA_NGDPD,2008,0.100,não
WEOWORLD,Mundo,BCA_NGDPD,2009,0.300,não
WEOWORLD,Mundo,BCA_NGDPD,2010,0.500,não
WEOWORLD,Mundo,BCA_NGDPD,2011,0.400,não
WEOWORLD,Mundo,BCA_NGDPD,2012,0.500,não
WEOWORLD,Mundo,BCA_NGDPD,2013,0.500,não
WEOWORLD,Mundo,BCA_NGDPD,2014,0.500,não
WEOWORLD,Mundo,BCA_NGDPD,2015,0.200,não
WEOWORLD,Mundo,BCA_NGDPD,2016,0.400,não
WEOWORLD,Mundo,BCA_NGDPD,2017,0.600,não
WEOWORLD,Mundo,BCA_NGDPD,2018,0.400,não
WEOWORLD,Mundo,BCA_NGDPD,2019,0.400,não
WEOWORLD,Mundo,BCA_NGDPD,2020,0.300,não
WEOWORLD,Mundo,BCA_NGDPD,2021,0.800,não
WEOWORLD,Mundo,BCA_NGDPD,2022,0.400,não
WEOWORLD,Mundo,BCA_NGDPD,2023,0.300,não
WEOWORLD,Mundo,BCA_NGDPD,2024,0.400,não
WEOWORLD,Mundo,BCA_NGDPD,2025,0.600,não
WEOWORLD,Mundo,BCA_NGDPD,2026,0.400,sim
WEOWORLD,Mundo,BCA_NGDPD,2027,0.300,sim
WEOWORLD,Mundo,BCA_NGDPD,2028,0.300,sim
WEOWORLD,Mundo,BCA_NGDPD,2029,0.300,sim
WEOWORLD,Mundo,BCA_NGDPD,2030,0.300,sim
WEOWORLD,Mundo,BCA_NGDPD,2031,0.300,sim
WE,América Latina e Caribe,BCA_NGDPD,1980,-3.300,não
WE,América Latina e Caribe,BCA_NGDPD,1981,-4.800,não
WE,América Latina e Caribe,BCA_NGDPD,1982,-4.900,não
WE,América Latina e Caribe,BCA_NGDPD,1983,0.000,não
WE,América Latina e Caribe,BCA_NGDPD,1984,0.800,não
WE,América Latina e Caribe,BCA_NGDPD,1985,0.300,não
WE,América Latina e Caribe,BCA_NGDPD,1986,-1.900,não
WE,América Latina e Caribe,BCA_NGDPD,1987,-0.700,não
WE,América Latina e Caribe,BCA_NGDPD,1988,-1.000,não
WE,América Latina e Caribe,BCA_NGDPD,1989,-0.700,não
WE,América Latina e Caribe,BCA_NGDPD,1990,-0.300,não
WE,América Latina e Caribe,BCA_NGDPD,1991,-1.900,não
WE,América Latina e Caribe,BCA_NGDPD,1992,-3.300,não
WE,América Latina e Caribe,BCA_NGDPD,1993,-3.600,não
WE,América Latina e Caribe,BCA_NGDPD,1994,-3.600,não
WE,América Latina e Caribe,BCA_NGDPD,1995,-2.000,não
WE,América Latina e Caribe,BCA_NGDPD,1996,-1.900,não
WE,América Latina e Caribe,BCA_NGDPD,1997,-3.000,não
WE,América Latina e Caribe,BCA_NGDPD,1998,-4.000,não
WE,América Latina e Caribe,BCA_NGDPD,1999,-2.800,não
WE,América Latina e Caribe,BCA_NGDPD,2000,-2.200,não
WE,América Latina e Caribe,BCA_NGDPD,2001,-2.500,não
WE,América Latina e Caribe,BCA_NGDPD,2002,-0.800,não
WE,América Latina e Caribe,BCA_NGDPD,2003,0.600,não
WE,América Latina e Caribe,BCA_NGDPD,2004,1.000,não
WE,América Latina e Caribe,BCA_NGDPD,2005,1.300,não
WE,América Latina e Caribe,BCA_NGDPD,2006,1.600,não
WE,América Latina e Caribe,BCA_NGDPD,2007,0.200,não
WE,América Latina e Caribe,BCA_NGDPD,2008,-1.000,não
WE,América Latina e Caribe,BCA_NGDPD,2009,-0.900,não
WE,América Latina e Caribe,BCA_NGDPD,2010,-2.100,não
WE,América Latina e Caribe,BCA_NGDPD,2011,-2.100,não
WE,América Latina e Caribe,BCA_NGDPD,2012,-2.600,não
WE,América Latina e Caribe,BCA_NGDPD,2013,-3.000,não
WE,América Latina e Caribe,BCA_NGDPD,2014,-3.300,não
WE,América Latina e Caribe,BCA_NGDPD,2015,-3.500,não
WE,América Latina e Caribe,BCA_NGDPD,2016,-2.200,não
WE,América Latina e Caribe,BCA_NGDPD,2017,-1.800,não
WE,América Latina e Caribe,BCA_NGDPD,2018,-2.700,não
WE,América Latina e Caribe,BCA_NGDPD,2019,-2.000,não
WE,América Latina e Caribe,BCA_NGDPD,2020,-0.200,não
WE,América Latina e Caribe,BCA_NGDPD,2021,-1.800,não
WE,América Latina e Caribe,BCA_NGDPD,2022,-2.200,não
WE,América Latina e Caribe,BCA_NGDPD,2023,-1.200,não
WE,América Latina e Caribe,BCA_NGDPD,2024,-1.100,não
WE,América Latina e Caribe,BCA_NGDPD,2025,-1.200,não
WE,América Latina e Caribe,BCA_NGDPD,2026,-0.900,sim
WE,América Latina e Caribe,BCA_NGDPD,2027,-1.100,sim
WE,América Latina e Caribe,BCA_NGDPD,2028,-1.000,sim
WE,América Latina e Caribe,BCA_NGDPD,2029,-1.000,sim
WE,América Latina e Caribe,BCA_NGDPD,2030,-1.100,sim
WE,América Latina e Caribe,BCA_NGDPD,2031,-1.100,sim
ADVEC,Economias avançadas,BCA_NGDPD,1980,-1.100,não
ADVEC,Economias avançadas,BCA_NGDPD,1981,-0.700,não
ADVEC,Economias avançadas,BCA_NGDPD,1982,-0.500,não
ADVEC,Economias avançadas,BCA_NGDPD,1983,-0.400,não
ADVEC,Economias avançadas,BCA_NGDPD,1984,-0.500,não
ADVEC,Economias avançadas,BCA_NGDPD,1985,-0.600,não
ADVEC,Economias avançadas,BCA_NGDPD,1986,-0.200,não
ADVEC,Economias avançadas,BCA_NGDPD,1987,-0.300,não
ADVEC,Economias avançadas,BCA_NGDPD,1988,-0.200,não
ADVEC,Economias avançadas,BCA_NGDPD,1989,-0.400,não
ADVEC,Economias avançadas,BCA_NGDPD,1990,-0.500,não
ADVEC,Economias avançadas,BCA_NGDPD,1991,-0.100,não
ADVEC,Economias avançadas,BCA_NGDPD,1992,-0.100,não
ADVEC,Economias avançadas,BCA_NGDPD,1993,0.300,não
ADVEC,Economias avançadas,BCA_NGDPD,1994,0.100,não
ADVEC,Economias avançadas,BCA_NGDPD,1995,0.100,não
ADVEC,Economias avançadas,BCA_NGDPD,1996,0.100,não
ADVEC,Economias avançadas,BCA_NGDPD,1997,0.200,não
ADVEC,Economias avançadas,BCA_NGDPD,1998,0.100,não
ADVEC,Economias avançadas,BCA_NGDPD,1999,-0.400,não
ADVEC,Economias avançadas,BCA_NGDPD,2000,-0.900,não
ADVEC,Economias avançadas,BCA_NGDPD,2001,-0.900,não
ADVEC,Economias avançadas,BCA_NGDPD,2002,-0.800,não
ADVEC,Economias avançadas,BCA_NGDPD,2003,-0.800,não
ADVEC,Economias avançadas,BCA_NGDPD,2004,-0.600,não
ADVEC,Economias avançadas,BCA_NGDPD,2005,-1.100,não
ADVEC,Economias avançadas,BCA_NGDPD,2006,-1.200,não
ADVEC,Economias avançadas,BCA_NGDPD,2007,-1.000,não
ADVEC,Economias avançadas,BCA_NGDPD,2008,-1.400,não
ADVEC,Economias avançadas,BCA_NGDPD,2009,-0.200,não
ADVEC,Economias avançadas,BCA_NGDPD,2010,0.000,não
ADVEC,Economias avançadas,BCA_NGDPD,2011,-0.100,não
ADVEC,Economias avançadas,BCA_NGDPD,2012,0.000,não
ADVEC,Economias avançadas,BCA_NGDPD,2013,0.500,não
ADVEC,Economias avançadas,BCA_NGDPD,2014,0.500,não
ADVEC,Economias avançadas,BCA_NGDPD,2015,0.600,não
ADVEC,Economias avançadas,BCA_NGDPD,2016,0.800,não
ADVEC,Economias avançadas,BCA_NGDPD,2017,1.000,não
ADVEC,Economias avançadas,BCA_NGDPD,2018,0.800,não
ADVEC,Economias avançadas,BCA_NGDPD,2019,0.700,não
ADVEC,Economias avançadas,BCA_NGDPD,2020,0.300,não
ADVEC,Economias avançadas,BCA_NGDPD,2021,0.700,não
ADVEC,Economias avançadas,BCA_NGDPD,2022,-0.500,não
ADVEC,Economias avançadas,BCA_NGDPD,2023,0.000,não
ADVEC,Economias avançadas,BCA_NGDPD,2024,0.100,não
ADVEC,Economias avançadas,BCA_NGDPD,2025,0.100,não
ADVEC,Economias avançadas,BCA_NGDPD,2026,-0.100,sim
ADVEC,Economias avançadas,BCA_NGDPD,2027,-0.100,sim
ADVEC,Economias avançadas,BCA_NGDPD,2028,0.000,sim
ADVEC,Economias avançadas,BCA_NGDPD,2029,0.000,sim
ADVEC,Economias avançadas,BCA_NGDPD,2030,0.100,sim
ADVEC,Economias avançadas,BCA_NGDPD,2031,0.100,sim
OEMDC,Economias emergentes e em desenvolvimento,BCA_NGDPD,1980,0.500,não
OEMDC,Economias emergentes e em desenvolvimento,BCA_NGDPD,1981,-0.800,não
OEMDC,Economias emergentes e em desenvolvimento,BCA_NGDPD,1982,-1.900,não
OEMDC,Economias emergentes e em desenvolvimento,BCA_NGDPD,1983,-1.700,não
OEMDC,Economias emergentes e em desenvolvimento,BCA_NGDPD,1984,-0.900,não
OEMDC,Economias emergentes e em desenvolvimento,BCA_NGDPD,1985,-0.500,não
OEMDC,Economias emergentes e em desenvolvimento,BCA_NGDPD,1986,-1.900,não
OEMDC,Economias emergentes e em desenvolvimento,BCA_NGDPD,1997,-1.100,não
OEMDC,Economias emergentes e em desenvolvimento,BCA_NGDPD,1998,-1.500,não
OEMDC,Economias emergentes e em desenvolvimento,BCA_NGDPD,1999,-0.100,não
OEMDC,Economias emergentes e em desenvolvimento,BCA_NGDPD,2000,1.200,não
OEMDC,Economias emergentes e em desenvolvimento,BCA_NGDPD,2001,0.700,não
OEMDC,Economias emergentes e em desenvolvimento,BCA_NGDPD,2002,1.200,não
OEMDC,Economias emergentes e em desenvolvimento,BCA_NGDPD,2003,1.900,não
OEMDC,Economias emergentes e em desenvolvimento,BCA_NGDPD,2004,2.400,não
OEMDC,Economias emergentes e em desenvolvimento,BCA_NGDPD,2005,3.900,não
OEMDC,Economias emergentes e em desenvolvimento,BCA_NGDPD,2006,4.700,não
OEMDC,Economias emergentes e em desenvolvimento,BCA_NGDPD,2007,3.800,não
OEMDC,Economias emergentes e em desenvolvimento,BCA_NGDPD,2008,3.500,não
OEMDC,Economias emergentes e em desenvolvimento,BCA_NGDPD,2009,1.400,não
OEMDC,Economias emergentes e em desenvolvimento,BCA_NGDPD,2010,1.300,não
OEMDC,Economias emergentes e em desenvolvimento,BCA_NGDPD,2011,1.300,não
OEMDC,Economias emergentes e em desenvolvimento,BCA_NGDPD,2012,1.200,não
OEMDC,Economias emergentes e em desenvolvimento,BCA_NGDPD,2013,0.600,não
OEMDC,Economias emergentes e em desenvolvimento,BCA_NGDPD,2014,0.500,não
OEMDC,Economias emergentes e em desenvolvimento,BCA_NGDPD,2015,-0.300,não
OEMDC,Economias emergentes e em desenvolvimento,BCA_NGDPD,2016,-0.400,não
OEMDC,Economias emergentes e em desenvolvimento,BCA_NGDPD,2017,-0.100,não
OEMDC,Economias emergentes e em desenvolvimento,BCA_NGDPD,2018,-0.100,não
OEMDC,Economias emergentes e em desenvolvimento,BCA_NGDPD,2019,0.000,não
OEMDC,Economias emergentes e em desenvolvimento,BCA_NGDPD,2020,0.400,não
OEMDC,Economias emergentes e em desenvolvimento,BCA_NGDPD,2021,0.900,não
OEMDC,Economias emergentes e em desenvolvimento,BCA_NGDPD,2022,1.600,não
OEMDC,Economias emergentes e em desenvolvimento,BCA_NGDPD,2023,0.600,não
OEMDC,Economias emergentes e em desenvolvimento,BCA_NGDPD,2024,0.900,não
OEMDC,Economias emergentes e em desenvolvimento,BCA_NGDPD,2025,1.200,não
OEMDC,Economias emergentes e em desenvolvimento,BCA_NGDPD,2026,1.000,sim
OEMDC,Economias emergentes e em desenvolvimento,BCA_NGDPD,2027,0.800,sim
OEMDC,Economias emergentes e em desenvolvimento,BCA_NGDPD,2028,0.700,sim
OEMDC,Economias emergentes e em desenvolvimento,BCA_NGDPD,2029,0.700,sim
OEMDC,Economias emergentes e em desenvolvimento,BCA_NGDPD,2030,0.600,sim
OEMDC,Economias emergentes e em desenvolvimento,BCA_NGDPD,2031,0.500,sim
BRA,Brasil,GGXWDG_NGDP,2000,62.200,não
BRA,Brasil,GGXWDG_NGDP,2001,67.300,não
BRA,Brasil,GGXWDG_NGDP,2002,76.100,não
BRA,Brasil,GGXWDG_NGDP,2003,71.500,não
BRA,Brasil,GGXWDG_NGDP,2004,68.000,não
BRA,Brasil,GGXWDG_NGDP,2005,67.000,não
BRA,Brasil,GGXWDG_NGDP,2006,64.600,não
BRA,Brasil,GGXWDG_NGDP,2007,63.000,não
BRA,Brasil,GGXWDG_NGDP,2008,61.400,não
BRA,Brasil,GGXWDG_NGDP,2009,64.700,não
BRA,Brasil,GGXWDG_NGDP,2010,62.400,não
BRA,Brasil,GGXWDG_NGDP,2011,60.600,não
BRA,Brasil,GGXWDG_NGDP,2012,61.600,não
BRA,Brasil,GGXWDG_NGDP,2013,59.600,não
BRA,Brasil,GGXWDG_NGDP,2014,61.600,não
BRA,Brasil,GGXWDG_NGDP,2015,71.700,não
BRA,Brasil,GGXWDG_NGDP,2016,77.400,não
BRA,Brasil,GGXWDG_NGDP,2017,82.700,não
BRA,Brasil,GGXWDG_NGDP,2018,84.800,não
BRA,Brasil,GGXWDG_NGDP,2019,87.100,não
BRA,Brasil,GGXWDG_NGDP,2020,96.000,não
BRA,Brasil,GGXWDG_NGDP,2021,88.900,não
BRA,Brasil,GGXWDG_NGDP,2022,83.900,não
BRA,Brasil,GGXWDG_NGDP,2023,84.000,não
BRA,Brasil,GGXWDG_NGDP,2024,87.000,não
BRA,Brasil,GGXWDG_NGDP,2025,93.300,não
BRA,Brasil,GGXWDG_NGDP,2026,96.500,sim
BRA,Brasil,GGXWDG_NGDP,2027,100.000,sim
BRA,Brasil,GGXWDG_NGDP,2028,102.300,sim
BRA,Brasil,GGXWDG_NGDP,2029,104.100,sim
BRA,Brasil,GGXWDG_NGDP,2030,105.500,sim
BRA,Brasil,GGXWDG_NGDP,2031,106.500,sim
ARG,Argentina,GGXWDG_NGDP,1992,25.000,não
ARG,Argentina,GGXWDG_NGDP,1993,26.900,não
ARG,Argentina,GGXWDG_NGDP,1994,28.400,não
ARG,Argentina,GGXWDG_NGDP,1995,30.700,não
ARG,Argentina,GGXWDG_NGDP,1996,32.600,não
ARG,Argentina,GGXWDG_NGDP,1997,31.700,não
ARG,Argentina,GGXWDG_NGDP,1998,34.100,não
ARG,Argentina,GGXWDG_NGDP,1999,38.900,não
ARG,Argentina,GGXWDG_NGDP,2000,40.800,não
ARG,Argentina,GGXWDG_NGDP,2001,48.000,não
ARG,Argentina,GGXWDG_NGDP,2002,147.200,não
ARG,Argentina,GGXWDG_NGDP,2003,125.200,não
ARG,Argentina,GGXWDG_NGDP,2004,117.900,não
ARG,Argentina,GGXWDG_NGDP,2005,80.300,não
ARG,Argentina,GGXWDG_NGDP,2006,70.800,não
ARG,Argentina,GGXWDG_NGDP,2007,62.100,não
ARG,Argentina,GGXWDG_NGDP,2008,53.800,não
ARG,Argentina,GGXWDG_NGDP,2009,55.400,não
ARG,Argentina,GGXWDG_NGDP,2010,43.500,não
ARG,Argentina,GGXWDG_NGDP,2011,38.900,não
ARG,Argentina,GGXWDG_NGDP,2012,40.400,não
ARG,Argentina,GGXWDG_NGDP,2013,43.500,não
ARG,Argentina,GGXWDG_NGDP,2014,44.700,não
ARG,Argentina,GGXWDG_NGDP,2015,52.600,não
ARG,Argentina,GGXWDG_NGDP,2016,53.100,não
ARG,Argentina,GGXWDG_NGDP,2017,57.000,não
ARG,Argentina,GGXWDG_NGDP,2018,85.200,não
ARG,Argentina,GGXWDG_NGDP,2019,89.800,não
ARG,Argentina,GGXWDG_NGDP,2020,103.800,não
ARG,Argentina,GGXWDG_NGDP,2021,81.000,não
ARG,Argentina,GGXWDG_NGDP,2022,84.300,não
ARG,Argentina,GGXWDG_NGDP,2023,154.600,não
ARG,Argentina,GGXWDG_NGDP,2024,84.700,não
ARG,Argentina,GGXWDG_NGDP,2025,80.300,não
ARG,Argentina,GGXWDG_NGDP,2026,70.400,sim
ARG,Argentina,GGXWDG_NGDP,2027,68.100,sim
ARG,Argentina,GGXWDG_NGDP,2028,63.000,sim
ARG,Argentina,GGXWDG_NGDP,2029,59.300,sim
ARG,Argentina,GGXWDG_NGDP,2030,55.400,sim
ARG,Argentina,GGXWDG_NGDP,2031,52.200,sim
CHL,Chile,GGXWDG_NGDP,1991,37.100,não
CHL,Chile,GGXWDG_NGDP,1992,30.500,não
CHL,Chile,GGXWDG_NGDP,1993,28.100,não
CHL,Chile,GGXWDG_NGDP,1994,22.600,não
CHL,Chile,GGXWDG_NGDP,1995,17.300,não
CHL,Chile,GGXWDG_NGDP,1996,14.600,não
CHL,Chile,GGXWDG_NGDP,1997,12.800,não
CHL,Chile,GGXWDG_NGDP,1998,12.100,não
CHL,Chile,GGXWDG_NGDP,1999,13.300,não
CHL,Chile,GGXWDG_NGDP,2000,13.100,não
CHL,Chile,GGXWDG_NGDP,2001,14.300,não
CHL,Chile,GGXWDG_NGDP,2002,15.000,não
CHL,Chile,GGXWDG_NGDP,2003,12.600,não
CHL,Chile,GGXWDG_NGDP,2004,10.300,não
CHL,Chile,GGXWDG_NGDP,2005,7.000,não
CHL,Chile,GGXWDG_NGDP,2006,5.000,não
CHL,Chile,GGXWDG_NGDP,2007,3.900,não
CHL,Chile,GGXWDG_NGDP,2008,4.900,não
CHL,Chile,GGXWDG_NGDP,2009,5.800,não
CHL,Chile,GGXWDG_NGDP,2010,8.600,não
CHL,Chile,GGXWDG_NGDP,2011,11.100,não
CHL,Chile,GGXWDG_NGDP,2012,11.900,não
CHL,Chile,GGXWDG_NGDP,2013,12.800,não
CHL,Chile,GGXWDG_NGDP,2014,15.000,não
CHL,Chile,GGXWDG_NGDP,2015,17.400,não
CHL,Chile,GGXWDG_NGDP,2016,21.100,não
CHL,Chile,GGXWDG_NGDP,2017,23.700,não
CHL,Chile,GGXWDG_NGDP,2018,25.800,não
CHL,Chile,GGXWDG_NGDP,2019,28.300,não
CHL,Chile,GGXWDG_NGDP,2020,32.400,não
CHL,Chile,GGXWDG_NGDP,2021,36.400,não
CHL,Chile,GGXWDG_NGDP,2022,37.900,não
CHL,Chile,GGXWDG_NGDP,2023,39.400,não
CHL,Chile,GGXWDG_NGDP,2024,41.700,não
CHL,Chile,GGXWDG_NGDP,2025,41.800,não
CHL,Chile,GGXWDG_NGDP,2026,42.500,sim
CHL,Chile,GGXWDG_NGDP,2027,44.400,sim
CHL,Chile,GGXWDG_NGDP,2028,45.500,sim
CHL,Chile,GGXWDG_NGDP,2029,46.800,sim
CHL,Chile,GGXWDG_NGDP,2030,48.100,sim
CHL,Chile,GGXWDG_NGDP,2031,49.200,sim
COL,Colômbia,GGXWDG_NGDP,1996,23.300,não
COL,Colômbia,GGXWDG_NGDP,1997,25.300,não
COL,Colômbia,GGXWDG_NGDP,1998,27.500,não
COL,Colômbia,GGXWDG_NGDP,1999,34.000,não
COL,Colômbia,GGXWDG_NGDP,2000,38.000,não
COL,Colômbia,GGXWDG_NGDP,2001,41.100,não
COL,Colômbia,GGXWDG_NGDP,2002,47.500,não
COL,Colômbia,GGXWDG_NGDP,2003,45.000,não
COL,Colômbia,GGXWDG_NGDP,2004,41.500,não
COL,Colômbia,GGXWDG_NGDP,2005,38.500,não
COL,Colômbia,GGXWDG_NGDP,2006,36.000,não
COL,Colômbia,GGXWDG_NGDP,2007,32.700,não
COL,Colômbia,GGXWDG_NGDP,2008,32.400,não
COL,Colômbia,GGXWDG_NGDP,2009,35.400,não
COL,Colômbia,GGXWDG_NGDP,2010,36.500,não
COL,Colômbia,GGXWDG_NGDP,2011,35.800,não
COL,Colômbia,GGXWDG_NGDP,2012,34.000,não
COL,Colômbia,GGXWDG_NGDP,2013,37.600,não
COL,Colômbia,GGXWDG_NGDP,2014,43.300,não
COL,Colômbia,GGXWDG_NGDP,2015,50.400,não
COL,Colômbia,GGXWDG_NGDP,2016,49.900,não
COL,Colômbia,GGXWDG_NGDP,2017,49.400,não
COL,Colômbia,GGXWDG_NGDP,2018,51.800,não
COL,Colômbia,GGXWDG_NGDP,2019,51.000,não
COL,Colômbia,GGXWDG_NGDP,2020,65.300,não
COL,Colômbia,GGXWDG_NGDP,2021,64.400,não
COL,Colômbia,GGXWDG_NGDP,2022,61.300,não
COL,Colômbia,GGXWDG_NGDP,2023,55.400,não
COL,Colômbia,GGXWDG_NGDP,2024,61.000,não
COL,Colômbia,GGXWDG_NGDP,2025,59.900,não
COL,Colômbia,GGXWDG_NGDP,2026,60.900,sim
COL,Colômbia,GGXWDG_NGDP,2027,61.300,sim
COL,Colômbia,GGXWDG_NGDP,2028,61.000,sim
COL,Colômbia,GGXWDG_NGDP,2029,60.400,sim
COL,Colômbia,GGXWDG_NGDP,2030,59.800,sim
COL,Colômbia,GGXWDG_NGDP,2031,59.200,sim
MEX,México,GGXWDG_NGDP,1996,42.500,não
MEX,México,GGXWDG_NGDP,1997,39.100,não
MEX,México,GGXWDG_NGDP,1998,39.700,não
MEX,México,GGXWDG_NGDP,1999,41.700,não
MEX,México,GGXWDG_NGDP,2000,38.500,não
MEX,México,GGXWDG_NGDP,2001,37.300,não
MEX,México,GGXWDG_NGDP,2002,39.900,não
MEX,México,GGXWDG_NGDP,2003,42.100,não
MEX,México,GGXWDG_NGDP,2004,38.900,não
MEX,México,GGXWDG_NGDP,2005,36.800,não
MEX,México,GGXWDG_NGDP,2006,35.800,não
MEX,México,GGXWDG_NGDP,2007,35.500,não
MEX,México,GGXWDG_NGDP,2008,40.600,não
MEX,México,GGXWDG_NGDP,2009,41.700,não
MEX,México,GGXWDG_NGDP,2010,40.200,não
MEX,México,GGXWDG_NGDP,2011,41.200,não
MEX,México,GGXWDG_NGDP,2012,40.800,não
MEX,México,GGXWDG_NGDP,2013,44.100,não
MEX,México,GGXWDG_NGDP,2014,47.100,não
MEX,México,GGXWDG_NGDP,2015,51.000,não
MEX,México,GGXWDG_NGDP,2016,55.000,não
MEX,México,GGXWDG_NGDP,2017,52.500,não
MEX,México,GGXWDG_NGDP,2018,52.200,não
MEX,México,GGXWDG_NGDP,2019,51.900,não
MEX,México,GGXWDG_NGDP,2020,58.500,não
MEX,México,GGXWDG_NGDP,2021,56.700,não
MEX,México,GGXWDG_NGDP,2022,53.800,não
MEX,México,GGXWDG_NGDP,2023,52.800,não
MEX,México,GGXWDG_NGDP,2024,59.100,não
MEX,México,GGXWDG_NGDP,2025,61.800,não
MEX,México,GGXWDG_NGDP,2026,62.700,sim
MEX,México,GGXWDG_NGDP,2027,63.100,sim
MEX,México,GGXWDG_NGDP,2028,63.100,sim
MEX,México,GGXWDG_NGDP,2029,63.300,sim
MEX,México,GGXWDG_NGDP,2030,63.400,sim
MEX,México,GGXWDG_NGDP,2031,63.600,sim
PER,Peru,GGXWDG_NGDP,2000,44.900,não
PER,Peru,GGXWDG_NGDP,2001,43.800,não
PER,Peru,GGXWDG_NGDP,2002,45.500,não
PER,Peru,GGXWDG_NGDP,2003,49.400,não
PER,Peru,GGXWDG_NGDP,2004,46.700,não
PER,Peru,GGXWDG_NGDP,2005,40.400,não
PER,Peru,GGXWDG_NGDP,2006,34.900,não
PER,Peru,GGXWDG_NGDP,2007,31.900,não
PER,Peru,GGXWDG_NGDP,2008,28.100,não
PER,Peru,GGXWDG_NGDP,2009,28.200,não
PER,Peru,GGXWDG_NGDP,2010,25.100,não
PER,Peru,GGXWDG_NGDP,2011,23.100,não
PER,Peru,GGXWDG_NGDP,2012,20.700,não
PER,Peru,GGXWDG_NGDP,2013,19.900,não
PER,Peru,GGXWDG_NGDP,2014,20.500,não
PER,Peru,GGXWDG_NGDP,2015,23.700,não
PER,Peru,GGXWDG_NGDP,2016,23.900,não
PER,Peru,GGXWDG_NGDP,2017,24.800,não
PER,Peru,GGXWDG_NGDP,2018,25.700,não
PER,Peru,GGXWDG_NGDP,2019,26.500,não
PER,Peru,GGXWDG_NGDP,2020,34.300,não
PER,Peru,GGXWDG_NGDP,2021,35.500,não
PER,Peru,GGXWDG_NGDP,2022,33.500,não
PER,Peru,GGXWDG_NGDP,2023,32.400,não
PER,Peru,GGXWDG_NGDP,2024,32.100,não
PER,Peru,GGXWDG_NGDP,2025,30.200,não
PER,Peru,GGXWDG_NGDP,2026,30.000,sim
PER,Peru,GGXWDG_NGDP,2027,30.900,sim
PER,Peru,GGXWDG_NGDP,2028,31.600,sim
PER,Peru,GGXWDG_NGDP,2029,32.100,sim
PER,Peru,GGXWDG_NGDP,2030,32.100,sim
PER,Peru,GGXWDG_NGDP,2031,32.200,sim
USA,Estados Unidos,GGXWDG_NGDP,2001,53.500,não
USA,Estados Unidos,GGXWDG_NGDP,2002,55.900,não
USA,Estados Unidos,GGXWDG_NGDP,2003,59.000,não
USA,Estados Unidos,GGXWDG_NGDP,2004,66.400,não
USA,Estados Unidos,GGXWDG_NGDP,2005,65.800,não
USA,Estados Unidos,GGXWDG_NGDP,2006,64.500,não
USA,Estados Unidos,GGXWDG_NGDP,2007,64.900,não
USA,Estados Unidos,GGXWDG_NGDP,2008,73.800,não
USA,Estados Unidos,GGXWDG_NGDP,2009,87.100,não
USA,Estados Unidos,GGXWDG_NGDP,2010,95.700,não
USA,Estados Unidos,GGXWDG_NGDP,2011,100.000,não
USA,Estados Unidos,GGXWDG_NGDP,2012,103.700,não
USA,Estados Unidos,GGXWDG_NGDP,2013,105.000,não
USA,Estados Unidos,GGXWDG_NGDP,2014,104.900,não
USA,Estados Unidos,GGXWDG_NGDP,2015,105.400,não
USA,Estados Unidos,GGXWDG_NGDP,2016,107.400,não
USA,Estados Unidos,GGXWDG_NGDP,2017,106.400,não
USA,Estados Unidos,GGXWDG_NGDP,2018,107.700,não
USA,Estados Unidos,GGXWDG_NGDP,2019,108.800,não
USA,Estados Unidos,GGXWDG_NGDP,2020,132.600,não
USA,Estados Unidos,GGXWDG_NGDP,2021,125.000,não
USA,Estados Unidos,GGXWDG_NGDP,2022,119.100,não
USA,Estados Unidos,GGXWDG_NGDP,2023,120.000,não
USA,Estados Unidos,GGXWDG_NGDP,2024,122.300,não
USA,Estados Unidos,GGXWDG_NGDP,2025,123.900,não
USA,Estados Unidos,GGXWDG_NGDP,2026,125.800,sim
USA,Estados Unidos,GGXWDG_NGDP,2027,128.600,sim
USA,Estados Unidos,GGXWDG_NGDP,2028,132.100,sim
USA,Estados Unidos,GGXWDG_NGDP,2029,135.500,sim
USA,Estados Unidos,GGXWDG_NGDP,2030,138.900,sim
USA,Estados Unidos,GGXWDG_NGDP,2031,142.100,sim
CHN,China,GGXWDG_NGDP,1995,21.400,não
CHN,China,GGXWDG_NGDP,1996,21.200,não
CHN,China,GGXWDG_NGDP,1997,20.400,não
CHN,China,GGXWDG_NGDP,1998,20.400,não
CHN,China,GGXWDG_NGDP,1999,21.600,não
CHN,China,GGXWDG_NGDP,2000,22.700,não
CHN,China,GGXWDG_NGDP,2001,24.300,não
CHN,China,GGXWDG_NGDP,2002,25.600,não
CHN,China,GGXWDG_NGDP,2003,26.400,não
CHN,China,GGXWDG_NGDP,2004,26.000,não
CHN,China,GGXWDG_NGDP,2005,25.900,não
CHN,China,GGXWDG_NGDP,2006,25.200,não
CHN,China,GGXWDG_NGDP,2007,28.700,não
CHN,China,GGXWDG_NGDP,2008,26.700,não
CHN,China,GGXWDG_NGDP,2009,34.000,não
CHN,China,GGXWDG_NGDP,2010,33.300,não
CHN,China,GGXWDG_NGDP,2011,33.200,não
CHN,China,GGXWDG_NGDP,2012,33.800,não
CHN,China,GGXWDG_NGDP,2013,36.400,não
CHN,China,GGXWDG_NGDP,2014,39.300,não
CHN,China,GGXWDG_NGDP,2015,40.800,não
CHN,China,GGXWDG_NGDP,2016,50.000,não
CHN,China,GGXWDG_NGDP,2017,53.900,não
CHN,China,GGXWDG_NGDP,2018,55.900,não
CHN,China,GGXWDG_NGDP,2019,59.800,não
CHN,China,GGXWDG_NGDP,2020,70.100,não
CHN,China,GGXWDG_NGDP,2021,72.100,não
CHN,China,GGXWDG_NGDP,2022,77.300,não
CHN,China,GGXWDG_NGDP,2023,84.100,não
CHN,China,GGXWDG_NGDP,2024,90.400,não
CHN,China,GGXWDG_NGDP,2025,99.200,não
CHN,China,GGXWDG_NGDP,2026,106.900,sim
CHN,China,GGXWDG_NGDP,2027,112.500,sim
CHN,China,GGXWDG_NGDP,2028,116.700,sim
CHN,China,GGXWDG_NGDP,2029,120.300,sim
CHN,China,GGXWDG_NGDP,2030,123.800,sim
CHN,China,GGXWDG_NGDP,2031,126.800,sim
IND,Índia,GGXWDG_NGDP,1991,76.700,não
IND,Índia,GGXWDG_NGDP,1992,78.800,não
IND,Índia,GGXWDG_NGDP,1993,78.300,não
IND,Índia,GGXWDG_NGDP,1994,74.800,não
IND,Índia,GGXWDG_NGDP,1995,70.900,não
IND,Índia,GGXWDG_NGDP,1996,67.100,não
IND,Índia,GGXWDG_NGDP,1997,69.000,não
IND,Índia,GGXWDG_NGDP,1998,69.300,não
IND,Índia,GGXWDG_NGDP,1999,71.300,não
IND,Índia,GGXWDG_NGDP,2000,74.900,não
IND,Índia,GGXWDG_NGDP,2001,80.100,não
IND,Índia,GGXWDG_NGDP,2002,84.300,não
IND,Índia,GGXWDG_NGDP,2003,85.900,não
IND,Índia,GGXWDG_NGDP,2004,84.900,não
IND,Índia,GGXWDG_NGDP,2005,82.400,não
IND,Índia,GGXWDG_NGDP,2006,77.900,não
IND,Índia,GGXWDG_NGDP,2007,75.400,não
IND,Índia,GGXWDG_NGDP,2008,74.300,não
IND,Índia,GGXWDG_NGDP,2009,72.700,não
IND,Índia,GGXWDG_NGDP,2010,67.700,não
IND,Índia,GGXWDG_NGDP,2011,68.700,não
IND,Índia,GGXWDG_NGDP,2012,68.100,não
IND,Índia,GGXWDG_NGDP,2013,68.000,não
IND,Índia,GGXWDG_NGDP,2014,67.600,não
IND,Índia,GGXWDG_NGDP,2015,69.800,não
IND,Índia,GGXWDG_NGDP,2016,69.800,não
IND,Índia,GGXWDG_NGDP,2017,70.800,não
IND,Índia,GGXWDG_NGDP,2018,71.700,não
IND,Índia,GGXWDG_NGDP,2019,76.700,não
IND,Índia,GGXWDG_NGDP,2020,90.600,não
IND,Índia,GGXWDG_NGDP,2021,85.700,não
IND,Índia,GGXWDG_NGDP,2022,84.600,não
IND,Índia,GGXWDG_NGDP,2023,85.000,não
IND,Índia,GGXWDG_NGDP,2024,84.800,não
IND,Índia,GGXWDG_NGDP,2025,84.100,não
IND,Índia,GGXWDG_NGDP,2026,83.400,sim
IND,Índia,GGXWDG_NGDP,2027,82.500,sim
IND,Índia,GGXWDG_NGDP,2028,81.700,sim
IND,Índia,GGXWDG_NGDP,2029,80.600,sim
IND,Índia,GGXWDG_NGDP,2030,79.500,sim
IND,Índia,GGXWDG_NGDP,2031,77.700,sim
KOR,Coreia do Sul,GGXWDG_NGDP,1990,12.800,não
KOR,Coreia do Sul,GGXWDG_NGDP,1991,11.900,não
KOR,Coreia do Sul,GGXWDG_NGDP,1992,11.600,não
KOR,Coreia do Sul,GGXWDG_NGDP,1993,10.900,não
KOR,Coreia do Sul,GGXWDG_NGDP,1994,9.600,não
KOR,Coreia do Sul,GGXWDG_NGDP,1995,8.500,não
KOR,Coreia do Sul,GGXWDG_NGDP,1996,7.800,não
KOR,Coreia do Sul,GGXWDG_NGDP,1997,9.700,não
KOR,Coreia do Sul,GGXWDG_NGDP,1998,13.800,não
KOR,Coreia do Sul,GGXWDG_NGDP,1999,15.800,não
KOR,Coreia do Sul,GGXWDG_NGDP,2000,16.100,não
KOR,Coreia do Sul,GGXWDG_NGDP,2001,16.600,não
KOR,Coreia do Sul,GGXWDG_NGDP,2002,16.400,não
KOR,Coreia do Sul,GGXWDG_NGDP,2003,19.100,não
KOR,Coreia do Sul,GGXWDG_NGDP,2004,21.600,não
KOR,Coreia do Sul,GGXWDG_NGDP,2005,24.900,não
KOR,Coreia do Sul,GGXWDG_NGDP,2006,27.000,não
KOR,Coreia do Sul,GGXWDG_NGDP,2007,26.300,não
KOR,Coreia do Sul,GGXWDG_NGDP,2008,25.900,não
KOR,Coreia do Sul,GGXWDG_NGDP,2009,28.800,não
KOR,Coreia do Sul,GGXWDG_NGDP,2010,28.300,não
KOR,Coreia do Sul,GGXWDG_NGDP,2011,31.700,não
KOR,Coreia do Sul,GGXWDG_NGDP,2012,33.500,não
KOR,Coreia do Sul,GGXWDG_NGDP,2013,36.000,não
KOR,Coreia do Sul,GGXWDG_NGDP,2014,37.900,não
KOR,Coreia do Sul,GGXWDG_NGDP,2015,38.800,não
KOR,Coreia do Sul,GGXWDG_NGDP,2016,39.100,não
KOR,Coreia do Sul,GGXWDG_NGDP,2017,38.000,não
KOR,Coreia do Sul,GGXWDG_NGDP,2018,37.900,não
KOR,Coreia do Sul,GGXWDG_NGDP,2019,39.700,não
KOR,Coreia do Sul,GGXWDG_NGDP,2020,45.900,não
KOR,Coreia do Sul,GGXWDG_NGDP,2021,48.000,não
KOR,Coreia do Sul,GGXWDG_NGDP,2022,49.800,não
KOR,Coreia do Sul,GGXWDG_NGDP,2023,50.500,não
KOR,Coreia do Sul,GGXWDG_NGDP,2024,49.700,não
KOR,Coreia do Sul,GGXWDG_NGDP,2025,52.300,não
KOR,Coreia do Sul,GGXWDG_NGDP,2026,54.400,sim
KOR,Coreia do Sul,GGXWDG_NGDP,2027,56.600,sim
KOR,Coreia do Sul,GGXWDG_NGDP,2028,58.500,sim
KOR,Coreia do Sul,GGXWDG_NGDP,2029,60.100,sim
KOR,Coreia do Sul,GGXWDG_NGDP,2030,61.700,sim
KOR,Coreia do Sul,GGXWDG_NGDP,2031,63.100,sim
ZAF,África do Sul,GGXWDG_NGDP,2000,37.900,não
ZAF,África do Sul,GGXWDG_NGDP,2001,38.000,não
ZAF,África do Sul,GGXWDG_NGDP,2002,31.800,não
ZAF,África do Sul,GGXWDG_NGDP,2003,31.500,não
ZAF,África do Sul,GGXWDG_NGDP,2004,30.700,não
ZAF,África do Sul,GGXWDG_NGDP,2005,29.600,não
ZAF,África do Sul,GGXWDG_NGDP,2006,28.000,não
ZAF,África do Sul,GGXWDG_NGDP,2007,24.300,não
ZAF,África do Sul,GGXWDG_NGDP,2008,24.000,não
ZAF,África do Sul,GGXWDG_NGDP,2009,27.000,não
ZAF,África do Sul,GGXWDG_NGDP,2010,31.200,não
ZAF,África do Sul,GGXWDG_NGDP,2011,34.700,não
ZAF,África do Sul,GGXWDG_NGDP,2012,37.400,não
ZAF,África do Sul,GGXWDG_NGDP,2013,40.400,não
ZAF,África do Sul,GGXWDG_NGDP,2014,43.300,não
ZAF,África do Sul,GGXWDG_NGDP,2015,45.200,não
ZAF,África do Sul,GGXWDG_NGDP,2016,47.100,não
ZAF,África do Sul,GGXWDG_NGDP,2017,48.600,não
ZAF,África do Sul,GGXWDG_NGDP,2018,51.500,não
ZAF,África do Sul,GGXWDG_NGDP,2019,56.100,não
ZAF,África do Sul,GGXWDG_NGDP,2020,68.900,não
ZAF,África do Sul,GGXWDG_NGDP,2021,68.800,não
ZAF,África do Sul,GGXWDG_NGDP,2022,70.700,não
ZAF,África do Sul,GGXWDG_NGDP,2023,73.200,não
ZAF,África do Sul,GGXWDG_NGDP,2024,76.000,não
ZAF,África do Sul,GGXWDG_NGDP,2025,78.600,não
ZAF,África do Sul,GGXWDG_NGDP,2026,78.900,sim
ZAF,África do Sul,GGXWDG_NGDP,2027,79.700,sim
ZAF,África do Sul,GGXWDG_NGDP,2028,80.900,sim
ZAF,África do Sul,GGXWDG_NGDP,2029,81.700,sim
ZAF,África do Sul,GGXWDG_NGDP,2030,82.200,sim
ZAF,África do Sul,GGXWDG_NGDP,2031,82.600,sim
RUS,Rússia,GGXWDG_NGDP,1997,51.500,não
RUS,Rússia,GGXWDG_NGDP,1998,135.200,não
RUS,Rússia,GGXWDG_NGDP,1999,92.400,não
RUS,Rússia,GGXWDG_NGDP,2000,55.900,não
RUS,Rússia,GGXWDG_NGDP,2001,44.400,não
RUS,Rússia,GGXWDG_NGDP,2002,37.600,não
RUS,Rússia,GGXWDG_NGDP,2003,28.300,não
RUS,Rússia,GGXWDG_NGDP,2004,20.800,não
RUS,Rússia,GGXWDG_NGDP,2005,14.900,não
RUS,Rússia,GGXWDG_NGDP,2006,9.800,não
RUS,Rússia,GGXWDG_NGDP,2007,8.000,não
RUS,Rússia,GGXWDG_NGDP,2008,7.400,não
RUS,Rússia,GGXWDG_NGDP,2009,9.900,não
RUS,Rússia,GGXWDG_NGDP,2010,10.100,não
RUS,Rússia,GGXWDG_NGDP,2011,10.300,não
RUS,Rússia,GGXWDG_NGDP,2012,11.200,não
RUS,Rússia,GGXWDG_NGDP,2013,12.300,não
RUS,Rússia,GGXWDG_NGDP,2014,15.100,não
RUS,Rússia,GGXWDG_NGDP,2015,15.300,não
RUS,Rússia,GGXWDG_NGDP,2016,14.800,não
RUS,Rússia,GGXWDG_NGDP,2017,14.300,não
RUS,Rússia,GGXWDG_NGDP,2018,13.600,não
RUS,Rússia,GGXWDG_NGDP,2019,13.700,não
RUS,Rússia,GGXWDG_NGDP,2020,19.200,não
RUS,Rússia,GGXWDG_NGDP,2021,16.500,não
RUS,Rússia,GGXWDG_NGDP,2022,15.100,não
RUS,Rússia,GGXWDG_NGDP,2023,15.200,não
RUS,Rússia,GGXWDG_NGDP,2024,14.800,não
RUS,Rússia,GGXWDG_NGDP,2025,17.200,não
RUS,Rússia,GGXWDG_NGDP,2026,19.100,sim
RUS,Rússia,GGXWDG_NGDP,2027,21.200,sim
RUS,Rússia,GGXWDG_NGDP,2028,23.600,sim
RUS,Rússia,GGXWDG_NGDP,2029,25.400,sim
RUS,Rússia,GGXWDG_NGDP,2030,27.200,sim
RUS,Rússia,GGXWDG_NGDP,2031,29.100,sim
TUR,Turquia,GGXWDG_NGDP,2000,51.200,não
TUR,Turquia,GGXWDG_NGDP,2001,75.600,não
TUR,Turquia,GGXWDG_NGDP,2002,71.200,não
TUR,Turquia,GGXWDG_NGDP,2003,63.600,não
TUR,Turquia,GGXWDG_NGDP,2004,57.000,não
TUR,Turquia,GGXWDG_NGDP,2005,50.200,não
TUR,Turquia,GGXWDG_NGDP,2006,44.200,não
TUR,Turquia,GGXWDG_NGDP,2007,37.100,não
TUR,Turquia,GGXWDG_NGDP,2008,37.000,não
TUR,Turquia,GGXWDG_NGDP,2009,42.400,não
TUR,Turquia,GGXWDG_NGDP,2010,38.600,não
TUR,Turquia,GGXWDG_NGDP,2011,34.800,não
TUR,Turquia,GGXWDG_NGDP,2012,30.800,não
TUR,Turquia,GGXWDG_NGDP,2013,29.500,não
TUR,Turquia,GGXWDG_NGDP,2014,27.400,não
TUR,Turquia,GGXWDG_NGDP,2015,26.500,não
TUR,Turquia,GGXWDG_NGDP,2016,27.000,não
TUR,Turquia,GGXWDG_NGDP,2017,26.900,não
TUR,Turquia,GGXWDG_NGDP,2018,28.800,não
TUR,Turquia,GGXWDG_NGDP,2019,31.200,não
TUR,Turquia,GGXWDG_NGDP,2020,38.300,não
TUR,Turquia,GGXWDG_NGDP,2021,38.900,não
TUR,Turquia,GGXWDG_NGDP,2022,29.400,não
TUR,Turquia,GGXWDG_NGDP,2023,28.200,não
TUR,Turquia,GGXWDG_NGDP,2024,23.600,não
TUR,Turquia,GGXWDG_NGDP,2025,23.500,não
TUR,Turquia,GGXWDG_NGDP,2026,25.500,sim
TUR,Turquia,GGXWDG_NGDP,2027,26.900,sim
TUR,Turquia,GGXWDG_NGDP,2028,27.300,sim
TUR,Turquia,GGXWDG_NGDP,2029,27.400,sim
TUR,Turquia,GGXWDG_NGDP,2030,28.000,sim
TUR,Turquia,GGXWDG_NGDP,2031,27.500,sim
IDN,Indonésia,GGXWDG_NGDP,2000,87.400,não
IDN,Indonésia,GGXWDG_NGDP,2001,73.700,não
IDN,Indonésia,GGXWDG_NGDP,2002,62.300,não
IDN,Indonésia,GGXWDG_NGDP,2003,55.600,não
IDN,Indonésia,GGXWDG_NGDP,2004,51.300,não
IDN,Indonésia,GGXWDG_NGDP,2005,42.600,não
IDN,Indonésia,GGXWDG_NGDP,2006,35.800,não
IDN,Indonésia,GGXWDG_NGDP,2007,38.100,não
IDN,Indonésia,GGXWDG_NGDP,2008,30.300,não
IDN,Indonésia,GGXWDG_NGDP,2009,26.500,não
IDN,Indonésia,GGXWDG_NGDP,2010,26.400,não
IDN,Indonésia,GGXWDG_NGDP,2011,23.100,não
IDN,Indonésia,GGXWDG_NGDP,2012,23.000,não
IDN,Indonésia,GGXWDG_NGDP,2013,24.900,não
IDN,Indonésia,GGXWDG_NGDP,2014,24.600,não
IDN,Indonésia,GGXWDG_NGDP,2015,27.000,não
IDN,Indonésia,GGXWDG_NGDP,2016,28.000,não
IDN,Indonésia,GGXWDG_NGDP,2017,29.400,não
IDN,Indonésia,GGXWDG_NGDP,2018,30.400,não
IDN,Indonésia,GGXWDG_NGDP,2019,30.600,não
IDN,Indonésia,GGXWDG_NGDP,2020,39.700,não
IDN,Indonésia,GGXWDG_NGDP,2021,41.100,não
IDN,Indonésia,GGXWDG_NGDP,2022,40.100,não
IDN,Indonésia,GGXWDG_NGDP,2023,39.600,não
IDN,Indonésia,GGXWDG_NGDP,2024,40.200,não
IDN,Indonésia,GGXWDG_NGDP,2025,41.000,não
IDN,Indonésia,GGXWDG_NGDP,2026,41.500,sim
IDN,Indonésia,GGXWDG_NGDP,2027,41.800,sim
IDN,Indonésia,GGXWDG_NGDP,2028,42.000,sim
IDN,Indonésia,GGXWDG_NGDP,2029,42.100,sim
IDN,Indonésia,GGXWDG_NGDP,2030,42.200,sim
IDN,Indonésia,GGXWDG_NGDP,2031,42.200,sim
WEOWORLD,Mundo,GGXWDG_NGDP,2001,63.100,não
WEOWORLD,Mundo,GGXWDG_NGDP,2002,64.800,não
WEOWORLD,Mundo,GGXWDG_NGDP,2003,66.100,não
WEOWORLD,Mundo,GGXWDG_NGDP,2004,67.800,não
WEOWORLD,Mundo,GGXWDG_NGDP,2005,65.700,não
WEOWORLD,Mundo,GGXWDG_NGDP,2006,61.900,não
WEOWORLD,Mundo,GGXWDG_NGDP,2007,59.100,não
WEOWORLD,Mundo,GGXWDG_NGDP,2008,61.700,não
WEOWORLD,Mundo,GGXWDG_NGDP,2009,72.100,não
WEOWORLD,Mundo,GGXWDG_NGDP,2010,74.100,não
WEOWORLD,Mundo,GGXWDG_NGDP,2011,74.900,não
WEOWORLD,Mundo,GGXWDG_NGDP,2012,76.700,não
WEOWORLD,Mundo,GGXWDG_NGDP,2013,75.900,não
WEOWORLD,Mundo,GGXWDG_NGDP,2014,76.300,não
WEOWORLD,Mundo,GGXWDG_NGDP,2015,77.800,não
WEOWORLD,Mundo,GGXWDG_NGDP,2016,81.500,não
WEOWORLD,Mundo,GGXWDG_NGDP,2017,80.500,não
WEOWORLD,Mundo,GGXWDG_NGDP,2018,80.700,não
WEOWORLD,Mundo,GGXWDG_NGDP,2019,82.100,não
WEOWORLD,Mundo,GGXWDG_NGDP,2020,97.400,não
WEOWORLD,Mundo,GGXWDG_NGDP,2021,92.800,não
WEOWORLD,Mundo,GGXWDG_NGDP,2022,89.200,não
WEOWORLD,Mundo,GGXWDG_NGDP,2023,90.800,não
WEOWORLD,Mundo,GGXWDG_NGDP,2024,92.000,não
WEOWORLD,Mundo,GGXWDG_NGDP,2025,93.900,não
WEOWORLD,Mundo,GGXWDG_NGDP,2026,95.300,sim
WEOWORLD,Mundo,GGXWDG_NGDP,2027,97.200,sim
WEOWORLD,Mundo,GGXWDG_NGDP,2028,98.800,sim
WEOWORLD,Mundo,GGXWDG_NGDP,2029,100.000,sim
WEOWORLD,Mundo,GGXWDG_NGDP,2030,101.200,sim
WEOWORLD,Mundo,GGXWDG_NGDP,2031,102.300,sim
WE,América Latina e Caribe,GGXWDG_NGDP,2000,44.600,não
WE,América Latina e Caribe,GGXWDG_NGDP,2001,46.500,não
WE,América Latina e Caribe,GGXWDG_NGDP,2002,56.800,não
WE,América Latina e Caribe,GGXWDG_NGDP,2003,57.400,não
WE,América Latina e Caribe,GGXWDG_NGDP,2004,53.500,não
WE,América Latina e Caribe,GGXWDG_NGDP,2005,49.400,não
WE,América Latina e Caribe,GGXWDG_NGDP,2006,46.700,não
WE,América Latina e Caribe,GGXWDG_NGDP,2007,45.400,não
WE,América Latina e Caribe,GGXWDG_NGDP,2008,45.400,não
WE,América Latina e Caribe,GGXWDG_NGDP,2009,48.400,não
WE,América Latina e Caribe,GGXWDG_NGDP,2010,47.400,não
WE,América Latina e Caribe,GGXWDG_NGDP,2011,47.500,não
WE,América Latina e Caribe,GGXWDG_NGDP,2012,47.600,não
WE,América Latina e Caribe,GGXWDG_NGDP,2013,48.800,não
WE,América Latina e Caribe,GGXWDG_NGDP,2014,50.800,não
WE,América Latina e Caribe,GGXWDG_NGDP,2015,56.600,não
WE,América Latina e Caribe,GGXWDG_NGDP,2016,60.200,não
WE,América Latina e Caribe,GGXWDG_NGDP,2017,62.500,não
WE,América Latina e Caribe,GGXWDG_NGDP,2018,66.200,não
WE,América Latina e Caribe,GGXWDG_NGDP,2019,67.100,não
WE,América Latina e Caribe,GGXWDG_NGDP,2020,76.100,não
WE,América Latina e Caribe,GGXWDG_NGDP,2021,70.400,não
WE,América Latina e Caribe,GGXWDG_NGDP,2022,67.900,não
WE,América Latina e Caribe,GGXWDG_NGDP,2023,73.500,não
WE,América Latina e Caribe,GGXWDG_NGDP,2024,70.000,não
WE,América Latina e Caribe,GGXWDG_NGDP,2025,73.600,não
WE,América Latina e Caribe,GGXWDG_NGDP,2026,72.600,sim
WE,América Latina e Caribe,GGXWDG_NGDP,2027,73.500,sim
WE,América Latina e Caribe,GGXWDG_NGDP,2028,73.500,sim
WE,América Latina e Caribe,GGXWDG_NGDP,2029,73.800,sim
WE,América Latina e Caribe,GGXWDG_NGDP,2030,73.800,sim
WE,América Latina e Caribe,GGXWDG_NGDP,2031,73.800,sim
ADVEC,Economias avançadas,GGXWDG_NGDP,2001,67.400,não
ADVEC,Economias avançadas,GGXWDG_NGDP,2002,68.500,não
ADVEC,Economias avançadas,GGXWDG_NGDP,2003,70.600,não
ADVEC,Economias avançadas,GGXWDG_NGDP,2004,73.900,não
ADVEC,Economias avançadas,GGXWDG_NGDP,2005,73.500,não
ADVEC,Economias avançadas,GGXWDG_NGDP,2006,70.900,não
ADVEC,Economias avançadas,GGXWDG_NGDP,2007,68.800,não
ADVEC,Economias avançadas,GGXWDG_NGDP,2008,74.800,não
ADVEC,Economias avançadas,GGXWDG_NGDP,2009,87.800,não
ADVEC,Economias avançadas,GGXWDG_NGDP,2010,93.800,não
ADVEC,Economias avançadas,GGXWDG_NGDP,2011,97.600,não
ADVEC,Economias avançadas,GGXWDG_NGDP,2012,101.800,não
ADVEC,Economias avançadas,GGXWDG_NGDP,2013,101.000,não
ADVEC,Economias avançadas,GGXWDG_NGDP,2014,100.700,não
ADVEC,Economias avançadas,GGXWDG_NGDP,2015,100.600,não
ADVEC,Economias avançadas,GGXWDG_NGDP,2016,102.500,não
ADVEC,Economias avançadas,GGXWDG_NGDP,2017,100.400,não
ADVEC,Economias avançadas,GGXWDG_NGDP,2018,100.000,não
ADVEC,Economias avançadas,GGXWDG_NGDP,2019,100.900,não
ADVEC,Economias avançadas,GGXWDG_NGDP,2020,119.300,não
ADVEC,Economias avançadas,GGXWDG_NGDP,2021,112.900,não
ADVEC,Economias avançadas,GGXWDG_NGDP,2022,107.900,não
ADVEC,Economias avançadas,GGXWDG_NGDP,2023,107.000,não
ADVEC,Economias avançadas,GGXWDG_NGDP,2024,107.600,não
ADVEC,Economias avançadas,GGXWDG_NGDP,2025,108.000,não
ADVEC,Economias avançadas,GGXWDG_NGDP,2026,108.200,sim
ADVEC,Economias avançadas,GGXWDG_NGDP,2027,109.400,sim
ADVEC,Economias avançadas,GGXWDG_NGDP,2028,110.900,sim
ADVEC,Economias avançadas,GGXWDG_NGDP,2029,112.200,sim
ADVEC,Economias avançadas,GGXWDG_NGDP,2030,113.500,sim
ADVEC,Economias avançadas,GGXWDG_NGDP,2031,114.800,sim
OEMDC,Economias emergentes e em desenvolvimento,GGXWDG_NGDP,2000,46.000,não
OEMDC,Economias emergentes e em desenvolvimento,GGXWDG_NGDP,2001,47.100,não
OEMDC,Economias emergentes e em desenvolvimento,GGXWDG_NGDP,2002,50.400,não
OEMDC,Economias emergentes e em desenvolvimento,GGXWDG_NGDP,2003,48.500,não
OEMDC,Economias emergentes e em desenvolvimento,GGXWDG_NGDP,2004,45.800,não
OEMDC,Economias emergentes e em desenvolvimento,GGXWDG_NGDP,2005,40.900,não
OEMDC,Economias emergentes e em desenvolvimento,GGXWDG_NGDP,2006,36.500,não
OEMDC,Economias emergentes e em desenvolvimento,GGXWDG_NGDP,2007,35.100,não
OEMDC,Economias emergentes e em desenvolvimento,GGXWDG_NGDP,2008,33.000,não
OEMDC,Economias emergentes e em desenvolvimento,GGXWDG_NGDP,2009,37.900,não
OEMDC,Economias emergentes e em desenvolvimento,GGXWDG_NGDP,2010,36.800,não
OEMDC,Economias emergentes e em desenvolvimento,GGXWDG_NGDP,2011,36.100,não
OEMDC,Economias emergentes e em desenvolvimento,GGXWDG_NGDP,2012,36.100,não
OEMDC,Economias emergentes e em desenvolvimento,GGXWDG_NGDP,2013,37.300,não
OEMDC,Economias emergentes e em desenvolvimento,GGXWDG_NGDP,2014,39.200,não
OEMDC,Economias emergentes e em desenvolvimento,GGXWDG_NGDP,2015,42.900,não
OEMDC,Economias emergentes e em desenvolvimento,GGXWDG_NGDP,2016,48.400,não
OEMDC,Economias emergentes e em desenvolvimento,GGXWDG_NGDP,2017,50.500,não
OEMDC,Economias emergentes e em desenvolvimento,GGXWDG_NGDP,2018,51.900,não
OEMDC,Economias emergentes e em desenvolvimento,GGXWDG_NGDP,2019,54.400,não
OEMDC,Economias emergentes e em desenvolvimento,GGXWDG_NGDP,2020,64.200,não
OEMDC,Economias emergentes e em desenvolvimento,GGXWDG_NGDP,2021,63.800,não
OEMDC,Economias emergentes e em desenvolvimento,GGXWDG_NGDP,2022,63.700,não
OEMDC,Economias emergentes e em desenvolvimento,GGXWDG_NGDP,2023,67.900,não
OEMDC,Economias emergentes e em desenvolvimento,GGXWDG_NGDP,2024,69.900,não
OEMDC,Economias emergentes e em desenvolvimento,GGXWDG_NGDP,2025,73.900,não
OEMDC,Economias emergentes e em desenvolvimento,GGXWDG_NGDP,2026,77.200,sim
OEMDC,Economias emergentes e em desenvolvimento,GGXWDG_NGDP,2027,80.200,sim
OEMDC,Economias emergentes e em desenvolvimento,GGXWDG_NGDP,2028,82.200,sim
OEMDC,Economias emergentes e em desenvolvimento,GGXWDG_NGDP,2029,83.700,sim
OEMDC,Economias emergentes e em desenvolvimento,GGXWDG_NGDP,2030,85.100,sim
OEMDC,Economias emergentes e em desenvolvimento,GGXWDG_NGDP,2031,86.200,sim
BRA,Brasil,GGXCNL_NGDP,2001,-3.500,não
BRA,Brasil,GGXCNL_NGDP,2002,-4.100,não
BRA,Brasil,GGXCNL_NGDP,2003,-5.400,não
BRA,Brasil,GGXCNL_NGDP,2004,-3.000,não
BRA,Brasil,GGXCNL_NGDP,2005,-3.400,não
BRA,Brasil,GGXCNL_NGDP,2006,-4.900,não
BRA,Brasil,GGXCNL_NGDP,2007,-2.700,não
BRA,Brasil,GGXCNL_NGDP,2008,-2.400,não
BRA,Brasil,GGXCNL_NGDP,2009,-4.200,não
BRA,Brasil,GGXCNL_NGDP,2010,-3.600,não
BRA,Brasil,GGXCNL_NGDP,2011,-2.700,não
BRA,Brasil,GGXCNL_NGDP,2012,-2.400,não
BRA,Brasil,GGXCNL_NGDP,2013,-3.400,não
BRA,Brasil,GGXCNL_NGDP,2014,-6.300,não
BRA,Brasil,GGXCNL_NGDP,2015,-9.300,não
BRA,Brasil,GGXCNL_NGDP,2016,-8.000,não
BRA,Brasil,GGXCNL_NGDP,2017,-8.000,não
BRA,Brasil,GGXCNL_NGDP,2018,-7.000,não
BRA,Brasil,GGXCNL_NGDP,2019,-4.900,não
BRA,Brasil,GGXCNL_NGDP,2020,-11.600,não
BRA,Brasil,GGXCNL_NGDP,2021,-2.600,não
BRA,Brasil,GGXCNL_NGDP,2022,-4.000,não
BRA,Brasil,GGXCNL_NGDP,2023,-7.700,não
BRA,Brasil,GGXCNL_NGDP,2024,-6.200,não
BRA,Brasil,GGXCNL_NGDP,2025,-8.100,não
BRA,Brasil,GGXCNL_NGDP,2026,-7.700,sim
BRA,Brasil,GGXCNL_NGDP,2027,-6.900,sim
BRA,Brasil,GGXCNL_NGDP,2028,-6.200,sim
BRA,Brasil,GGXCNL_NGDP,2029,-6.000,sim
BRA,Brasil,GGXCNL_NGDP,2030,-6.100,sim
BRA,Brasil,GGXCNL_NGDP,2031,-6.100,sim
ARG,Argentina,GGXCNL_NGDP,1993,0.000,não
ARG,Argentina,GGXCNL_NGDP,1994,-1.200,não
ARG,Argentina,GGXCNL_NGDP,1995,-2.100,não
ARG,Argentina,GGXCNL_NGDP,1996,-2.800,não
ARG,Argentina,GGXCNL_NGDP,1997,-1.800,não
ARG,Argentina,GGXCNL_NGDP,1998,-1.800,não
ARG,Argentina,GGXCNL_NGDP,1999,-3.700,não
ARG,Argentina,GGXCNL_NGDP,2000,-3.400,não
ARG,Argentina,GGXCNL_NGDP,2001,-5.400,não
ARG,Argentina,GGXCNL_NGDP,2002,-1.900,não
ARG,Argentina,GGXCNL_NGDP,2003,1.500,não
ARG,Argentina,GGXCNL_NGDP,2004,4.000,não
ARG,Argentina,GGXCNL_NGDP,2005,3.300,não
ARG,Argentina,GGXCNL_NGDP,2006,1.700,não
ARG,Argentina,GGXCNL_NGDP,2007,0.800,não
ARG,Argentina,GGXCNL_NGDP,2008,0.400,não
ARG,Argentina,GGXCNL_NGDP,2009,-1.800,não
ARG,Argentina,GGXCNL_NGDP,2010,-1.400,não
ARG,Argentina,GGXCNL_NGDP,2011,-2.700,não
ARG,Argentina,GGXCNL_NGDP,2012,-3.000,não
ARG,Argentina,GGXCNL_NGDP,2013,-3.300,não
ARG,Argentina,GGXCNL_NGDP,2014,-4.300,não
ARG,Argentina,GGXCNL_NGDP,2015,-6.000,não
ARG,Argentina,GGXCNL_NGDP,2016,-6.700,não
ARG,Argentina,GGXCNL_NGDP,2017,-6.700,não
ARG,Argentina,GGXCNL_NGDP,2018,-5.400,não
ARG,Argentina,GGXCNL_NGDP,2019,-4.400,não
ARG,Argentina,GGXCNL_NGDP,2020,-8.700,não
ARG,Argentina,GGXCNL_NGDP,2021,-4.300,não
ARG,Argentina,GGXCNL_NGDP,2022,-3.800,não
ARG,Argentina,GGXCNL_NGDP,2023,-5.300,não
ARG,Argentina,GGXCNL_NGDP,2024,0.500,não
ARG,Argentina,GGXCNL_NGDP,2025,-0.400,não
ARG,Argentina,GGXCNL_NGDP,2026,0.500,sim
ARG,Argentina,GGXCNL_NGDP,2027,0.400,sim
ARG,Argentina,GGXCNL_NGDP,2028,0.300,sim
ARG,Argentina,GGXCNL_NGDP,2029,0.800,sim
ARG,Argentina,GGXCNL_NGDP,2030,1.100,sim
ARG,Argentina,GGXCNL_NGDP,2031,1.300,sim
CHL,Chile,GGXCNL_NGDP,1990,2.300,não
CHL,Chile,GGXCNL_NGDP,1991,1.500,não
CHL,Chile,GGXCNL_NGDP,1992,2.100,não
CHL,Chile,GGXCNL_NGDP,1993,1.400,não
CHL,Chile,GGXCNL_NGDP,1994,1.400,não
CHL,Chile,GGXCNL_NGDP,1995,3.100,não
CHL,Chile,GGXCNL_NGDP,1996,2.100,não
CHL,Chile,GGXCNL_NGDP,1997,2.000,não
CHL,Chile,GGXCNL_NGDP,1998,0.400,não
CHL,Chile,GGXCNL_NGDP,1999,-2.000,não
CHL,Chile,GGXCNL_NGDP,2000,-0.700,não
CHL,Chile,GGXCNL_NGDP,2001,-0.500,não
CHL,Chile,GGXCNL_NGDP,2002,-1.200,não
CHL,Chile,GGXCNL_NGDP,2003,-0.400,não
CHL,Chile,GGXCNL_NGDP,2004,2.100,não
CHL,Chile,GGXCNL_NGDP,2005,4.600,não
CHL,Chile,GGXCNL_NGDP,2006,7.500,não
CHL,Chile,GGXCNL_NGDP,2007,8.000,não
CHL,Chile,GGXCNL_NGDP,2008,3.900,não
CHL,Chile,GGXCNL_NGDP,2009,-4.300,não
CHL,Chile,GGXCNL_NGDP,2010,-0.400,não
CHL,Chile,GGXCNL_NGDP,2011,1.400,não
CHL,Chile,GGXCNL_NGDP,2012,0.700,não
CHL,Chile,GGXCNL_NGDP,2013,-0.500,não
CHL,Chile,GGXCNL_NGDP,2014,-1.500,não
CHL,Chile,GGXCNL_NGDP,2015,-2.100,não
CHL,Chile,GGXCNL_NGDP,2016,-2.700,não
CHL,Chile,GGXCNL_NGDP,2017,-2.600,não
CHL,Chile,GGXCNL_NGDP,2018,-1.500,não
CHL,Chile,GGXCNL_NGDP,2019,-2.700,não
CHL,Chile,GGXCNL_NGDP,2020,-7.100,não
CHL,Chile,GGXCNL_NGDP,2021,-7.500,não
CHL,Chile,GGXCNL_NGDP,2022,1.400,não
CHL,Chile,GGXCNL_NGDP,2023,-2.300,não
CHL,Chile,GGXCNL_NGDP,2024,-2.800,não
CHL,Chile,GGXCNL_NGDP,2025,-2.800,não
CHL,Chile,GGXCNL_NGDP,2026,-2.500,sim
CHL,Chile,GGXCNL_NGDP,2027,-1.900,sim
CHL,Chile,GGXCNL_NGDP,2028,-1.800,sim
CHL,Chile,GGXCNL_NGDP,2029,-2.000,sim
CHL,Chile,GGXCNL_NGDP,2030,-2.000,sim
CHL,Chile,GGXCNL_NGDP,2031,-2.000,sim
COL,Colômbia,GGXCNL_NGDP,1982,-4.300,não
COL,Colômbia,GGXCNL_NGDP,1983,-3.800,não
COL,Colômbia,GGXCNL_NGDP,1984,-3.900,não
COL,Colômbia,GGXCNL_NGDP,1985,-2.500,não
COL,Colômbia,GGXCNL_NGDP,1986,-1.900,não
COL,Colômbia,GGXCNL_NGDP,1987,-0.600,não
COL,Colômbia,GGXCNL_NGDP,1988,-0.900,não
COL,Colômbia,GGXCNL_NGDP,1989,-1.500,não
COL,Colômbia,GGXCNL_NGDP,1990,-0.400,não
COL,Colômbia,GGXCNL_NGDP,1991,0.300,não
COL,Colômbia,GGXCNL_NGDP,1992,-0.100,não
COL,Colômbia,GGXCNL_NGDP,1993,-0.200,não
COL,Colômbia,GGXCNL_NGDP,1994,-0.100,não
COL,Colômbia,GGXCNL_NGDP,1995,-1.000,não
COL,Colômbia,GGXCNL_NGDP,1996,-2.500,não
COL,Colômbia,GGXCNL_NGDP,1997,-3.200,não
COL,Colômbia,GGXCNL_NGDP,1998,-3.900,não
COL,Colômbia,GGXCNL_NGDP,1999,-5.400,não
COL,Colômbia,GGXCNL_NGDP,2000,-2.900,não
COL,Colômbia,GGXCNL_NGDP,2001,-2.700,não
COL,Colômbia,GGXCNL_NGDP,2002,-3.500,não
COL,Colômbia,GGXCNL_NGDP,2003,-2.700,não
COL,Colômbia,GGXCNL_NGDP,2004,-1.300,não
COL,Colômbia,GGXCNL_NGDP,2005,0.000,não
COL,Colômbia,GGXCNL_NGDP,2006,-1.000,não
COL,Colômbia,GGXCNL_NGDP,2007,-0.800,não
COL,Colômbia,GGXCNL_NGDP,2008,0.000,não
COL,Colômbia,GGXCNL_NGDP,2009,-2.700,não
COL,Colômbia,GGXCNL_NGDP,2010,-3.300,não
COL,Colômbia,GGXCNL_NGDP,2011,-2.000,não
COL,Colômbia,GGXCNL_NGDP,2012,0.200,não
COL,Colômbia,GGXCNL_NGDP,2013,-1.000,não
COL,Colômbia,GGXCNL_NGDP,2014,-1.700,não
COL,Colômbia,GGXCNL_NGDP,2015,-3.500,não
COL,Colômbia,GGXCNL_NGDP,2016,-2.300,não
COL,Colômbia,GGXCNL_NGDP,2017,-2.500,não
COL,Colômbia,GGXCNL_NGDP,2018,-4.700,não
COL,Colômbia,GGXCNL_NGDP,2019,-3.500,não
COL,Colômbia,GGXCNL_NGDP,2020,-7.100,não
COL,Colômbia,GGXCNL_NGDP,2021,-7.300,não
COL,Colômbia,GGXCNL_NGDP,2022,-6.400,não
COL,Colômbia,GGXCNL_NGDP,2023,-2.900,não
COL,Colômbia,GGXCNL_NGDP,2024,-6.000,não
COL,Colômbia,GGXCNL_NGDP,2025,-5.700,não
COL,Colômbia,GGXCNL_NGDP,2026,-5.200,sim
COL,Colômbia,GGXCNL_NGDP,2027,-4.300,sim
COL,Colômbia,GGXCNL_NGDP,2028,-2.700,sim
COL,Colômbia,GGXCNL_NGDP,2029,-2.500,sim
COL,Colômbia,GGXCNL_NGDP,2030,-2.400,sim
COL,Colômbia,GGXCNL_NGDP,2031,-2.400,sim
MEX,México,GGXCNL_NGDP,1990,-3.100,não
MEX,México,GGXCNL_NGDP,1991,1.500,não
MEX,México,GGXCNL_NGDP,1992,2.300,não
MEX,México,GGXCNL_NGDP,1993,-1.500,não
MEX,México,GGXCNL_NGDP,1994,-2.300,não
MEX,México,GGXCNL_NGDP,1995,-2.300,não
MEX,México,GGXCNL_NGDP,1996,-3.700,não
MEX,México,GGXCNL_NGDP,1997,-3.500,não
MEX,México,GGXCNL_NGDP,1998,-4.500,não
MEX,México,GGXCNL_NGDP,1999,-4.500,não
MEX,México,GGXCNL_NGDP,2000,-2.700,não
MEX,México,GGXCNL_NGDP,2001,-2.600,não
MEX,México,GGXCNL_NGDP,2002,-2.200,não
MEX,México,GGXCNL_NGDP,2003,-2.200,não
MEX,México,GGXCNL_NGDP,2004,-1.300,não
MEX,México,GGXCNL_NGDP,2005,-1.400,não
MEX,México,GGXCNL_NGDP,2006,-1.200,não
MEX,México,GGXCNL_NGDP,2007,-1.500,não
MEX,México,GGXCNL_NGDP,2008,-0.700,não
MEX,México,GGXCNL_NGDP,2009,-3.900,não
MEX,México,GGXCNL_NGDP,2010,-3.800,não
MEX,México,GGXCNL_NGDP,2011,-3.200,não
MEX,México,GGXCNL_NGDP,2012,-3.600,não
MEX,México,GGXCNL_NGDP,2013,-3.600,não
MEX,México,GGXCNL_NGDP,2014,-4.400,não
MEX,México,GGXCNL_NGDP,2015,-3.900,não
MEX,México,GGXCNL_NGDP,2016,-2.700,não
MEX,México,GGXCNL_NGDP,2017,-1.000,não
MEX,México,GGXCNL_NGDP,2018,-2.100,não
MEX,México,GGXCNL_NGDP,2019,-2.300,não
MEX,México,GGXCNL_NGDP,2020,-4.300,não
MEX,México,GGXCNL_NGDP,2021,-3.700,não
MEX,México,GGXCNL_NGDP,2022,-4.300,não
MEX,México,GGXCNL_NGDP,2023,-4.300,não
MEX,México,GGXCNL_NGDP,2024,-5.800,não
MEX,México,GGXCNL_NGDP,2025,-4.900,não
MEX,México,GGXCNL_NGDP,2026,-4.400,sim
MEX,México,GGXCNL_NGDP,2027,-3.500,sim
MEX,México,GGXCNL_NGDP,2028,-3.000,sim
MEX,México,GGXCNL_NGDP,2029,-3.000,sim
MEX,México,GGXCNL_NGDP,2030,-3.000,sim
MEX,México,GGXCNL_NGDP,2031,-3.000,sim
PER,Peru,GGXCNL_NGDP,2000,-2.100,não
PER,Peru,GGXCNL_NGDP,2001,-2.200,não
PER,Peru,GGXCNL_NGDP,2002,-1.400,não
PER,Peru,GGXCNL_NGDP,2003,-1.600,não
PER,Peru,GGXCNL_NGDP,2004,-1.000,não
PER,Peru,GGXCNL_NGDP,2005,-0.400,não
PER,Peru,GGXCNL_NGDP,2006,2.000,não
PER,Peru,GGXCNL_NGDP,2007,3.300,não
PER,Peru,GGXCNL_NGDP,2008,2.500,não
PER,Peru,GGXCNL_NGDP,2009,-1.500,não
PER,Peru,GGXCNL_NGDP,2010,0.000,não
PER,Peru,GGXCNL_NGDP,2011,2.100,não
PER,Peru,GGXCNL_NGDP,2012,2.100,não
PER,Peru,GGXCNL_NGDP,2013,0.800,não
PER,Peru,GGXCNL_NGDP,2014,-0.200,não
PER,Peru,GGXCNL_NGDP,2015,-2.000,não
PER,Peru,GGXCNL_NGDP,2016,-2.100,não
PER,Peru,GGXCNL_NGDP,2017,-2.800,não
PER,Peru,GGXCNL_NGDP,2018,-1.900,não
PER,Peru,GGXCNL_NGDP,2019,-1.400,não
PER,Peru,GGXCNL_NGDP,2020,-8.200,não
PER,Peru,GGXCNL_NGDP,2021,-2.500,não
PER,Peru,GGXCNL_NGDP,2022,-1.400,não
PER,Peru,GGXCNL_NGDP,2023,-2.700,não
PER,Peru,GGXCNL_NGDP,2024,-3.500,não
PER,Peru,GGXCNL_NGDP,2025,-2.400,não
PER,Peru,GGXCNL_NGDP,2026,-2.000,sim
PER,Peru,GGXCNL_NGDP,2027,-2.000,sim
PER,Peru,GGXCNL_NGDP,2028,-1.900,sim
PER,Peru,GGXCNL_NGDP,2029,-1.800,sim
PER,Peru,GGXCNL_NGDP,2030,-1.800,sim
PER,Peru,GGXCNL_NGDP,2031,-1.700,sim
USA,Estados Unidos,GGXCNL_NGDP,2001,-0.500,não
USA,Estados Unidos,GGXCNL_NGDP,2002,-3.800,não
USA,Estados Unidos,GGXCNL_NGDP,2003,-4.800,não
USA,Estados Unidos,GGXCNL_NGDP,2004,-4.200,não
USA,Estados Unidos,GGXCNL_NGDP,2005,-3.100,não
USA,Estados Unidos,GGXCNL_NGDP,2006,-2.000,não
USA,Estados Unidos,GGXCNL_NGDP,2007,-2.900,não
USA,Estados Unidos,GGXCNL_NGDP,2008,-6.600,não
USA,Estados Unidos,GGXCNL_NGDP,2009,-13.200,não
USA,Estados Unidos,GGXCNL_NGDP,2010,-11.000,não
USA,Estados Unidos,GGXCNL_NGDP,2011,-9.700,não
USA,Estados Unidos,GGXCNL_NGDP,2012,-8.100,não
USA,Estados Unidos,GGXCNL_NGDP,2013,-4.600,não
USA,Estados Unidos,GGXCNL_NGDP,2014,-4.000,não
USA,Estados Unidos,GGXCNL_NGDP,2015,-3.500,não
USA,Estados Unidos,GGXCNL_NGDP,2016,-4.400,não
USA,Estados Unidos,GGXCNL_NGDP,2017,-4.800,não
USA,Estados Unidos,GGXCNL_NGDP,2018,-5.300,não
USA,Estados Unidos,GGXCNL_NGDP,2019,-5.800,não
USA,Estados Unidos,GGXCNL_NGDP,2020,-14.100,não
USA,Estados Unidos,GGXCNL_NGDP,2021,-11.500,não
USA,Estados Unidos,GGXCNL_NGDP,2022,-3.700,não
USA,Estados Unidos,GGXCNL_NGDP,2023,-7.900,não
USA,Estados Unidos,GGXCNL_NGDP,2024,-7.900,não
USA,Estados Unidos,GGXCNL_NGDP,2025,-6.800,não
USA,Estados Unidos,GGXCNL_NGDP,2026,-7.500,sim
USA,Estados Unidos,GGXCNL_NGDP,2027,-7.400,sim
USA,Estados Unidos,GGXCNL_NGDP,2028,-7.600,sim
USA,Estados Unidos,GGXCNL_NGDP,2029,-7.500,sim
USA,Estados Unidos,GGXCNL_NGDP,2030,-7.500,sim
USA,Estados Unidos,GGXCNL_NGDP,2031,-7.400,sim
CHN,China,GGXCNL_NGDP,1982,0.200,não
CHN,China,GGXCNL_NGDP,1983,0.000,não
CHN,China,GGXCNL_NGDP,1984,0.100,não
CHN,China,GGXCNL_NGDP,1985,0.900,não
CHN,China,GGXCNL_NGDP,1986,-0.300,não
CHN,China,GGXCNL_NGDP,1987,-0.700,não
CHN,China,GGXCNL_NGDP,1988,-1.000,não
CHN,China,GGXCNL_NGDP,1989,-0.900,não
CHN,China,GGXCNL_NGDP,1990,-0.700,não
CHN,China,GGXCNL_NGDP,1991,-1.000,não
CHN,China,GGXCNL_NGDP,1992,-1.200,não
CHN,China,GGXCNL_NGDP,1993,-0.900,não
CHN,China,GGXCNL_NGDP,1994,-1.700,não
CHN,China,GGXCNL_NGDP,1995,-0.900,não
CHN,China,GGXCNL_NGDP,1996,-0.700,não
CHN,China,GGXCNL_NGDP,1997,-0.700,não
CHN,China,GGXCNL_NGDP,1998,-1.100,não
CHN,China,GGXCNL_NGDP,1999,-2.300,não
CHN,China,GGXCNL_NGDP,2000,-2.800,não
CHN,China,GGXCNL_NGDP,2001,-2.600,não
CHN,China,GGXCNL_NGDP,2002,-2.800,não
CHN,China,GGXCNL_NGDP,2003,-2.400,não
CHN,China,GGXCNL_NGDP,2004,-1.500,não
CHN,China,GGXCNL_NGDP,2005,-1.400,não
CHN,China,GGXCNL_NGDP,2006,-1.100,não
CHN,China,GGXCNL_NGDP,2007,0.100,não
CHN,China,GGXCNL_NGDP,2008,0.000,não
CHN,China,GGXCNL_NGDP,2009,-1.700,não
CHN,China,GGXCNL_NGDP,2010,-0.400,não
CHN,China,GGXCNL_NGDP,2011,-0.100,não
CHN,China,GGXCNL_NGDP,2012,-0.300,não
CHN,China,GGXCNL_NGDP,2013,-0.800,não
CHN,China,GGXCNL_NGDP,2014,-0.700,não
CHN,China,GGXCNL_NGDP,2015,-2.500,não
CHN,China,GGXCNL_NGDP,2016,-3.300,não
CHN,China,GGXCNL_NGDP,2017,-3.300,não
CHN,China,GGXCNL_NGDP,2018,-4.200,não
CHN,China,GGXCNL_NGDP,2019,-6.000,não
CHN,China,GGXCNL_NGDP,2020,-9.600,não
CHN,China,GGXCNL_NGDP,2021,-5.900,não
CHN,China,GGXCNL_NGDP,2022,-7.300,não
CHN,China,GGXCNL_NGDP,2023,-6.700,não
CHN,China,GGXCNL_NGDP,2024,-7.100,não
CHN,China,GGXCNL_NGDP,2025,-7.900,não
CHN,China,GGXCNL_NGDP,2026,-8.200,sim
CHN,China,GGXCNL_NGDP,2027,-8.400,sim
CHN,China,GGXCNL_NGDP,2028,-8.200,sim
CHN,China,GGXCNL_NGDP,2029,-8.000,sim
CHN,China,GGXCNL_NGDP,2030,-8.000,sim
CHN,China,GGXCNL_NGDP,2031,-8.000,sim
IND,Índia,GGXCNL_NGDP,1988,-6.600,não
IND,Índia,GGXCNL_NGDP,1989,-7.200,não
IND,Índia,GGXCNL_NGDP,1990,-7.600,não
IND,Índia,GGXCNL_NGDP,1991,-7.400,não
IND,Índia,GGXCNL_NGDP,1992,-7.900,não
IND,Índia,GGXCNL_NGDP,1993,-8.600,não
IND,Índia,GGXCNL_NGDP,1994,-8.000,não
IND,Índia,GGXCNL_NGDP,1995,-6.800,não
IND,Índia,GGXCNL_NGDP,1996,-6.700,não
IND,Índia,GGXCNL_NGDP,1997,-8.300,não
IND,Índia,GGXCNL_NGDP,1998,-9.700,não
IND,Índia,GGXCNL_NGDP,1999,-8.700,não
IND,Índia,GGXCNL_NGDP,2000,-8.400,não
IND,Índia,GGXCNL_NGDP,2001,-11.000,não
IND,Índia,GGXCNL_NGDP,2002,-11.100,não
IND,Índia,GGXCNL_NGDP,2003,-11.400,não
IND,Índia,GGXCNL_NGDP,2004,-9.200,não
IND,Índia,GGXCNL_NGDP,2005,-6.600,não
IND,Índia,GGXCNL_NGDP,2006,-5.100,não
IND,Índia,GGXCNL_NGDP,2007,-3.700,não
IND,Índia,GGXCNL_NGDP,2008,-8.100,não
IND,Índia,GGXCNL_NGDP,2009,-9.300,não
IND,Índia,GGXCNL_NGDP,2010,-8.500,não
IND,Índia,GGXCNL_NGDP,2011,-8.000,não
IND,Índia,GGXCNL_NGDP,2012,-7.300,não
IND,Índia,GGXCNL_NGDP,2013,-6.800,não
IND,Índia,GGXCNL_NGDP,2014,-6.900,não
IND,Índia,GGXCNL_NGDP,2015,-7.300,não
IND,Índia,GGXCNL_NGDP,2016,-7.200,não
IND,Índia,GGXCNL_NGDP,2017,-6.300,não
IND,Índia,GGXCNL_NGDP,2018,-6.500,não
IND,Índia,GGXCNL_NGDP,2019,-7.900,não
IND,Índia,GGXCNL_NGDP,2020,-13.200,não
IND,Índia,GGXCNL_NGDP,2021,-9.700,não
IND,Índia,GGXCNL_NGDP,2022,-9.200,não
IND,Índia,GGXCNL_NGDP,2023,-8.400,não
IND,Índia,GGXCNL_NGDP,2024,-7.900,não
IND,Índia,GGXCNL_NGDP,2025,-7.400,não
IND,Índia,GGXCNL_NGDP,2026,-7.400,sim
IND,Índia,GGXCNL_NGDP,2027,-7.300,sim
IND,Índia,GGXCNL_NGDP,2028,-7.100,sim
IND,Índia,GGXCNL_NGDP,2029,-6.900,sim
IND,Índia,GGXCNL_NGDP,2030,-6.700,sim
IND,Índia,GGXCNL_NGDP,2031,-6.600,sim
KOR,Coreia do Sul,GGXCNL_NGDP,1995,2.200,não
KOR,Coreia do Sul,GGXCNL_NGDP,1996,2.300,não
KOR,Coreia do Sul,GGXCNL_NGDP,1997,2.300,não
KOR,Coreia do Sul,GGXCNL_NGDP,1998,1.100,não
KOR,Coreia do Sul,GGXCNL_NGDP,1999,1.100,não
KOR,Coreia do Sul,GGXCNL_NGDP,2000,3.900,não
KOR,Coreia do Sul,GGXCNL_NGDP,2001,2.400,não
KOR,Coreia do Sul,GGXCNL_NGDP,2002,3.200,não
KOR,Coreia do Sul,GGXCNL_NGDP,2003,1.500,não
KOR,Coreia do Sul,GGXCNL_NGDP,2004,0.100,não
KOR,Coreia do Sul,GGXCNL_NGDP,2005,1.000,não
KOR,Coreia do Sul,GGXCNL_NGDP,2006,1.200,não
KOR,Coreia do Sul,GGXCNL_NGDP,2007,2.500,não
KOR,Coreia do Sul,GGXCNL_NGDP,2008,1.600,não
KOR,Coreia do Sul,GGXCNL_NGDP,2009,0.200,não
KOR,Coreia do Sul,GGXCNL_NGDP,2010,1.600,não
KOR,Coreia do Sul,GGXCNL_NGDP,2011,1.700,não
KOR,Coreia do Sul,GGXCNL_NGDP,2012,1.600,não
KOR,Coreia do Sul,GGXCNL_NGDP,2013,0.800,não
KOR,Coreia do Sul,GGXCNL_NGDP,2014,0.600,não
KOR,Coreia do Sul,GGXCNL_NGDP,2015,0.500,não
KOR,Coreia do Sul,GGXCNL_NGDP,2016,1.600,não
KOR,Coreia do Sul,GGXCNL_NGDP,2017,2.100,não
KOR,Coreia do Sul,GGXCNL_NGDP,2018,2.400,não
KOR,Coreia do Sul,GGXCNL_NGDP,2019,0.400,não
KOR,Coreia do Sul,GGXCNL_NGDP,2020,-2.100,não
KOR,Coreia do Sul,GGXCNL_NGDP,2021,0.000,não
KOR,Coreia do Sul,GGXCNL_NGDP,2022,-1.500,não
KOR,Coreia do Sul,GGXCNL_NGDP,2023,-0.700,não
KOR,Coreia do Sul,GGXCNL_NGDP,2024,-0.800,não
KOR,Coreia do Sul,GGXCNL_NGDP,2025,-1.400,não
KOR,Coreia do Sul,GGXCNL_NGDP,2026,-1.500,sim
KOR,Coreia do Sul,GGXCNL_NGDP,2027,-1.300,sim
KOR,Coreia do Sul,GGXCNL_NGDP,2028,-1.300,sim
KOR,Coreia do Sul,GGXCNL_NGDP,2029,-1.100,sim
KOR,Coreia do Sul,GGXCNL_NGDP,2030,-1.100,sim
KOR,Coreia do Sul,GGXCNL_NGDP,2031,-1.100,sim
ZAF,África do Sul,GGXCNL_NGDP,2000,-1.400,não
ZAF,África do Sul,GGXCNL_NGDP,2001,-1.000,não
ZAF,África do Sul,GGXCNL_NGDP,2002,-1.000,não
ZAF,África do Sul,GGXCNL_NGDP,2003,-1.600,não
ZAF,África do Sul,GGXCNL_NGDP,2004,-1.000,não
ZAF,África do Sul,GGXCNL_NGDP,2005,-0.100,não
ZAF,África do Sul,GGXCNL_NGDP,2006,0.800,não
ZAF,África do Sul,GGXCNL_NGDP,2007,1.200,não
ZAF,África do Sul,GGXCNL_NGDP,2008,-0.500,não
ZAF,África do Sul,GGXCNL_NGDP,2009,-4.700,não
ZAF,África do Sul,GGXCNL_NGDP,2010,-4.500,não
ZAF,África do Sul,GGXCNL_NGDP,2011,-3.700,não
ZAF,África do Sul,GGXCNL_NGDP,2012,-4.000,não
ZAF,África do Sul,GGXCNL_NGDP,2013,-3.900,não
ZAF,África do Sul,GGXCNL_NGDP,2014,-3.900,não
ZAF,África do Sul,GGXCNL_NGDP,2015,-4.400,não
ZAF,África do Sul,GGXCNL_NGDP,2016,-3.700,não
ZAF,África do Sul,GGXCNL_NGDP,2017,-4.000,não
ZAF,África do Sul,GGXCNL_NGDP,2018,-3.700,não
ZAF,África do Sul,GGXCNL_NGDP,2019,-5.100,não
ZAF,África do Sul,GGXCNL_NGDP,2020,-9.600,não
ZAF,África do Sul,GGXCNL_NGDP,2021,-5.500,não
ZAF,África do Sul,GGXCNL_NGDP,2022,-4.200,não
ZAF,África do Sul,GGXCNL_NGDP,2023,-5.600,não
ZAF,África do Sul,GGXCNL_NGDP,2024,-5.700,não
ZAF,África do Sul,GGXCNL_NGDP,2025,-5.800,não
ZAF,África do Sul,GGXCNL_NGDP,2026,-4.900,sim
ZAF,África do Sul,GGXCNL_NGDP,2027,-4.300,sim
ZAF,África do Sul,GGXCNL_NGDP,2028,-4.400,sim
ZAF,África do Sul,GGXCNL_NGDP,2029,-4.100,sim
ZAF,África do Sul,GGXCNL_NGDP,2030,-3.900,sim
ZAF,África do Sul,GGXCNL_NGDP,2031,-3.900,sim
RUS,Rússia,GGXCNL_NGDP,1998,-7.400,não
RUS,Rússia,GGXCNL_NGDP,1999,-3.600,não
RUS,Rússia,GGXCNL_NGDP,2000,3.100,não
RUS,Rússia,GGXCNL_NGDP,2001,3.000,não
RUS,Rússia,GGXCNL_NGDP,2002,0.700,não
RUS,Rússia,GGXCNL_NGDP,2003,1.400,não
RUS,Rússia,GGXCNL_NGDP,2004,4.600,não
RUS,Rússia,GGXCNL_NGDP,2005,7.600,não
RUS,Rússia,GGXCNL_NGDP,2006,7.800,não
RUS,Rússia,GGXCNL_NGDP,2007,5.600,não
RUS,Rússia,GGXCNL_NGDP,2008,4.500,não
RUS,Rússia,GGXCNL_NGDP,2009,-5.900,não
RUS,Rússia,GGXCNL_NGDP,2010,-3.200,não
RUS,Rússia,GGXCNL_NGDP,2011,1.400,não
RUS,Rússia,GGXCNL_NGDP,2012,0.400,não
RUS,Rússia,GGXCNL_NGDP,2013,-1.200,não
RUS,Rússia,GGXCNL_NGDP,2014,-1.100,não
RUS,Rússia,GGXCNL_NGDP,2015,-3.400,não
RUS,Rússia,GGXCNL_NGDP,2016,-3.700,não
RUS,Rússia,GGXCNL_NGDP,2017,-1.500,não
RUS,Rússia,GGXCNL_NGDP,2018,2.900,não
RUS,Rússia,GGXCNL_NGDP,2019,1.900,não
RUS,Rússia,GGXCNL_NGDP,2020,-4.000,não
RUS,Rússia,GGXCNL_NGDP,2021,0.800,não
RUS,Rússia,GGXCNL_NGDP,2022,-1.300,não
RUS,Rússia,GGXCNL_NGDP,2023,-2.200,não
RUS,Rússia,GGXCNL_NGDP,2024,-1.600,não
RUS,Rússia,GGXCNL_NGDP,2025,-3.900,não
RUS,Rússia,GGXCNL_NGDP,2026,-2.000,sim
RUS,Rússia,GGXCNL_NGDP,2027,-2.400,sim
RUS,Rússia,GGXCNL_NGDP,2028,-3.100,sim
RUS,Rússia,GGXCNL_NGDP,2029,-2.400,sim
RUS,Rússia,GGXCNL_NGDP,2030,-2.500,sim
RUS,Rússia,GGXCNL_NGDP,2031,-2.800,sim
TUR,Turquia,GGXCNL_NGDP,2000,-8.400,não
TUR,Turquia,GGXCNL_NGDP,2001,-11.600,não
TUR,Turquia,GGXCNL_NGDP,2002,-11.300,não
TUR,Turquia,GGXCNL_NGDP,2003,-7.600,não
TUR,Turquia,GGXCNL_NGDP,2004,-4.100,não
TUR,Turquia,GGXCNL_NGDP,2005,-0.700,não
TUR,Turquia,GGXCNL_NGDP,2006,-0.200,não
TUR,Turquia,GGXCNL_NGDP,2007,-1.400,não
TUR,Turquia,GGXCNL_NGDP,2008,-2.100,não
TUR,Turquia,GGXCNL_NGDP,2009,-5.100,não
TUR,Turquia,GGXCNL_NGDP,2010,-3.000,não
TUR,Turquia,GGXCNL_NGDP,2011,-0.400,não
TUR,Turquia,GGXCNL_NGDP,2012,-1.800,não
TUR,Turquia,GGXCNL_NGDP,2013,-1.200,não
TUR,Turquia,GGXCNL_NGDP,2014,-1.000,não
TUR,Turquia,GGXCNL_NGDP,2015,-0.500,não
TUR,Turquia,GGXCNL_NGDP,2016,-1.700,não
TUR,Turquia,GGXCNL_NGDP,2017,-1.900,não
TUR,Turquia,GGXCNL_NGDP,2018,-3.100,não
TUR,Turquia,GGXCNL_NGDP,2019,-4.700,não
TUR,Turquia,GGXCNL_NGDP,2020,-4.600,não
TUR,Turquia,GGXCNL_NGDP,2021,-3.000,não
TUR,Turquia,GGXCNL_NGDP,2022,-1.100,não
TUR,Turquia,GGXCNL_NGDP,2023,-5.200,não
TUR,Turquia,GGXCNL_NGDP,2024,-4.500,não
TUR,Turquia,GGXCNL_NGDP,2025,-2.800,não
TUR,Turquia,GGXCNL_NGDP,2026,-3.400,sim
TUR,Turquia,GGXCNL_NGDP,2027,-3.700,sim
TUR,Turquia,GGXCNL_NGDP,2028,-3.500,sim
TUR,Turquia,GGXCNL_NGDP,2029,-2.900,sim
TUR,Turquia,GGXCNL_NGDP,2030,-2.800,sim
TUR,Turquia,GGXCNL_NGDP,2031,-2.700,sim
IDN,Indonésia,GGXCNL_NGDP,1993,-0.600,não
IDN,Indonésia,GGXCNL_NGDP,1994,0.000,não
IDN,Indonésia,GGXCNL_NGDP,1995,0.600,não
IDN,Indonésia,GGXCNL_NGDP,1996,1.000,não
IDN,Indonésia,GGXCNL_NGDP,1997,-1.000,não
IDN,Indonésia,GGXCNL_NGDP,1998,-1.900,não
IDN,Indonésia,GGXCNL_NGDP,1999,-1.000,não
IDN,Indonésia,GGXCNL_NGDP,2000,-1.900,não
IDN,Indonésia,GGXCNL_NGDP,2001,-1.800,não
IDN,Indonésia,GGXCNL_NGDP,2002,-0.600,não
IDN,Indonésia,GGXCNL_NGDP,2003,-1.100,não
IDN,Indonésia,GGXCNL_NGDP,2004,-0.300,não
IDN,Indonésia,GGXCNL_NGDP,2005,0.500,não
IDN,Indonésia,GGXCNL_NGDP,2006,0.500,não
IDN,Indonésia,GGXCNL_NGDP,2007,-1.000,não
IDN,Indonésia,GGXCNL_NGDP,2008,0.100,não
IDN,Indonésia,GGXCNL_NGDP,2009,-1.600,não
IDN,Indonésia,GGXCNL_NGDP,2010,-1.200,não
IDN,Indonésia,GGXCNL_NGDP,2011,-0.700,não
IDN,Indonésia,GGXCNL_NGDP,2012,-1.600,não
IDN,Indonésia,GGXCNL_NGDP,2013,-2.000,não
IDN,Indonésia,GGXCNL_NGDP,2014,-1.800,não
IDN,Indonésia,GGXCNL_NGDP,2015,-2.700,não
IDN,Indonésia,GGXCNL_NGDP,2016,-2.600,não
IDN,Indonésia,GGXCNL_NGDP,2017,-2.300,não
IDN,Indonésia,GGXCNL_NGDP,2018,-1.700,não
IDN,Indonésia,GGXCNL_NGDP,2019,-2.100,não
IDN,Indonésia,GGXCNL_NGDP,2020,-6.100,não
IDN,Indonésia,GGXCNL_NGDP,2021,-4.400,não
IDN,Indonésia,GGXCNL_NGDP,2022,-2.300,não
IDN,Indonésia,GGXCNL_NGDP,2023,-1.600,não
IDN,Indonésia,GGXCNL_NGDP,2024,-2.300,não
IDN,Indonésia,GGXCNL_NGDP,2025,-2.900,não
IDN,Indonésia,GGXCNL_NGDP,2026,-2.900,sim
IDN,Indonésia,GGXCNL_NGDP,2027,-2.900,sim
IDN,Indonésia,GGXCNL_NGDP,2028,-2.900,sim
IDN,Indonésia,GGXCNL_NGDP,2029,-2.900,sim
IDN,Indonésia,GGXCNL_NGDP,2030,-2.800,sim
IDN,Indonésia,GGXCNL_NGDP,2031,-2.800,sim
WEOWORLD,Mundo,GGXCNL_NGDP,2001,-1.900,não
WEOWORLD,Mundo,GGXCNL_NGDP,2002,-3.400,não
WEOWORLD,Mundo,GGXCNL_NGDP,2003,-3.700,não
WEOWORLD,Mundo,GGXCNL_NGDP,2004,-2.800,não
WEOWORLD,Mundo,GGXCNL_NGDP,2005,-1.700,não
WEOWORLD,Mundo,GGXCNL_NGDP,2006,-0.800,não
WEOWORLD,Mundo,GGXCNL_NGDP,2007,-0.700,não
WEOWORLD,Mundo,GGXCNL_NGDP,2008,-2.200,não
WEOWORLD,Mundo,GGXCNL_NGDP,2009,-7.100,não
WEOWORLD,Mundo,GGXCNL_NGDP,2010,-5.700,não
WEOWORLD,Mundo,GGXCNL_NGDP,2011,-4.200,não
WEOWORLD,Mundo,GGXCNL_NGDP,2012,-3.700,não
WEOWORLD,Mundo,GGXCNL_NGDP,2013,-2.900,não
WEOWORLD,Mundo,GGXCNL_NGDP,2014,-2.800,não
WEOWORLD,Mundo,GGXCNL_NGDP,2015,-3.100,não
WEOWORLD,Mundo,GGXCNL_NGDP,2016,-3.300,não
WEOWORLD,Mundo,GGXCNL_NGDP,2017,-3.000,não
WEOWORLD,Mundo,GGXCNL_NGDP,2018,-2.800,não
WEOWORLD,Mundo,GGXCNL_NGDP,2019,-3.500,não
WEOWORLD,Mundo,GGXCNL_NGDP,2020,-9.500,não
WEOWORLD,Mundo,GGXCNL_NGDP,2021,-6.300,não
WEOWORLD,Mundo,GGXCNL_NGDP,2022,-3.700,não
WEOWORLD,Mundo,GGXCNL_NGDP,2023,-5.000,não
WEOWORLD,Mundo,GGXCNL_NGDP,2024,-5.100,não
WEOWORLD,Mundo,GGXCNL_NGDP,2025,-5.000,não
WEOWORLD,Mundo,GGXCNL_NGDP,2026,-5.200,sim
WEOWORLD,Mundo,GGXCNL_NGDP,2027,-5.100,sim
WEOWORLD,Mundo,GGXCNL_NGDP,2028,-5.100,sim
WEOWORLD,Mundo,GGXCNL_NGDP,2029,-4.900,sim
WEOWORLD,Mundo,GGXCNL_NGDP,2030,-4.900,sim
WEOWORLD,Mundo,GGXCNL_NGDP,2031,-4.800,sim
WE,América Latina e Caribe,GGXCNL_NGDP,2001,-3.200,não
WE,América Latina e Caribe,GGXCNL_NGDP,2002,-2.700,não
WE,América Latina e Caribe,GGXCNL_NGDP,2003,-2.700,não
WE,América Latina e Caribe,GGXCNL_NGDP,2004,-1.100,não
WE,América Latina e Caribe,GGXCNL_NGDP,2005,-1.000,não
WE,América Latina e Caribe,GGXCNL_NGDP,2006,-1.700,não
WE,América Latina e Caribe,GGXCNL_NGDP,2007,-1.100,não
WE,América Latina e Caribe,GGXCNL_NGDP,2008,-1.100,não
WE,América Latina e Caribe,GGXCNL_NGDP,2009,-4.000,não
WE,América Latina e Caribe,GGXCNL_NGDP,2010,-3.100,não
WE,América Latina e Caribe,GGXCNL_NGDP,2011,-2.700,não
WE,América Latina e Caribe,GGXCNL_NGDP,2012,-2.700,não
WE,América Latina e Caribe,GGXCNL_NGDP,2013,-3.300,não
WE,América Latina e Caribe,GGXCNL_NGDP,2014,-4.800,não
WE,América Latina e Caribe,GGXCNL_NGDP,2015,-5.900,não
WE,América Latina e Caribe,GGXCNL_NGDP,2016,-5.300,não
WE,América Latina e Caribe,GGXCNL_NGDP,2017,-5.100,não
WE,América Latina e Caribe,GGXCNL_NGDP,2018,-4.900,não
WE,América Latina e Caribe,GGXCNL_NGDP,2019,-3.700,não
WE,América Latina e Caribe,GGXCNL_NGDP,2020,-8.100,não
WE,América Latina e Caribe,GGXCNL_NGDP,2021,-3.900,não
WE,América Latina e Caribe,GGXCNL_NGDP,2022,-3.600,não
WE,América Latina e Caribe,GGXCNL_NGDP,2023,-5.100,não
WE,América Latina e Caribe,GGXCNL_NGDP,2024,-4.600,não
WE,América Latina e Caribe,GGXCNL_NGDP,2025,-5.100,não
WE,América Latina e Caribe,GGXCNL_NGDP,2026,-4.700,sim
WE,América Latina e Caribe,GGXCNL_NGDP,2027,-4.000,sim
WE,América Latina e Caribe,GGXCNL_NGDP,2028,-3.500,sim
WE,América Latina e Caribe,GGXCNL_NGDP,2029,-3.300,sim
WE,América Latina e Caribe,GGXCNL_NGDP,2030,-3.300,sim
WE,América Latina e Caribe,GGXCNL_NGDP,2031,-3.200,sim
ADVEC,Economias avançadas,GGXCNL_NGDP,2001,-1.700,não
ADVEC,Economias avançadas,GGXCNL_NGDP,2002,-3.500,não
ADVEC,Economias avançadas,GGXCNL_NGDP,2003,-4.000,não
ADVEC,Economias avançadas,GGXCNL_NGDP,2004,-3.200,não
ADVEC,Economias avançadas,GGXCNL_NGDP,2005,-2.400,não
ADVEC,Economias avançadas,GGXCNL_NGDP,2006,-1.400,não
ADVEC,Economias avançadas,GGXCNL_NGDP,2007,-1.200,não
ADVEC,Economias avançadas,GGXCNL_NGDP,2008,-3.500,não
ADVEC,Economias avançadas,GGXCNL_NGDP,2009,-8.600,não
ADVEC,Economias avançadas,GGXCNL_NGDP,2010,-7.600,não
ADVEC,Economias avançadas,GGXCNL_NGDP,2011,-6.200,não
ADVEC,Economias avançadas,GGXCNL_NGDP,2012,-5.500,não
ADVEC,Economias avançadas,GGXCNL_NGDP,2013,-3.700,não
ADVEC,Economias avançadas,GGXCNL_NGDP,2014,-3.100,não
ADVEC,Economias avançadas,GGXCNL_NGDP,2015,-2.600,não
ADVEC,Economias avançadas,GGXCNL_NGDP,2016,-2.600,não
ADVEC,Economias avançadas,GGXCNL_NGDP,2017,-2.400,não
ADVEC,Economias avançadas,GGXCNL_NGDP,2018,-2.400,não
ADVEC,Economias avançadas,GGXCNL_NGDP,2019,-3.000,não
ADVEC,Economias avançadas,GGXCNL_NGDP,2020,-10.200,não
ADVEC,Economias avançadas,GGXCNL_NGDP,2021,-7.300,não
ADVEC,Economias avançadas,GGXCNL_NGDP,2022,-2.900,não
ADVEC,Economias avançadas,GGXCNL_NGDP,2023,-4.900,não
ADVEC,Economias avançadas,GGXCNL_NGDP,2024,-4.900,não
ADVEC,Economias avançadas,GGXCNL_NGDP,2025,-4.400,não
ADVEC,Economias avançadas,GGXCNL_NGDP,2026,-4.800,sim
ADVEC,Economias avançadas,GGXCNL_NGDP,2027,-4.700,sim
ADVEC,Economias avançadas,GGXCNL_NGDP,2028,-4.700,sim
ADVEC,Economias avançadas,GGXCNL_NGDP,2029,-4.600,sim
ADVEC,Economias avançadas,GGXCNL_NGDP,2030,-4.600,sim
ADVEC,Economias avançadas,GGXCNL_NGDP,2031,-4.500,sim
OEMDC,Economias emergentes e em desenvolvimento,GGXCNL_NGDP,2000,-1.300,não
OEMDC,Economias emergentes e em desenvolvimento,GGXCNL_NGDP,2001,-2.800,não
OEMDC,Economias emergentes e em desenvolvimento,GGXCNL_NGDP,2002,-3.300,não
OEMDC,Economias emergentes e em desenvolvimento,GGXCNL_NGDP,2003,-2.600,não
OEMDC,Economias emergentes e em desenvolvimento,GGXCNL_NGDP,2004,-1.000,não
OEMDC,Economias emergentes e em desenvolvimento,GGXCNL_NGDP,2005,0.500,não
OEMDC,Economias emergentes e em desenvolvimento,GGXCNL_NGDP,2006,1.000,não
OEMDC,Economias emergentes e em desenvolvimento,GGXCNL_NGDP,2007,0.600,não
OEMDC,Economias emergentes e em desenvolvimento,GGXCNL_NGDP,2008,0.700,não
OEMDC,Economias emergentes e em desenvolvimento,GGXCNL_NGDP,2009,-3.700,não
OEMDC,Economias emergentes e em desenvolvimento,GGXCNL_NGDP,2010,-2.200,não
OEMDC,Economias emergentes e em desenvolvimento,GGXCNL_NGDP,2011,-0.900,não
OEMDC,Economias emergentes e em desenvolvimento,GGXCNL_NGDP,2012,-0.900,não
OEMDC,Economias emergentes e em desenvolvimento,GGXCNL_NGDP,2013,-1.600,não
OEMDC,Economias emergentes e em desenvolvimento,GGXCNL_NGDP,2014,-2.300,não
OEMDC,Economias emergentes e em desenvolvimento,GGXCNL_NGDP,2015,-4.000,não
OEMDC,Economias emergentes e em desenvolvimento,GGXCNL_NGDP,2016,-4.300,não
OEMDC,Economias emergentes e em desenvolvimento,GGXCNL_NGDP,2017,-3.700,não
OEMDC,Economias emergentes e em desenvolvimento,GGXCNL_NGDP,2018,-3.400,não
OEMDC,Economias emergentes e em desenvolvimento,GGXCNL_NGDP,2019,-4.300,não
OEMDC,Economias emergentes e em desenvolvimento,GGXCNL_NGDP,2020,-8.400,não
OEMDC,Economias emergentes e em desenvolvimento,GGXCNL_NGDP,2021,-4.900,não
OEMDC,Economias emergentes e em desenvolvimento,GGXCNL_NGDP,2022,-4.800,não
OEMDC,Economias emergentes e em desenvolvimento,GGXCNL_NGDP,2023,-5.200,não
OEMDC,Economias emergentes e em desenvolvimento,GGXCNL_NGDP,2024,-5.400,não
OEMDC,Economias emergentes e em desenvolvimento,GGXCNL_NGDP,2025,-5.900,não
OEMDC,Economias emergentes e em desenvolvimento,GGXCNL_NGDP,2026,-5.800,sim
OEMDC,Economias emergentes e em desenvolvimento,GGXCNL_NGDP,2027,-5.800,sim
OEMDC,Economias emergentes e em desenvolvimento,GGXCNL_NGDP,2028,-5.600,sim
OEMDC,Economias emergentes e em desenvolvimento,GGXCNL_NGDP,2029,-5.300,sim
OEMDC,Economias emergentes e em desenvolvimento,GGXCNL_NGDP,2030,-5.200,sim
OEMDC,Economias emergentes e em desenvolvimento,GGXCNL_NGDP,2031,-5.200,sim
