ano,uf,cargo,turno,numero,nome_urna,nome,sigla_partido,numero_partido,nome_partido,federacao,coligacao,situacao_tse,situacao_candidatura,sigla_equivalente_2022,observacao
2018,AC,governador,1,11,GLADSON CAMELI,GLADSON DE LIMA CAMELI,PP,11,PROGRESSISTAS,,PP / MDB / PSDB / DEM / PSD / PTB / PMN / SOLIDARIEDADE / PTC / PR / PPS,ELEITO,APTO,PP,
2018,AL,governador,1,15,RENAN FILHO,JOSE RENAN VASCONCELOS CALHEIROS FILHO,MDB,15,MOVIMENTO DEMOCRÁTICO BRASILEIRO,,MDB / PODE / PPS / PDT / PR / PTB / PHS / PT / PV / PRP / PRTB / PSD / DC / PC do B / AVANTE / PMN / SOLIDARIEDADE,ELEITO,APTO,MDB,
2018,AM,governador,2,20,WILSON LIMA,WILSON MIRANDA LIMA,PSC,20,PARTIDO SOCIAL CRISTÃO,,PSC / PRTB / REDE,ELEITO,APTO,PSC,
2018,AP,governador,2,12,WALDEZ,ANTONIO WALDEZ GÓES DA SILVA,PDT,12,PARTIDO DEMOCRÁTICO TRABALHISTA,,PDT / PROS / PTB / MDB / DC / PRB / PRP / PC do B / PMB,ELEITO,APTO,PDT,
2018,BA,governador,1,13,RUI COSTA,RUI COSTA DOS SANTOS,PT,13,PARTIDO DOS TRABALHADORES,,PT / PP / PDT / PSD / PSB / PC do B / PR / PMB / PRP / PODE / AVANTE / PMN / PROS / PTC,ELEITO,APTO,PT,
2018,CE,governador,1,13,CAMILO,CAMILO SOBREIRA DE SANTANA,PT,13,PARTIDO DOS TRABALHADORES,,PT / PDT / PP / PSB / PR / PTB / DEM / PC do B / PPS / PRP / PV / PMN / PPL / PATRIOTA / PRTB / PMB,ELEITO,APTO,PT,
2018,DF,governador,2,15,IBANEIS,IBANEIS ROCHA BARROS JUNIOR,MDB,15,MOVIMENTO DEMOCRÁTICO BRASILEIRO,,MDB / PP / AVANTE / PSL / PPL,ELEITO,APTO,MDB,
2018,ES,governador,1,40,RENATO CASAGRANDE,JOSE RENATO CASAGRANDE,PSB,40,PARTIDO SOCIALISTA BRASILEIRO,,PSB / PHS / PROS / PV / PSC / AVANTE / PTC / PPS / PSDB / DEM / PDT / PP / PC do B / PPL / DC / SOLIDARIEDADE / PRP / PSD,ELEITO,APTO,PSB,
2018,GO,governador,1,25,RONALDO CAIADO,RONALDO RAMOS CAIADO,DEM,25,DEMOCRATAS,,DEM / PRP / PROS / PMN / PMB / PSC / DC / PSL / PODE / PTC / PRTB / PDT,ELEITO,APTO,UNIÃO,
2018,MA,governador,1,65,FLÁVIO DINO,FLÁVIO DINO DE CASTRO E COSTA,PC do B,65,PARTIDO COMUNISTA DO BRASIL,,PC do B / PRB / PDT / PPS / DEM / PSB / PR / PP / PROS / PT / PTB / PATRIOTA / PTC / SOLIDARIEDADE / PPL / AVANTE,ELEITO,APTO,PC do B,
2018,MG,governador,2,30,ROMEU ZEMA,ROMEU ZEMA NETO,NOVO,30,PARTIDO NOVO,,NOVO,ELEITO,APTO,NOVO,
2018,MS,governador,2,45,REINALDO AZAMBUJA,REINALDO AZAMBUJA SILVA,PSDB,45,PARTIDO DA SOCIAL DEMOCRACIA BRASILEIRA,,PMN / DEM / PP / PSB / PTB / PSDB / PATRIOTA / PSD / PPS / AVANTE / SOLIDARIEDADE / PROS,ELEITO,APTO,PSDB,
2018,MT,governador,1,25,MAURO MENDES,MAURO MENDES FERREIRA,DEM,25,DEMOCRATAS,,DEM / PSD / PDT / PSC / MDB / PMB / PHS / PTC,ELEITO,APTO,UNIÃO,
2018,PA,governador,2,15,HELDER,HELDER ZAHLUTH BARBALHO,MDB,15,MOVIMENTO DEMOCRÁTICO BRASILEIRO,,MDB / PP / PRB / PR / PSC / PTB / PHS / PMB / PODE / DC / PTC / PATRIOTA / PSD / AVANTE / PSL / PROS,ELEITO,APTO,MDB,
2018,PB,governador,1,40,JOÃO,JOÃO AZEVEDO LINS FILHO,PSB,40,PARTIDO SOCIALISTA BRASILEIRO,,PSB / PDT / PT / DEM / PTB / PRP / PODE / PRB / PC do B / AVANTE / PPS / REDE / PMN / PROS,ELEITO,APTO,PSB,
2018,PE,governador,1,40,PAULO CÂMARA,PAULO HENRIQUE SARAIVA CÂMARA,PSB,40,PARTIDO SOCIALISTA BRASILEIRO,,PSB / PC do B / PT / MDB / PP / PR / PMN / PTC / PRP / PATRIOTA / PSD / PPL / SOLIDARIEDADE,ELEITO,APTO,PSB,
2018,PI,governador,1,13,WELLINGTON DIAS,JOSÉ WELLINGTON BARROSO DE ARAÚJO DIAS,PT,13,PARTIDO DOS TRABALHADORES,,PT / MDB / PP / PR / PDT / PSD / PC do B / PTB / PRTB,ELEITO,APTO,PT,
2018,PR,governador,1,55,RATINHO JUNIOR,CARLOS ROBERTO MASSA JUNIOR,PSD,55,PARTIDO SOCIAL DEMOCRÁTICO,,PSD / PSC / PV / PR / PRB / PHS / PPS / PODE / AVANTE,ELEITO,APTO,PSD,
2018,RJ,governador,2,20,WILSON WITZEL,WILSON JOSÉ WITZEL,PSC,20,PARTIDO SOCIAL CRISTÃO,,PSC / PROS,ELEITO,APTO,PSC,
2018,RN,governador,2,13,FATIMA BEZERRA,MARIA DE FATIMA BEZERRA,PT,13,PARTIDO DOS TRABALHADORES,,PT / PC do B / PHS,ELEITO,APTO,PT,
2018,RO,governador,2,17,CORONEL MARCOS ROCHA,MARCOS JOSE ROCHA DOS SANTOS,PSL,17,PARTIDO SOCIAL LIBERAL,,PSL,ELEITO,APTO,UNIÃO,
2018,RR,governador,2,17,ANTONIO DENARIUM,ANTONIO OLIVERIO GARCIA DE ALMEIDA,PSL,17,PARTIDO SOCIAL LIBERAL,,PSL / PRB / PTC / PRP / PROS / PSC / PPL / PATRIOTA,ELEITO,APTO,UNIÃO,
2018,RS,governador,2,45,EDUARDO LEITE,EDUARDO FIGUEIREDO CAVALHEIRO LEITE,PSDB,45,PARTIDO DA SOCIAL DEMOCRACIA BRASILEIRA,,PSDB / PTB / PRB / PPS / PHS / REDE / PP,ELEITO,APTO,PSDB,
2018,SC,governador,2,17,COMANDANTE MOISÉS,CARLOS MOISÉS DA SILVA,PSL,17,PARTIDO SOCIAL LIBERAL,,PSL,ELEITO,APTO,UNIÃO,
2018,SE,governador,2,55,BELIVALDO,BELIVALDO CHAGAS SILVA,PSD,55,PARTIDO SOCIAL DEMOCRÁTICO,,PP / MDB / DC / PC do B / PSD / PT / PHS,ELEITO,APTO,PSD,
2018,SP,governador,2,45,JOÃO DORIA,JOÃO AGRIPINO DA COSTA DORIA JUNIOR,PSDB,45,PARTIDO DA SOCIAL DEMOCRACIA BRASILEIRA,,PSDB / DEM / PSD / PRB / PP / PTC,ELEITO,APTO,PSDB,
2018,TO,governador,1,31,MAURO CARLESSE,MAURO CARLESSE,PHS,31,PARTIDO HUMANISTA DA SOLIDARIEDADE,,PHS / SOLIDARIEDADE / PP / DEM / PTC / PRB / AVANTE / PATRIOTA / PROS,ELEITO,APTO,PODE,
2018,AC,senador,1,151,MÁRCIO BITTAR,MARCIO MIGUEL BITTAR,MDB,15,MOVIMENTO DEMOCRÁTICO BRASILEIRO,,PP / MDB / PSDB / DEM / PSD / PTB / PMN / SOLIDARIEDADE / PTC / PR / PPS,ELEITO,APTO,MDB,
2018,AC,senador,1,555,PETECÃO,SÉRGIO DE OLIVEIRA CUNHA,PSD,55,PARTIDO SOCIAL DEMOCRÁTICO,,PP / MDB / PSDB / DEM / PSD / PTB / PMN / SOLIDARIEDADE / PTC / PR / PPS,ELEITO,APTO,PSD,
2018,AL,senador,1,151,RENAN,JOSÉ RENAN VASCONCELOS CALHEIROS,MDB,15,MOVIMENTO DEMOCRÁTICO BRASILEIRO,,MDB / PODE / PPS / PDT / PR / PTB / PHS / PT / PV / PRP / PRTB / PSD / DC / PC do B / AVANTE / PMN / SOLIDARIEDADE,ELEITO,APTO,MDB,
2018,AL,senador,1,456,RODRIGO CUNHA,RODRIGO SANTOS CUNHA,PSDB,45,PARTIDO DA SOCIAL DEMOCRACIA BRASILEIRA,,PTC / PSDB / PP / PSB / PSC / PROS / PRB / DEM,ELEITO,APTO,PSDB,
2018,AM,senador,1,155,EDUARDO BRAGA,CARLOS EDUARDO DE SOUZA BRAGA,MDB,15,MOVIMENTO DEMOCRÁTICO BRASILEIRO,,MDB,ELEITO,APTO,MDB,
2018,AM,senador,1,455,PLINIO VALERIO,FRANCISCO PLINIO VALERIO TOMAZ,PSDB,45,PARTIDO DA SOCIAL DEMOCRACIA BRASILEIRA,,PSD / PSDB / DEM / PRB / PTC / PATRIOTA,ELEITO,APTO,PSDB,
2018,AP,senador,1,147,LUCAS BARRETO,LUIZ CANTUÁRIA BARRETO,PTB,14,PARTIDO TRABALHISTA BRASILEIRO,,PTB,ELEITO,APTO,PTB,
2018,AP,senador,1,180,RANDOLFE ,RANDOLPH FREDERICH RODRIGUES ALVES,REDE,18,REDE SUSTENTABILIDADE,,DEM / REDE / PSDB / PPL / PP / PSC / AVANTE / PSD / PODE / SOLIDARIEDADE / PATRIOTA,ELEITO,APTO,REDE,
2018,BA,senador,1,555,ANGELO CORONEL,ANGELO MARIO CORONEL DE AZEVEDO MARTINS,PSD,55,PARTIDO SOCIAL DEMOCRÁTICO,,PT / PP / PDT / PSD / PSB / PC do B / PR / PMB / PRP / PODE / AVANTE / PMN / PROS / PTC,ELEITO,APTO,PSD,
2018,BA,senador,1,130,JAQUES WAGNER,JAQUES WAGNER,PT,13,PARTIDO DOS TRABALHADORES,,PT / PP / PDT / PSD / PSB / PC do B / PR / PMB / PRP / PODE / AVANTE / PMN / PROS / PTC,ELEITO,APTO,PT,
2018,CE,senador,1,123,CID GOMES,CID FERREIRA GOMES,PDT,12,PARTIDO DEMOCRÁTICO TRABALHISTA,,PT / PDT / PP / PSB / PR / PTB / DEM / PC do B / PPS / PRP / PV / PMN / PPL / PATRIOTA / PRTB / PMB,ELEITO,APTO,PDT,
2018,CE,senador,1,900,EDUARDO GIRÃO,LUIS EDUARDO GRANGEIRO GIRÃO,PROS,90,PARTIDO REPUBLICANO DA ORDEM SOCIAL,,PSDB / PROS,ELEITO,APTO,PROS,
2018,DF,senador,1,408,LEILA DO VÔLEI,LEILA GOMES DE BARROS RÊGO,PSB,40,PARTIDO SOCIALISTA BRASILEIRO,,PSB / PV / PC do B / PDT / REDE,ELEITO,APTO,PSB,
2018,DF,senador,1,456,IZALCI,IZALCI LUCAS FERREIRA,PSDB,45,PARTIDO DA SOCIAL DEMOCRACIA BRASILEIRA,,PR / PSDB / DEM / DC,ELEITO,APTO,PSDB,
2018,ES,senador,1,234,MARCOS DO VAL,MARCOS RIBEIRO DO VAL,PPS,23,PARTIDO POPULAR SOCIALISTA,,PSB / PHS / PROS / PV / PSC / AVANTE / PTC / PPS / PSDB / DEM / PDT / PP / PC do B / PPL / DC / SOLIDARIEDADE / PRP / PSD,ELEITO,APTO,CIDADANIA,
2018,ES,senador,1,181,FABIANO CONTARATO,FABIANO CONTARATO,REDE,18,REDE SUSTENTABILIDADE,,PRTB / REDE / PODE / MDB / PMN / PATRIOTA,ELEITO,APTO,REDE,
2018,GO,senador,1,111,VANDERLAN,VANDERLAN VIEIRA CARDOSO,PP,11,PROGRESSISTAS,,MDB / PRB / PHS / PP,ELEITO,APTO,PP,
2018,GO,senador,1,444,JORGE KAJURU,JORGE KAJURU REIS DA COSTA NASSER,PRP,44,PARTIDO REPUBLICANO PROGRESSISTA,,DEM / PRP / PROS / PMN / PMB / PSC / DC / PSL / PODE / PTC / PRTB / PDT,ELEITO,APTO,PATRIOTA,
2018,MA,senador,1,123,WEVERTON,WEVERTON ROCHA MARQUES DE SOUSA,PDT,12,PARTIDO DEMOCRÁTICO TRABALHISTA,,PC do B / PRB / PDT / PPS / DEM / PSB / PR / PP / PROS / PT / PTB / PATRIOTA / PTC / SOLIDARIEDADE / PPL / AVANTE,ELEITO,APTO,PDT,
2018,MA,senador,1,232,ELIZIANE GAMA,ELIZIANE PEREIRA GAMA MELO,PPS,23,PARTIDO POPULAR SOCIALISTA,,PC do B / PRB / PDT / PPS / DEM / PSB / PR / PP / PROS / PT / PTB / PATRIOTA / PTC / SOLIDARIEDADE / PPL / AVANTE,ELEITO,APTO,CIDADANIA,
2018,MG,senador,1,250,RODRIGO PACHECO,RODRIGO OTÁVIO SOARES PACHECO,DEM,25,DEMOCRATAS,,PSDB / PSD / SOLIDARIEDADE / PTB / PPS / PMN / PSC / DEM / PP / PTC / PATRIOTA / PMB,ELEITO,APTO,UNIÃO,
2018,MG,senador,1,310,JORNALISTA CARLOS VIANA,CARLOS ALBERTO DIAS VIANA,PHS,31,PARTIDO HUMANISTA DA SOLIDARIEDADE,,PHS,ELEITO,APTO,PODE,
2018,MS,senador,1,177,SORAYA THRONICKE,SORAYA VIEIRA THRONICKE,PSL,17,PARTIDO SOCIAL LIBERAL,,PSL,ELEITO,APTO,UNIÃO,
2018,MS,senador,1,144,NELSINHO TRAD,NELSON TRAD FILHO,PTB,14,PARTIDO TRABALHISTA BRASILEIRO,,PMN / DEM / PP / PSB / PTB / PSDB / PATRIOTA / PSD / PPS / AVANTE / SOLIDARIEDADE / PROS,ELEITO,APTO,PTB,
2018,MT,senador,1,251,JAYME CAMPOS,JAYME VERISSIMO DE CAMPOS,DEM,25,DEMOCRATAS,,DEM / PSD / PDT / PSC / MDB / PMB / PHS / PTC,ELEITO,APTO,UNIÃO,
2018,MT,senador,1,170,JUIZA SELMA ARRUDA,SELMA ROSANE SANTOS ARRUDA,PSL,17,PARTIDO SOCIAL LIBERAL,,PSL / PPS / PSB / DC / PRP / PSDB / PATRIOTA / AVANTE / SOLIDARIEDADE,NÃO ELEITO,INAPTO,UNIÃO,"Eleita em 2018; na base atual do TSE consta como não eleita e inapta, porque o mandato foi cassado depois da eleição. A vaga foi preenchida em eleição suplementar em 15/11/2020, vencida por Fávaro (PSD). Contada aqui como eleita em 2018."
2018,PA,senador,1,151,JADER BARBALHO,JADER FONTENELLE BARBALHO,MDB,15,MOVIMENTO DEMOCRÁTICO BRASILEIRO,,MDB / PP / PRB / PR / PSC / PTB / PHS / PMB / PODE / DC / PTC / PATRIOTA / PSD / AVANTE / PSL / PROS,ELEITO,APTO,MDB,
2018,PA,senador,1,200,ZEQUINHA MARINHO,JOSÉ DA CRUZ MARINHO,PSC,20,PARTIDO SOCIAL CRISTÃO,,MDB / PP / PRB / PR / PSC / PTB / PHS / PMB / PODE / DC / PTC / PATRIOTA / PSD / AVANTE / PSL / PROS,ELEITO,APTO,PSC,
2018,PB,senador,1,111,DANIELLA RIBEIRO,DANIELLA VELLOSO BORGES RIBEIRO,PP,11,PROGRESSISTAS,,PV / PSDB / PP / PSD / PSC / SOLIDARIEDADE / DC / PRTB / PHS / PTC / PSL / PPL,ELEITO,APTO,PP,
2018,PB,senador,1,400,VENEZIANO,VENEZIANO VITAL DO RÊGO SEGUNDO NETO,PSB,40,PARTIDO SOCIALISTA BRASILEIRO,,PSB / PDT / PT / DEM / PTB / PRP / PODE / PRB / PC do B / AVANTE / PPS / REDE / PMN / PROS,ELEITO,APTO,PSB,
2018,PE,senador,1,156,JARBAS,JARBAS DE ANDRADE VASCONCELOS,MDB,15,MOVIMENTO DEMOCRÁTICO BRASILEIRO,,PSB / PC do B / PT / MDB / PP / PR / PMN / PTC / PRP / PATRIOTA / PSD / PPL / SOLIDARIEDADE,ELEITO,APTO,MDB,
2018,PE,senador,1,130,HUMBERTO COSTA,HUMBERTO SÉRGIO COSTA LIMA,PT,13,PARTIDO DOS TRABALHADORES,,PSB / PC do B / PT / MDB / PP / PR / PMN / PTC / PRP / PATRIOTA / PSD / PPL / SOLIDARIEDADE,ELEITO,APTO,PT,
2018,PI,senador,1,151,MARCELO CASTRO,MARCELO COSTA E CASTRO,MDB,15,MOVIMENTO DEMOCRÁTICO BRASILEIRO,,PT / MDB / PP / PR / PDT / PSD / PC do B / PTB / PRTB,ELEITO,APTO,MDB,
2018,PI,senador,1,111,CIRO NOGUEIRA,CIRO NOGUEIRA LIMA FILHO,PP,11,PROGRESSISTAS,,PT / MDB / PP / PR / PDT / PSD / PC do B / PTB / PRTB,ELEITO,APTO,PP,
2018,PR,senador,1,191,PROFESSOR ORIOVISTO GUIMARAES,ORIOVISTO GUIMARAES,PODE,19,PODEMOS,,PSD / PSC / PV / PR / PRB / PHS / PPS / PODE / AVANTE,ELEITO,APTO,PODE,
2018,PR,senador,1,181,FLAVIO ARNS,FLAVIO JOSE ARNS,REDE,18,REDE SUSTENTABILIDADE,,REDE / DC / PPL,ELEITO,APTO,REDE,
2018,RJ,senador,1,555,AROLDE DE OLIVEIRA,AROLDE DE OLIVEIRA,PSD,55,PARTIDO SOCIAL DEMOCRÁTICO,,PSD,ELEITO,APTO,PSD,
2018,RJ,senador,1,177,FLÁVIO BOLSONARO,FLÁVIO NANTES BOLSONARO,PSL,17,PARTIDO SOCIAL LIBERAL,,PSL,ELEITO,APTO,UNIÃO,
2018,RN,senador,1,313,DR. ZENAIDE MAIA,ZENAIDE MAIA CALADO PEREIRA DOS SANTOS,PHS,31,PARTIDO HUMANISTA DA SOLIDARIEDADE,,PT / PC do B / PHS,ELEITO,APTO,PODE,
2018,RN,senador,1,180,CAPITÃO STYVENSON,EANN STYVENSON VALENTIM MENDES,REDE,18,REDE SUSTENTABILIDADE,,REDE,ELEITO,APTO,REDE,
2018,RO,senador,1,255,MARCOS ROGÉRIO,MARCOS ROGÉRIO DA SILVA BRITO,DEM,25,DEMOCRATAS,,PSDB / DEM / PSD / PRB / PATRIOTA,ELEITO,APTO,UNIÃO,
2018,RO,senador,1,152,CONFUCIO MOURA,CONFUCIO AIRES MOURA,MDB,15,MOVIMENTO DEMOCRÁTICO BRASILEIRO,,MDB / PODE / PMN / PSC / PC do B / PHS / PROS / PV,ELEITO,APTO,MDB,
2018,RR,senador,1,255,CHICO RODRIGUES,FRANCISCO DE ASSIS RODRIGUES,DEM,25,DEMOCRATAS,,PSDB / DEM / MDB / PSD / PPS / SOLIDARIEDADE / DC,ELEITO,APTO,UNIÃO,
2018,RR,senador,1,107,MECIAS DE JESUS,ANTÔNIO MECIAS PEREIRA DE JESUS,PRB,10,PARTIDO REPUBLICANO BRASILEIRO,,PSL / PRB / PTC / PRP / PROS / PSC / PPL / PATRIOTA,ELEITO,APTO,REPUBLICANOS,
2018,RS,senador,1,111,LUIS CARLOS HEINZE,LUIS CARLOS HEINZE,PP,11,PROGRESSISTAS,,PSDB / PTB / PRB / PPS / PHS / REDE / PP,ELEITO,APTO,PP,
2018,RS,senador,1,131,PAULO PAIM,PAULO RENATO PAIM,PT,13,PARTIDO DOS TRABALHADORES,,PT / PC do B,ELEITO,APTO,PT,
2018,SC,senador,1,111,ESPERIDIÃO AMIN,ESPERIDIÃO AMIN HELOU FILHO,PP,11,PROGRESSISTAS,,PSD / PRB / PDT / PSB / PODE / SOLIDARIEDADE / PROS / PSC / PC do B / PHS / PP / DEM / PRP / PPL / PV,ELEITO,APTO,PP,
2018,SC,senador,1,222,JORGINHO MELLO,JORGINHO DOS SANTOS MELLO,PR,22,PARTIDO DA REPÚBLICA,,MDB / AVANTE / PSDB / PTB / PTC / PRTB / DC / PR / PPS,ELEITO,APTO,PL,
2018,SE,senador,1,131,ROGERIO CARVALHO SANTOS,ROGERIO CARVALHO SANTOS,PT,13,PARTIDO DOS TRABALHADORES,,PP / MDB / DC / PC do B / PSD / PT / PHS,ELEITO,APTO,PT,
2018,SE,senador,1,181,DELEGADO ALESSANDRO VIEIRA,ALESSANDRO VIEIRA,REDE,18,REDE SUSTENTABILIDADE,,REDE,ELEITO,APTO,REDE,
2018,SP,senador,1,457,MARA GABRILLI,MARA CRISTINA GABRILLI,PSDB,45,PARTIDO DA SOCIAL DEMOCRACIA BRASILEIRA,,PSDB / DEM / PSD / PRB / PP / PTC,ELEITO,APTO,PSDB,
2018,SP,senador,1,177,MAJOR OLIMPIO,SERGIO OLIMPIO GOMES,PSL,17,PARTIDO SOCIAL LIBERAL,,PRTB / PSL,ELEITO,APTO,UNIÃO,
2018,TO,senador,1,555,IRAJÁ,IRAJÁ SILVESTRE FILHO,PSD,55,PARTIDO SOCIAL DEMOCRÁTICO,,REDE / PRTB / PTB / PC do B / PT / PV / PDT / PSD,ELEITO,APTO,PSD,
2018,TO,senador,1,777,EDUARDO GOMES,CARLOS EDUARDO TORRES GOMES,SOLIDARIEDADE,77,SOLIDARIEDADE,,PHS / SOLIDARIEDADE / PP / DEM / PTC / PRB / AVANTE / PATRIOTA / PROS,ELEITO,APTO,SOLIDARIEDADE,
2018,AC,deputado federal,1,2525,ALAN RICK,ALAN RICK MIRANDA,DEM,25,DEMOCRATAS,,PP / PSDB / PSD / MDB / DEM / SOLIDARIEDADE / PTC / PMN / PR / PTB / PPS,ELEITO POR QP,APTO,UNIÃO,
2018,AC,deputado federal,1,1555,FLAVIANO MELO,FLAVIANO FLAVIO BAPTISTA DE MELO,MDB,15,MOVIMENTO DEMOCRÁTICO BRASILEIRO,,PP / PSDB / PSD / MDB / DEM / SOLIDARIEDADE / PTC / PMN / PR / PTB / PPS,ELEITO POR MÉDIA,APTO,MDB,
2018,AC,deputado federal,1,1515,JÉSSICA SALES,JESSICA ROJAS SALES,MDB,15,MOVIMENTO DEMOCRÁTICO BRASILEIRO,,PP / PSDB / PSD / MDB / DEM / SOLIDARIEDADE / PTC / PMN / PR / PTB / PPS,ELEITO POR QP,APTO,MDB,
2018,AC,deputado federal,1,6513,PERPETUA ALMEIDA ,MARIA PERPETUA DE ALMEIDA ,PC do B,65,PARTIDO COMUNISTA DO BRASIL,,PT / PSB / PHS / PC do B / DC,ELEITO POR QP,APTO,PC do B,
2018,AC,deputado federal,1,1212,JESUS SÉRGIO,JESUS SERGIO DE MENEZES,PDT,12,PARTIDO DEMOCRÁTICO TRABALHISTA,,PDT,ELEITO POR MÉDIA,APTO,PDT,
2018,AC,deputado federal,1,4545,MARA ROCHA,CYLMARA FERNANDES DA ROCHA GRIPP,PSDB,45,PARTIDO DA SOCIAL DEMOCRACIA BRASILEIRA,,PP / PSDB / PSD / MDB / DEM / SOLIDARIEDADE / PTC / PMN / PR / PTB / PPS,ELEITO POR QP,APTO,PSDB,
2018,AC,deputado federal,1,1331,LEO DE BRITO,LEONARDO CUNHA DE BRITO,PT,13,PARTIDO DOS TRABALHADORES,,PT / PSB / PHS / PC do B / DC,ELEITO POR MÉDIA,APTO,PT,
2018,AC,deputado federal,1,7777,DRA. VANDA MILANI,VANDA DENIR MILANI NOGUEIRA,SOLIDARIEDADE,77,SOLIDARIEDADE,,PP / PSDB / PSD / MDB / DEM / SOLIDARIEDADE / PTC / PMN / PR / PTB / PPS,ELEITO POR QP,APTO,SOLIDARIEDADE,
2018,AL,deputado federal,1,1515,ISNALDO BULHÕES,ISNALDO BULHÕES BARROS JUNIOR,MDB,15,MOVIMENTO DEMOCRÁTICO BRASILEIRO,,MDB / PPS / PDT / PR / PTB / PT / PRTB / PODE / PRP / PSD / PMN / AVANTE,ELEITO POR QP,APTO,MDB,
2018,AL,deputado federal,1,1111,ARTHUR LIRA,ARTHUR CESAR PEREIRA DE LIRA,PP,11,PROGRESSISTAS,,PTC / PSDB / PP / PSB / PSC / PROS / PRB / DEM,ELEITO POR QP,APTO,PP,
2018,AL,deputado federal,1,2222,SÉRGIO TOLEDO,SÉRGIO TOLEDO DE ALBUQUERQUE,PR,22,PARTIDO DA REPÚBLICA,,MDB / PPS / PDT / PR / PTB / PT / PRTB / PODE / PRP / PSD / PMN / AVANTE,ELEITO POR QP,APTO,PL,
2018,AL,deputado federal,1,1010,SEVERINO PESSÔA,SEVERINO DE LIRA PESSÔA,PRB,10,PARTIDO REPUBLICANO BRASILEIRO,,PTC / PSDB / PP / PSB / PSC / PROS / PRB / DEM,ELEITO POR QP,APTO,REPUBLICANOS,
2018,AL,deputado federal,1,4040,JHC,JOÃO HENRIQUE HOLANDA CALDAS,PSB,40,PARTIDO SOCIALISTA BRASILEIRO,,PTC / PSDB / PP / PSB / PSC / PROS / PRB / DEM,ELEITO POR QP,APTO,PSB,
2018,AL,deputado federal,1,5555,MARX BELTRÃO,MARX BELTRÃO LIMA SIQUEIRA,PSD,55,PARTIDO SOCIAL DEMOCRÁTICO,,MDB / PPS / PDT / PR / PTB / PT / PRTB / PODE / PRP / PSD / PMN / AVANTE,ELEITO POR QP,APTO,PSD,
2018,AL,deputado federal,1,4544,TEREZA NELMA,TEREZA NELMA DA SILVA PORTO VIANA SOARES,PSDB,45,PARTIDO DA SOCIAL DEMOCRACIA BRASILEIRA,,PTC / PSDB / PP / PSB / PSC / PROS / PRB / DEM,ELEITO POR MÉDIA,APTO,PSDB,
2018,AL,deputado federal,1,1313,PAULÃO,PAULO FERNANDO DOS SANTOS,PT,13,PARTIDO DOS TRABALHADORES,,MDB / PPS / PDT / PR / PTB / PT / PRTB / PODE / PRP / PSD / PMN / AVANTE,ELEITO POR MÉDIA,APTO,PT,
2018,AL,deputado federal,1,1400,NIVALDO ALBUQUERQUE,NIVALDO FERREIRA DE ALBUQUERQUE NETO,PTB,14,PARTIDO TRABALHISTA BRASILEIRO,,MDB / PPS / PDT / PR / PTB / PT / PRTB / PODE / PRP / PSD / PMN / AVANTE,ELEITO POR QP,APTO,PTB,
2018,AM,deputado federal,1,1111,ATILA LINS,ATILA SIDNEY LINS DE ALBUQUERQUE,PP,11,PROGRESSISTAS,,PDT / PP / PV / PR / SOLIDARIEDADE / PTB / PHS / PSL,ELEITO POR QP,APTO,PP,
2018,AM,deputado federal,1,2222,MARCELO RAMOS,MARCELO RAMOS RODRIGUES,PR,22,PARTIDO DA REPÚBLICA,,PDT / PP / PV / PR / SOLIDARIEDADE / PTB / PHS / PSL,ELEITO POR MÉDIA,APTO,PL,
2018,AM,deputado federal,1,1000,CAPITÃO ALBERTO NETO,ALBERTO BARROS CAVALCANTE NETO,PRB,10,PARTIDO REPUBLICANO BRASILEIRO,,PSD / PRB / DEM / PTC / PSDB,ELEITO POR QP,APTO,REPUBLICANOS,
2018,AM,deputado federal,1,1010,SILAS CÂMARA,SILAS CÂMARA,PRB,10,PARTIDO REPUBLICANO BRASILEIRO,,PSD / PRB / DEM / PTC / PSDB,ELEITO POR QP,APTO,REPUBLICANOS,
2018,AM,deputado federal,1,5555,SIDNEY LEITE,SIDNEY RICARDO DE OLIVEIRA LEITE,PSD,55,PARTIDO SOCIAL DEMOCRÁTICO,,PSD / PRB / DEM / PTC / PSDB,ELEITO POR MÉDIA,APTO,PSD,
2018,AM,deputado federal,1,1717,DELEGADO PABLO,PABLO OLIVA SOUZA,PSL,17,PARTIDO SOCIAL LIBERAL,,PDT / PP / PV / PR / SOLIDARIEDADE / PTB / PHS / PSL,ELEITO POR QP,APTO,UNIÃO,
2018,AM,deputado federal,1,1313,JOSÉ RICARDO,JOSE RICARDO WENDLING,PT,13,PARTIDO DOS TRABALHADORES,,PC do B / PT,ELEITO POR QP,APTO,PT,
2018,AM,deputado federal,1,7777,BOSCO SARAIVA,JOÃO BOSCO GOMES SARAIVA,SOLIDARIEDADE,77,SOLIDARIEDADE,,PDT / PP / PV / PR / SOLIDARIEDADE / PTB / PHS / PSL,ELEITO POR MÉDIA,APTO,SOLIDARIEDADE,
2018,AP,deputado federal,1,7070,LEDA SADALA,LEDA MARIA SADALA BRITO,AVANTE,70,AVANTE,,REDE / PPL / AVANTE / SOLIDARIEDADE / PODE,ELEITO POR QP,APTO,AVANTE,
2018,AP,deputado federal,1,6565,PROFESSORA MARCIVANIA,MARCIVANIA DO SOCORRO DA ROCHA FLEXA,PC do B,65,PARTIDO COMUNISTA DO BRASIL,,PDT / PC do B / MDB / PROS,ELEITO POR MÉDIA,APTO,PC do B,
2018,AP,deputado federal,1,1111,ANDRE ABDON,ANDRE DOS SANTOS ABDON,PP,11,PROGRESSISTAS,,DEM / PSDB / PP / PSC / PSD / PATRIOTA,ELEITO POR MÉDIA,APTO,PP,
2018,AP,deputado federal,1,2222,VINÍCIUS,VINÍCIUS DE AZEVEDO GURGEL,PR,22,PARTIDO DA REPÚBLICA,,PPS / PHS / PR / PSL,ELEITO POR QP,APTO,PL,
2018,AP,deputado federal,1,1000,ALINE GURGEL,ALINE PARANHOS VARONIL GURGEL,PRB,10,PARTIDO REPUBLICANO BRASILEIRO,,PRB / PTB / DC / PTC / PRP,ELEITO POR QP,APTO,REPUBLICANOS,
2018,AP,deputado federal,1,9000,ACÁCIO FAVACHO,ACÁCIO DA SILVA FAVACHO NETO,PROS,90,PARTIDO REPUBLICANO DA ORDEM SOCIAL,,PDT / PC do B / MDB / PROS,ELEITO POR QP,APTO,PROS,
2018,AP,deputado federal,1,4040,CAMILO CAPIBERIBE,CARLOS CAMILO GOES CAPIBERIBE,PSB,40,PARTIDO SOCIALISTA BRASILEIRO,,PT / PSB,ELEITO POR MÉDIA,APTO,PSB,
2018,AP,deputado federal,1,4545,LUIZ CARLOS,LUIZ CARLOS GOMES DOS SANTOS JUNIOR,PSDB,45,PARTIDO DA SOCIAL DEMOCRACIA BRASILEIRA,,DEM / PSDB / PP / PSC / PSD / PATRIOTA,ELEITO POR QP,APTO,PSDB,
2018,BA,deputado federal,1,7000,PASTOR SARGENTO ISIDÓRIO,MANOEL ISIDORIO DE SANTANA JUNIOR,AVANTE,70,AVANTE,,AVANTE / PROS,ELEITO POR QP,APTO,AVANTE,
2018,BA,deputado federal,1,7070,TITO,CARLOS TITO MARQUES CORDEIRO,AVANTE,70,AVANTE,,AVANTE / PROS,ELEITO POR QP,APTO,AVANTE,
2018,BA,deputado federal,1,2512,ARTHUR MAIA,ARTHUR DE OLIVEIRA MAIA DA SILVA,DEM,25,DEMOCRATAS,,DEM / PRB / PV,ELEITO POR QP,APTO,UNIÃO,
2018,BA,deputado federal,1,2552,ELMAR,ELMAR JOSÉ VIEIRA NASCIMENTO,DEM,25,DEMOCRATAS,,DEM / PRB / PV,ELEITO POR QP,APTO,UNIÃO,
2018,BA,deputado federal,1,2525,LEUR LOMANTO JR,LEUR ANTONIO DE BRITTO LOMANTO JUNIOR,DEM,25,DEMOCRATAS,,DEM / PRB / PV,ELEITO POR MÉDIA,APTO,UNIÃO,
2018,BA,deputado federal,1,2526,PAULO AZI,PAULO VELLOSO DANTAS AZI,DEM,25,DEMOCRATAS,,DEM / PRB / PV,ELEITO POR QP,APTO,UNIÃO,
2018,BA,deputado federal,1,6522,ALICE PORTUGAL,ALICE MAZZUCO PORTUGAL,PC do B,65,PARTIDO COMUNISTA DO BRASIL,,PT / PC do B / PP / PSB / PSD / PR / PODE,ELEITO POR QP,APTO,PC do B,
2018,BA,deputado federal,1,6565,DANIEL ALMEIDA,DANIEL GOMES DE ALMEIDA,PC do B,65,PARTIDO COMUNISTA DO BRASIL,,PT / PC do B / PP / PSB / PSD / PR / PODE,ELEITO POR QP,APTO,PC do B,
2018,BA,deputado federal,1,1223,ALEX SANTANA,ALEX MARCO SANTANA SOUSA,PDT,12,PARTIDO DEMOCRÁTICO TRABALHISTA,,PDT,ELEITO POR MÉDIA,APTO,PDT,
2018,BA,deputado federal,1,1234,FELIX MENDONÇA,FELIX DE ALMEIDA MENDONÇA JUNIOR,PDT,12,PARTIDO DEMOCRÁTICO TRABALHISTA,,PDT,ELEITO POR QP,APTO,PDT,
2018,BA,deputado federal,1,3111,IGOR KANNARIO,ANDERSON MACHADO DE JESUS,PHS,31,PARTIDO HUMANISTA DA SOLIDARIEDADE,,PHS / PPS / PRTB / PSL,ELEITO POR QP,APTO,PODE,
2018,BA,deputado federal,1,3100,PASTOR ABILIO SANTANA,JOSE ABILIO SILVA DE SANTANA,PHS,31,PARTIDO HUMANISTA DA SOLIDARIEDADE,,PHS / PPS / PRTB / PSL,ELEITO POR QP,APTO,PODE,
2018,BA,deputado federal,1,1919,BACELAR,JOÃO CARLOS BACELAR BATISTA,PODE,19,PODEMOS,,PT / PC do B / PP / PSB / PSD / PR / PODE,ELEITO POR QP,APTO,PODE,
2018,BA,deputado federal,1,1115,CACÁ LEÃO,CARLOS FELIPE VAZQUEZ DE SOUZA LEÃO,PP,11,PROGRESSISTAS,,PT / PC do B / PP / PSB / PSD / PR / PODE,ELEITO POR QP,APTO,PP,
2018,BA,deputado federal,1,1122,CLAUDIO CAJADO,CLAUDIO CAJADO SAMPAIO,PP,11,PROGRESSISTAS,,PT / PC do B / PP / PSB / PSD / PR / PODE,ELEITO POR QP,APTO,PP,
2018,BA,deputado federal,1,1111,MÁRIO NEGROMONTE JR,MÁRIO SILVIO MENDES NEGROMONTE JÚNIOR,PP,11,PROGRESSISTAS,,PT / PC do B / PP / PSB / PSD / PR / PODE,ELEITO POR QP,APTO,PP,
2018,BA,deputado federal,1,1144,RONALDO CARLETTO,RONALDO CARLETTO,PP,11,PROGRESSISTAS,,PT / PC do B / PP / PSB / PSD / PR / PODE,ELEITO POR QP,APTO,PP,
2018,BA,deputado federal,1,5400,ULDÚRICO JÚNIOR,ULDURICO ALENCAR PINTO,PPL,54,PARTIDO PÁTRIA LIVRE,,PSC / PTB / SOLIDARIEDADE / PPL,ELEITO POR QP,APTO,PC do B,
2018,BA,deputado federal,1,2222,JOSE ROCHA,JOSE ALVES ROCHA,PR,22,PARTIDO DA REPÚBLICA,,PT / PC do B / PP / PSB / PSD / PR / PODE,ELEITO POR MÉDIA,APTO,PL,
2018,BA,deputado federal,1,2288,JOÃO BACELAR,JOAO CARLOS PAOLILO BACELAR FILHO,PR,22,PARTIDO DA REPÚBLICA,,PT / PC do B / PP / PSB / PSD / PR / PODE,ELEITO POR MÉDIA,APTO,PL,
2018,BA,deputado federal,1,1025,JOÃO ROMA,JOÃO INÁCIO RIBEIRO ROMA NETO,PRB,10,PARTIDO REPUBLICANO BRASILEIRO,,DEM / PRB / PV,ELEITO POR QP,APTO,REPUBLICANOS,
2018,BA,deputado federal,1,1010,MARCIO MARINHO,MARCIO CARLOS MARINHO,PRB,10,PARTIDO REPUBLICANO BRASILEIRO,,DEM / PRB / PV,ELEITO POR QP,APTO,REPUBLICANOS,
2018,BA,deputado federal,1,4422,RAIMUNDO COSTA,RAIMUNDO MAGALHÃES COSTA,PRP,44,PARTIDO REPUBLICANO PROGRESSISTA,,PMN / PTC / PRP / PMB,ELEITO POR MÉDIA,APTO,PATRIOTA,
2018,BA,deputado federal,1,4040,LÍDICE DA MATA,LÍDICE DA MATA E SOUZA,PSB,40,PARTIDO SOCIALISTA BRASILEIRO,,PT / PC do B / PP / PSB / PSD / PR / PODE,ELEITO POR QP,APTO,PSB,
2018,BA,deputado federal,1,4000,MARCELO NILO,JOSÉ MARCELO DO NASCIMENTO NILO,PSB,40,PARTIDO SOCIALISTA BRASILEIRO,,PT / PC do B / PP / PSB / PSD / PR / PODE,ELEITO POR QP,APTO,PSB,
2018,BA,deputado federal,1,5510,ANTONIO BRITO,ANTONIO LUIZ PARANHOS RIBEIRO LEITE DE BRITO,PSD,55,PARTIDO SOCIAL DEMOCRÁTICO,,PT / PC do B / PP / PSB / PSD / PR / PODE,ELEITO POR QP,APTO,PSD,
2018,BA,deputado federal,1,5511,CHARLES FERNANDES,CHARLES FERNANDES SILVEIRA SANTANA,PSD,55,PARTIDO SOCIAL DEMOCRÁTICO,,PT / PC do B / PP / PSB / PSD / PR / PODE,ELEITO POR MÉDIA,APTO,PSD,
2018,BA,deputado federal,1,5577,JOSÉ NUNES,JOSE NUNES SOARES,PSD,55,PARTIDO SOCIAL DEMOCRÁTICO,,PT / PC do B / PP / PSB / PSD / PR / PODE,ELEITO POR QP,APTO,PSD,
2018,BA,deputado federal,1,5588,OTTO ALENCAR FILHO,OTTO ROBERTO MENDONÇA DE ALENCAR FILHO,PSD,55,PARTIDO SOCIAL DEMOCRÁTICO,,PT / PC do B / PP / PSB / PSD / PR / PODE,ELEITO POR QP,APTO,PSD,
2018,BA,deputado federal,1,5580,SÉRGIO BRITO,SERGIO LUIS LACERDA BRITO,PSD,55,PARTIDO SOCIAL DEMOCRÁTICO,,PT / PC do B / PP / PSB / PSD / PR / PODE,ELEITO POR QP,APTO,PSD,
2018,BA,deputado federal,1,4545,ADOLFO VIANA ,ADOLFO VIANA DE CASTRO NETO,PSDB,45,PARTIDO DA SOCIAL DEMOCRACIA BRASILEIRA,,PSDB,ELEITO POR QP,APTO,PSDB,
2018,BA,deputado federal,1,1717,PROF. DAYANE PIMENTEL,DAYANE JAMILLE CARNEIRO DOS SANTOS PIMENTEL,PSL,17,PARTIDO SOCIAL LIBERAL,,PHS / PPS / PRTB / PSL,ELEITO POR QP,APTO,UNIÃO,
2018,BA,deputado federal,1,1301,AFONSO FLORENCE,AFONSO BANDEIRA FLORENCE,PT,13,PARTIDO DOS TRABALHADORES,,PT / PC do B / PP / PSB / PSD / PR / PODE,ELEITO POR QP,APTO,PT,
2018,BA,deputado federal,1,1313,JORGE SOLLA,JORGE JOSÉ SANTOS PEREIRA SOLLA,PT,13,PARTIDO DOS TRABALHADORES,,PT / PC do B / PP / PSB / PSD / PR / PODE,ELEITO POR QP,APTO,PT,
2018,BA,deputado federal,1,1312,JOSIAS GOMES,JOSIAS GOMES DA SILVA,PT,13,PARTIDO DOS TRABALHADORES,,PT / PC do B / PP / PSB / PSD / PR / PODE,ELEITO POR QP,APTO,PT,
2018,BA,deputado federal,1,1346,PELEGRINO,NELSON VICENTE PORTELA PELLEGRINO,PT,13,PARTIDO DOS TRABALHADORES,,PT / PC do B / PP / PSB / PSD / PR / PODE,ELEITO POR QP,APTO,PT,
2018,BA,deputado federal,1,1310,VALMIR ASSUNÇÃO,VALMIR CARLOS DA ASSUNÇÃO,PT,13,PARTIDO DOS TRABALHADORES,,PT / PC do B / PP / PSB / PSD / PR / PODE,ELEITO POR QP,APTO,PT,
2018,BA,deputado federal,1,1322,WALDENOR PEREIRA,WALDENOR ALVES PEREIRA FILHO,PT,13,PARTIDO DOS TRABALHADORES,,PT / PC do B / PP / PSB / PSD / PR / PODE,ELEITO POR QP,APTO,PT,
2018,BA,deputado federal,1,1323,ZÉ NETO,JOSÉ CERQUEIRA DE SANTANA NETO,PT,13,PARTIDO DOS TRABALHADORES,,PT / PC do B / PP / PSB / PSD / PR / PODE,ELEITO POR QP,APTO,PT,
2018,CE,deputado federal,1,1515,MOSES RODRIGUES,MOSES HAENDEL MELO RODRIGUES,MDB,15,MOVIMENTO DEMOCRÁTICO BRASILEIRO,,MDB / PHS / AVANTE / SOLIDARIEDADE / PSD / PSC / PODE / PRB,ELEITO POR QP,APTO,MDB,
2018,CE,deputado federal,1,5151,JÚNIOR MANO,ANTÔNIO LUIZ RODRIGUES MANO JÚNIOR,PATRIOTA,51,PATRIOTA,,PPS / PRTB / PATRIOTA,ELEITO POR QP,APTO,PATRIOTA,
2018,CE,deputado federal,1,1234,ANDRÉ FIGUEIREDO,ANDRE PEIXOTO FIGUEIREDO LIMA,PDT,12,PARTIDO DEMOCRÁTICO TRABALHISTA,,PDT / PTB / DEM / PSB / PRP / PPL,ELEITO POR QP,APTO,PDT,
2018,CE,deputado federal,1,1214,EDUARDO BISMARCK,EDUARDO HENRIQUE MAIA BISMARCK,PDT,12,PARTIDO DEMOCRÁTICO TRABALHISTA,,PDT / PTB / DEM / PSB / PRP / PPL,ELEITO POR MÉDIA,APTO,PDT,
2018,CE,deputado federal,1,1213,IDILVAN,ANTONIO IDILVAN DE LIMA ALENCAR,PDT,12,PARTIDO DEMOCRÁTICO TRABALHISTA,,PDT / PTB / DEM / PSB / PRP / PPL,ELEITO POR QP,APTO,PDT,
2018,CE,deputado federal,1,1212,LEONIDAS CRISTINO,JOSÉ LEÔNIDAS DE MENEZES CRISTINO,PDT,12,PARTIDO DEMOCRÁTICO TRABALHISTA,,PDT / PTB / DEM / PSB / PRP / PPL,ELEITO POR MÉDIA,APTO,PDT,
2018,CE,deputado federal,1,1221,MAURO FILHO,CARLOS MAURO BENEVIDES FILHO,PDT,12,PARTIDO DEMOCRÁTICO TRABALHISTA,,PDT / PTB / DEM / PSB / PRP / PPL,ELEITO POR QP,APTO,PDT,
2018,CE,deputado federal,1,1233,ROBÉRIO MONTEIRO,MARCOS ROBERIO RIBEIRO MONTEIRO,PDT,12,PARTIDO DEMOCRÁTICO TRABALHISTA,,PDT / PTB / DEM / PSB / PRP / PPL,ELEITO POR QP,APTO,PDT,
2018,CE,deputado federal,1,1111,AJ ALBUQUERQUE,ANTONIO JOSE AGUIAR ALBUQUERQUE,PP,11,PROGRESSISTAS,,PT / PC do B / PP / PV / PR / PMN,ELEITO POR QP,APTO,PP,
2018,CE,deputado federal,1,2277,DR.JAZIEL,JAZIEL PEREIRA DE SOUSA,PR,22,PARTIDO DA REPÚBLICA,,PT / PC do B / PP / PV / PR / PMN,ELEITO POR MÉDIA,APTO,PL,
2018,CE,deputado federal,1,9090,CAPITÃO WAGNER,WAGNER SOUSA GOMES,PROS,90,PARTIDO REPUBLICANO DA ORDEM SOCIAL,,PROS,ELEITO POR QP,APTO,PROS,
2018,CE,deputado federal,1,9099,VAIDON OLIVEIRA,FRANCISCO VAIDON OLIVEIRA,PROS,90,PARTIDO REPUBLICANO DA ORDEM SOCIAL,,PROS,ELEITO POR QP,APTO,PROS,
2018,CE,deputado federal,1,4000,DENIS BEZERRA,DENIS ANDERSON DA ROCHA BEZERRA,PSB,40,PARTIDO SOCIALISTA BRASILEIRO,,PDT / PTB / DEM / PSB / PRP / PPL,ELEITO POR QP,APTO,PSB,
2018,CE,deputado federal,1,5555,DOMINGOS NETO,DOMINGOS GOMES DE AGUIAR NETO,PSD,55,PARTIDO SOCIAL DEMOCRÁTICO,,MDB / PHS / AVANTE / SOLIDARIEDADE / PSD / PSC / PODE / PRB,ELEITO POR QP,APTO,PSD,
2018,CE,deputado federal,1,4580,ROBERTO PESSOA,ROBERTO SOARES PESSOA,PSDB,45,PARTIDO DA SOCIAL DEMOCRACIA BRASILEIRA,,PSDB,ELEITO POR QP,APTO,PSDB,
2018,CE,deputado federal,1,1717,HEITOR FREIRE,HEITOR RODRIGO PEREIRA FREIRE,PSL,17,PARTIDO SOCIAL LIBERAL,,DC / PSL,ELEITO POR MÉDIA,APTO,UNIÃO,
2018,CE,deputado federal,1,1322,GUIMARAES,JOSE NOBRE GUIMARAES,PT,13,PARTIDO DOS TRABALHADORES,,PT / PC do B / PP / PV / PR / PMN,ELEITO POR QP,APTO,PT,
2018,CE,deputado federal,1,1333,JOSE AIRTON,JOSE AIRTON FELIX CIRILO DA SILVA,PT,13,PARTIDO DOS TRABALHADORES,,PT / PC do B / PP / PV / PR / PMN,ELEITO POR QP,APTO,PT,
2018,CE,deputado federal,1,1313,LUIZIANNE,LUIZIANNE DE OLIVEIRA LINS,PT,13,PARTIDO DOS TRABALHADORES,,PT / PC do B / PP / PV / PR / PMN,ELEITO POR QP,APTO,PT,
2018,CE,deputado federal,1,1451,PEDRO BEZERRA,PEDRO AUGUSTO GEROMEL BEZERRA DE MENEZES,PTB,14,PARTIDO TRABALHISTA BRASILEIRO,,PDT / PTB / DEM / PSB / PRP / PPL,ELEITO POR QP,APTO,PTB,
2018,CE,deputado federal,1,4321,CELIO STUDART,CELIO STUDART BARBOSA,PV,43,PARTIDO VERDE,,PT / PC do B / PP / PV / PR / PMN,ELEITO POR QP,APTO,PV,
2018,CE,deputado federal,1,7777,GENECIAS NORONHA,GENECIAS MATEUS NORONHA,SOLIDARIEDADE,77,SOLIDARIEDADE,,MDB / PHS / AVANTE / SOLIDARIEDADE / PSD / PSC / PODE / PRB,ELEITO POR QP,INAPTO,SOLIDARIEDADE,"Consta como eleito na base do TSE, com a candidatura registrada hoje como inapta."
2018,DF,deputado federal,1,2555,LUIS MIRANDA,LUIS CLAUDIO FERNANDES MIRANDA,DEM,25,DEMOCRATAS,,PSDB / PR / DEM,ELEITO POR MÉDIA,APTO,UNIÃO,
2018,DF,deputado federal,1,1122,CELINA LEÃO,CELINA LEAO HIZIM,PP,11,PROGRESSISTAS,,MDB / PP / PSL / AVANTE,ELEITO POR MÉDIA,APTO,PP,
2018,DF,deputado federal,1,2345,PAULA BELMONTE,PAULA MORENO PARO BELMONTE,PPS,23,PARTIDO POPULAR SOCIALISTA,,PRB / PODE / PPS / SOLIDARIEDADE / PSC / PSD,ELEITO POR MÉDIA,APTO,CIDADANIA,
2018,DF,deputado federal,1,2200,FLAVIA ARRUDA,FLAVIA CAROLINA PERES,PR,22,PARTIDO DA REPÚBLICA,,PSDB / PR / DEM,ELEITO POR QP,APTO,PL,
2018,DF,deputado federal,1,1010,JULIO CESAR,JULIO CESAR RIBEIRO,PRB,10,PARTIDO REPUBLICANO BRASILEIRO,,PRB / PODE / PPS / SOLIDARIEDADE / PSC / PSD,ELEITO POR QP,APTO,REPUBLICANOS,
2018,DF,deputado federal,1,4417,BIA KICIS,BEATRIZ KICIS TORRENTS DE SORDI,PRP,44,PARTIDO REPUBLICANO PROGRESSISTA,,PRP / PRTB,ELEITO POR MÉDIA,APTO,PATRIOTA,
2018,DF,deputado federal,1,1331,ERIKA KOKAY,ERIKA JUCA KOKAY,PT,13,PARTIDO DOS TRABALHADORES,,PT,ELEITO POR MÉDIA,APTO,PT,
2018,DF,deputado federal,1,4343,PROFESSOR ISRAEL,ISRAEL MATOS BATISTA,PV,43,PARTIDO VERDE,,PSB / PV / PC do B / PDT / REDE,ELEITO POR QP,APTO,PV,
2018,ES,deputado federal,1,2500,NORMA AYUB,NORMA AYUB ALVES,DEM,25,DEMOCRATAS,,PDT / DEM / PSD / PSDB / PRP / SOLIDARIEDADE,ELEITO POR MÉDIA,APTO,UNIÃO,
2018,ES,deputado federal,1,1212,SERGIO VIDIGAL,ANTONIO SERGIO ALVES VIDIGAL,PDT,12,PARTIDO DEMOCRÁTICO TRABALHISTA,,PDT / DEM / PSD / PSDB / PRP / SOLIDARIEDADE,ELEITO POR QP,APTO,PDT,
2018,ES,deputado federal,1,1143,EVAIR DE MELO,EVAIR VIEIRA DE MELO,PP,11,PROGRESSISTAS,,PP / PROS / PPS / PHS / PC do B,ELEITO POR MÉDIA,APTO,PP,
2018,ES,deputado federal,1,2323,DA VITORIA,JOSIAS MARIO DA VITORIA,PPS,23,PARTIDO POPULAR SOCIALISTA,,PP / PROS / PPS / PHS / PC do B,ELEITO POR QP,APTO,CIDADANIA,
2018,ES,deputado federal,1,2222,LAURIETE,LAURIETE RODRIGUES DE JESUS MALTA,PR,22,PARTIDO DA REPÚBLICA,,PR / PRB / PSL,ELEITO POR MÉDIA,APTO,PL,
2018,ES,deputado federal,1,1010,AMARO NETO,AMARO ROCHA NASCIMENTO NETO,PRB,10,PARTIDO REPUBLICANO BRASILEIRO,,PR / PRB / PSL,ELEITO POR QP,APTO,REPUBLICANOS,
2018,ES,deputado federal,1,4044,FELIPE RIGONI,FELIPE RIGONI LOPES,PSB,40,PARTIDO SOCIALISTA BRASILEIRO,,PSB / PV / PSC / AVANTE / PTC / PPL,ELEITO POR QP,APTO,PSB,
2018,ES,deputado federal,1,4040,FOLETTO,PAULO ROBERTO FOLETTO,PSB,40,PARTIDO SOCIALISTA BRASILEIRO,,PSB / PV / PSC / AVANTE / PTC / PPL,ELEITO POR MÉDIA,APTO,PSB,
2018,ES,deputado federal,1,1717,DRA. SORAYA MANATO,SORAYA DE SOUZA MANNATO,PSL,17,PARTIDO SOCIAL LIBERAL,,PR / PRB / PSL,ELEITO POR QP,APTO,UNIÃO,
2018,ES,deputado federal,1,1350,HELDER SALOMÃO,HELDER IGNACIO SALOMÃO,PT,13,PARTIDO DOS TRABALHADORES,,PT,ELEITO POR MÉDIA,APTO,PT,
2018,GO,deputado federal,1,2580,DR. ZACARIAS CALIL,ZACARIAS CALIL HAMU,DEM,25,DEMOCRATAS,,DEM / PROS / PRP / PDT / PSC / PODE,ELEITO POR QP,APTO,UNIÃO,
2018,GO,deputado federal,1,2555,ZÉ MARIO,JOSE MARIO SCHREINER,DEM,25,DEMOCRATAS,,DEM / PROS / PRP / PDT / PSC / PODE,ELEITO POR QP,APTO,UNIÃO,
2018,GO,deputado federal,1,1212,FLAVIA MORAIS,FLAVIA CARREIRO ALBUQUERQUE MORAIS,PDT,12,PARTIDO DEMOCRÁTICO TRABALHISTA,,DEM / PROS / PRP / PDT / PSC / PODE,ELEITO POR QP,APTO,PDT,
2018,GO,deputado federal,1,1919,JOSÉ  NELTO,JOSÉ NELTO LAGARES DAS MERCEZ,PODE,19,PODEMOS,,DEM / PROS / PRP / PDT / PSC / PODE,ELEITO POR MÉDIA,APTO,PODE,
2018,GO,deputado federal,1,1111,ADRIANO DO BALDY,ADRIANO ANTÔNIO AVELAR,PP,11,PROGRESSISTAS,,MDB / PRB / PP,ELEITO POR MÉDIA,APTO,PP,
2018,GO,deputado federal,1,1170,PROFESSOR ALCIDES,ALCIDES RIBEIRO FILHO,PP,11,PROGRESSISTAS,,MDB / PRB / PP,ELEITO POR QP,APTO,PP,
2018,GO,deputado federal,1,2222,MAGDA MOFATTO,MAGDA MOFATTO HON,PR,22,PARTIDO DA REPÚBLICA,,PSDB / PR / PSB / PPS / SOLIDARIEDADE / PTB / PSD,ELEITO POR QP,APTO,PL,
2018,GO,deputado federal,1,1010,JOÃO CAMPOS,JOÃO CAMPOS DE ARAÚJO,PRB,10,PARTIDO REPUBLICANO BRASILEIRO,,MDB / PRB / PP,ELEITO POR QP,APTO,REPUBLICANOS,
2018,GO,deputado federal,1,4444,ALCIDES RODRIGUES,ALCIDES RODRIGUES FILHO,PRP,44,PARTIDO REPUBLICANO PROGRESSISTA,,DEM / PROS / PRP / PDT / PSC / PODE,ELEITO POR MÉDIA,APTO,PATRIOTA,
2018,GO,deputado federal,1,4040,ELIAS VAZ,ELIAS VAZ DE ANDRADE,PSB,40,PARTIDO SOCIALISTA BRASILEIRO,,PSDB / PR / PSB / PPS / SOLIDARIEDADE / PTB / PSD,ELEITO POR QP,APTO,PSB,
2018,GO,deputado federal,1,2018,GLAUSTIN DA FOKUS,GLAUSKSTON BATISTA RIOS,PSC,20,PARTIDO SOCIAL CRISTÃO,,DEM / PROS / PRP / PDT / PSC / PODE,ELEITO POR QP,APTO,PSC,
2018,GO,deputado federal,1,5555,FRANCISCO JR,FRANCISCO RODRIGUES VALE JUNIOR,PSD,55,PARTIDO SOCIAL DEMOCRÁTICO,,PSDB / PR / PSB / PPS / SOLIDARIEDADE / PTB / PSD,ELEITO POR QP,APTO,PSD,
2018,GO,deputado federal,1,4599,CÉLIO SILVEIRA,CÉLIO ANTÔNIO DA SILVEIRA,PSDB,45,PARTIDO DA SOCIAL DEMOCRACIA BRASILEIRA,,PSDB / PR / PSB / PPS / SOLIDARIEDADE / PTB / PSD,ELEITO POR MÉDIA,APTO,PSDB,
2018,GO,deputado federal,1,1700,DELEGADO WALDIR,WALDIR SOARES DE OLIVEIRA,PSL,17,PARTIDO SOCIAL LIBERAL,,PSL / DC,ELEITO POR QP,APTO,UNIÃO,
2018,GO,deputado federal,1,1701,MAJOR VITOR HUGO,VITOR HUGO DE ARAUJO ALMEIDA,PSL,17,PARTIDO SOCIAL LIBERAL,,PSL / DC,ELEITO POR QP,APTO,UNIÃO,
2018,GO,deputado federal,1,1313,RUBENS OTONI,RUBENS OTONI GOMIDE,PT,13,PARTIDO DOS TRABALHADORES,,PT / PC do B,ELEITO POR MÉDIA,APTO,PT,
2018,GO,deputado federal,1,7777,LUCAS VERGÍLIO,LUCAS DE CASTRO SANTOS,SOLIDARIEDADE,77,SOLIDARIEDADE,,PSDB / PR / PSB / PPS / SOLIDARIEDADE / PTB / PSD,ELEITO POR QP,APTO,SOLIDARIEDADE,
2018,MA,deputado federal,1,2510,JUSCELINO FILHO,JOSÉ JUSCELINO DOS SANTOS REZENDE FILHO,DEM,25,DEMOCRATAS,,PC do B / PRB / PPS / SOLIDARIEDADE / PROS / PTC / PTB / PSB / DEM / AVANTE / PPL,ELEITO POR MÉDIA,APTO,UNIÃO,
2018,MA,deputado federal,1,1513,HILDO ROCHA,HILDO AUGUSTO DA ROCHA NETO,MDB,15,MOVIMENTO DEMOCRÁTICO BRASILEIRO,,MDB / PV / PSD / PSC / PMB / PRP,ELEITO POR QP,APTO,MDB,
2018,MA,deputado federal,1,1555,JOÃO MARCELO,JOÃO MARCELO SANTOS SOUZA,MDB,15,MOVIMENTO DEMOCRÁTICO BRASILEIRO,,MDB / PV / PSD / PSC / PMB / PRP,ELEITO POR MÉDIA,APTO,MDB,
2018,MA,deputado federal,1,5122,JUNIOR MARRECA FILHO,ANTONIO DA CRUZ FILGUEIRA NETO,PATRIOTA,51,PATRIOTA,,PDT / PP / PR / PATRIOTA,ELEITO POR QP,APTO,PATRIOTA,
2018,MA,deputado federal,1,6513,MÁRCIO JERRY,MÁRCIO JERRY SARAIVA BARROSO,PC do B,65,PARTIDO COMUNISTA DO BRASIL,,PC do B / PRB / PPS / SOLIDARIEDADE / PROS / PTC / PTB / PSB / DEM / AVANTE / PPL,ELEITO POR QP,APTO,PC do B,
2018,MA,deputado federal,1,6565,RUBENS JUNIOR,RUBENS PEREIRA E SILVA JUNIOR,PC do B,65,PARTIDO COMUNISTA DO BRASIL,,PC do B / PRB / PPS / SOLIDARIEDADE / PROS / PTC / PTB / PSB / DEM / AVANTE / PPL,ELEITO POR QP,APTO,PC do B,
2018,MA,deputado federal,1,1234,GIL CUTRIM,GILLIANO FRED NASCIMENTO CUTRIM,PDT,12,PARTIDO DEMOCRÁTICO TRABALHISTA,,PDT / PP / PR / PATRIOTA,ELEITO POR MÉDIA,APTO,PDT,
2018,MA,deputado federal,1,3333,EDUARDO BRAIDE,EDUARDO SALIM BRAIDE,PMN,33,PARTIDO DA MOBILIZAÇÃO NACIONAL,,PMN / PHS,ELEITO POR QP,APTO,PMN,
2018,MA,deputado federal,1,3344,PASTOR GILDENEMYR,GILDENEMIR DE LIMA SOUSA,PMN,33,PARTIDO DA MOBILIZAÇÃO NACIONAL,,PMN / PHS,ELEITO POR MÉDIA,APTO,PMN,
2018,MA,deputado federal,1,1919,ALUISIO MENDES,ALUISIO GUIMARÃES MENDES FILHO,PODE,19,PODEMOS,,PSDB / REDE / PODE / DC,ELEITO POR QP,APTO,PODE,
2018,MA,deputado federal,1,1111,ANDRE FUFUCA,ANDRE LUIZ CARVALHO RIBEIRO,PP,11,PROGRESSISTAS,,PDT / PP / PR / PATRIOTA,ELEITO POR QP,APTO,PP,
2018,MA,deputado federal,1,2222,JOSIMAR MARANHÃOZINHO,JOSIMAR CUNHA RODRIGUES,PR,22,PARTIDO DA REPÚBLICA,,PDT / PP / PR / PATRIOTA,ELEITO POR QP,APTO,PL,
2018,MA,deputado federal,1,2200,JUNIOR LOURENÇO,JOSE LOURENÇO BONFIM JUNIOR,PR,22,PARTIDO DA REPÚBLICA,,PDT / PP / PR / PATRIOTA,ELEITO POR QP,APTO,PL,
2018,MA,deputado federal,1,1010,CLEBER VERDE,CLEBER VERDE CORDEIRO MENDES,PRB,10,PARTIDO REPUBLICANO BRASILEIRO,,PC do B / PRB / PPS / SOLIDARIEDADE / PROS / PTC / PTB / PSB / DEM / AVANTE / PPL,ELEITO POR QP,APTO,REPUBLICANOS,
2018,MA,deputado federal,1,4000,BIRA DO PINDARÉ,UBIRAJARA DO PINDARÉ ALMEIDA SOUSA,PSB,40,PARTIDO SOCIALISTA BRASILEIRO,,PC do B / PRB / PPS / SOLIDARIEDADE / PROS / PTC / PTB / PSB / DEM / AVANTE / PPL,ELEITO POR QP,APTO,PSB,
2018,MA,deputado federal,1,5533,EDILAZIO,EDILAZIO GOMES DA SILVA JUNIOR,PSD,55,PARTIDO SOCIAL DEMOCRÁTICO,,MDB / PV / PSD / PSC / PMB / PRP,ELEITO POR QP,APTO,PSD,
2018,MA,deputado federal,1,1313,ZE CARLOS,JOSE CARLOS NUNES JUNIOR,PT,13,PARTIDO DOS TRABALHADORES,,PT,ELEITO POR MÉDIA,APTO,PT,
2018,MA,deputado federal,1,1414,PEDRO LUCAS FERNANDES,PEDRO LUCAS ANDRADE FERNANDES RIBEIRO,PTB,14,PARTIDO TRABALHISTA BRASILEIRO,,PC do B / PRB / PPS / SOLIDARIEDADE / PROS / PTC / PTB / PSB / DEM / AVANTE / PPL,ELEITO POR QP,APTO,PTB,
2018,MG,deputado federal,1,7040,ANDRE JANONES,ANDRE LUIS GASPAR JANONES,AVANTE,70,AVANTE,,AVANTE,ELEITO POR QP,APTO,AVANTE,
2018,MG,deputado federal,1,7011,GREYCE ELIAS,GREYCE DE QUEIROZ ELIAS,AVANTE,70,AVANTE,,AVANTE,ELEITO POR QP,APTO,AVANTE,
2018,MG,deputado federal,1,7070,LUIS TIBE,LUIS HENRIQUE DE OLIVEIRA RESENDE,AVANTE,70,AVANTE,,AVANTE,ELEITO POR QP,APTO,AVANTE,
2018,MG,deputado federal,1,2545,BILAC PINTO,OLAVO BILAC PINTO NETO,DEM,25,DEMOCRATAS,,PSDB / PSD / SOLIDARIEDADE / PPS / DEM / PP,ELEITO POR QP,APTO,UNIÃO,
2018,MG,deputado federal,1,1513,FABIO RAMALHO,FÁBIO AUGUSTO RAMALHO DOS SANTOS,MDB,15,MOVIMENTO DEMOCRÁTICO BRASILEIRO,,PDT / PSB / PV / PRB / MDB,ELEITO POR QP,APTO,MDB,
2018,MG,deputado federal,1,1515,HERCÍLIO COELHO DINIZ,HERCÍLIO ARAÚJO DINIZ FILHO,MDB,15,MOVIMENTO DEMOCRÁTICO BRASILEIRO,,PDT / PSB / PV / PRB / MDB,ELEITO POR QP,APTO,MDB,
2018,MG,deputado federal,1,1511,MAURO LOPES,MAURO RIBEIRO LOPES,MDB,15,MOVIMENTO DEMOCRÁTICO BRASILEIRO,,PDT / PSB / PV / PRB / MDB,ELEITO POR MÉDIA,APTO,MDB,
2018,MG,deputado federal,1,1510,NEWTON CARDOSO JR,NEWTON CARDOSO JÚNIOR,MDB,15,MOVIMENTO DEMOCRÁTICO BRASILEIRO,,PDT / PSB / PV / PRB / MDB,ELEITO POR QP,APTO,MDB,
2018,MG,deputado federal,1,3022,LUCAS GONZALEZ,LUCAS DE VASCONCELOS GONZALEZ,NOVO,30,PARTIDO NOVO,,NOVO,ELEITO POR QP,APTO,NOVO,
2018,MG,deputado federal,1,3031,TIAGO MITRAUD,TIAGO LIMA MITRAUD DE CASTRO LEITE,NOVO,30,PARTIDO NOVO,,NOVO,ELEITO POR QP,APTO,NOVO,
2018,MG,deputado federal,1,5152,DOUTOR FREDERICO,FREDERICO DE CASTRO ESCALEIRA,PATRIOTA,51,PATRIOTA,,PATRIOTA / PTC / PMB,ELEITO POR MÉDIA,APTO,PATRIOTA,
2018,MG,deputado federal,1,5133,FRED COSTA,FREDERICO BORGES DA COSTA,PATRIOTA,51,PATRIOTA,,PATRIOTA / PTC / PMB,ELEITO POR QP,APTO,PATRIOTA,
2018,MG,deputado federal,1,1234,DR. MÁRIO HERINGER,MÁRIO LÚCIO HERINGER,PDT,12,PARTIDO DEMOCRÁTICO TRABALHISTA,,PDT / PSB / PV / PRB / MDB,ELEITO POR QP,APTO,PDT,
2018,MG,deputado federal,1,1231,SUBTENENTE GONZAGA,LUIZ GONZAGA RIBEIRO,PDT,12,PARTIDO DEMOCRÁTICO TRABALHISTA,,PDT / PSB / PV / PRB / MDB,ELEITO POR QP,APTO,PDT,
2018,MG,deputado federal,1,3132,FRANCO CARTAFINA,FRANCO CARTAFINA GOMES,PHS,31,PARTIDO HUMANISTA DA SOLIDARIEDADE,,PHS / PRP,ELEITO POR QP,APTO,PODE,
2018,MG,deputado federal,1,3133,MARCELO ARO,MARCELO GUILHERME DE ARO FERREIRA,PHS,31,PARTIDO HUMANISTA DA SOLIDARIEDADE,,PHS / PRP,ELEITO POR QP,APTO,PODE,
2018,MG,deputado federal,1,3333,ZÉ VITOR,JOSE VITOR DE RESENDE AGUIAR,PMN,33,PARTIDO DA MOBILIZAÇÃO NACIONAL,,PSC / PTB / PMN,ELEITO POR QP,APTO,PMN,
2018,MG,deputado federal,1,1999,IGOR TIMO,IGOR TARCIANO TIMO,PODE,19,PODEMOS,,PODE,ELEITO POR QP,APTO,PODE,
2018,MG,deputado federal,1,1111,DIMAS FABIANO,DIMAS FABIANO TOLEDO JUNIOR,PP,11,PROGRESSISTAS,,PSDB / PSD / SOLIDARIEDADE / PPS / DEM / PP,ELEITO POR MÉDIA,APTO,PP,
2018,MG,deputado federal,1,1122,PINHEIRINHO,ANTÔNIO PINHEIRO NETO,PP,11,PROGRESSISTAS,,PSDB / PSD / SOLIDARIEDADE / PPS / DEM / PP,ELEITO POR QP,APTO,PP,
2018,MG,deputado federal,1,2233,LINCOLN PORTELA,LINCOLN DINIZ PORTELA,PR,22,PARTIDO DA REPÚBLICA,,PT / PR / PSB / DC / PC do B,ELEITO POR QP,APTO,PL,
2018,MG,deputado federal,1,1010,GILBERTO ABRAMO,GILBERTO APARECIDO ABRAMO,PRB,10,PARTIDO REPUBLICANO BRASILEIRO,,PDT / PSB / PV / PRB / MDB,ELEITO POR QP,APTO,REPUBLICANOS,
2018,MG,deputado federal,1,1080,LAFAYETTE ANDRADA,LAFAYETTE LUIZ DOORGAL DE ANDRADA,PRB,10,PARTIDO REPUBLICANO BRASILEIRO,,PDT / PSB / PV / PRB / MDB,ELEITO POR QP,APTO,REPUBLICANOS,
2018,MG,deputado federal,1,9033,EROS BIONDINI,EROS FERREIRA BIONDINI,PROS,90,PARTIDO REPUBLICANO DA ORDEM SOCIAL,,PROS,ELEITO POR QP,APTO,PROS,
2018,MG,deputado federal,1,9090,WELITON PRADO,WELITON FERNANDES PRADO,PROS,90,PARTIDO REPUBLICANO DA ORDEM SOCIAL,,PROS,ELEITO POR MÉDIA,APTO,PROS,
2018,MG,deputado federal,1,4055,EMIDINHO MADEIRA,EMIDIO ALVES MADEIRA JUNIOR,PSB,40,PARTIDO SOCIALISTA BRASILEIRO,,PT / PR / PSB / DC / PC do B,ELEITO POR QP,APTO,PSB,
2018,MG,deputado federal,1,4050,JULIO DELGADO,JULIO CESAR DELGADO,PSB,40,PARTIDO SOCIALISTA BRASILEIRO,,PT / PR / PSB / DC / PC do B,ELEITO POR MÉDIA,APTO,PSB,
2018,MG,deputado federal,1,4057,VILSON DA FETAEMG,VILSON LUIZ DA SILVA,PSB,40,PARTIDO SOCIALISTA BRASILEIRO,,PT / PR / PSB / DC / PC do B,ELEITO POR QP,APTO,PSB,
2018,MG,deputado federal,1,2015,EUCLYDES PETTERSEN ,EUCLYDES MARCOS PETTERSEN NETO,PSC,20,PARTIDO SOCIAL CRISTÃO,,PSC / PTB / PMN,ELEITO POR QP,APTO,PSC,
2018,MG,deputado federal,1,5555,DIEGO ANDRADE,DIEGO LEONARDO DE ANDRADE CARVALHO,PSD,55,PARTIDO SOCIAL DEMOCRÁTICO,,PSDB / PSD / SOLIDARIEDADE / PPS / DEM / PP,ELEITO POR QP,APTO,PSD,
2018,MG,deputado federal,1,5505,MISAEL VARELLA,MISAEL ARTUR FERREIRA VARELLA,PSD,55,PARTIDO SOCIAL DEMOCRÁTICO,,PSDB / PSD / SOLIDARIEDADE / PPS / DEM / PP,ELEITO POR QP,APTO,PSD,
2018,MG,deputado federal,1,5544,STEFANO AGUIAR,STEFANO AGUIAR DOS SANTOS,PSD,55,PARTIDO SOCIAL DEMOCRÁTICO,,PSDB / PSD / SOLIDARIEDADE / PPS / DEM / PP,ELEITO POR QP,APTO,PSD,
2018,MG,deputado federal,1,4500,AÉCIO NEVES,AÉCIO NEVES DA CUNHA,PSDB,45,PARTIDO DA SOCIAL DEMOCRACIA BRASILEIRA,,PSDB / PSD / SOLIDARIEDADE / PPS / DEM / PP,ELEITO POR QP,APTO,PSDB,
2018,MG,deputado federal,1,4560,DOMINGOS SÁVIO,DOMINGOS SÁVIO CAMPOS RESENDE,PSDB,45,PARTIDO DA SOCIAL DEMOCRACIA BRASILEIRA,,PSDB / PSD / SOLIDARIEDADE / PPS / DEM / PP,ELEITO POR QP,APTO,PSDB,
2018,MG,deputado federal,1,4535,EDUARDO BARBOSA,EDUARDO LUIZ BARROS BARBOSA,PSDB,45,PARTIDO DA SOCIAL DEMOCRACIA BRASILEIRA,,PSDB / PSD / SOLIDARIEDADE / PPS / DEM / PP,ELEITO POR QP,APTO,PSDB,
2018,MG,deputado federal,1,4545,PAULO ABI ACKEL,PAULO ABI-ACKEL,PSDB,45,PARTIDO DA SOCIAL DEMOCRACIA BRASILEIRA,,PSDB / PSD / SOLIDARIEDADE / PPS / DEM / PP,ELEITO POR QP,APTO,PSDB,
2018,MG,deputado federal,1,4550,RODRIGO DE CASTRO,RODRIGO BATISTA DE CASTRO,PSDB,45,PARTIDO DA SOCIAL DEMOCRACIA BRASILEIRA,,PSDB / PSD / SOLIDARIEDADE / PPS / DEM / PP,ELEITO POR QP,APTO,PSDB,
2018,MG,deputado federal,1,1704,ALÊ SILVA,ALESSANDRA DA SILVA,PSL,17,PARTIDO SOCIAL LIBERAL,,PSL,ELEITO POR MÉDIA,APTO,UNIÃO,
2018,MG,deputado federal,1,1720,CABO JUNIO AMARAL,GERALDO JUNIO DO AMARAL,PSL,17,PARTIDO SOCIAL LIBERAL,,PSL,ELEITO POR QP,APTO,UNIÃO,
2018,MG,deputado federal,1,1745,CHARLLES EVANGELISTA,CHARLLES THOMACELLI EVANGELISTA,PSL,17,PARTIDO SOCIAL LIBERAL,,PSL,ELEITO POR QP,APTO,UNIÃO,
2018,MG,deputado federal,1,1777,DELEGADO MARCELO FREITAS,MARCELO EDUARDO FREITAS,PSL,17,PARTIDO SOCIAL LIBERAL,,PSL,ELEITO POR QP,APTO,UNIÃO,
2018,MG,deputado federal,1,1707,LÉO MOTTA,ELIEL MÁRCIO DO CARMO,PSL,17,PARTIDO SOCIAL LIBERAL,,PSL,ELEITO POR QP,APTO,UNIÃO,
2018,MG,deputado federal,1,1717,MARCELO ALVARO ANTONIO,MARCELO HENRIQUE TEIXEIRA DIAS,PSL,17,PARTIDO SOCIAL LIBERAL,,PSL,ELEITO POR QP,APTO,UNIÃO,
2018,MG,deputado federal,1,5018,AUREA CAROLINA,ÁUREA CAROLINA DE FREITAS E SILVA,PSOL,50,PARTIDO SOCIALISMO E LIBERDADE,,PSOL / PCB,ELEITO POR QP,APTO,PSOL,
2018,MG,deputado federal,1,1363,LEONARDO MONTEIRO,JOSÉ LEONARDO COSTA MONTEIRO,PT,13,PARTIDO DOS TRABALHADORES,,PT / PR / PSB / DC / PC do B,ELEITO POR QP,APTO,PT,
2018,MG,deputado federal,1,1314,MARGARIDA SALOMÃO,MARIA MARGARIDA MARTINS SALOMÃO,PT,13,PARTIDO DOS TRABALHADORES,,PT / PR / PSB / DC / PC do B,ELEITO POR QP,APTO,PT,
2018,MG,deputado federal,1,1307,ODAIR CUNHA,ODAIR JOSÉ DA CUNHA,PT,13,PARTIDO DOS TRABALHADORES,,PT / PR / PSB / DC / PC do B,ELEITO POR QP,APTO,PT,
2018,MG,deputado federal,1,1315,PADRE JOÃO,JOÃO CARLOS SIQUEIRA,PT,13,PARTIDO DOS TRABALHADORES,,PT / PR / PSB / DC / PC do B,ELEITO POR QP,APTO,PT,
2018,MG,deputado federal,1,1333,PATRUS ANANIAS,PATRUS ANANIAS DE SOUZA,PT,13,PARTIDO DOS TRABALHADORES,,PT / PR / PSB / DC / PC do B,ELEITO POR QP,APTO,PT,
2018,MG,deputado federal,1,1378,PAULO GUEDES,PAULO JOSÉ CARLOS GUEDES,PT,13,PARTIDO DOS TRABALHADORES,,PT / PR / PSB / DC / PC do B,ELEITO POR QP,APTO,PT,
2018,MG,deputado federal,1,1312,REGINALDO LOPES,REGINALDO LAZARO DE OLIVEIRA LOPES,PT,13,PARTIDO DOS TRABALHADORES,,PT / PR / PSB / DC / PC do B,ELEITO POR QP,APTO,PT,
2018,MG,deputado federal,1,1313,ROGÉRIO CORREIA,ROGERIO CORREIA DE MOURA BAPTISTA,PT,13,PARTIDO DOS TRABALHADORES,,PT / PR / PSB / DC / PC do B,ELEITO POR QP,APTO,PT,
2018,MG,deputado federal,1,7777,ZÉ SILVA,JOSÉ SILVA SOARES,SOLIDARIEDADE,77,SOLIDARIEDADE,,PSDB / PSD / SOLIDARIEDADE / PPS / DEM / PP,ELEITO POR QP,APTO,SOLIDARIEDADE,
2018,MS,deputado federal,1,2525,TEREZA CRISTINA,TEREZA CRISTINA CORREA DA COSTA DIAS,DEM,25,DEMOCRATAS,,PSDB / PATRIOTA / PSD / PMB / DEM / PP,ELEITO POR MÉDIA,APTO,UNIÃO,
2018,MS,deputado federal,1,1234,DAGOBERTO,DAGOBERTO NOGUEIRA FILHO,PDT,12,PARTIDO DEMOCRÁTICO TRABALHISTA,,PDT / PRB / PODE,ELEITO POR MÉDIA,APTO,PDT,
2018,MS,deputado federal,1,5555,FABIO TRAD,FABIO RICARDO TRAD,PSD,55,PARTIDO SOCIAL DEMOCRÁTICO,,PSDB / PATRIOTA / PSD / PMB / DEM / PP,ELEITO POR QP,APTO,PSD,
2018,MS,deputado federal,1,4545,BETO PEREIRA,HUMBERTO REZENDE PEREIRA,PSDB,45,PARTIDO DA SOCIAL DEMOCRACIA BRASILEIRA,,PSDB / PATRIOTA / PSD / PMB / DEM / PP,ELEITO POR QP,APTO,PSDB,
2018,MS,deputado federal,1,4555,ROSE MODESTO,ROSIANE MODESTO DE OLIVEIRA,PSDB,45,PARTIDO DA SOCIAL DEMOCRACIA BRASILEIRA,,PSDB / PATRIOTA / PSD / PMB / DEM / PP,ELEITO POR QP,APTO,PSDB,
2018,MS,deputado federal,1,1707,DR. LUIZ OVANDO,LUIZ ALBERTO OVANDO,PSL,17,PARTIDO SOCIAL LIBERAL,,PPS / PROS / SOLIDARIEDADE / PSB / PTB / AVANTE / PSL / PMN,ELEITO POR MÉDIA,APTO,UNIÃO,
2018,MS,deputado federal,1,1733,TIO TRUTIS,LOESTER CARLOS GOMES DE SOUZA,PSL,17,PARTIDO SOCIAL LIBERAL,,PPS / PROS / SOLIDARIEDADE / PSB / PTB / AVANTE / PSL / PMN,ELEITO POR QP,APTO,UNIÃO,
2018,MS,deputado federal,1,1331,VANDER LOUBET,VANDER LUIZ DOS SANTOS LOUBET,PT,13,PARTIDO DOS TRABALHADORES,,PT,ELEITO POR MÉDIA,APTO,PT,
2018,MT,deputado federal,1,1515,CARLOS BEZERRA,CARLOS GOMES BEZERRA,MDB,15,MOVIMENTO DEMOCRÁTICO BRASILEIRO,,DEM / PDT / PSD / MDB / PMB,ELEITO POR QP,APTO,MDB,
2018,MT,deputado federal,1,1520,JUAREZ COSTA,JUAREZ ALVES DA COSTA,MDB,15,MOVIMENTO DEMOCRÁTICO BRASILEIRO,,DEM / PDT / PSD / MDB / PMB,ELEITO POR MÉDIA,APTO,MDB,
2018,MT,deputado federal,1,1900,JOSE MEDEIROS,JOSE ANTONIO DOS SANTOS MEDEIROS,PODE,19,PODEMOS,,PRB / PP / PTB / PT / PMN / PODE / PROS / PR,ELEITO POR QP,APTO,PODE,
2018,MT,deputado federal,1,4522,VANDER MASSON,VANDER ALBERTO MASSON,PSDB,45,PARTIDO DA SOCIAL DEMOCRACIA BRASILEIRA,,PSDB / PPS / PSB / SOLIDARIEDADE,ELEITO POR MÉDIA,APTO,PSDB,
2018,MT,deputado federal,1,1700,NELSON BARBUDO,NELSON NED PREVIDENTE,PSL,17,PARTIDO SOCIAL LIBERAL,,PSL / PATRIOTA / PRP,ELEITO POR QP,APTO,UNIÃO,
2018,MT,deputado federal,1,1313,PROFESSORA ROSA NEIDE,ROSA NEIDE SANDES DE ALMEIDA,PT,13,PARTIDO DOS TRABALHADORES,,PRB / PP / PTB / PT / PMN / PODE / PROS / PR,ELEITO POR MÉDIA,APTO,PT,
2018,MT,deputado federal,1,1414,EMANUELZINHO,EMANUEL PINHEIRO DA SILVA PRIMO,PTB,14,PARTIDO TRABALHISTA BRASILEIRO,,PRB / PP / PTB / PT / PMN / PODE / PROS / PR,ELEITO POR QP,APTO,PTB,
2018,MT,deputado federal,1,7700,DR LEONARDO,LEONARDO RIBEIRO ALBUQUERQUE,SOLIDARIEDADE,77,SOLIDARIEDADE,,PSDB / PPS / PSB / SOLIDARIEDADE,ELEITO POR QP,APTO,SOLIDARIEDADE,
2018,PA,deputado federal,1,2525,HÉLIO LEITE,HÉLIO LEITE DA SILVA,DEM,25,DEMOCRATAS,,PSDB / DEM / PSB / PDT / SOLIDARIEDADE / PPS / PMN,ELEITO POR MÉDIA,APTO,UNIÃO,
2018,PA,deputado federal,1,2500,OLIVAL MARQUES,OLIVAL HENRIQUE MARQUES DE SOUZA,DEM,25,DEMOCRATAS,,PSDB / DEM / PSB / PDT / SOLIDARIEDADE / PPS / PMN,ELEITO POR QP,APTO,UNIÃO,
2018,PA,deputado federal,1,1515,ELCIONE,ELCIONE THEREZINHA ZAHLUTH BARBALHO,MDB,15,MOVIMENTO DEMOCRÁTICO BRASILEIRO,,MDB / PSD / PR / PP / PTB / PSC / PSL / PRB / PMB / PHS / PODE,ELEITO POR QP,APTO,MDB,
2018,PA,deputado federal,1,1555,PRIANTE,JOSÉ BENITO PRIANTE JUNIOR,MDB,15,MOVIMENTO DEMOCRÁTICO BRASILEIRO,,MDB / PSD / PR / PP / PTB / PSC / PSL / PRB / PMB / PHS / PODE,ELEITO POR QP,APTO,MDB,
2018,PA,deputado federal,1,2222,CRISTIANO VALE,CRISTIANO DUTRA VALE,PR,22,PARTIDO DA REPÚBLICA,,MDB / PSD / PR / PP / PTB / PSC / PSL / PRB / PMB / PHS / PODE,ELEITO POR QP,APTO,PL,
2018,PA,deputado federal,1,1010,VAVÁ MARTINS,WAGNER BACH MARTINS,PRB,10,PARTIDO REPUBLICANO BRASILEIRO,,MDB / PSD / PR / PP / PTB / PSC / PSL / PRB / PMB / PHS / PODE,ELEITO POR QP,APTO,REPUBLICANOS,
2018,PA,deputado federal,1,4011,CÁSSIO ANDRADE,CÁSSIO COELHO ANDRADE,PSB,40,PARTIDO SOCIALISTA BRASILEIRO,,PSDB / DEM / PSB / PDT / SOLIDARIEDADE / PPS / PMN,ELEITO POR QP,APTO,PSB,
2018,PA,deputado federal,1,5500,DELEGADO ÉDER MAURO,ÉDER MAURO CARDOSO BARRA,PSD,55,PARTIDO SOCIAL DEMOCRÁTICO,,MDB / PSD / PR / PP / PTB / PSC / PSL / PRB / PMB / PHS / PODE,ELEITO POR QP,APTO,PSD,
2018,PA,deputado federal,1,5555,JOAQUIM PASSARINHO,JOAQUIM PASSARINHO PINTO DE SOUZA PORTO,PSD,55,PARTIDO SOCIAL DEMOCRÁTICO,,MDB / PSD / PR / PP / PTB / PSC / PSL / PRB / PMB / PHS / PODE,ELEITO POR QP,APTO,PSD,
2018,PA,deputado federal,1,5588,JÚNIOR FERRARI,JOÃO FERRARI JUNIOR,PSD,55,PARTIDO SOCIAL DEMOCRÁTICO,,MDB / PSD / PR / PP / PTB / PSC / PSL / PRB / PMB / PHS / PODE,ELEITO POR QP,APTO,PSD,
2018,PA,deputado federal,1,4567,CELSO SABINO,CELSO SABINO DE OLIVEIRA,PSDB,45,PARTIDO DA SOCIAL DEMOCRACIA BRASILEIRA,,PSDB / DEM / PSB / PDT / SOLIDARIEDADE / PPS / PMN,ELEITO POR QP,APTO,PSDB,
2018,PA,deputado federal,1,4590,NILSON PINTO,NILSON PINTO DE OLIVEIRA,PSDB,45,PARTIDO DA SOCIAL DEMOCRACIA BRASILEIRA,,PSDB / DEM / PSB / PDT / SOLIDARIEDADE / PPS / PMN,ELEITO POR QP,APTO,PSDB,
2018,PA,deputado federal,1,5050,EDMILSON RODRIGUES,EDMILSON BRITO RODRIGUES,PSOL,50,PARTIDO SOCIALISMO E LIBERDADE,,PSOL / PPL / PCB,ELEITO POR QP,APTO,PSOL,
2018,PA,deputado federal,1,1321,AIRTON FALEIRO,AIRTON LUIZ FALEIRO,PT,13,PARTIDO DOS TRABALHADORES,,PT / PC do B,ELEITO POR MÉDIA,APTO,PT,
2018,PA,deputado federal,1,1313,BETO FARO,JOSE ROBERTO OLIVEIRA FARO,PT,13,PARTIDO DOS TRABALHADORES,,PT / PC do B,ELEITO POR QP,APTO,PT,
2018,PA,deputado federal,1,1444,EDUARDO COSTA,JOSE EDUARDO PEREIRA DA COSTA,PTB,14,PARTIDO TRABALHISTA BRASILEIRO,,MDB / PSD / PR / PP / PTB / PSC / PSL / PRB / PMB / PHS / PODE,ELEITO POR MÉDIA,APTO,PTB,
2018,PA,deputado federal,1,1456,PAULO BENGTSON,PAULO EDUARDO MAESTRI BENGTSON,PTB,14,PARTIDO TRABALHISTA BRASILEIRO,,MDB / PSD / PR / PP / PTB / PSC / PSL / PRB / PMB / PHS / PODE,ELEITO POR QP,APTO,PTB,
2018,PB,deputado federal,1,2511,EFRAIM FILHO,EFRAIM DE ARAUJO MORAIS FILHO,DEM,25,DEMOCRATAS,,PSB / PTB / PRB / PT / DEM / PDT / PC do B / PODE,ELEITO POR MÉDIA,APTO,UNIÃO,
2018,PB,deputado federal,1,1212,DR DAMIÃO,DAMIÃO FELICIANO DA SILVA,PDT,12,PARTIDO DEMOCRÁTICO TRABALHISTA,,PSB / PTB / PRB / PT / DEM / PDT / PC do B / PODE,ELEITO POR QP,APTO,PDT,
2018,PB,deputado federal,1,1111,AGUINALDO RIBEIRO,AGUINALDO VELLOSO BORGES RIBEIRO,PP,11,PROGRESSISTAS,,PP / PTC / PHS / PPL,ELEITO POR QP,APTO,PP,
2018,PB,deputado federal,1,2222,WELLINGTON ROBERTO,JOSÉ WELLINGTON ROBERTO,PR,22,PARTIDO DA REPÚBLICA,,MDB / PR / PATRIOTA,ELEITO POR QP,APTO,PL,
2018,PB,deputado federal,1,1011,HUGO,HUGO MOTTA WANDERLEY DA NÓBREGA,PRB,10,PARTIDO REPUBLICANO BRASILEIRO,,PSB / PTB / PRB / PT / DEM / PDT / PC do B / PODE,ELEITO POR QP,APTO,REPUBLICANOS,
2018,PB,deputado federal,1,4040,GERVÁSIO MAIA,GERVÁSIO AGRIPINO MAIA,PSB,40,PARTIDO SOCIALISTA BRASILEIRO,,PSB / PTB / PRB / PT / DEM / PDT / PC do B / PODE,ELEITO POR QP,APTO,PSB,
2018,PB,deputado federal,1,4500,EDNA HENRIQUE,EDNACE ALVES SILVESTRE HENRIQUE,PSDB,45,PARTIDO DA SOCIAL DEMOCRACIA BRASILEIRA,,PV / PSDB / PSD / PSC / SOLIDARIEDADE,ELEITO POR QP,APTO,PSDB,
2018,PB,deputado federal,1,4510,PEDRO CUNHA LIMA,PEDRO OLIVEIRA CUNHA LIMA,PSDB,45,PARTIDO DA SOCIAL DEMOCRACIA BRASILEIRA,,PV / PSDB / PSD / PSC / SOLIDARIEDADE,ELEITO POR QP,APTO,PSDB,
2018,PB,deputado federal,1,4567,RUY CARNEIRO,RUY MANUEL CARNEIRO BARBOSA DE AÇA BELCHIOR,PSDB,45,PARTIDO DA SOCIAL DEMOCRACIA BRASILEIRA,,PV / PSDB / PSD / PSC / SOLIDARIEDADE,ELEITO POR MÉDIA,APTO,PSDB,
2018,PB,deputado federal,1,1717,JULIAN LEMOS,GULLIEM CHARLES BEZERRA LEMOS,PSL,17,PARTIDO SOCIAL LIBERAL,,PSL / DC / PRTB,ELEITO POR QP,APTO,UNIÃO,
2018,PB,deputado federal,1,1345,FREI ANASTACIO,ANTONIO RIBEIRO,PT,13,PARTIDO DOS TRABALHADORES,,PSB / PTB / PRB / PT / DEM / PDT / PC do B / PODE,ELEITO POR QP,APTO,PT,
2018,PB,deputado federal,1,1411,WILSON SANTIAGO,JOSÉ WILSON SANTIAGO,PTB,14,PARTIDO TRABALHISTA BRASILEIRO,,PSB / PTB / PRB / PT / DEM / PDT / PC do B / PODE,ELEITO POR MÉDIA,APTO,PTB,
2018,PE,deputado federal,1,2501,FERNANDO FILHO,FERNANDO BEZERRA DE SOUZA COELHO FILHO,DEM,25,DEMOCRATAS,,PTB / DEM / PSDB / PSC / PRB / PODE / PPS,ELEITO POR QP,APTO,UNIÃO,
2018,PE,deputado federal,1,1515,RAUL HENRY,RAUL JEAN LOUIS HENRY JUNIOR,MDB,15,MOVIMENTO DEMOCRÁTICO BRASILEIRO,,PSB / PC do B / MDB / PSD,ELEITO POR QP,APTO,MDB,
2018,PE,deputado federal,1,5151,PASTOR EURICO,FRANCISCO EURICO DA SILVA,PATRIOTA,51,PATRIOTA,,PATRIOTA,ELEITO POR QP,APTO,PATRIOTA,
2018,PE,deputado federal,1,6513,RENILDO CALHEIROS,RENILDO VASCONCELOS CALHEIROS,PC do B,65,PARTIDO COMUNISTA DO BRASIL,,PSB / PC do B / MDB / PSD,ELEITO POR QP,APTO,PC do B,
2018,PE,deputado federal,1,1212,TÚLIO GADÊLHA,TÚLIO GADELHA SALES DE MELO,PDT,12,PARTIDO DEMOCRÁTICO TRABALHISTA,,PROS / AVANTE / PDT,ELEITO POR MÉDIA,APTO,PDT,
2018,PE,deputado federal,1,1234,WOLNEY QUEIROZ,WOLNEY QUEIROZ MACIEL,PDT,12,PARTIDO DEMOCRÁTICO TRABALHISTA,,PROS / AVANTE / PDT,ELEITO POR QP,APTO,PDT,
2018,PE,deputado federal,1,3131,FERNANDO RODOLFO,FERNANDO RODOLFO TENORIO DE VASCONCELOS,PHS,31,PARTIDO HUMANISTA DA SOLIDARIEDADE,,PSL / PRTB / PHS / PV,ELEITO POR MÉDIA,APTO,PODE,
2018,PE,deputado federal,1,1919,RICARDO TEOBALDO,RICARDO TEOBALDO CAVALCANTI,PODE,19,PODEMOS,,PTB / DEM / PSDB / PSC / PRB / PODE / PPS,ELEITO POR QP,APTO,PODE,
2018,PE,deputado federal,1,1111,EDUARDO DA FONTE,EDUARDO HENRIQUE DA FONTE DE ALBUQUERQUE SILVA,PP,11,PROGRESSISTAS,,PP / PR / SOLIDARIEDADE / PMN,ELEITO POR QP,APTO,PP,
2018,PE,deputado federal,1,1190,FERNANDO MONTEIRO,FERNANDO MONTEIRO DE ALBUQUERQUE,PP,11,PROGRESSISTAS,,PP / PR / SOLIDARIEDADE / PMN,ELEITO POR QP,APTO,PP,
2018,PE,deputado federal,1,2323,DANIEL COELHO,DANIEL PIRES COELHO,PPS,23,PARTIDO POPULAR SOCIALISTA,,PTB / DEM / PSDB / PSC / PRB / PODE / PPS,ELEITO POR QP,APTO,CIDADANIA,
2018,PE,deputado federal,1,2233,SEBASTIÃO OLIVEIRA,SEBASTIÃO IGNACIO DE OLIVEIRA JUNIOR,PR,22,PARTIDO DA REPÚBLICA,,PP / PR / SOLIDARIEDADE / PMN,ELEITO POR QP,APTO,PL,
2018,PE,deputado federal,1,1012,BISPO OSSESIO,OSSESIO JOSE DA SILVA,PRB,10,PARTIDO REPUBLICANO BRASILEIRO,,PTB / DEM / PSDB / PSC / PRB / PODE / PPS,ELEITO POR MÉDIA,APTO,REPUBLICANOS,
2018,PE,deputado federal,1,1010,SILVIO COSTA FILHO,SILVIO SERAFIM COSTA FILHO,PRB,10,PARTIDO REPUBLICANO BRASILEIRO,,PTB / DEM / PSDB / PSC / PRB / PODE / PPS,ELEITO POR QP,APTO,REPUBLICANOS,
2018,PE,deputado federal,1,4010,DANILO CABRAL,DANILO JORGE DE BARROS CABRAL,PSB,40,PARTIDO SOCIALISTA BRASILEIRO,,PSB / PC do B / MDB / PSD,ELEITO POR QP,APTO,PSB,
2018,PE,deputado federal,1,4004,FELIPE CARRERAS,FELIPE AUGUSTO LYRA CARRERAS,PSB,40,PARTIDO SOCIALISTA BRASILEIRO,,PSB / PC do B / MDB / PSD,ELEITO POR QP,APTO,PSB,
2018,PE,deputado federal,1,4000,GONZAGA PATRIOTA,LUIZ GONZAGA PATRIOTA,PSB,40,PARTIDO SOCIALISTA BRASILEIRO,,PSB / PC do B / MDB / PSD,ELEITO POR QP,APTO,PSB,
2018,PE,deputado federal,1,4040,JOÃO CAMPOS,JOÃO HENRIQUE DE ANDRADE LIMA CAMPOS,PSB,40,PARTIDO SOCIALISTA BRASILEIRO,,PSB / PC do B / MDB / PSD,ELEITO POR QP,APTO,PSB,
2018,PE,deputado federal,1,4020,TADEU ALENCAR,FRANCISCO TADEU BARBOSA DE ALENCAR,PSB,40,PARTIDO SOCIALISTA BRASILEIRO,,PSB / PC do B / MDB / PSD,ELEITO POR MÉDIA,APTO,PSB,
2018,PE,deputado federal,1,2020,ANDRE FERREIRA,ANDRE FERREIRA RODRIGUES,PSC,20,PARTIDO SOCIAL CRISTÃO,,PTB / DEM / PSDB / PSC / PRB / PODE / PPS,ELEITO POR QP,APTO,PSC,
2018,PE,deputado federal,1,5555,ANDRE DE PAULA,ANDRE CARLOS ALVES DE PAULA FILHO,PSD,55,PARTIDO SOCIAL DEMOCRÁTICO,,PSB / PC do B / MDB / PSD,ELEITO POR QP,APTO,PSD,
2018,PE,deputado federal,1,1717,LUCIANO BIVAR,LUCIANO CALDAS BIVAR,PSL,17,PARTIDO SOCIAL LIBERAL,,PSL / PRTB / PHS / PV,ELEITO POR QP,APTO,UNIÃO,
2018,PE,deputado federal,1,1314,CARLOS VERAS,JOSÉ CARLOS VERAS DOS SANTOS,PT,13,PARTIDO DOS TRABALHADORES,,PT,ELEITO POR QP,APTO,PT,
2018,PE,deputado federal,1,1310,MARÍLIA ARRAES,MARÍLIA VALENÇA ROCHA ARRAES DE ALENCAR,PT,13,PARTIDO DOS TRABALHADORES,,PT,ELEITO POR QP,APTO,PT,
2018,PE,deputado federal,1,7777,AUGUSTO COUTINHO,AUGUSTO RODRIGUES COUTINHO DE MELO,SOLIDARIEDADE,77,SOLIDARIEDADE,,PP / PR / SOLIDARIEDADE / PMN,ELEITO POR MÉDIA,APTO,SOLIDARIEDADE,
2018,PI,deputado federal,1,1515,MARCOS AURELIO SAMPAIO,MARCOS AURELIO PADUA RIBEIRO GONÇALVES DE SAMPAIO,MDB,15,MOVIMENTO DEMOCRÁTICO BRASILEIRO,,MDB / PP / PTB / PC do B / PR / PDT / PSD / PT,ELEITO POR MÉDIA,APTO,MDB,
2018,PI,deputado federal,1,1212,FLAVIO NOGUEIRA,FLAVIO RODRIGUES NOGUEIRA,PDT,12,PARTIDO DEMOCRÁTICO TRABALHISTA,,MDB / PP / PTB / PC do B / PR / PDT / PSD / PT,ELEITO POR QP,APTO,PDT,
2018,PI,deputado federal,1,1111,IRACEMA PORTELLA,IRACEMA MARIA PORTELLA NUNES NOGUEIRA LIMA,PP,11,PROGRESSISTAS,,MDB / PP / PTB / PC do B / PR / PDT / PSD / PT,ELEITO POR QP,APTO,PP,
2018,PI,deputado federal,1,1122,MARGARETE COELHO,MARGARETE DE CASTRO COELHO,PP,11,PROGRESSISTAS,,MDB / PP / PTB / PC do B / PR / PDT / PSD / PT,ELEITO POR MÉDIA,APTO,PP,
2018,PI,deputado federal,1,2222,CAPITÃO FÁBIO ABREU,FÁBIO ABREU COSTA,PR,22,PARTIDO DA REPÚBLICA,,MDB / PP / PTB / PC do B / PR / PDT / PSD / PT,ELEITO POR QP,APTO,PL,
2018,PI,deputado federal,1,4040,ÁTILA LIRA,ÁTILA FREITAS LIRA,PSB,40,PARTIDO SOCIALISTA BRASILEIRO,,PSDB / PSB / DEM,ELEITO POR MÉDIA,APTO,PSB,
2018,PI,deputado federal,1,5555,JÚLIO CESAR,JULIO CESAR DE CARVALHO LIMA,PSD,55,PARTIDO SOCIAL DEMOCRÁTICO,,MDB / PP / PTB / PC do B / PR / PDT / PSD / PT,ELEITO POR QP,APTO,PSD,
2018,PI,deputado federal,1,1313,ASSIS CARVALHO,FRANCISCO DE ASSIS CARVALHO GONÇALVES,PT,13,PARTIDO DOS TRABALHADORES,,MDB / PP / PTB / PC do B / PR / PDT / PSD / PT,ELEITO POR QP,APTO,PT,
2018,PI,deputado federal,1,1311,REJANE DIAS,REJANE RIBEIRO SOUSA DIAS,PT,13,PARTIDO DOS TRABALHADORES,,MDB / PP / PTB / PC do B / PR / PDT / PSD / PT,ELEITO POR QP,APTO,PT,
2018,PI,deputado federal,1,3636,DRA. MARINA,MARINA SANTOS BATISTA DIAS,PTC,36,PARTIDO TRABALHISTA CRISTÃO,,PMN / PRB / SOLIDARIEDADE / PPL / PTC,ELEITO POR MÉDIA,APTO,AGIR,
2018,PR,deputado federal,1,2505,PEDRO LUPION,PEDRO DEBONI LUPION MELLO,DEM,25,DEMOCRATAS,,PP / PTB / DEM / PMN / PMB / PSB / PSDB / PROS,ELEITO POR QP,APTO,UNIÃO,
2018,PR,deputado federal,1,1540,HERMES FRANGÃO PARCIANELLO,HERMES PARCIANELLO,MDB,15,MOVIMENTO DEMOCRÁTICO BRASILEIRO,,MDB / PDT / SOLIDARIEDADE / PC do B,ELEITO POR QP,APTO,MDB,
2018,PR,deputado federal,1,1512,SÉRGIO SOUZA,SERGIO DE SOUZA,MDB,15,MOVIMENTO DEMOCRÁTICO BRASILEIRO,,MDB / PDT / SOLIDARIEDADE / PC do B,ELEITO POR QP,APTO,MDB,
2018,PR,deputado federal,1,1234,GUSTAVO FRUET,GUSTAVO BONATO FRUET,PDT,12,PARTIDO DEMOCRÁTICO TRABALHISTA,,MDB / PDT / SOLIDARIEDADE / PC do B,ELEITO POR QP,APTO,PDT,
2018,PR,deputado federal,1,1919,DIEGO GARCIA,DIEGO ALEXSANDER GONÇALO PAULA GARCIA,PODE,19,PODEMOS,,PSD / PSC / PR / PPS / PODE,ELEITO POR QP,APTO,PODE,
2018,PR,deputado federal,1,1151,RICARDO BARROS,RICARDO JOSE MAGALHÃES BARROS,PP,11,PROGRESSISTAS,,PP / PTB / DEM / PMN / PMB / PSB / PSDB / PROS,ELEITO POR QP,APTO,PP,
2018,PR,deputado federal,1,1122,SCHIAVINATO,JOSE CARLOS SCHIAVINATO,PP,11,PROGRESSISTAS,,PP / PTB / DEM / PMN / PMB / PSB / PSDB / PROS,ELEITO POR MÉDIA,APTO,PP,
2018,PR,deputado federal,1,2300,RUBENS BUENO,RUBENS BUENO,PPS,23,PARTIDO POPULAR SOCIALISTA,,PSD / PSC / PR / PPS / PODE,ELEITO POR QP,APTO,CIDADANIA,
2018,PR,deputado federal,1,2233,CHRISTIANE YARED,CHRISTIANE DE SOUZA YARED,PR,22,PARTIDO DA REPÚBLICA,,PSD / PSC / PR / PPS / PODE,ELEITO POR QP,APTO,PL,
2018,PR,deputado federal,1,2200,GIACOBO,FERNANDO LUCIO GIACOBO,PR,22,PARTIDO DA REPÚBLICA,,PSD / PSC / PR / PPS / PODE,ELEITO POR QP,APTO,PL,
2018,PR,deputado federal,1,2222,LUIZ NISHIMORI,LUIZ HILOSHI NISHIMORI,PR,22,PARTIDO DA REPÚBLICA,,PSD / PSC / PR / PPS / PODE,ELEITO POR MÉDIA,APTO,PL,
2018,PR,deputado federal,1,1010,AROLDO MARTINS,JOSE AROLDO SOUZA MARTINS,PRB,10,PARTIDO REPUBLICANO BRASILEIRO,,PRB / PHS / AVANTE,ELEITO POR QP,APTO,REPUBLICANOS,
2018,PR,deputado federal,1,1080,LUIZÃO GOULART,LUIZ GOULARTE ALVES,PRB,10,PARTIDO REPUBLICANO BRASILEIRO,,PRB / PHS / AVANTE,ELEITO POR QP,APTO,REPUBLICANOS,
2018,PR,deputado federal,1,9000,BOCA ABERTA,EMERSON MIGUEL PETRIV,PROS,90,PARTIDO REPUBLICANO DA ORDEM SOCIAL,,PP / PTB / DEM / PMN / PMB / PSB / PSDB / PROS,ELEITO POR QP,APTO,PROS,
2018,PR,deputado federal,1,9090,TONINHO WANDSCHEER,ANTONIO WANDSCHEER,PROS,90,PARTIDO REPUBLICANO DA ORDEM SOCIAL,,PP / PTB / DEM / PMN / PMB / PSB / PSDB / PROS,ELEITO POR MÉDIA,APTO,PROS,
2018,PR,deputado federal,1,4012,ALIEL MACHADO,ALIEL MACHADO BARK,PSB,40,PARTIDO SOCIALISTA BRASILEIRO,,PP / PTB / DEM / PMN / PMB / PSB / PSDB / PROS,ELEITO POR QP,APTO,PSB,
2018,PR,deputado federal,1,4040,LUCIANO DUCCI,LUCIANO DUCCI,PSB,40,PARTIDO SOCIALISTA BRASILEIRO,,PP / PTB / DEM / PMN / PMB / PSB / PSDB / PROS,ELEITO POR QP,APTO,PSB,
2018,PR,deputado federal,1,2020,PAULO MARTINS,PAULO EDUARDO LIMA MARTINS,PSC,20,PARTIDO SOCIAL CRISTÃO,,PSD / PSC / PR / PPS / PODE,ELEITO POR QP,APTO,PSC,
2018,PR,deputado federal,1,5569,NEY LEPREVOST,NEY LEPREVOST NETO,PSD,55,PARTIDO SOCIAL DEMOCRÁTICO,,PSD / PSC / PR / PPS / PODE,ELEITO POR QP,APTO,PSD,
2018,PR,deputado federal,1,5555,SANDRO ALEX,SANDRO ALEX CRUZ DE OLIVEIRA,PSD,55,PARTIDO SOCIAL DEMOCRÁTICO,,PSD / PSC / PR / PPS / PODE,ELEITO POR QP,APTO,PSD,
2018,PR,deputado federal,1,5590,SARGENTO FAHUR,GILSON CARDOSO FAHUR,PSD,55,PARTIDO SOCIAL DEMOCRÁTICO,,PSD / PSC / PR / PPS / PODE,ELEITO POR QP,APTO,PSD,
2018,PR,deputado federal,1,5577,VERMELHO,NELSI COGUETTO MARIA,PSD,55,PARTIDO SOCIAL DEMOCRÁTICO,,PSD / PSC / PR / PPS / PODE,ELEITO POR MÉDIA,APTO,PSD,
2018,PR,deputado federal,1,1717,ALINE SLEUTJES,ALINE SLEUTJES,PSL,17,PARTIDO SOCIAL LIBERAL,,PSL / PTC / PATRIOTA,ELEITO POR QP,APTO,UNIÃO,
2018,PR,deputado federal,1,1777,FELIPE FRANCISCHINI,LUIS FELIPE BONATTO FRANCISCHINI,PSL,17,PARTIDO SOCIAL LIBERAL,,PSL / PTC / PATRIOTA,ELEITO POR QP,APTO,UNIÃO,
2018,PR,deputado federal,1,1700,FILIPE BARROS,FILIPE BARROS BAPTISTA DE TOLEDO RIBEIRO,PSL,17,PARTIDO SOCIAL LIBERAL,,PSL / PTC / PATRIOTA,ELEITO POR QP,APTO,UNIÃO,
2018,PR,deputado federal,1,1330,ENIO VERRI,ENIO JOSÉ VERRI,PT,13,PARTIDO DOS TRABALHADORES,,PT,ELEITO POR MÉDIA,APTO,PT,
2018,PR,deputado federal,1,1313,GLEISI LULA,GLEISI HELENA HOFFMANN,PT,13,PARTIDO DOS TRABALHADORES,,PT,ELEITO POR QP,APTO,PT,
2018,PR,deputado federal,1,1310,ZECA DIRCEU,JOSE CARLOS BECKER DE OLIVEIRA E SILVA,PT,13,PARTIDO DOS TRABALHADORES,,PT,ELEITO POR QP,APTO,PT,
2018,PR,deputado federal,1,1414,LUISA CANZIANI,LUISA DOS SANTOS SILVEIRA,PTB,14,PARTIDO TRABALHISTA BRASILEIRO,,PP / PTB / DEM / PMN / PMB / PSB / PSDB / PROS,ELEITO POR QP,APTO,PTB,
2018,PR,deputado federal,1,4300,LEANDRE,LEANDRE DAL PONTE,PV,43,PARTIDO VERDE,,PV,ELEITO POR QP,APTO,PV,
2018,RJ,deputado federal,1,7070,CHIQUINHO BRAZÃO,JOÃO FRANCISCO INÁCIO BRAZÃO,AVANTE,70,AVANTE,,PMN / AVANTE,ELEITO POR MÉDIA,APTO,AVANTE,
2018,RJ,deputado federal,1,2727,LUIZ ANTÔNIO,LUIZ ANTONIO DA COSTA CARVALHO CORREA DA SILVA,DC,27,DEMOCRACIA CRISTÃ,,PV / DC,ELEITO POR QP,APTO,DC,
2018,RJ,deputado federal,1,2500,JUNINHO DO PNEU,ROGERIO TEIXEIRA JUNIOR,DEM,25,DEMOCRATAS,,DEM / MDB / PP / PTB,ELEITO POR MÉDIA,APTO,UNIÃO,
2018,RJ,deputado federal,1,2501,PEDRO PAULO,PEDRO PAULO CARVALHO TEIXEIRA,DEM,25,DEMOCRATAS,,DEM / MDB / PP / PTB,ELEITO POR QP,APTO,UNIÃO,
2018,RJ,deputado federal,1,2587,RODRIGO MAIA,RODRIGO FELINTO IBARRA EPITÁCIO MAIA,DEM,25,DEMOCRATAS,,DEM / MDB / PP / PTB,ELEITO POR QP,APTO,UNIÃO,
2018,RJ,deputado federal,1,2577,SÓSTENES,SÓSTENES SILVA CAVALCANTE,DEM,25,DEMOCRATAS,,DEM / MDB / PP / PTB,ELEITO POR QP,APTO,UNIÃO,
2018,RJ,deputado federal,1,1545,DANIELA DO WAGUINHO,DANIELA MOTE DE SOUZA CARNEIRO,MDB,15,MOVIMENTO DEMOCRÁTICO BRASILEIRO,,DEM / MDB / PP / PTB,ELEITO POR QP,APTO,MDB,
2018,RJ,deputado federal,1,1516,GUTEMBERG REIS,GUTEMBERG REIS DE OLIVEIRA,MDB,15,MOVIMENTO DEMOCRÁTICO BRASILEIRO,,DEM / MDB / PP / PTB,ELEITO POR QP,APTO,MDB,
2018,RJ,deputado federal,1,1515,VINÍCIUS FARAH,VINICIUS MEDEIROS FARAH,MDB,15,MOVIMENTO DEMOCRÁTICO BRASILEIRO,,DEM / MDB / PP / PTB,ELEITO POR QP,APTO,MDB,
2018,RJ,deputado federal,1,3030,PAULO GANIME,PAULO GUSTAVO GANIME ALVES TEIXEIRA,NOVO,30,PARTIDO NOVO,,NOVO,ELEITO POR QP,APTO,NOVO,
2018,RJ,deputado federal,1,6565,JANDIRA FEGHALI,JANDIRA FEGHALI,PC do B,65,PARTIDO COMUNISTA DO BRASIL,,PT / PC do B,ELEITO POR QP,APTO,PC do B,
2018,RJ,deputado federal,1,1210,CHICO D ANGELO,FRANCISCO JOSE D ANGELO PINTO,PDT,12,PARTIDO DEMOCRÁTICO TRABALHISTA,,PDT / PSB,ELEITO POR QP,APTO,PDT,
2018,RJ,deputado federal,1,1234,PAULO RAMOS,PAULO SERGIO RAMOS BARBOZA,PDT,12,PARTIDO DEMOCRÁTICO TRABALHISTA,,PDT / PSB,ELEITO POR QP,APTO,PDT,
2018,RJ,deputado federal,1,3100,GELSON AZEVEDO,GELSON DE AZEVEDO ALMEIDA,PHS,31,PARTIDO HUMANISTA DA SOLIDARIEDADE,,PHS,ELEITO POR MÉDIA,APTO,PODE,
2018,RJ,deputado federal,1,1155,CHRISTINO AUREO,CHRISTINO ÁUREO DA SILVA,PP,11,PROGRESSISTAS,,DEM / MDB / PP / PTB,ELEITO POR MÉDIA,APTO,PP,
2018,RJ,deputado federal,1,1177,DR. LUIZINHO,LUIZ ANTONIO DE SOUZA TEIXEIRA JÚNIOR,PP,11,PROGRESSISTAS,,DEM / MDB / PP / PTB,ELEITO POR QP,APTO,PP,
2018,RJ,deputado federal,1,2323,MARCELO CALERO,MARCELO CALERO FARIA GARCIA,PPS,23,PARTIDO POPULAR SOCIALISTA,,SOLIDARIEDADE / PSDB / PPS,ELEITO POR QP,APTO,CIDADANIA,
2018,RJ,deputado federal,1,2269,ALTINEU CORTES,ALTINEU CORTES FREITAS COUTINHO,PR,22,PARTIDO DA REPÚBLICA,,PODE / PR,ELEITO POR QP,APTO,PL,
2018,RJ,deputado federal,1,2222,SORAYA SANTOS,SORAYA ALENCAR DOS SANTOS,PR,22,PARTIDO DA REPÚBLICA,,PODE / PR,ELEITO POR QP,APTO,PL,
2018,RJ,deputado federal,1,1033,ROSANGELA GOMES ,ROSANGELA DE SOUZA GOMES ,PRB,10,PARTIDO REPUBLICANO BRASILEIRO,,PRB,ELEITO POR QP,APTO,REPUBLICANOS,
2018,RJ,deputado federal,1,1010,WAGNER MONTES,WAGNER MONTES DOS SANTOS,PRB,10,PARTIDO REPUBLICANO BRASILEIRO,,PRB,ELEITO POR QP,APTO,REPUBLICANOS,
2018,RJ,deputado federal,1,9044,CLARISSA GARONTINHO,CLARISSA GAROTINHO BARROS ASSED MATHEUS DE OLIVEIRA,PROS,90,PARTIDO REPUBLICANO DA ORDEM SOCIAL,,PSC / PROS,ELEITO POR MÉDIA,APTO,PROS,
2018,RJ,deputado federal,1,4488,WLADIMIR GAROTINHO,WLADIMIR BARROS ASSED MATHEUS DE OLIVEIRA,PRP,44,PARTIDO REPUBLICANO PROGRESSISTA,,PRP,ELEITO POR QP,APTO,PATRIOTA,
2018,RJ,deputado federal,1,4040,ALESSANDRO MOLON,ALESSANDRO LUCCIOLA MOLON,PSB,40,PARTIDO SOCIALISTA BRASILEIRO,,PDT / PSB,ELEITO POR QP,APTO,PSB,
2018,RJ,deputado federal,1,2050,OTONI DE PAULA,OTONI MOURA DE PAULO JUNIOR,PSC,20,PARTIDO SOCIAL CRISTÃO,,PSC / PROS,ELEITO POR QP,APTO,PSC,
2018,RJ,deputado federal,1,5570,ALEXANDRE SERFIOTIS,ALEXANDRE AUGUSTUS SERFIOTIS,PSD,55,PARTIDO SOCIAL DEMOCRÁTICO,,PSD,ELEITO POR QP,APTO,PSD,
2018,RJ,deputado federal,1,5593,FLORDELIS,FLORDELIS DOS SANTOS DE SOUZA,PSD,55,PARTIDO SOCIAL DEMOCRÁTICO,,PSD,ELEITO POR QP,APTO,PSD,
2018,RJ,deputado federal,1,5510,HUGO LEAL,HUGO LEAL MELO DA SILVA,PSD,55,PARTIDO SOCIAL DEMOCRÁTICO,,PSD,ELEITO POR QP,APTO,PSD,
2018,RJ,deputado federal,1,1777,CARLOS JORDY,CARLOS ROBERTO COELHO DE MATTOS JÚNIOR,PSL,17,PARTIDO SOCIAL LIBERAL,,PSL,ELEITO POR QP,APTO,UNIÃO,
2018,RJ,deputado federal,1,1714,CHRIS TONIETTO,CHRISTINE NOGUEIRA DOS REIS TONIETTO,PSL,17,PARTIDO SOCIAL LIBERAL,,PSL,ELEITO POR QP,APTO,UNIÃO,
2018,RJ,deputado federal,1,1796,DANIEL SILVEIRA,DANIEL LUCIO DA SILVEIRA,PSL,17,PARTIDO SOCIAL LIBERAL,,PSL,ELEITO POR MÉDIA,APTO,UNIÃO,
2018,RJ,deputado federal,1,1793,DELEGADO ANTÔNIO FURTADO,ANTÔNIO DA LUZ FURTADO,PSL,17,PARTIDO SOCIAL LIBERAL,,PSL,ELEITO POR QP,APTO,UNIÃO,
2018,RJ,deputado federal,1,1767,FELÍCIO LATERÇA,FELÍCIO LATERÇA DE ALMEIDA,PSL,17,PARTIDO SOCIAL LIBERAL,,PSL,ELEITO POR QP,APTO,UNIÃO,
2018,RJ,deputado federal,1,1720,HELIO FERNANDO BARBOSA LOPES,HELIO FERNANDO BARBOSA LOPES,PSL,17,PARTIDO SOCIAL LIBERAL,,PSL,ELEITO POR QP,APTO,UNIÃO,
2018,RJ,deputado federal,1,1789,LOURIVAL GOMES,LOURIVAL GOMES DE ALMEIDA,PSL,17,PARTIDO SOCIAL LIBERAL,,PSL,ELEITO POR QP,APTO,UNIÃO,
2018,RJ,deputado federal,1,1717,LUIZ LIMA ,LUIZ EDUARDO CARNEIRO DA SILVA DE SOUZA LIMA,PSL,17,PARTIDO SOCIAL LIBERAL,,PSL,ELEITO POR QP,APTO,UNIÃO,
2018,RJ,deputado federal,1,1746,MAJOR FABIANA,FABIANA SILVA DE SOUZA,PSL,17,PARTIDO SOCIAL LIBERAL,,PSL,ELEITO POR QP,APTO,UNIÃO,
2018,RJ,deputado federal,1,1752,MÁRCIO LABRE,MÁRCIO DA SILVEIRA LABRE,PSL,17,PARTIDO SOCIAL LIBERAL,,PSL,ELEITO POR QP,APTO,UNIÃO,
2018,RJ,deputado federal,1,1716,PROFESSOR JOZIEL,JOZIEL FERREIRA CARLOS,PSL,17,PARTIDO SOCIAL LIBERAL,,PSL,ELEITO POR MÉDIA,APTO,UNIÃO,
2018,RJ,deputado federal,1,1798,SARGENTO GURGEL,JOÃO CARLOS SOARES GURGEL,PSL,17,PARTIDO SOCIAL LIBERAL,,PSL,ELEITO POR QP,APTO,UNIÃO,
2018,RJ,deputado federal,1,5080,GLAUBER BRAGA,GLAUBER DE MEDEIROS BRAGA,PSOL,50,PARTIDO SOCIALISMO E LIBERDADE,,PSOL / PCB,ELEITO POR QP,APTO,PSOL,
2018,RJ,deputado federal,1,5005,JEAN WYLLYS,JEAN WYLLYS DE MATOS SANTOS,PSOL,50,PARTIDO SOCIALISMO E LIBERDADE,,PSOL / PCB,ELEITO POR MÉDIA,APTO,PSOL,
2018,RJ,deputado federal,1,5050,MARCELO FREIXO,MARCELO RIBEIRO FREIXO,PSOL,50,PARTIDO SOCIALISMO E LIBERDADE,,PSOL / PCB,ELEITO POR QP,APTO,PSOL,
2018,RJ,deputado federal,1,5077,TALÍRIA PETRONE,TALIRIA PETRONE SOARES,PSOL,50,PARTIDO SOCIALISMO E LIBERDADE,,PSOL / PCB,ELEITO POR QP,APTO,PSOL,
2018,RJ,deputado federal,1,1377,BENEDITA DA SILVA ,BENEDITA SOUZA DA SILVA SAMPAIO ,PT,13,PARTIDO DOS TRABALHADORES,,PT / PC do B,ELEITO POR QP,APTO,PT,
2018,RJ,deputado federal,1,7733,AUREO,AUREO LIDIO MOREIRA RIBEIRO,SOLIDARIEDADE,77,SOLIDARIEDADE,,SOLIDARIEDADE / PSDB / PPS,ELEITO POR QP,APTO,SOLIDARIEDADE,
2018,RN,deputado federal,1,1511,WALTER ALVES,WALTER PEREIRA ALVES,MDB,15,MOVIMENTO DEMOCRÁTICO BRASILEIRO,,PDT / PP / MDB / PODE / DEM,ELEITO POR QP,APTO,MDB,
2018,RN,deputado federal,1,1111,BETO,CARLOS ALBERTO DE SOUSA ROSADO SEGUNDO,PP,11,PROGRESSISTAS,,PDT / PP / MDB / PODE / DEM,ELEITO POR MÉDIA,APTO,PP,
2018,RN,deputado federal,1,2222,JOÃO MAIA,JOÃO DA SILVA MAIA,PR,22,PARTIDO DA REPÚBLICA,,PRB / PTB / PR / PPS / PMB / PTC / PSB / PSDB / PSD / AVANTE / PROS,ELEITO POR QP,APTO,PL,
2018,RN,deputado federal,1,4040,RAFAEL MOTTA,RAFAEL HUETE DA MOTTA,PSB,40,PARTIDO SOCIALISTA BRASILEIRO,,PRB / PTB / PR / PPS / PMB / PTC / PSB / PSDB / PSD / AVANTE / PROS,ELEITO POR QP,APTO,PSB,
2018,RN,deputado federal,1,5555,FÁBIO FARIA,FÁBIO SALUSTINO MESQUITA DE FARIA,PSD,55,PARTIDO SOCIAL DEMOCRÁTICO,,PRB / PTB / PR / PPS / PMB / PTC / PSB / PSDB / PSD / AVANTE / PROS,ELEITO POR MÉDIA,APTO,PSD,
2018,RN,deputado federal,1,1777,GENERAL GIRAO,ELIESER GIRAO MONTEIRO FILHO,PSL,17,PARTIDO SOCIAL LIBERAL,,SOLIDARIEDADE / PSL / DC / PV / PSC,ELEITO POR QP,APTO,UNIÃO,
2018,RN,deputado federal,1,1311,NATALIA BONAVIDES,NATALIA BASTOS BONAVIDES,PT,13,PARTIDO DOS TRABALHADORES,,PT / PC do B / PHS,ELEITO POR QP,APTO,PT,
2018,RN,deputado federal,1,3666,BENES LEOCADIO,LUIZ BENES LEOCADIO DE ARAUJO,PTC,36,PARTIDO TRABALHISTA CRISTÃO,,PRB / PTB / PR / PPS / PMB / PTC / PSB / PSDB / PSD / AVANTE / PROS,ELEITO POR QP,APTO,AGIR,
2018,RO,deputado federal,1,1555,LUCIO MOSQUINI,LUCIO ANTONIO MOSQUINI,MDB,15,MOVIMENTO DEMOCRÁTICO BRASILEIRO,,MDB / PODE / PV,ELEITO POR MÉDIA,APTO,MDB,
2018,RO,deputado federal,1,1234,SILVIA CRISTINA,SILVIA CRISTINA AMANCIO CHAGAS,PDT,12,PARTIDO DEMOCRÁTICO TRABALHISTA,,PDT / PSB / PTB / SOLIDARIEDADE / PP / PR / DC / PTC / PT,ELEITO POR QP,APTO,PDT,
2018,RO,deputado federal,1,1919,LÉO MORAES,LEONARDO BARRETO DE MORAES,PODE,19,PODEMOS,,MDB / PODE / PV,ELEITO POR QP,APTO,PODE,
2018,RO,deputado federal,1,1111,JAQUELINE CASSOL,DIRLAINE JAQUELINE CASSOL,PP,11,PROGRESSISTAS,,PDT / PSB / PTB / SOLIDARIEDADE / PP / PR / DC / PTC / PT,ELEITO POR QP,APTO,PP,
2018,RO,deputado federal,1,4040,DR. MAURO NAZIF,MAURO NAZIF RASUL,PSB,40,PARTIDO SOCIALISTA BRASILEIRO,,PDT / PSB / PTB / SOLIDARIEDADE / PP / PR / DC / PTC / PT,ELEITO POR MÉDIA,APTO,PSB,
2018,RO,deputado federal,1,5555,EXPEDITO NETTO,EXPEDITO GONÇALVES FERREIRA NETTO,PSD,55,PARTIDO SOCIAL DEMOCRÁTICO,,PSDB / DEM / PSD / PRB / PATRIOTA,ELEITO POR QP,APTO,PSD,
2018,RO,deputado federal,1,4545,MARIANA CARVALHO,MARIANA FONSECA RIBEIRO CARVALHO DE MORAES,PSDB,45,PARTIDO DA SOCIAL DEMOCRACIA BRASILEIRA,,PSDB / DEM / PSD / PRB / PATRIOTA,ELEITO POR MÉDIA,APTO,PSDB,
2018,RO,deputado federal,1,1777,CORONEL CHRISÓSTOMO,JOAO CHRISÓSTOMO DE MOURA,PSL,17,PARTIDO SOCIAL LIBERAL,,PSL,ELEITO POR MÉDIA,APTO,UNIÃO,
2018,RR,deputado federal,1,1111,DR. HIRAN GONÇALVES,HIRAN MANUEL GONÇALVES DA SILVA,PP,11,PROGRESSISTAS,,PP / PDT / PC do B / PODE / PHS,ELEITO POR MÉDIA,APTO,PP,
2018,RR,deputado federal,1,2200,EDIO LOPES,EDIO VIEIRA LOPES,PR,22,PARTIDO DA REPÚBLICA,,PR / PRTB,ELEITO POR MÉDIA,APTO,PL,
2018,RR,deputado federal,1,1011,JHONATAN DE JESUS,JOHNATHAN PEREIRA DE JESUS,PRB,10,PARTIDO REPUBLICANO BRASILEIRO,,PSL / PRB / PTC / PSC,ELEITO POR QP,APTO,REPUBLICANOS,
2018,RR,deputado federal,1,5555,HAROLDO CATHEDRAL,HAROLDO ALVES CAMPOS,PSD,55,PARTIDO SOCIAL DEMOCRÁTICO,,MDB / PSD / SOLIDARIEDADE / DC,ELEITO POR QP,APTO,PSD,
2018,RR,deputado federal,1,4545,SHÉRIDAN,SHÉRIDAN ESTÉRFANY OLIVEIRA DE ANCHIETA,PSDB,45,PARTIDO DA SOCIAL DEMOCRACIA BRASILEIRA,,PPS / DEM / PSDB / PMB,ELEITO POR QP,APTO,PSDB,
2018,RR,deputado federal,1,1717,NICOLETTI,ANTONIO CARLOS NICOLETTI,PSL,17,PARTIDO SOCIAL LIBERAL,,PSL / PRB / PTC / PSC,ELEITO POR MÉDIA,APTO,UNIÃO,
2018,RR,deputado federal,1,1818,JOENIA WAPICHANA,JOENIA BATISTA DE CARVALHO,REDE,18,REDE SUSTENTABILIDADE,,PTB / REDE / PV / PT,ELEITO POR MÉDIA,APTO,REDE,
2018,RR,deputado federal,1,7777,OTACI,JOSE OTACI BARROSO DO NASCIMENTO,SOLIDARIEDADE,77,SOLIDARIEDADE,,MDB / PSD / SOLIDARIEDADE / DC,ELEITO POR MÉDIA,APTO,SOLIDARIEDADE,
2018,RS,deputado federal,1,2522,ONYX LORENZONI,ONYX DORNELLES LORENZONI,DEM,25,DEMOCRATAS,,DEM / PROS / PSL,ELEITO POR QP,APTO,UNIÃO,
2018,RS,deputado federal,1,1500,ALCEU MOREIRA,ALCEU MOREIRA DA SILVA,MDB,15,MOVIMENTO DEMOCRÁTICO BRASILEIRO,,MDB,ELEITO POR QP,APTO,MDB,
2018,RS,deputado federal,1,1515,GIOVANI FELTES,GIOVANI BATISTA FELTES,MDB,15,MOVIMENTO DEMOCRÁTICO BRASILEIRO,,MDB,ELEITO POR QP,APTO,MDB,
2018,RS,deputado federal,1,1520,MÁRCIO BIOLCHI,MARCIO DELLA VALLE BIOLCHI,MDB,15,MOVIMENTO DEMOCRÁTICO BRASILEIRO,,MDB,ELEITO POR QP,APTO,MDB,
2018,RS,deputado federal,1,1522,OSMAR TERRA,OSMAR GASPARINI TERRA,MDB,15,MOVIMENTO DEMOCRÁTICO BRASILEIRO,,MDB,ELEITO POR MÉDIA,APTO,MDB,
2018,RS,deputado federal,1,3030,MARCEL VAN HATTEM,MARCEL VAN HATTEM,NOVO,30,PARTIDO NOVO,,NOVO,ELEITO POR QP,APTO,NOVO,
2018,RS,deputado federal,1,1200,AFONSO MOTTA,AFONSO ANTUNES DA MOTTA,PDT,12,PARTIDO DEMOCRÁTICO TRABALHISTA,,PDT / PMB / PV,ELEITO POR MÉDIA,APTO,PDT,
2018,RS,deputado federal,1,1208,MARLON SANTOS,MARLON ARATOR SANTOS DA ROSA,PDT,12,PARTIDO DEMOCRÁTICO TRABALHISTA,,PDT / PMB / PV,ELEITO POR QP,APTO,PDT,
2018,RS,deputado federal,1,1212,POMPEO DE MATTOS,DARCI POMPEO DE MATTOS,PDT,12,PARTIDO DEMOCRÁTICO TRABALHISTA,,PDT / PMB / PV,ELEITO POR QP,APTO,PDT,
2018,RS,deputado federal,1,1166,AFONSO HAMM,JOSÉ ALFONSO EBERT HAMM,PP,11,PROGRESSISTAS,,PSDB / PTB / PRB / REDE / PP,ELEITO POR QP,APTO,PP,
2018,RS,deputado federal,1,1111,COVATTI FILHO,LUIS ANTONIO FRANCISCATTO COVATTI,PP,11,PROGRESSISTAS,,PSDB / PTB / PRB / REDE / PP,ELEITO POR QP,APTO,PP,
2018,RS,deputado federal,1,1133,JERÔNIMO GOERGEN,JERÔNIMO PIZZOLOTTO GOERGEN,PP,11,PROGRESSISTAS,,PSDB / PTB / PRB / REDE / PP,ELEITO POR QP,APTO,PP,
2018,RS,deputado federal,1,1144,PEDRO WESTPHALEN,PEDRO BANDARRA WESTPHALEN,PP,11,PROGRESSISTAS,,PSDB / PTB / PRB / REDE / PP,ELEITO POR QP,APTO,PP,
2018,RS,deputado federal,1,2222,GIOVANI CHERINI,GIOVANI CHERINI,PR,22,PARTIDO DA REPÚBLICA,,PSB / PR / PATRIOTA,ELEITO POR QP,APTO,PL,
2018,RS,deputado federal,1,1010,CARLOS GOMES,ANTONIO CARLOS GOMES DA SILVA,PRB,10,PARTIDO REPUBLICANO BRASILEIRO,,PSDB / PTB / PRB / REDE / PP,ELEITO POR QP,APTO,REPUBLICANOS,
2018,RS,deputado federal,1,4012,HEITOR SCHUCH,HEITOR JOSÉ SCHUCH,PSB,40,PARTIDO SOCIALISTA BRASILEIRO,,PSB / PR / PATRIOTA,ELEITO POR QP,APTO,PSB,
2018,RS,deputado federal,1,4041,LIZIANE BAYER,LIZIANE BAYER DA COSTA,PSB,40,PARTIDO SOCIALISTA BRASILEIRO,,PSB / PR / PATRIOTA,ELEITO POR QP,APTO,PSB,
2018,RS,deputado federal,1,5501,DANRLEI DE DEUS GOLEIRO,DANRLEI DE DEUS HINTERHOLZ,PSD,55,PARTIDO SOCIAL DEMOCRÁTICO,,PSD / PSC / PMN / PRP / PTC,ELEITO POR QP,APTO,PSD,
2018,RS,deputado federal,1,4500,DANIEL DA TV,DANIEL TRZECIAK DUARTE,PSDB,45,PARTIDO DA SOCIAL DEMOCRACIA BRASILEIRA,,PSDB / PTB / PRB / REDE / PP,ELEITO POR MÉDIA,APTO,PSDB,
2018,RS,deputado federal,1,4511,LUCAS REDECKER,LUCAS BELLO REDECKER,PSDB,45,PARTIDO DA SOCIAL DEMOCRACIA BRASILEIRA,,PSDB / PTB / PRB / REDE / PP,ELEITO POR QP,APTO,PSDB,
2018,RS,deputado federal,1,1700,BIBO NUNES,ALCIBIO MESQUITA BIBO NUNES,PSL,17,PARTIDO SOCIAL LIBERAL,,DEM / PROS / PSL,ELEITO POR QP,APTO,UNIÃO,
2018,RS,deputado federal,1,1777,NEREU CRISPIN,NEREU CRISPIM,PSL,17,PARTIDO SOCIAL LIBERAL,,DEM / PROS / PSL,ELEITO POR MÉDIA,APTO,UNIÃO,
2018,RS,deputado federal,1,1720,SANDERSON FEDERAL,UBIRATAN ANTUNES SANDERSON,PSL,17,PARTIDO SOCIAL LIBERAL,,DEM / PROS / PSL,ELEITO POR QP,APTO,UNIÃO,
2018,RS,deputado federal,1,5050,FERNANDA MELCHIONNA,FERNANDA MELCHIONNA E SILVA,PSOL,50,PARTIDO SOCIALISMO E LIBERDADE,,PSOL / PCB,ELEITO POR MÉDIA,APTO,PSOL,
2018,RS,deputado federal,1,1320,BOHN GASS,ELVINO JOSÉ BOHN GASS,PT,13,PARTIDO DOS TRABALHADORES,,PT,ELEITO POR QP,APTO,PT,
2018,RS,deputado federal,1,1313,HENRIQUE FONTANA,HENRIQUE FONTANA JÚNIOR,PT,13,PARTIDO DOS TRABALHADORES,,PT,ELEITO POR QP,APTO,PT,
2018,RS,deputado federal,1,1355,MARCON,DIONILSO MATEUS MARCON,PT,13,PARTIDO DOS TRABALHADORES,,PT,ELEITO POR QP,APTO,PT,
2018,RS,deputado federal,1,1370,MARIA DO ROSÁRIO,MARIA DO ROSÁRIO NUNES,PT,13,PARTIDO DOS TRABALHADORES,,PT,ELEITO POR MÉDIA,APTO,PT,
2018,RS,deputado federal,1,1307,PAULO PIMENTA,PAULO ROBERTO SEVERO PIMENTA,PT,13,PARTIDO DOS TRABALHADORES,,PT,ELEITO POR QP,APTO,PT,
2018,RS,deputado federal,1,1412,MARCELO MORAES,MARCELO PIRES MORAES,PTB,14,PARTIDO TRABALHISTA BRASILEIRO,,PSDB / PTB / PRB / REDE / PP,ELEITO POR MÉDIA,APTO,PTB,
2018,RS,deputado federal,1,1477,MAURÍCIO DZIEDRICKI,MAURÍCIO ALEXANDRE DZIEDRICKI,PTB,14,PARTIDO TRABALHISTA BRASILEIRO,,PSDB / PTB / PRB / REDE / PP,ELEITO POR QP,APTO,PTB,
2018,SC,deputado federal,1,1570,CARLOS CHIODINI,CARLOS ALBERTO CHIODINI,MDB,15,MOVIMENTO DEMOCRÁTICO BRASILEIRO,,MDB / PR,ELEITO POR QP,APTO,MDB,
2018,SC,deputado federal,1,1560,CELSO MALDANER,CELSO MALDANER,MDB,15,MOVIMENTO DEMOCRÁTICO BRASILEIRO,,MDB / PR,ELEITO POR QP,APTO,MDB,
2018,SC,deputado federal,1,1510,PENINHA,ROGERIO MENDONÇA,MDB,15,MOVIMENTO DEMOCRÁTICO BRASILEIRO,,MDB / PR,ELEITO POR MÉDIA,APTO,MDB,
2018,SC,deputado federal,1,3050,GILSON MARQUES,GILSON MARQUES VIEIRA,NOVO,30,PARTIDO NOVO,,NOVO,ELEITO POR MÉDIA,APTO,NOVO,
2018,SC,deputado federal,1,1133,ANGELA AMIN,ANGELA REGINA HEINZEN AMIN HELOU,PP,11,PROGRESSISTAS,,PSD / PP / PV,ELEITO POR QP,APTO,PP,
2018,SC,deputado federal,1,2323,CARMEN ZANOTTO,CARMEN EMILIA BONFÁ ZANOTTO,PPS,23,PARTIDO POPULAR SOCIALISTA,,PSDB / PPS / PTB / DC,ELEITO POR MÉDIA,APTO,CIDADANIA,
2018,SC,deputado federal,1,1010,HÉLIO COSTA,HÉLIO FRANCISCO DA COSTA,PRB,10,PARTIDO REPUBLICANO BRASILEIRO,,PRB / PDT / PSC / DEM / PSB / PC do B / SOLIDARIEDADE,ELEITO POR QP,APTO,REPUBLICANOS,
2018,SC,deputado federal,1,4050,RODRIGO COELHO,RODRIGO COELHO,PSB,40,PARTIDO SOCIALISTA BRASILEIRO,,PRB / PDT / PSC / DEM / PSB / PC do B / SOLIDARIEDADE,ELEITO POR QP,APTO,PSB,
2018,SC,deputado federal,1,5500,DARCI DE MATOS,DARCI DE MATOS,PSD,55,PARTIDO SOCIAL DEMOCRÁTICO,,PSD / PP / PV,ELEITO POR QP,APTO,PSD,
2018,SC,deputado federal,1,5511,RICARDO GUIDI,RICARDO ZANATTA GUIDI,PSD,55,PARTIDO SOCIAL DEMOCRÁTICO,,PSD / PP / PV,ELEITO POR MÉDIA,APTO,PSD,
2018,SC,deputado federal,1,4577,GEOVANIA DE SA,GEOVANIA DE SA RODRIGUES,PSDB,45,PARTIDO DA SOCIAL DEMOCRACIA BRASILEIRA,,PSDB / PPS / PTB / DC,ELEITO POR QP,APTO,PSDB,
2018,SC,deputado federal,1,1718,CAROLINE DE TONI,CAROLINE RODRIGUES DE TONI,PSL,17,PARTIDO SOCIAL LIBERAL,,PSL,ELEITO POR QP,APTO,UNIÃO,
2018,SC,deputado federal,1,1762,CORONEL ARMANDO,LUIZ ARMANDO SCHROEDER REIS,PSL,17,PARTIDO SOCIAL LIBERAL,,PSL,ELEITO POR MÉDIA,APTO,UNIÃO,
2018,SC,deputado federal,1,1717,DANIEL FREITAS,DANIEL COSTA DE FREITAS,PSL,17,PARTIDO SOCIAL LIBERAL,,PSL,ELEITO POR QP,APTO,UNIÃO,
2018,SC,deputado federal,1,1777,FABIO SCHIOCHET,FABIO LUIZ SCHIOCHET FILHO,PSL,17,PARTIDO SOCIAL LIBERAL,,PSL,ELEITO POR QP,APTO,UNIÃO,
2018,SC,deputado federal,1,1350,PROFESSOR PEDRO UCZAI,PEDRO FRANCISCO UCZAI,PT,13,PARTIDO DOS TRABALHADORES,,PT,ELEITO POR QP,APTO,PT,
2018,SE,deputado federal,1,1515,FABIO REIS,FABIO DE ALMEIDA REIS,MDB,15,MOVIMENTO DEMOCRÁTICO BRASILEIRO,,PP / MDB / DC / PC do B / PSD / PT / PHS,ELEITO POR QP,APTO,MDB,
2018,SE,deputado federal,1,1212,FÁBIO HENRIQUE,FABIO HENRIQUE SANTANA DE CARVALHO,PDT,12,PARTIDO DEMOCRÁTICO TRABALHISTA,,PSB / PDT / PPL / PTB / PROS / PRP,ELEITO POR MÉDIA,APTO,PDT,
2018,SE,deputado federal,1,1111,LAERCIO OLIVEIRA,LAERCIO JOSE DE OLIVEIRA,PP,11,PROGRESSISTAS,,PP / MDB / DC / PC do B / PSD / PT / PHS,ELEITO POR QP,APTO,PP,
2018,SE,deputado federal,1,2233,BOSCO COSTA,JOÃO BOSCO DA COSTA,PR,22,PARTIDO DA REPÚBLICA,,PRB / PPS / PSC / PR / PTC / PSDB / SOLIDARIEDADE,ELEITO POR QP,APTO,PL,
2018,SE,deputado federal,1,5555,FÁBIO MITIDIERI,FÁBIO CRUZ MITIDIERI,PSD,55,PARTIDO SOCIAL DEMOCRÁTICO,,PP / MDB / DC / PC do B / PSD / PT / PHS,ELEITO POR QP,APTO,PSD,
2018,SE,deputado federal,1,1311,JOAO DANIEL,JOAO SOMARIVA DANIEL,PT,13,PARTIDO DOS TRABALHADORES,,PP / MDB / DC / PC do B / PSD / PT / PHS,ELEITO POR MÉDIA,APTO,PT,
2018,SE,deputado federal,1,1313,MARCIO MACÊDO,MARCIO COSTA MACÊDO,PT,13,PARTIDO DOS TRABALHADORES,,PP / MDB / DC / PC do B / PSD / PT / PHS,ELEITO POR MÉDIA,APTO,PT,
2018,SE,deputado federal,1,7777,GUSTINHO RIBEIRO,LUIZ AUGUSTO CARVALHO RIBEIRO FILHO,SOLIDARIEDADE,77,SOLIDARIEDADE,,PRB / PPS / PSC / PR / PTC / PSDB / SOLIDARIEDADE,ELEITO POR QP,APTO,SOLIDARIEDADE,
2018,SP,deputado federal,1,2525,ALEXANDRE LEITE,ALEXANDRE LEITE DA SILVA,DEM,25,DEMOCRATAS,,PSDB / PSD / DEM / PP,ELEITO POR QP,APTO,UNIÃO,
2018,SP,deputado federal,1,2533,DAVID SOARES,DAVID BEZERRA RIBEIRO SOARES,DEM,25,DEMOCRATAS,,PSDB / PSD / DEM / PP,ELEITO POR MÉDIA,APTO,UNIÃO,
2018,SP,deputado federal,1,2577,ELI CORRÊA FILHO,ADRIANO ELI CORRÊA,DEM,25,DEMOCRATAS,,PSDB / PSD / DEM / PP,ELEITO POR MÉDIA,APTO,UNIÃO,
2018,SP,deputado federal,1,2550,GENINHO ZULIANI,EUGENIO JOSÉ ZULIANI,DEM,25,DEMOCRATAS,,PSDB / PSD / DEM / PP,ELEITO POR MÉDIA,APTO,UNIÃO,
2018,SP,deputado federal,1,2555,KIM KATAGUIRI,KIM PATROCA KATAGUIRI,DEM,25,DEMOCRATAS,,PSDB / PSD / DEM / PP,ELEITO POR QP,APTO,UNIÃO,
2018,SP,deputado federal,1,1515,BALEIA ROSSI,LUIZ FELIPE BALEIA TENUTO ROSSI,MDB,15,MOVIMENTO DEMOCRÁTICO BRASILEIRO,,MDB,ELEITO POR QP,APTO,MDB,
2018,SP,deputado federal,1,1551,HERCULANO PASSOS,HERCULANO CASTILHO PASSOS JUNIOR,MDB,15,MOVIMENTO DEMOCRÁTICO BRASILEIRO,,MDB,ELEITO POR MÉDIA,APTO,MDB,
2018,SP,deputado federal,1,3050,ADRIANA VENTURA,ADRIANA MIGUEL VENTURA,NOVO,30,PARTIDO NOVO,,NOVO,ELEITO POR QP,APTO,NOVO,
2018,SP,deputado federal,1,3000,ALEXIS,ALEXIS JOSEPH STEVERLYNCK FONTEYNE,NOVO,30,PARTIDO NOVO,,NOVO,ELEITO POR MÉDIA,APTO,NOVO,
2018,SP,deputado federal,1,3030,VINICIUS POIT,VINICIUS LAZZER POIT,NOVO,30,PARTIDO NOVO,,NOVO,ELEITO POR QP,APTO,NOVO,
2018,SP,deputado federal,1,6565,ORLANDO SILVA,ORLANDO SILVA DE JESUS JUNIOR,PC do B,65,PARTIDO COMUNISTA DO BRASIL,,PT / PC do B,ELEITO POR MÉDIA,APTO,PC do B,
2018,SP,deputado federal,1,1200,TABATA AMARAL,TABATA CLAUDIA AMARAL DE PONTES,PDT,12,PARTIDO DEMOCRÁTICO TRABALHISTA,,PDT,ELEITO POR QP,APTO,PDT,
2018,SP,deputado federal,1,1920,PASTOR MARCO FELICIANO,MARCO ANTONIO FELICIANO,PODE,19,PODEMOS,,PMB / PHS / PODE,ELEITO POR QP,APTO,PODE,
2018,SP,deputado federal,1,1919,RENATA ABREU,RENATA HELLMEISTER DE ABREU,PODE,19,PODEMOS,,PMB / PHS / PODE,ELEITO POR QP,APTO,PODE,
2018,SP,deputado federal,1,1999,ROBERTO DE LUCENA,ROBERTO ALVES DE LUCENA,PODE,19,PODEMOS,,PMB / PHS / PODE,ELEITO POR MÉDIA,APTO,PODE,
2018,SP,deputado federal,1,1123,FAUSTO PINATO,FAUSTO RUY PINATO,PP,11,PROGRESSISTAS,,PSDB / PSD / DEM / PP,ELEITO POR QP,APTO,PP,
2018,SP,deputado federal,1,1100,GUILHERME MUSSI,GUILHERME MUSSI FERREIRA,PP,11,PROGRESSISTAS,,PSDB / PSD / DEM / PP,ELEITO POR QP,APTO,PP,
2018,SP,deputado federal,1,1111,RICARDO IZAR,RICARDO IZAR JUNIOR,PP,11,PROGRESSISTAS,,PSDB / PSD / DEM / PP,ELEITO POR QP,APTO,PP,
2018,SP,deputado federal,1,1190,TENENTE DERRITE,GUILHERME MURARO DERRITE,PP,11,PROGRESSISTAS,,PSDB / PSD / DEM / PP,ELEITO POR QP,APTO,PP,
2018,SP,deputado federal,1,2343,ALEX MANENTE,ALEX SPINELLI MANENTE,PPS,23,PARTIDO POPULAR SOCIALISTA,,PSB / PSC / PPS / PTB,ELEITO POR QP,APTO,CIDADANIA,
2018,SP,deputado federal,1,2345,ARNALDO JARDIM,ARNALDO CALIL PEREIRA JARDIM,PPS,23,PARTIDO POPULAR SOCIALISTA,,PSB / PSC / PPS / PTB,ELEITO POR QP,APTO,CIDADANIA,
2018,SP,deputado federal,1,2200,CAPITÃO AUGUSTO,JOSÉ AUGUSTO ROSA,PR,22,PARTIDO DA REPÚBLICA,,PR,ELEITO POR QP,APTO,PL,
2018,SP,deputado federal,1,2244,LUIZ CARLOS MOTTA,LUIZ CARLOS MOTTA,PR,22,PARTIDO DA REPÚBLICA,,PR,ELEITO POR MÉDIA,APTO,PL,
2018,SP,deputado federal,1,2299,MARCIO ALVINO,MARCIO LUIZ ALVINO DE SOUZA,PR,22,PARTIDO DA REPÚBLICA,,PR,ELEITO POR QP,APTO,PL,
2018,SP,deputado federal,1,2277,MIGUEL LOMBARDI,MIGUEL LOMBARDI,PR,22,PARTIDO DA REPÚBLICA,,PR,ELEITO POR MÉDIA,APTO,PL,
2018,SP,deputado federal,1,2233,PAULO FREIRE COSTA,PAULO ROBERTO FREIRE DA COSTA,PR,22,PARTIDO DA REPÚBLICA,,PR,ELEITO POR QP,APTO,PL,
2018,SP,deputado federal,1,2240,POLICIAL KATIA SASTRE,KATIA DA SILVA SASTRE,PR,22,PARTIDO DA REPÚBLICA,,PR,ELEITO POR QP,APTO,PL,
2018,SP,deputado federal,1,2222,TIRIRICA,FRANCISCO EVERARDO OLIVEIRA SILVA,PR,22,PARTIDO DA REPÚBLICA,,PR,ELEITO POR QP,APTO,PL,
2018,SP,deputado federal,1,1000,CELSO RUSSOMANNO,CELSO UBIRAJARA RUSSOMANNO,PRB,10,PARTIDO REPUBLICANO BRASILEIRO,,PRB,ELEITO POR QP,APTO,REPUBLICANOS,
2018,SP,deputado federal,1,1010,MARCOS PEREIRA,MARCOS ANTONIO PEREIRA,PRB,10,PARTIDO REPUBLICANO BRASILEIRO,,PRB,ELEITO POR QP,APTO,REPUBLICANOS,
2018,SP,deputado federal,1,1022,MARIA ROSAS,MARIA DO PARTO MENDES ROSAS,PRB,10,PARTIDO REPUBLICANO BRASILEIRO,,PRB,ELEITO POR MÉDIA,APTO,REPUBLICANOS,
2018,SP,deputado federal,1,1055,MILTON VIEIRA,MILTON VIEIRA PINTO,PRB,10,PARTIDO REPUBLICANO BRASILEIRO,,PRB,ELEITO POR QP,APTO,REPUBLICANOS,
2018,SP,deputado federal,1,1078,ROBERTO ALVES,BENEDITO ROBERTO ALVES FERREIRA,PRB,10,PARTIDO REPUBLICANO BRASILEIRO,,PRB,ELEITO POR QP,APTO,REPUBLICANOS,
2018,SP,deputado federal,1,1085,VINICIUS CARVALHO,VINICIUS RAPOZO DE CARVALHO,PRB,10,PARTIDO REPUBLICANO BRASILEIRO,,PRB,ELEITO POR QP,APTO,REPUBLICANOS,
2018,SP,deputado federal,1,4044,JEFFERSON CAMPOS,JEFFERSON ALVES DE CAMPOS,PSB,40,PARTIDO SOCIALISTA BRASILEIRO,,PSB / PSC / PPS / PTB,ELEITO POR QP,APTO,PSB,
2018,SP,deputado federal,1,4001,PROFESSOR LUIZ FLAVIO GOMES,LUIZ FLAVIO GOMES,PSB,40,PARTIDO SOCIALISTA BRASILEIRO,,PSB / PSC / PPS / PTB,ELEITO POR MÉDIA,APTO,PSB,
2018,SP,deputado federal,1,4015,RODRIGO AGOSTINHO,RODRIGO ANTONIO DE AGOSTINHO MENDONÇA,PSB,40,PARTIDO SOCIALISTA BRASILEIRO,,PSB / PSC / PPS / PTB,ELEITO POR QP,APTO,PSB,
2018,SP,deputado federal,1,4077,ROSANA VALLE,ROSANA DE OLIVEIRA VALLE,PSB,40,PARTIDO SOCIALISTA BRASILEIRO,,PSB / PSC / PPS / PTB,ELEITO POR QP,APTO,PSB,
2018,SP,deputado federal,1,2020,GILBERTO NASCIMENTO,GILBERTO NASCIMENTO SILVA,PSC,20,PARTIDO SOCIAL CRISTÃO,,PSB / PSC / PPS / PTB,ELEITO POR MÉDIA,APTO,PSC,
2018,SP,deputado federal,1,5577,CEZINHA DE MADUREIRA,ANTONIO CEZAR CORREIA FREIRE,PSD,55,PARTIDO SOCIAL DEMOCRÁTICO,,PSDB / PSD / DEM / PP,ELEITO POR QP,APTO,PSD,
2018,SP,deputado federal,1,5500,MARCO BERTAIOLLI,MARCO AURELIO BERTAIOLLI,PSD,55,PARTIDO SOCIAL DEMOCRÁTICO,,PSDB / PSD / DEM / PP,ELEITO POR QP,APTO,PSD,
2018,SP,deputado federal,1,4585,BRUNA FURLAN,BRUNA DIAS FURLAN,PSDB,45,PARTIDO DA SOCIAL DEMOCRACIA BRASILEIRA,,PSDB / PSD / DEM / PP,ELEITO POR QP,APTO,PSDB,
2018,SP,deputado federal,1,4500,CARLOS SAMPAIO,CARLOS HENRIQUE FOCESI SAMPAIO,PSDB,45,PARTIDO DA SOCIAL DEMOCRACIA BRASILEIRA,,PSDB / PSD / DEM / PP,ELEITO POR QP,APTO,PSDB,
2018,SP,deputado federal,1,4515,EDUARDO CURY,EDUARDO PEDROSA CURY,PSDB,45,PARTIDO DA SOCIAL DEMOCRACIA BRASILEIRA,,PSDB / PSD / DEM / PP,ELEITO POR MÉDIA,APTO,PSDB,
2018,SP,deputado federal,1,4580,SAMUEL MOREIRA,SAMUEL MOREIRA DA SILVA JÚNIOR,PSDB,45,PARTIDO DA SOCIAL DEMOCRACIA BRASILEIRA,,PSDB / PSD / DEM / PP,ELEITO POR QP,APTO,PSDB,
2018,SP,deputado federal,1,4551,VANDERLEI MACRIS,VANDERLEI MACRIS,PSDB,45,PARTIDO DA SOCIAL DEMOCRACIA BRASILEIRA,,PSDB / PSD / DEM / PP,ELEITO POR QP,APTO,PSDB,
2018,SP,deputado federal,1,4510,VITOR LIPPI,VITOR LIPPI,PSDB,45,PARTIDO DA SOCIAL DEMOCRACIA BRASILEIRA,,PSDB / PSD / DEM / PP,ELEITO POR QP,APTO,PSDB,
2018,SP,deputado federal,1,1701,ABOU ANNI,PAULO SERGIO ABOU ANNI,PSL,17,PARTIDO SOCIAL LIBERAL,,PSL,ELEITO POR QP,APTO,UNIÃO,
2018,SP,deputado federal,1,1777,ALEXANDRE FROTA,ALEXANDRE FROTA DE ANDRADE,PSL,17,PARTIDO SOCIAL LIBERAL,,PSL,ELEITO POR QP,APTO,UNIÃO,
2018,SP,deputado federal,1,1710,CARLA ZAMBELLI,CARLA ZAMBELLI SALGADO,PSL,17,PARTIDO SOCIAL LIBERAL,,PSL,ELEITO POR QP,APTO,UNIÃO,
2018,SP,deputado federal,1,1700,CORONEL TADEU,MARCIO TADEU ANHAIA DE LEMOS,PSL,17,PARTIDO SOCIAL LIBERAL,,PSL,ELEITO POR QP,APTO,UNIÃO,
2018,SP,deputado federal,1,1720,EDUARDO BOLSONARO,EDUARDO NANTES BOLSONARO,PSL,17,PARTIDO SOCIAL LIBERAL,,PSL,ELEITO POR QP,APTO,UNIÃO,
2018,SP,deputado federal,1,1717,GENERAL PETERNELLI,ROBERTO SEBASTIÃO PETERNELLI JUNIOR,PSL,17,PARTIDO SOCIAL LIBERAL,,PSL,ELEITO POR QP,APTO,UNIÃO,
2018,SP,deputado federal,1,1790,GUIGA PEIXOTO,JOSÉ GUILHERME NEGRÃO PEIXOTO,PSL,17,PARTIDO SOCIAL LIBERAL,,PSL,ELEITO POR QP,APTO,UNIÃO,
2018,SP,deputado federal,1,1771,JOICE HASSELMANN,JOICE CRISTINA HASSELMANN,PSL,17,PARTIDO SOCIAL LIBERAL,,PSL,ELEITO POR QP,APTO,UNIÃO,
2018,SP,deputado federal,1,1770,JUNIOR BOZZELLA,NICOLINO BOZZELLA JUNIOR,PSL,17,PARTIDO SOCIAL LIBERAL,,PSL,ELEITO POR QP,APTO,UNIÃO,
2018,SP,deputado federal,1,1702,LUIZ PHILIPPE O. BRAGANÇA,LUIZ PHILIPPE DE ORLEANS BRAGANÇA,PSL,17,PARTIDO SOCIAL LIBERAL,,PSL,ELEITO POR QP,APTO,UNIÃO,
2018,SP,deputado federal,1,5050,IVAN VALENTE,IVAN VALENTE,PSOL,50,PARTIDO SOCIALISMO E LIBERDADE,,PSOL / PCB,ELEITO POR QP,APTO,PSOL,
2018,SP,deputado federal,1,5021,LUIZA ERUNDINA,LUIZA ERUNDINA DE SOUSA,PSOL,50,PARTIDO SOCIALISMO E LIBERDADE,,PSOL / PCB,ELEITO POR QP,APTO,PSOL,
2018,SP,deputado federal,1,5000,SÂMIA BOMFIM,SAMIA DE SOUZA BOMFIM,PSOL,50,PARTIDO SOCIALISMO E LIBERDADE,,PSOL / PCB,ELEITO POR QP,APTO,PSOL,
2018,SP,deputado federal,1,1358,ALENCAR SANTANA,ALENCAR SANTANA BRAGA,PT,13,PARTIDO DOS TRABALHADORES,,PT / PC do B,ELEITO POR MÉDIA,APTO,PT,
2018,SP,deputado federal,1,1354,ALEXANDRE PADILHA,ALEXANDRE ROCHA SANTOS PADILHA,PT,13,PARTIDO DOS TRABALHADORES,,PT / PC do B,ELEITO POR QP,APTO,PT,
2018,SP,deputado federal,1,1322,ARLINDO CHINAGLIA,ARLINDO CHIGNALIA JUNIOR,PT,13,PARTIDO DOS TRABALHADORES,,PT / PC do B,ELEITO POR QP,APTO,PT,
2018,SP,deputado federal,1,1370,CARLOS ZARATTINI,CARLOS ALBERTO ROLIM ZARATTINI,PT,13,PARTIDO DOS TRABALHADORES,,PT / PC do B,ELEITO POR QP,APTO,PT,
2018,SP,deputado federal,1,1353,NILTO TATTO,NILTO IGNACIO TATTO,PT,13,PARTIDO DOS TRABALHADORES,,PT / PC do B,ELEITO POR QP,APTO,PT,
2018,SP,deputado federal,1,1398,PAULO TEIXEIRA,LUIZ PAULO TEIXEIRA FERREIRA,PT,13,PARTIDO DOS TRABALHADORES,,PT / PC do B,ELEITO POR QP,APTO,PT,
2018,SP,deputado federal,1,1313,RUI FALCÃO,RUI GOETHE DA COSTA FALCÃO,PT,13,PARTIDO DOS TRABALHADORES,,PT / PC do B,ELEITO POR QP,APTO,PT,
2018,SP,deputado federal,1,1390,VICENTINHO,VICENTE PAULO DA SILVA,PT,13,PARTIDO DOS TRABALHADORES,,PT / PC do B,ELEITO POR QP,APTO,PT,
2018,SP,deputado federal,1,4336,ENRICO MISASI,ENRICO VAN BLARCUM DE GRAAFF MISASI,PV,43,PARTIDO VERDE,,PV,ELEITO POR QP,APTO,PV,
2018,SP,deputado federal,1,7777,PAULINHO DA FORÇA,PAULO PEREIRA DA SILVA,SOLIDARIEDADE,77,SOLIDARIEDADE,,SOLIDARIEDADE,ELEITO POR MÉDIA,APTO,SOLIDARIEDADE,
2018,TO,deputado federal,1,2525,CARLOS HENRIQUE GAGUIM,CARLOS HENRIQUE AMORIM,DEM,25,DEMOCRATAS,,PHS / AVANTE / PROS / DEM / PTC / PP / SOLIDARIEDADE / PATRIOTA / PRB,ELEITO POR QP,APTO,UNIÃO,
2018,TO,deputado federal,1,2580,PROFESSORA DORINHA,MARIA AUXILIADORA SEABRA REZENDE,DEM,25,DEMOCRATAS,,PHS / AVANTE / PROS / DEM / PTC / PP / SOLIDARIEDADE / PATRIOTA / PRB,ELEITO POR MÉDIA,APTO,UNIÃO,
2018,TO,deputado federal,1,1511,DULCE MIRANDA,DULCE FERREIRA PAGANI MIRANDA,MDB,15,MOVIMENTO DEMOCRÁTICO BRASILEIRO,,PSB / PSDB / PR / PODE / MDB / PSC,ELEITO POR MÉDIA,APTO,MDB,
2018,TO,deputado federal,1,2222,VICENTINHO JUNIOR,VICENTE ALVES DE OLIVEIRA JUNIOR,PR,22,PARTIDO DA REPÚBLICA,,PSB / PSDB / PR / PODE / MDB / PSC,ELEITO POR QP,APTO,PL,
2018,TO,deputado federal,1,2020,OSIRES DAMASO,OSIRES RODRIGUES DAMASO,PSC,20,PARTIDO SOCIAL CRISTÃO,,PSB / PSDB / PR / PODE / MDB / PSC,ELEITO POR QP,APTO,PSC,
2018,TO,deputado federal,1,1303,CELIO MOURA,CELIO ALVES DE MOURA,PT,13,PARTIDO DOS TRABALHADORES,,PT / PC do B / PV / PSD / REDE,ELEITO POR MÉDIA,APTO,PT,
2018,TO,deputado federal,1,7700,ELI BORGES,ELI DIAS BORGES,SOLIDARIEDADE,77,SOLIDARIEDADE,,PHS / AVANTE / PROS / DEM / PTC / PP / SOLIDARIEDADE / PATRIOTA / PRB,ELEITO POR QP,APTO,SOLIDARIEDADE,
2018,TO,deputado federal,1,7788,TIAGO DIMAS,TIAGO BRAGA PEREIRA,SOLIDARIEDADE,77,SOLIDARIEDADE,,PHS / AVANTE / PROS / DEM / PTC / PP / SOLIDARIEDADE / PATRIOTA / PRB,ELEITO POR QP,APTO,SOLIDARIEDADE,
2018,AC,deputado estadual,1,25456,ANTONIO PEDRO,ANTONIO PEDRO MENDONÇA,DEM,25,DEMOCRATAS,,PSDB / DEM,ELEITO POR QP,APTO,UNIÃO,
2018,AC,deputado estadual,1,15122,ANTONIA SALES,ANTONIA ROJAS SALES,MDB,15,MOVIMENTO DEMOCRÁTICO BRASILEIRO,,PSD / MDB,ELEITO POR MÉDIA,APTO,MDB,
2018,AC,deputado estadual,1,15111,MEIRE SERAFIM,ROZIMEIRE RIBEIRO ANDRADE,MDB,15,MOVIMENTO DEMOCRÁTICO BRASILEIRO,,PSD / MDB,ELEITO POR QP,APTO,MDB,
2018,AC,deputado estadual,1,15000,ROBERTO DUARTE,ROBERTO DUARTE JUNIOR,MDB,15,MOVIMENTO DEMOCRÁTICO BRASILEIRO,,PSD / MDB,ELEITO POR QP,APTO,MDB,
2018,AC,deputado estadual,1,65789,DR. JENILSON,JANILSON LOPES LEITE ,PC do B,65,PARTIDO COMUNISTA DO BRASIL,,PT / PC do B,ELEITO POR QP,APTO,PC do B,
2018,AC,deputado estadual,1,65123,EDVALDO MAGALHÃES,EDVALDO SOARES DE MAGALHÃES,PC do B,65,PARTIDO COMUNISTA DO BRASIL,,PT / PC do B,ELEITO POR QP,APTO,PC do B,
2018,AC,deputado estadual,1,12123,TCHÊ,JOSE LUIS SCHAFER,PDT,12,PARTIDO DEMOCRÁTICO TRABALHISTA,,PDT,ELEITO POR QP,APTO,PDT,
2018,AC,deputado estadual,1,31444,CHICO VIGA,FRANCISCO DE OLIVEIRA VIGA,PHS,31,PARTIDO HUMANISTA DA SOLIDARIEDADE,,PMB / PHS,ELEITO POR QP,APTO,PODE,
2018,AC,deputado estadual,1,11106,BESTENE,JOSÉ RAIMUNDO BARROSO BESTENE,PP,11,PROGRESSISTAS,,PP / PMN / PPS / PTC / PR,ELEITO POR QP,APTO,PP,
2018,AC,deputado estadual,1,11111,GERLEN DINIZ,GEHLEN DINIZ ANDRADE,PP,11,PROGRESSISTAS,,PP / PMN / PPS / PTC / PR,ELEITO POR QP,APTO,PP,
2018,AC,deputado estadual,1,11122,NICOLAU JÚNIOR,NICOLAU CÂNDIDO DA SILVA JÚNIOR,PP,11,PROGRESSISTAS,,PP / PMN / PPS / PTC / PR,ELEITO POR QP,APTO,PP,
2018,AC,deputado estadual,1,22333,PASTOR WAGNER FELIPE,WAGNER FELIPE GIMENES DA SILVA,PR,22,PARTIDO DA REPÚBLICA,,PP / PMN / PPS / PTC / PR,ELEITO POR MÉDIA,APTO,PL,
2018,AC,deputado estadual,1,10777,ANDRE DA DROGA VALE,ANDRE ROBERTO ROGERIO VALE DOS SANTOS,PRB,10,PARTIDO REPUBLICANO BRASILEIRO,,PROS / PODE / PRB,ELEITO POR QP,APTO,REPUBLICANOS,
2018,AC,deputado estadual,1,90000,MARIA ANTONIA,MARIA ANTONIA PINHEIRO BARBOSA,PROS,90,PARTIDO REPUBLICANO DA ORDEM SOCIAL,,PROS / PODE / PRB,ELEITO POR QP,APTO,PROS,
2018,AC,deputado estadual,1,40234,MANOEL MORAES,MANOEL MORAES DE SALES,PSB,40,PARTIDO SOCIALISTA BRASILEIRO,,PSB,ELEITO POR QP,APTO,PSB,
2018,AC,deputado estadual,1,45121,LUIZ GONZAGA,LUIZ GONZAGA ALVES FILHO,PSDB,45,PARTIDO DA SOCIAL DEMOCRACIA BRASILEIRA,,PSDB / DEM,ELEITO POR QP,APTO,PSDB,
2018,AC,deputado estadual,1,45190,SGT CADMIEL BOMFIM,CADMIEL JOSÉ ARAÚJO BOMFIM,PSDB,45,PARTIDO DA SOCIAL DEMOCRACIA BRASILEIRA,,PSDB / DEM,ELEITO POR MÉDIA,APTO,PSDB,
2018,AC,deputado estadual,1,17555,WHENDY LIMA,WHENDY SNANKY PRAXEDES PONCIANO DA SILVA LIMA,PSL,17,PARTIDO SOCIAL LIBERAL,,PSL / PATRIOTA / PSC,ELEITO POR QP,APTO,UNIÃO,
2018,AC,deputado estadual,1,13123,DANIEL ZEN,DANIEL QUEIROZ DE SANT ANA,PT,13,PARTIDO DOS TRABALHADORES,,PT / PC do B,ELEITO POR MÉDIA,APTO,PT,
2018,AC,deputado estadual,1,13012,JONAS LIMA,JONAS DE SOUZA LIMA,PT,13,PARTIDO DOS TRABALHADORES,,PT / PC do B,ELEITO POR QP,APTO,PT,
2018,AC,deputado estadual,1,14333,MARCUS CAVALCANTE,MARCUS ANTONIO CAVALCANTE LIMA,PTB,14,PARTIDO TRABALHISTA BRASILEIRO,,PTB,ELEITO POR QP,APTO,PTB,
2018,AC,deputado estadual,1,43777,FAGNER CALEGÁRIO,FAGNER CALEGÁRIO DO NASCIMENTO,PV,43,PARTIDO VERDE,,PSOL / PV / PRP / PPL,ELEITO POR QP,APTO,PV,
2018,AC,deputado estadual,1,43333,PEDRO LONGO,PEDRO LUIS LONGO,PV,43,PARTIDO VERDE,,PSOL / PV / PRP / PPL,ELEITO POR MÉDIA,APTO,PV,
2018,AC,deputado estadual,1,77123,NENEM ALMEIDA ,EDVALDO ALMEIDA DE OLIVEIRA,SOLIDARIEDADE,77,SOLIDARIEDADE,,SOLIDARIEDADE,ELEITO POR QP,APTO,SOLIDARIEDADE,
2018,AL,deputado estadual,1,25555,DAVI MAIA,DAVID MAIA DE VASCONCELOS LIMA,DEM,25,DEMOCRATAS,,DEM / PTC / PSDB / PP / PSB / PSC / PROS / PRB,ELEITO POR MÉDIA,APTO,UNIÃO,
2018,AL,deputado estadual,1,15123,GALBA NOVAES,GALBA NOVAIS DE CASTRO JUNIOR,MDB,15,MOVIMENTO DEMOCRÁTICO BRASILEIRO,,MDB / PR / PTB / PHS / PRP / PSD / SOLIDARIEDADE,ELEITO POR QP,APTO,MDB,
2018,AL,deputado estadual,1,15000,JO PEREIRA,JOSIRLENE SOARES PEREIRA DE MELLO FEITOSA,MDB,15,MOVIMENTO DEMOCRÁTICO BRASILEIRO,,MDB / PR / PTB / PHS / PRP / PSD / SOLIDARIEDADE,ELEITO POR QP,APTO,MDB,
2018,AL,deputado estadual,1,15222,MARCELO BELTRÃO,MARCELO BELTRÃO SIQUEIRA,MDB,15,MOVIMENTO DEMOCRÁTICO BRASILEIRO,,MDB / PR / PTB / PHS / PRP / PSD / SOLIDARIEDADE,ELEITO POR MÉDIA,APTO,MDB,
2018,AL,deputado estadual,1,15456,OLAVO,OLAVO CALHEIROS FILHO,MDB,15,MOVIMENTO DEMOCRÁTICO BRASILEIRO,,MDB / PR / PTB / PHS / PRP / PSD / SOLIDARIEDADE,ELEITO POR QP,APTO,MDB,
2018,AL,deputado estadual,1,15789,PAULO DANTAS,PAULO SURUAGY DO AMARAL DANTAS,MDB,15,MOVIMENTO DEMOCRÁTICO BRASILEIRO,,MDB / PR / PTB / PHS / PRP / PSD / SOLIDARIEDADE,ELEITO POR QP,APTO,MDB,
2018,AL,deputado estadual,1,15111,RICARDO NEZINHO,RICARDO PEREIRA MELO,MDB,15,MOVIMENTO DEMOCRÁTICO BRASILEIRO,,MDB / PR / PTB / PHS / PRP / PSD / SOLIDARIEDADE,ELEITO POR QP,APTO,MDB,
2018,AL,deputado estadual,1,12345,INÁCIO LOIOLA,INÁCIO LOIOLA DAMASCENO FREITAS,PDT,12,PARTIDO DEMOCRÁTICO TRABALHISTA,,AVANTE / PDT / PODE / PMN,ELEITO POR QP,APTO,PDT,
2018,AL,deputado estadual,1,33333,FRANCISCO TENÓRIO,JOSÉ FRANCISCO CERQUEIRA TENÓRIO,PMN,33,PARTIDO DA MOBILIZAÇÃO NACIONAL,,AVANTE / PDT / PODE / PMN,ELEITO POR QP,APTO,PMN,
2018,AL,deputado estadual,1,11111,ANGELA GARROTE,ANGELA MARIA LIRA DE JESUS GARROTE,PP,11,PROGRESSISTAS,,DEM / PTC / PSDB / PP / PSB / PSC / PROS / PRB,ELEITO POR QP,APTO,PP,
2018,AL,deputado estadual,1,11699,DAVI DAVINO FILHO,DAVID CABRAL DAVINO FILHO,PP,11,PROGRESSISTAS,,DEM / PTC / PSDB / PP / PSB / PSC / PROS / PRB,ELEITO POR QP,APTO,PP,
2018,AL,deputado estadual,1,11444,LEO LOUREIRO,ALESSON LOUREIRO CAVALCANTE,PP,11,PROGRESSISTAS,,DEM / PTC / PSDB / PP / PSB / PSC / PROS / PRB,ELEITO POR QP,APTO,PP,
2018,AL,deputado estadual,1,11456,TARCIZO FREIRE,TARCIZO SAMPAIO FREIRE,PP,11,PROGRESSISTAS,,DEM / PTC / PSDB / PP / PSB / PSC / PROS / PRB,ELEITO POR QP,APTO,PP,
2018,AL,deputado estadual,1,23000,MARCOS BARBOSA,MARCOS ANTONIO DE OLIVEIRA BARBOSA,PPS,23,PARTIDO POPULAR SOCIALISTA,,PRTB / PPS / DC,ELEITO POR QP,APTO,CIDADANIA,
2018,AL,deputado estadual,1,90123,BRUNO TOLEDO,BRUNO ALBUQUERQUE TOLEDO,PROS,90,PARTIDO REPUBLICANO DA ORDEM SOCIAL,,DEM / PTC / PSDB / PP / PSB / PSC / PROS / PRB,ELEITO POR QP,APTO,PROS,
2018,AL,deputado estadual,1,28777,BRENO ALBUQUERQUE,BRENO COUTO DE ALBUQUERQUE MELO,PRTB,28,PARTIDO RENOVADOR TRABALHISTA BRASILEIRO,,PRTB / PPS / DC,ELEITO POR MÉDIA,APTO,PRTB,
2018,AL,deputado estadual,1,28555,FLÁVIA CAVALCANTE,FLÁVIA MARIA SILVA CAVALCANTE DE OLIVEIRA,PRTB,28,PARTIDO RENOVADOR TRABALHISTA BRASILEIRO,,PRTB / PPS / DC,ELEITO POR QP,APTO,PRTB,
2018,AL,deputado estadual,1,28000,FÁTIMA CANUTO,MARIA DE FÁTIMA MOREIRA CANUTO ROCHA,PRTB,28,PARTIDO RENOVADOR TRABALHISTA BRASILEIRO,,PRTB / PPS / DC,ELEITO POR QP,APTO,PRTB,
2018,AL,deputado estadual,1,28888,JAIRZINHO LIRA,JAIR LIRA SOARES,PRTB,28,PARTIDO RENOVADOR TRABALHISTA BRASILEIRO,,PRTB / PPS / DC,ELEITO POR QP,APTO,PRTB,
2018,AL,deputado estadual,1,55222,GILVAN BARROS FILHO,GILVAN GOMES BARROS FILHO,PSD,55,PARTIDO SOCIAL DEMOCRÁTICO,,MDB / PR / PTB / PHS / PRP / PSD / SOLIDARIEDADE,ELEITO POR QP,APTO,PSD,
2018,AL,deputado estadual,1,55555,YVAN BELTRÃO,YVAN REIS BELTRÃO SIQUEIRA,PSD,55,PARTIDO SOCIAL DEMOCRÁTICO,,MDB / PR / PTB / PHS / PRP / PSD / SOLIDARIEDADE,ELEITO POR QP,APTO,PSD,
2018,AL,deputado estadual,1,45000,CIBELE MOURA,CIBELE CORADO DE MOURA,PSDB,45,PARTIDO DA SOCIAL DEMOCRACIA BRASILEIRA,,DEM / PTC / PSDB / PP / PSB / PSC / PROS / PRB,ELEITO POR QP,APTO,PSDB,
2018,AL,deputado estadual,1,45123,DUDU RONALSA,JOAO EDUARDO MARTINS COELHO DA PAZ,PSDB,45,PARTIDO DA SOCIAL DEMOCRACIA BRASILEIRA,,DEM / PTC / PSDB / PP / PSB / PSC / PROS / PRB,ELEITO POR QP,APTO,PSDB,
2018,AL,deputado estadual,1,17000,CABO BEBETO,LUIZ ALBERTO ALVES TEIXEIRA,PSL,17,PARTIDO SOCIAL LIBERAL,,PSL / PATRIOTA / PPL,ELEITO POR QP,APTO,UNIÃO,
2018,AL,deputado estadual,1,14000,ANTONIO ALBUQUERQUE,ANTONIO RIBEIRO DE ALBUQUERQUE,PTB,14,PARTIDO TRABALHISTA BRASILEIRO,,MDB / PR / PTB / PHS / PRP / PSD / SOLIDARIEDADE,ELEITO POR QP,APTO,PTB,
2018,AL,deputado estadual,1,43123,SILVIO CAMELO,SILVIO ROGÉRIO DIAS CAMELO,PV,43,PARTIDO VERDE,,PT / PV / PC do B,ELEITO POR QP,APTO,PV,
2018,AL,deputado estadual,1,77789,MARCELO VICTOR,MARCELO VICTOR CORREIA DOS SANTOS,SOLIDARIEDADE,77,SOLIDARIEDADE,,MDB / PR / PTB / PHS / PRP / PSD / SOLIDARIEDADE,ELEITO POR QP,APTO,SOLIDARIEDADE,
2018,AM,deputado estadual,1,25622,AUGUSTO FERRAZ,JOSÉ AUGUSTO FERRAZ DE LIMA,DEM,25,DEMOCRATAS,,PSD / PRB / DEM,ELEITO POR QP,APTO,UNIÃO,
2018,AM,deputado estadual,1,15123,ALESSANDRA CAMPELO,ALESSANDRA CAMPELO DA SILVA,MDB,15,MOVIMENTO DEMOCRÁTICO BRASILEIRO,,MDB / DC,ELEITO POR QP,APTO,MDB,
2018,AM,deputado estadual,1,12111,ADJUTO AFONSO,ADJUTO RODRIGUES AFONSO,PDT,12,PARTIDO DEMOCRÁTICO TRABALHISTA,,PDT / PRP / AVANTE,ELEITO POR QP,APTO,PDT,
2018,AM,deputado estadual,1,31000,FELIPE SOUZA,LUIS FELIPE SILVA DE SOUZA,PHS,31,PARTIDO HUMANISTA DA SOLIDARIEDADE,,PHS / PTB / PSL,ELEITO POR MÉDIA,APTO,PODE,
2018,AM,deputado estadual,1,31031,WILKER BARRETO,MAURICIO WILKER DE AZEVEDO BARRETO,PHS,31,PARTIDO HUMANISTA DA SOLIDARIEDADE,,PHS / PTB / PSL,ELEITO POR QP,APTO,PODE,
2018,AM,deputado estadual,1,19000,ABDALA,ABDALA HABIB FRAXE JUNIOR,PODE,19,PODEMOS,,PODE,ELEITO POR QP,APTO,PODE,
2018,AM,deputado estadual,1,11666,BELARMINO LINS,BELARMINO LINS DE ALBUQUERQUE,PP,11,PROGRESSISTAS,,PP / PR / PPL / SOLIDARIEDADE,ELEITO POR QP,APTO,PP,
2018,AM,deputado estadual,1,11123,DERMILSON CHAGAS,DERMILSON CARVALHO DAS CHAGAS,PP,11,PROGRESSISTAS,,PP / PR / PPL / SOLIDARIEDADE,ELEITO POR QP,APTO,PP,
2018,AM,deputado estadual,1,11111,DRA MAYARA,MAYARA MONIQUE FIGUEIREDO PINHEIRO,PP,11,PROGRESSISTAS,,PP / PR / PPL / SOLIDARIEDADE,ELEITO POR QP,APTO,PP,
2018,AM,deputado estadual,1,11222,ÁLVARO CAMPELO,ÁLVARO JOÃO CAMPELO DA MATA,PP,11,PROGRESSISTAS,,PP / PR / PPL / SOLIDARIEDADE,ELEITO POR MÉDIA,APTO,PP,
2018,AM,deputado estadual,1,23111,SAULLO VIANNA,SAULLO VELAME VIANNA,PPS,23,PARTIDO POPULAR SOCIALISTA,,PPS,ELEITO POR QP,APTO,CIDADANIA,
2018,AM,deputado estadual,1,22333,CABO MACIEL,ALCIMAR MACIEL PEREIRA,PR,22,PARTIDO DA REPÚBLICA,,PP / PR / PPL / SOLIDARIEDADE,ELEITO POR QP,APTO,PL,
2018,AM,deputado estadual,1,22400,JOANA DARC PROTETORA ANIMAIS,JOANA DARC DOS SANTOS CORDEIRO,PR,22,PARTIDO DA REPÚBLICA,,PP / PR / PPL / SOLIDARIEDADE,ELEITO POR MÉDIA,APTO,PL,
2018,AM,deputado estadual,1,10123,JOÃO LUIZ,JOÃO LUIZ ALMEIDA DA SILVA,PRB,10,PARTIDO REPUBLICANO BRASILEIRO,,PSD / PRB / DEM,ELEITO POR MÉDIA,APTO,REPUBLICANOS,
2018,AM,deputado estadual,1,44777,DR. GOMES,FRANCISCO DO NASCIMENTO GOMES,PRP,44,PARTIDO REPUBLICANO PROGRESSISTA,,PDT / PRP / AVANTE,ELEITO POR MÉDIA,APTO,PATRIOTA,
2018,AM,deputado estadual,1,40400,SERAFIM CORRÊA,SERAFIM FERNANDES CORRÊA,PSB,40,PARTIDO SOCIALISTA BRASILEIRO,,PSB / PMB / PROS,ELEITO POR QP,APTO,PSB,
2018,AM,deputado estadual,1,55555,JOSUÉ NETO,JOSUE CLAUDIO DE SOUZA NETO,PSD,55,PARTIDO SOCIAL DEMOCRÁTICO,,PSD / PRB / DEM,ELEITO POR QP,APTO,PSD,
2018,AM,deputado estadual,1,55789,RICARDO NICOLAU,LUIS RICARDO SALDANHA NICOLAU,PSD,55,PARTIDO SOCIAL DEMOCRÁTICO,,PSD / PRB / DEM,ELEITO POR QP,APTO,PSD,
2018,AM,deputado estadual,1,45222,PROF. THEREZINHA RUIZ,THEREZINHA RUIZ DE OLIVEIRA,PSDB,45,PARTIDO DA SOCIAL DEMOCRACIA BRASILEIRA,,PSDB / PTC,ELEITO POR QP,APTO,PSDB,
2018,AM,deputado estadual,1,17777,DELEGADO PÉRICLES,PÉRICLES RODRIGUES DO NASCIMENTO,PSL,17,PARTIDO SOCIAL LIBERAL,,PHS / PTB / PSL,ELEITO POR QP,APTO,UNIÃO,
2018,AM,deputado estadual,1,13633,PROFESSOR SINESIO,SINESIO DA SILVA CAMPOS,PT,13,PARTIDO DOS TRABALHADORES,,PC do B / PT,ELEITO POR QP,APTO,PT,
2018,AM,deputado estadual,1,43433,CARLINHOS BESSA,CARLOS EDUARDO BESSA DE SA,PV,43,PARTIDO VERDE,,PV,ELEITO POR MÉDIA,APTO,PV,
2018,AM,deputado estadual,1,43000,FAUSTO JUNIOR,FAUSTO VIEIRA DOS SANTOS JUNIOR,PV,43,PARTIDO VERDE,,PV,ELEITO POR QP,APTO,PV,
2018,AM,deputado estadual,1,43555,ROBERTO CIDADE,ROBERTO MAIA CIDADE FILHO,PV,43,PARTIDO VERDE,,PV,ELEITO POR QP,APTO,PV,
2018,AP,deputado estadual,1,27300,JORY OEIRAS,JORYOSVALDO QUEIROZ OEIRAS,DC,27,DEMOCRACIA CRISTÃ,,PDT / MDB / DC / PRB,ELEITO POR MÉDIA,APTO,DC,
2018,AP,deputado estadual,1,25180,ALLINY SERRÃO,ALLINY SOUSA DA ROCHA SERRÃO,DEM,25,DEMOCRATAS,,DEM / PSDB / AVANTE / PATRIOTA,ELEITO POR QP,APTO,UNIÃO,
2018,AP,deputado estadual,1,25000,JUNIOR FAVACHO,AMIRALDO DA SILVA FAVACHO JUNIOR,DEM,25,DEMOCRATAS,,DEM / PSDB / AVANTE / PATRIOTA,ELEITO POR QP,APTO,UNIÃO,
2018,AP,deputado estadual,1,12123,MARILIA,MARILIA BRITO XAVIER GÓES,PDT,12,PARTIDO DEMOCRÁTICO TRABALHISTA,,PDT / MDB / DC / PRB,ELEITO POR QP,APTO,PDT,
2018,AP,deputado estadual,1,35123,DIOGO SENIOR,DIOGO WENCESLAU VILHENA SENIOR,PMB,35,PARTIDO DA MULHER BRASILEIRA,,PROS / PTB / PMB,ELEITO POR MÉDIA,APTO,PMB,
2018,AP,deputado estadual,1,11999,DR. ALBERTO NEGRÃO,ALBERTO SILVA NEGRÃO,PP,11,PROGRESSISTAS,,PP,ELEITO POR QP,APTO,PP,
2018,AP,deputado estadual,1,54123,ALDILENE SOUZA,ALDILENE MATOS DE SOUZA,PPL,54,PARTIDO PÁTRIA LIVRE,,REDE / PPL,ELEITO POR QP,APTO,PC do B,
2018,AP,deputado estadual,1,23123,JACK JK,JACK HOUAT HARB,PPS,23,PARTIDO POPULAR SOCIALISTA,,PPS / PSL,ELEITO POR QP,APTO,CIDADANIA,
2018,AP,deputado estadual,1,22777,CHARLY JHONE,CHARLY JHONE SANTOS DE SOUSA,PR,22,PARTIDO DA REPÚBLICA,,PR / PHS,ELEITO POR MÉDIA,APTO,PL,
2018,AP,deputado estadual,1,22369,KAKÁ BARBOSA,JOSE CARLOS CARVALHO BARBOSA,PR,22,PARTIDO DA REPÚBLICA,,PR / PHS,ELEITO POR QP,APTO,PL,
2018,AP,deputado estadual,1,22123,LUCIANA,LUCIANA ARAUJO GÓES GURGEL,PR,22,PARTIDO DA REPÚBLICA,,PR / PHS,ELEITO POR QP,APTO,PL,
2018,AP,deputado estadual,1,22222,PAULINHO RAMOS,PAULO ALCEU AVILA RAMOS,PR,22,PARTIDO DA REPÚBLICA,,PR / PHS,ELEITO POR QP,APTO,PL,
2018,AP,deputado estadual,1,10147,PASTOR OLIVEIRA,CARLOS ANTÔNIO OLIVEIRA SANTOS,PRB,10,PARTIDO REPUBLICANO BRASILEIRO,,PDT / MDB / DC / PRB,ELEITO POR QP,APTO,REPUBLICANOS,
2018,AP,deputado estadual,1,44123,TELMA GURGEL,TELMA LUCIA DE AZEVEDO GURGEL,PRP,44,PARTIDO REPUBLICANO PROGRESSISTA,,PC do B / PRP,ELEITO POR QP,APTO,PATRIOTA,
2018,AP,deputado estadual,1,40789,CRISTINA ALMEIDA,MARIA CRISTINA DO ROSARIO ALMEIDA MENDES,PSB,40,PARTIDO SOCIALISTA BRASILEIRO,,PSB,ELEITO POR QP,APTO,PSB,
2018,AP,deputado estadual,1,20900,ZEZINHO TUPINAMBÁ,JOSE TUPINAMBA PEREIRA DE SOUSA,PSC,20,PARTIDO SOCIAL CRISTÃO,,PSC,ELEITO POR QP,APTO,PSC,
2018,AP,deputado estadual,1,55123,EDNA AUZIER,EDNA AUZIER,PSD,55,PARTIDO SOCIAL DEMOCRÁTICO,,SOLIDARIEDADE / PSD,ELEITO POR QP,APTO,PSD,
2018,AP,deputado estadual,1,45000,TELMA NERY,TELMA ADRIANA NERY PAIVA,PSDB,45,PARTIDO DA SOCIAL DEMOCRACIA BRASILEIRA,,DEM / PSDB / AVANTE / PATRIOTA,ELEITO POR MÉDIA,APTO,PSDB,
2018,AP,deputado estadual,1,50123,PAULO LEMOS,PAULO CESAR LEMOS DE OLIVEIRA,PSOL,50,PARTIDO SOCIALISMO E LIBERDADE,,PV / PMN / PSOL,ELEITO POR QP,APTO,PSOL,
2018,AP,deputado estadual,1,14000,DR. FURLAN,ANTONIO PAULO DE OLIVEIRA FURLAN,PTB,14,PARTIDO TRABALHISTA BRASILEIRO,,PROS / PTB / PMB,ELEITO POR QP,APTO,PTB,
2018,AP,deputado estadual,1,36789,JAIME PEREZ,JAIME DA SILVA PEREZ,PTC,36,PARTIDO TRABALHISTA CRISTÃO,,PTC,ELEITO POR QP,APTO,AGIR,
2018,AP,deputado estadual,1,36999,JESUS PONTES,RUZIELY DE JESUS PONTES DA SILVA,PTC,36,PARTIDO TRABALHISTA CRISTÃO,,PTC,ELEITO POR MÉDIA,APTO,AGIR,
2018,AP,deputado estadual,1,18001,DR. VICTOR AMORAS,VICTOR ANDRE DE FREITAS AMORAS,REDE,18,REDE SUSTENTABILIDADE,,REDE / PPL,ELEITO POR MÉDIA,APTO,REDE,
2018,AP,deputado estadual,1,77222,MAX DA AABB,MAX NEY MACHADO ANDRADE,SOLIDARIEDADE,77,SOLIDARIEDADE,,SOLIDARIEDADE / PSD,ELEITO POR MÉDIA,APTO,SOLIDARIEDADE,
2018,BA,deputado estadual,1,70000,JOAO ISIDORIO,JOAO PAULO SANTOS DE SANTANA,AVANTE,70,AVANTE,,PT / PMB / PSD / PR / PDT / PODE / PRP / PROS / PP / PSB / AVANTE,ELEITO POR QP,APTO,AVANTE,
2018,BA,deputado estadual,1,25700,ALAN SANCHES,ALAN EDUARDO SANCHES DOS SANTOS,DEM,25,DEMOCRATAS,,DEM / PRB / PV / PSDB,ELEITO POR QP,APTO,UNIÃO,
2018,BA,deputado estadual,1,25111,LEO PRATES,LEONARDO SILVA PRATES,DEM,25,DEMOCRATAS,,DEM / PRB / PV / PSDB,ELEITO POR QP,APTO,UNIÃO,
2018,BA,deputado estadual,1,25222,LUCIANO SIMÕES,LUCIANO SIMÕES DE CASTRO BARBOSA FILHO,DEM,25,DEMOCRATAS,,DEM / PRB / PV / PSDB,ELEITO POR QP,APTO,UNIÃO,
2018,BA,deputado estadual,1,25000,PEDRO TAVARES,PEDRO PAULO TAVARES BATISTA DE MELLO E SILVA,DEM,25,DEMOCRATAS,,DEM / PRB / PV / PSDB,ELEITO POR QP,APTO,UNIÃO,
2018,BA,deputado estadual,1,25555,SANDRO RÉGIS,SANDRO DE OLIVEIRA REGIS,DEM,25,DEMOCRATAS,,DEM / PRB / PV / PSDB,ELEITO POR QP,APTO,UNIÃO,
2018,BA,deputado estadual,1,25161,TOM ARAUJO,TOM PASSOS DE ARAÚJO,DEM,25,DEMOCRATAS,,DEM / PRB / PV / PSDB,ELEITO POR QP,APTO,UNIÃO,
2018,BA,deputado estadual,1,15686,KATIA OLIVEIRA,KATIA CRISTINA CERQUEIRA DE OLIVEIRA,MDB,15,MOVIMENTO DEMOCRÁTICO BRASILEIRO,,MDB / DC,ELEITO POR QP,APTO,MDB,
2018,BA,deputado estadual,1,51222,JOSAFÁ MARINHO,JOSAFÁ MARINHO DE AGUIAR,PATRIOTA,51,PATRIOTA,,PATRIOTA / REDE,ELEITO POR QP,APTO,PATRIOTA,
2018,BA,deputado estadual,1,65888,BOBÔ,RAIMUNDO NONATO TAVARES DA SILVA,PC do B,65,PARTIDO COMUNISTA DO BRASIL,,PC do B,ELEITO POR QP,APTO,PC do B,
2018,BA,deputado estadual,1,65222,DAL,ADALBERTO ROSA BARRETO,PC do B,65,PARTIDO COMUNISTA DO BRASIL,,PC do B,ELEITO POR QP,APTO,PC do B,
2018,BA,deputado estadual,1,65333,FABRÍCIO,JEAN FABRÍCIO FALCÃO,PC do B,65,PARTIDO COMUNISTA DO BRASIL,,PC do B,ELEITO POR QP,APTO,PC do B,
2018,BA,deputado estadual,1,65500,OLIVIA SANTANA,MARIA OLIVIA SANTANA,PC do B,65,PARTIDO COMUNISTA DO BRASIL,,PC do B,ELEITO POR QP,APTO,PC do B,
2018,BA,deputado estadual,1,65456,ZÓ,CRISÓSTOMO ANTONIO LIMA,PC do B,65,PARTIDO COMUNISTA DO BRASIL,,PC do B,ELEITO POR MÉDIA,APTO,PC do B,
2018,BA,deputado estadual,1,12393,EUCLIDES,EUCLIDES NUNES FERNANDES,PDT,12,PARTIDO DEMOCRÁTICO TRABALHISTA,,PT / PMB / PSD / PR / PDT / PODE / PRP / PROS / PP / PSB / AVANTE,ELEITO POR QP,APTO,PDT,
2018,BA,deputado estadual,1,12345,ROBERTO CARLOS,ROBERTO CARLOS ALMEIDA LEAL,PDT,12,PARTIDO DEMOCRÁTICO TRABALHISTA,,PT / PMB / PSD / PR / PDT / PODE / PRP / PROS / PP / PSB / AVANTE,ELEITO POR QP,APTO,PDT,
2018,BA,deputado estadual,1,12133,SAMUEL JUNIOR,SAMUEL SANTANA COUTO JUNIOR,PDT,12,PARTIDO DEMOCRÁTICO TRABALHISTA,,PT / PMB / PSD / PR / PDT / PODE / PRP / PROS / PP / PSB / AVANTE,ELEITO POR QP,APTO,PDT,
2018,BA,deputado estadual,1,31111,JUNIOR MUNIZ,DENIVALDO MUNIZ LOPES JUNIOR,PHS,31,PARTIDO HUMANISTA DA SOLIDARIEDADE,,PHS / PPS / PRTB / PSL,ELEITO POR MÉDIA,APTO,PODE,
2018,BA,deputado estadual,1,19019,JANIO NATAL,JANIO NATAL ANDRADE BORGES,PODE,19,PODEMOS,,PT / PMB / PSD / PR / PDT / PODE / PRP / PROS / PP / PSB / AVANTE,ELEITO POR QP,APTO,PODE,
2018,BA,deputado estadual,1,11111,ADERBAL CALDAS,ADERBAL FULCO CALDAS,PP,11,PROGRESSISTAS,,PT / PMB / PSD / PR / PDT / PODE / PRP / PROS / PP / PSB / AVANTE,ELEITO POR QP,APTO,PP,
2018,BA,deputado estadual,1,11011,ANTÔNIO HENRIQUE JR.,ANTONIO HENRIQUE DE SOUSA MOREIRA JUNIOR,PP,11,PROGRESSISTAS,,PT / PMB / PSD / PR / PDT / PODE / PRP / PROS / PP / PSB / AVANTE,ELEITO POR QP,APTO,PP,
2018,BA,deputado estadual,1,11222,EDUARDO SALLES,EDUARDO SEIXAS DE SALLES,PP,11,PROGRESSISTAS,,PT / PMB / PSD / PR / PDT / PODE / PRP / PROS / PP / PSB / AVANTE,ELEITO POR QP,APTO,PP,
2018,BA,deputado estadual,1,11555,NELSON LEAL,NELSON SOUZA LEAL,PP,11,PROGRESSISTAS,,PT / PMB / PSD / PR / PDT / PODE / PRP / PROS / PP / PSB / AVANTE,ELEITO POR QP,APTO,PP,
2018,BA,deputado estadual,1,11777,NILTINHO,NILTON SILVA BASTOS JUNIOR,PP,11,PROGRESSISTAS,,PT / PMB / PSD / PR / PDT / PODE / PRP / PROS / PP / PSB / AVANTE,ELEITO POR MÉDIA,APTO,PP,
2018,BA,deputado estadual,1,11444,ROBINHO,CARLOS ROBSON RODRIGUES DA SILVA,PP,11,PROGRESSISTAS,,PT / PMB / PSD / PR / PDT / PODE / PRP / PROS / PP / PSB / AVANTE,ELEITO POR QP,APTO,PP,
2018,BA,deputado estadual,1,11122,ZÉ COCÁ,ZENILDO BRANDÃO SANTANA,PP,11,PROGRESSISTAS,,PT / PMB / PSD / PR / PDT / PODE / PRP / PROS / PP / PSB / AVANTE,ELEITO POR QP,APTO,PP,
2018,BA,deputado estadual,1,22700,VITOR BONFIM,JOAO VITOR DE CASTRO LINO BONFIM,PR,22,PARTIDO DA REPÚBLICA,,PT / PMB / PSD / PR / PDT / PODE / PRP / PROS / PP / PSB / AVANTE,ELEITO POR QP,APTO,PL,
2018,BA,deputado estadual,1,10456,JOSÉ DE ARIMATEIA,JOSÉ DE ARIMATEIA CORIOLANO DE PAIVA,PRB,10,PARTIDO REPUBLICANO BRASILEIRO,,DEM / PRB / PV / PSDB,ELEITO POR QP,APTO,REPUBLICANOS,
2018,BA,deputado estadual,1,10123,JURAILTON SANTOS,JURAILTON DE SOUSA SANTOS,PRB,10,PARTIDO REPUBLICANO BRASILEIRO,,DEM / PRB / PV / PSDB,ELEITO POR QP,APTO,REPUBLICANOS,
2018,BA,deputado estadual,1,44444,JURANDY OLIVEIRA,JURANDY CUNHA OLIVEIRA,PRP,44,PARTIDO REPUBLICANO PROGRESSISTA,,PT / PMB / PSD / PR / PDT / PODE / PRP / PROS / PP / PSB / AVANTE,ELEITO POR QP,APTO,PATRIOTA,
2018,BA,deputado estadual,1,40123,ALEX LIMA,ALEX DE CASTRO LIMA,PSB,40,PARTIDO SOCIALISTA BRASILEIRO,,PT / PMB / PSD / PR / PDT / PODE / PRP / PROS / PP / PSB / AVANTE,ELEITO POR QP,APTO,PSB,
2018,BA,deputado estadual,1,40100,ANGELO ALMEIDA,ANGELO MARIO CERQUEIRA DE ALMEIDA,PSB,40,PARTIDO SOCIALISTA BRASILEIRO,,PT / PMB / PSD / PR / PDT / PODE / PRP / PROS / PP / PSB / AVANTE,ELEITO POR MÉDIA,APTO,PSB,
2018,BA,deputado estadual,1,40040,FABIOLA MANSUR,FABIOLA MANSUR DE CARVALHO,PSB,40,PARTIDO SOCIALISTA BRASILEIRO,,PT / PMB / PSD / PR / PDT / PODE / PRP / PROS / PP / PSB / AVANTE,ELEITO POR QP,APTO,PSB,
2018,BA,deputado estadual,1,40000,MARCELINHO VEIGA,MARCELO DANTAS VEIGA,PSB,40,PARTIDO SOCIALISTA BRASILEIRO,,PT / PMB / PSD / PR / PDT / PODE / PRP / PROS / PP / PSB / AVANTE,ELEITO POR QP,APTO,PSB,
2018,BA,deputado estadual,1,40888,MARQUINHO VIANA,MARCOS AGUIAR VIANA,PSB,40,PARTIDO SOCIALISTA BRASILEIRO,,PT / PMB / PSD / PR / PDT / PODE / PRP / PROS / PP / PSB / AVANTE,ELEITO POR QP,APTO,PSB,
2018,BA,deputado estadual,1,20777,LAERTE DO VANDO,LAERTE LEANDRO DE ARAUJO FERNANDES,PSC,20,PARTIDO SOCIAL CRISTÃO,,PSC / PTB / PPL,ELEITO POR QP,APTO,PSC,
2018,BA,deputado estadual,1,20190,SOLDADO PRISCO,MARCO PRISCO CALDAS MACHADO,PSC,20,PARTIDO SOCIAL CRISTÃO,,PSC / PTB / PPL,ELEITO POR QP,APTO,PSC,
2018,BA,deputado estadual,1,20121,TUM,WALLISON OLIVEIRA TORRES,PSC,20,PARTIDO SOCIAL CRISTÃO,,PSC / PTB / PPL,ELEITO POR QP,APTO,PSC,
2018,BA,deputado estadual,1,55111,ADOLFO MENEZES,ADOLFO EMANUEL MONTEIRO DE MENEZES,PSD,55,PARTIDO SOCIAL DEMOCRÁTICO,,PT / PMB / PSD / PR / PDT / PODE / PRP / PROS / PP / PSB / AVANTE,ELEITO POR QP,APTO,PSD,
2018,BA,deputado estadual,1,55700,ALAN CASTRO,ALAN DE CASTRO DAYUBE,PSD,55,PARTIDO SOCIAL DEMOCRÁTICO,,PT / PMB / PSD / PR / PDT / PODE / PRP / PROS / PP / PSB / AVANTE,ELEITO POR QP,APTO,PSD,
2018,BA,deputado estadual,1,55000,ALEX DA PIATÃ,ALEX LOPES DA SILVA,PSD,55,PARTIDO SOCIAL DEMOCRÁTICO,,PT / PMB / PSD / PR / PDT / PODE / PRP / PROS / PP / PSB / AVANTE,ELEITO POR QP,APTO,PSD,
2018,BA,deputado estadual,1,55255,DIEGO CORONEL,DIEGO HENRIQUE SILVA CERQUEIRA MARTINS,PSD,55,PARTIDO SOCIAL DEMOCRÁTICO,,PT / PMB / PSD / PR / PDT / PODE / PRP / PROS / PP / PSB / AVANTE,ELEITO POR QP,APTO,PSD,
2018,BA,deputado estadual,1,55333,EDUARDO ALENCAR,JOSE EDUARDO MENDONCA DE ALENCAR,PSD,55,PARTIDO SOCIAL DEMOCRÁTICO,,PT / PMB / PSD / PR / PDT / PODE / PRP / PROS / PP / PSB / AVANTE,ELEITO POR QP,APTO,PSD,
2018,BA,deputado estadual,1,55456,IVANA BASTOS,IVANA TEIXEIRA BASTOS,PSD,55,PARTIDO SOCIAL DEMOCRÁTICO,,PT / PMB / PSD / PR / PDT / PODE / PRP / PROS / PP / PSB / AVANTE,ELEITO POR QP,APTO,PSD,
2018,BA,deputado estadual,1,55222,JUSMARI,JUSMARI TEREZINHA DE SOUZA OLIVEIRA,PSD,55,PARTIDO SOCIAL DEMOCRÁTICO,,PT / PMB / PSD / PR / PDT / PODE / PRP / PROS / PP / PSB / AVANTE,ELEITO POR QP,APTO,PSD,
2018,BA,deputado estadual,1,55888,MIRELA MACEDO,MIRELA DE OLIVEIRA MACEDO SILVA,PSD,55,PARTIDO SOCIAL DEMOCRÁTICO,,PT / PMB / PSD / PR / PDT / PODE / PRP / PROS / PP / PSB / AVANTE,ELEITO POR QP,APTO,PSD,
2018,BA,deputado estadual,1,55444,ROGÉRIO ANDRADE FILHO,ANDRÉ ROGÉRIO DE ARAÚJO ANDRADE FILHO,PSD,55,PARTIDO SOCIAL DEMOCRÁTICO,,PT / PMB / PSD / PR / PDT / PODE / PRP / PROS / PP / PSB / AVANTE,ELEITO POR QP,APTO,PSD,
2018,BA,deputado estadual,1,45800,DR.DAVID RIOS,DAVID SILVA RIOS,PSDB,45,PARTIDO DA SOCIAL DEMOCRACIA BRASILEIRA,,DEM / PRB / PV / PSDB,ELEITO POR QP,APTO,PSDB,
2018,BA,deputado estadual,1,45500,PAULO CÂMARA,PAULO SERGIO DE SA BITTENCOURT CÂMARA,PSDB,45,PARTIDO DA SOCIAL DEMOCRACIA BRASILEIRA,,DEM / PRB / PV / PSDB,ELEITO POR QP,APTO,PSDB,
2018,BA,deputado estadual,1,45556,TIAGO CORREIA,TIAGO BRANDÃO CORREIA,PSDB,45,PARTIDO DA SOCIAL DEMOCRACIA BRASILEIRA,,DEM / PRB / PV / PSDB,ELEITO POR MÉDIA,APTO,PSDB,
2018,BA,deputado estadual,1,17380,CAPITAO ALDEN,ALDEN JOSE LAZARO DA SILVA,PSL,17,PARTIDO SOCIAL LIBERAL,,PHS / PPS / PRTB / PSL,ELEITO POR QP,APTO,UNIÃO,
2018,BA,deputado estadual,1,17123,TALITA OLIVEIRA,TALITA SANTOS DE OLIVEIRA,PSL,17,PARTIDO SOCIAL LIBERAL,,PHS / PPS / PRTB / PSL,ELEITO POR QP,APTO,UNIÃO,
2018,BA,deputado estadual,1,50150,HILTON COELHO,HILTON BARROS COELHO,PSOL,50,PARTIDO SOCIALISMO E LIBERDADE,,PSOL,ELEITO POR QP,APTO,PSOL,
2018,BA,deputado estadual,1,13567,FÁTIMA NUNES,MARIA DE FATIMA NUNES DO CARMO,PT,13,PARTIDO DOS TRABALHADORES,,PT / PMB / PSD / PR / PDT / PODE / PRP / PROS / PP / PSB / AVANTE,ELEITO POR QP,APTO,PT,
2018,BA,deputado estadual,1,13110,JACÓ,MARIO AUGUSTO DE ALMEIDA NETO,PT,13,PARTIDO DOS TRABALHADORES,,PT / PMB / PSD / PR / PDT / PODE / PRP / PROS / PP / PSB / AVANTE,ELEITO POR QP,APTO,PT,
2018,BA,deputado estadual,1,13140,MARCELINO GALO,MARCELINO ANTÔNIO MARTINS GALO,PT,13,PARTIDO DOS TRABALHADORES,,PT / PMB / PSD / PR / PDT / PODE / PRP / PROS / PP / PSB / AVANTE,ELEITO POR QP,APTO,PT,
2018,BA,deputado estadual,1,13131,MARIA DEL CARMEN,MARIA DEL CARMEN FIDALGO SANCHEZ PUGA,PT,13,PARTIDO DOS TRABALHADORES,,PT / PMB / PSD / PR / PDT / PODE / PRP / PROS / PP / PSB / AVANTE,ELEITO POR QP,APTO,PT,
2018,BA,deputado estadual,1,13690,NEUSA CADORE,NEUSA CADORE,PT,13,PARTIDO DOS TRABALHADORES,,PT / PMB / PSD / PR / PDT / PODE / PRP / PROS / PP / PSB / AVANTE,ELEITO POR QP,APTO,PT,
2018,BA,deputado estadual,1,13013,OSNI,OSNI CARDOSO DE ARAÚJO,PT,13,PARTIDO DOS TRABALHADORES,,PT / PMB / PSD / PR / PDT / PODE / PRP / PROS / PP / PSB / AVANTE,ELEITO POR MÉDIA,APTO,PT,
2018,BA,deputado estadual,1,13113,PAULO RANGEL,PAULO FERNANDO RANGEL DE LIMA,PT,13,PARTIDO DOS TRABALHADORES,,PT / PMB / PSD / PR / PDT / PODE / PRP / PROS / PP / PSB / AVANTE,ELEITO POR QP,APTO,PT,
2018,BA,deputado estadual,1,13500,ROBINSON,ROBINSON SANTOS ALMEIDA,PT,13,PARTIDO DOS TRABALHADORES,,PT / PMB / PSD / PR / PDT / PODE / PRP / PROS / PP / PSB / AVANTE,ELEITO POR QP,APTO,PT,
2018,BA,deputado estadual,1,13444,ROSEMBERG,ROSEMBERG EVANGELISTA PINTO,PT,13,PARTIDO DOS TRABALHADORES,,PT / PMB / PSD / PR / PDT / PODE / PRP / PROS / PP / PSB / AVANTE,ELEITO POR QP,APTO,PT,
2018,BA,deputado estadual,1,13222,ZÉ RAIMUNDO,JOSÉ RAIMUNDO FONTES,PT,13,PARTIDO DOS TRABALHADORES,,PT / PMB / PSD / PR / PDT / PODE / PRP / PROS / PP / PSB / AVANTE,ELEITO POR QP,APTO,PT,
2018,CE,deputado estadual,1,25000,JOÃO JAIME,JOÃO JAIME GOMES MARINHO DE ANDRADE,DEM,25,DEMOCRATAS,,PP / PDT / PR / DEM / PRP,ELEITO POR QP,APTO,UNIÃO,
2018,CE,deputado estadual,1,15888,AGENOR NETO,AGENOR GOMES DE ARAÚJO NETO,MDB,15,MOVIMENTO DEMOCRÁTICO BRASILEIRO,,MDB / PHS / AVANTE / SOLIDARIEDADE / PSD / PSC / PODE / PRB,ELEITO POR QP,APTO,MDB,
2018,CE,deputado estadual,1,15333,DANNIEL OLIVEIRA,DANNIEL LOPES DE OLIVEIRA SOUSA,MDB,15,MOVIMENTO DEMOCRÁTICO BRASILEIRO,,MDB / PHS / AVANTE / SOLIDARIEDADE / PSD / PSC / PODE / PRB,ELEITO POR QP,APTO,MDB,
2018,CE,deputado estadual,1,15151,LEONARDO ARAUJO,LEONARDO ARAUJO DE SOUZA,MDB,15,MOVIMENTO DEMOCRÁTICO BRASILEIRO,,MDB / PHS / AVANTE / SOLIDARIEDADE / PSD / PSC / PODE / PRB,ELEITO POR QP,APTO,MDB,
2018,CE,deputado estadual,1,15640,WALTER CAVALCANTE,WALTER LIMA FROTA CAVALCANTE,MDB,15,MOVIMENTO DEMOCRÁTICO BRASILEIRO,,MDB / PHS / AVANTE / SOLIDARIEDADE / PSD / PSC / PODE / PRB,ELEITO POR MÉDIA,APTO,MDB,
2018,CE,deputado estadual,1,51010,APÓSTOLO LUIZ HENRIQUE,LUIZ HENRIQUE CASTELO LIMA,PATRIOTA,51,PATRIOTA,,PATRIOTA,ELEITO POR QP,APTO,PATRIOTA,
2018,CE,deputado estadual,1,51515,DR. BRUNO GONÇALVES,BRUNO BARROS GONÇALVES,PATRIOTA,51,PATRIOTA,,PATRIOTA,ELEITO POR QP,APTO,PATRIOTA,
2018,CE,deputado estadual,1,51777,NIZO,ANTONIO VALDENIZO DA COSTA,PATRIOTA,51,PATRIOTA,,PATRIOTA,ELEITO POR QP,APTO,PATRIOTA,
2018,CE,deputado estadual,1,65700,AUGUSTA BRITO,AUGUSTA BRITO DE PAULA,PC do B,65,PARTIDO COMUNISTA DO BRASIL,,PC do B / PTB,ELEITO POR QP,APTO,PC do B,
2018,CE,deputado estadual,1,65100,DR. CARLOS FELIPE,CARLOS FELIPE SARAIVA BEZERRA,PC do B,65,PARTIDO COMUNISTA DO BRASIL,,PC do B / PTB,ELEITO POR QP,APTO,PC do B,
2018,CE,deputado estadual,1,12312,ANTONIO GRANJA,ANTONIO PINHEIRO GRANJA,PDT,12,PARTIDO DEMOCRÁTICO TRABALHISTA,,PP / PDT / PR / DEM / PRP,ELEITO POR QP,APTO,PDT,
2018,CE,deputado estadual,1,12789,DR SARTO,JOSE SARTO NOGUEIRA MOREIRA,PDT,12,PARTIDO DEMOCRÁTICO TRABALHISTA,,PP / PDT / PR / DEM / PRP,ELEITO POR QP,APTO,PDT,
2018,CE,deputado estadual,1,12000,EVANDRO LEITÃO ,EVANDRO SÁ BARRETO LEITÃO,PDT,12,PARTIDO DEMOCRÁTICO TRABALHISTA,,PP / PDT / PR / DEM / PRP,ELEITO POR QP,APTO,PDT,
2018,CE,deputado estadual,1,12114,GUILHERME LANDIM,GUILHERME SAMPAIO LANDIM,PDT,12,PARTIDO DEMOCRÁTICO TRABALHISTA,,PP / PDT / PR / DEM / PRP,ELEITO POR QP,APTO,PDT,
2018,CE,deputado estadual,1,12444,JEOVÁ MOTA,JOSÉ JEOVÁ SOUTO MOTA,PDT,12,PARTIDO DEMOCRÁTICO TRABALHISTA,,PP / PDT / PR / DEM / PRP,ELEITO POR QP,APTO,PDT,
2018,CE,deputado estadual,1,12333,MARCOS SOBREIRA,MARCOS MARCEL RODRIGUES SOBREIRA,PDT,12,PARTIDO DEMOCRÁTICO TRABALHISTA,,PP / PDT / PR / DEM / PRP,ELEITO POR QP,APTO,PDT,
2018,CE,deputado estadual,1,12580,NEZINHO FARIAS,MANOEL GOMES DE FARIAS NETO,PDT,12,PARTIDO DEMOCRÁTICO TRABALHISTA,,PP / PDT / PR / DEM / PRP,ELEITO POR QP,APTO,PDT,
2018,CE,deputado estadual,1,12222,OSMAR BAQUIT,FRANCISCO OSMAR DIÓGENES BAQUIT,PDT,12,PARTIDO DEMOCRÁTICO TRABALHISTA,,PP / PDT / PR / DEM / PRP,ELEITO POR QP,APTO,PDT,
2018,CE,deputado estadual,1,12300,QUEIROZ FILHO,FRANCISCO JOSÉ QUEIROZ MAIA FILHO,PDT,12,PARTIDO DEMOCRÁTICO TRABALHISTA,,PP / PDT / PR / DEM / PRP,ELEITO POR QP,APTO,PDT,
2018,CE,deputado estadual,1,12456,ROMEU ALDIGUERI,ROMEU ALDIGUERI DE ARRUDA COELHO,PDT,12,PARTIDO DEMOCRÁTICO TRABALHISTA,,PP / PDT / PR / DEM / PRP,ELEITO POR QP,APTO,PDT,
2018,CE,deputado estadual,1,12500,SALMITO,JOAO SALMITO FILHO,PDT,12,PARTIDO DEMOCRÁTICO TRABALHISTA,,PP / PDT / PR / DEM / PRP,ELEITO POR QP,APTO,PDT,
2018,CE,deputado estadual,1,12888,SERGIO AGUIAR,SERGIO DE ARAUJO LIMA AGUIAR,PDT,12,PARTIDO DEMOCRÁTICO TRABALHISTA,,PP / PDT / PR / DEM / PRP,ELEITO POR QP,APTO,PDT,
2018,CE,deputado estadual,1,12600,TIN GOMES,AGOSTINHO FREDERICO CARMO GOMES,PDT,12,PARTIDO DEMOCRÁTICO TRABALHISTA,,PP / PDT / PR / DEM / PRP,ELEITO POR QP,APTO,PDT,
2018,CE,deputado estadual,1,12111,ZEZINHO ALBUQUERQUE,JOSE JACOME CARNEIRO ALBUQUERQUE,PDT,12,PARTIDO DEMOCRÁTICO TRABALHISTA,,PP / PDT / PR / DEM / PRP,ELEITO POR QP,APTO,PDT,
2018,CE,deputado estadual,1,11000,BRUNO PEDROSA,BRUNO TORQUATO PEDROSA,PP,11,PROGRESSISTAS,,PP / PDT / PR / DEM / PRP,ELEITO POR MÉDIA,APTO,PP,
2018,CE,deputado estadual,1,11111,DEP FERNANDO HUGO - DR. HUGO,FERNANDO HUGO DA SILVA COLARES,PP,11,PROGRESSISTAS,,PP / PDT / PR / DEM / PRP,ELEITO POR QP,APTO,PP,
2018,CE,deputado estadual,1,11444,LEONARDO PINHEIRO,LEONARDO FRANKLIN NOGUEIRA PINHEIRO,PP,11,PROGRESSISTAS,,PP / PDT / PR / DEM / PRP,ELEITO POR MÉDIA,APTO,PP,
2018,CE,deputado estadual,1,23234,JULINHO,JULIO CESAR COSTA LIMA JUNIOR,PPS,23,PARTIDO POPULAR SOCIALISTA,,PPS / PRTB / PPL,ELEITO POR QP,APTO,CIDADANIA,
2018,CE,deputado estadual,1,22777,DRA.SILVANA,SILVANA OLIVEIRA DE SOUSA,PR,22,PARTIDO DA REPÚBLICA,,PP / PDT / PR / DEM / PRP,ELEITO POR QP,APTO,PL,
2018,CE,deputado estadual,1,10000,DAVID DURAND,DAVID DE ALBUQUERQUE DURAND,PRB,10,PARTIDO REPUBLICANO BRASILEIRO,,MDB / PHS / AVANTE / SOLIDARIEDADE / PSD / PSC / PODE / PRB,ELEITO POR MÉDIA,APTO,REPUBLICANOS,
2018,CE,deputado estadual,1,90090,SOLDADO NOELIO,NOELIO DA ROCHA OLIVEIRA,PROS,90,PARTIDO REPUBLICANO DA ORDEM SOCIAL,,PROS,ELEITO POR QP,APTO,PROS,
2018,CE,deputado estadual,1,90190,VITOR VALIM,VITOR PEREIRA VALIM,PROS,90,PARTIDO REPUBLICANO DA ORDEM SOCIAL,,PROS,ELEITO POR QP,APTO,PROS,
2018,CE,deputado estadual,1,40000,AUDIC MOTA,AUDIC CAVALCANTE MOTA DIAS,PSB,40,PARTIDO SOCIALISTA BRASILEIRO,,PT / PV / PSB,ELEITO POR QP,APTO,PSB,
2018,CE,deputado estadual,1,55333,PATRÍCIA AGUIAR,PATRÍCIA PEQUENO COSTA GOMES DE AGUIAR,PSD,55,PARTIDO SOCIAL DEMOCRÁTICO,,MDB / PHS / AVANTE / SOLIDARIEDADE / PSD / PSC / PODE / PRB,ELEITO POR QP,APTO,PSD,
2018,CE,deputado estadual,1,55000,ÉRIKA AMORIM,ÉRIKA GONÇALVES AMORIM,PSD,55,PARTIDO SOCIAL DEMOCRÁTICO,,MDB / PHS / AVANTE / SOLIDARIEDADE / PSD / PSC / PODE / PRB,ELEITO POR QP,APTO,PSD,
2018,CE,deputado estadual,1,45800,FERNANDA PESSOA,FERNANDA ENEIDA PESSOA CARACAS DE SOUZA,PSDB,45,PARTIDO DA SOCIAL DEMOCRACIA BRASILEIRA,,PSDB,ELEITO POR QP,APTO,PSDB,
2018,CE,deputado estadual,1,45222,NELINHO,RONDINELLE PEREIRA DE FREITAS,PSDB,45,PARTIDO DA SOCIAL DEMOCRACIA BRASILEIRA,,PSDB,ELEITO POR QP,APTO,PSDB,
2018,CE,deputado estadual,1,17777,ANDRÉ FERNANDES,ANDRÉ FERNANDES DE MOURA,PSL,17,PARTIDO SOCIAL LIBERAL,,DC / PSL,ELEITO POR QP,APTO,UNIÃO,
2018,CE,deputado estadual,1,17000,DELEGADO CAVALCANTE,FRANCISCO DE ASSIS CAVALCANTE NOGUEIRA,PSL,17,PARTIDO SOCIAL LIBERAL,,DC / PSL,ELEITO POR QP,APTO,UNIÃO,
2018,CE,deputado estadual,1,50500,RENATO ROSENO,RENATO ROSENO DE OLIVEIRA,PSOL,50,PARTIDO SOCIALISMO E LIBERDADE,,PSOL,ELEITO POR QP,APTO,PSOL,
2018,CE,deputado estadual,1,13132,ACRISIO SENA,JOSE ACRISIO DE SENA,PT,13,PARTIDO DOS TRABALHADORES,,PT / PV / PSB,ELEITO POR QP,APTO,PT,
2018,CE,deputado estadual,1,13123,ELMANO FREITAS,ELMANO DE FREITAS DA COSTA,PT,13,PARTIDO DOS TRABALHADORES,,PT / PV / PSB,ELEITO POR QP,APTO,PT,
2018,CE,deputado estadual,1,13222,FERNANDO SANTANA,FERNANDO MATOS SANTANA,PT,13,PARTIDO DOS TRABALHADORES,,PT / PV / PSB,ELEITO POR QP,APTO,PT,
2018,CE,deputado estadual,1,13333,MOISES BRAZ,MOISES BRAZ RICARDO,PT,13,PARTIDO DOS TRABALHADORES,,PT / PV / PSB,ELEITO POR QP,APTO,PT,
2018,CE,deputado estadual,1,77777,ADERLANIA NORONHA,MARIA ADERLANIA SOARES BARRETO NORONHA,SOLIDARIEDADE,77,SOLIDARIEDADE,,MDB / PHS / AVANTE / SOLIDARIEDADE / PSD / PSC / PODE / PRB,ELEITO POR QP,INAPTO,SOLIDARIEDADE,"Consta como eleito na base do TSE, com a candidatura registrada hoje como inapta."
2018,CE,deputado estadual,1,77000,HEITOR FÉRRER,HEITOR CORREIA FÉRRER,SOLIDARIEDADE,77,SOLIDARIEDADE,,MDB / PHS / AVANTE / SOLIDARIEDADE / PSD / PSC / PODE / PRB,ELEITO POR QP,APTO,SOLIDARIEDADE,
2018,ES,deputado estadual,1,70333,CARLOS VON,CARLOS VON SCHILGEN FERREIRA,AVANTE,70,AVANTE,,PPS / AVANTE / PTC,ELEITO POR QP,APTO,AVANTE,
2018,ES,deputado estadual,1,27444,EUCLÉRIO SAMPAIO,EUCLERIO DE AZEVEDO SAMPAIO JUNIOR,DC,27,DEMOCRACIA CRISTÃ,,PSB / DC,ELEITO POR QP,APTO,DC,
2018,ES,deputado estadual,1,25100,THEODORICO FERRAÇO,THEODORICO DE ASSIS FERRAÇO,DEM,25,DEMOCRATAS,,PDT / DEM / PPL / PSD,ELEITO POR QP,APTO,UNIÃO,
2018,ES,deputado estadual,1,15100,DOUTOR HÉRCULES,HÉRCULES SILVEIRA,MDB,15,MOVIMENTO DEMOCRÁTICO BRASILEIRO,,MDB,ELEITO POR QP,APTO,MDB,
2018,ES,deputado estadual,1,15222,JOSÉ ESMERALDO,JOSÉ ESMERALDO DE FREITAS,MDB,15,MOVIMENTO DEMOCRÁTICO BRASILEIRO,,MDB,ELEITO POR QP,APTO,MDB,
2018,ES,deputado estadual,1,51555,DR.RAFAEL FAVATTO,RAFAEL FAVATTO GARCIA,PATRIOTA,51,PATRIOTA,,PODE / PRTB / PMN / PATRIOTA / REDE,ELEITO POR QP,APTO,PATRIOTA,
2018,ES,deputado estadual,1,12123,MARCELO SANTOS ,ALEXANDRE MARCELO COUTINHO SANTOS,PDT,12,PARTIDO DEMOCRÁTICO TRABALHISTA,,PDT / DEM / PPL / PSD,ELEITO POR MÉDIA,APTO,PDT,
2018,ES,deputado estadual,1,33800,JANETE,JANETE SANTOS DE SA,PMN,33,PARTIDO DA MOBILIZAÇÃO NACIONAL,,PODE / PRTB / PMN / PATRIOTA / REDE,ELEITO POR QP,APTO,PMN,
2018,ES,deputado estadual,1,11011,RENZO VASCONCELOS,RENZO DE VASCONCELOS,PP,11,PROGRESSISTAS,,PP / PROS,ELEITO POR QP,APTO,PP,
2018,ES,deputado estadual,1,23123,FABRÍCIO GANDINI,FABRÍCIO GANDINE AQUINO,PPS,23,PARTIDO POPULAR SOCIALISTA,,PPS / AVANTE / PTC,ELEITO POR QP,APTO,CIDADANIA,
2018,ES,deputado estadual,1,10190,ERICK MUSSO,ERICK CABRAL MUSSO,PRB,10,PARTIDO REPUBLICANO BRASILEIRO,,PR / PRB / PSL,ELEITO POR MÉDIA,APTO,REPUBLICANOS,
2018,ES,deputado estadual,1,10300,HUDSON LEAL,HUDSON SOARES LEAL,PRB,10,PARTIDO REPUBLICANO BRASILEIRO,,PR / PRB / PSL,ELEITO POR QP,APTO,REPUBLICANOS,
2018,ES,deputado estadual,1,90333,RAQUEL LESSA,RAQUEL FERREIRA MAGESTE LESSA,PROS,90,PARTIDO REPUBLICANO DA ORDEM SOCIAL,,PP / PROS,ELEITO POR QP,APTO,PROS,
2018,ES,deputado estadual,1,44569,DARY PAGUNG,DARY ALVES PAGUNG,PRP,44,PARTIDO REPUBLICANO PROGRESSISTA,,PRP / PC do B,ELEITO POR QP,APTO,PATRIOTA,
2018,ES,deputado estadual,1,44444,DELEGADO LORENZO PAZOLINI,LORENZO SILVA DE PAZOLINI,PRP,44,PARTIDO REPUBLICANO PROGRESSISTA,,PRP / PC do B,ELEITO POR QP,APTO,PATRIOTA,
2018,ES,deputado estadual,1,40011,BRUNO LAMAS,BRUNO LAMAS SILVA,PSB,40,PARTIDO SOCIALISTA BRASILEIRO,,PSB / DC,ELEITO POR QP,APTO,PSB,
2018,ES,deputado estadual,1,40456,SERGIO MAJESKI,SERGIO MAJESKI,PSB,40,PARTIDO SOCIALISTA BRASILEIRO,,PSB / DC,ELEITO POR QP,APTO,PSB,
2018,ES,deputado estadual,1,55555,ENIVALDO DOS ANJOS,ENIVALDO EUZÉBIO DOS ANJOS,PSD,55,PARTIDO SOCIAL DEMOCRÁTICO,,PDT / DEM / PPL / PSD,ELEITO POR QP,APTO,PSD,
2018,ES,deputado estadual,1,45000,DR. EMILIO MAMERI,EMILIO MAMERI NETO,PSDB,45,PARTIDO DA SOCIAL DEMOCRACIA BRASILEIRA,,PSDB / PSC,ELEITO POR MÉDIA,APTO,PSDB,
2018,ES,deputado estadual,1,45500,PR MARCOS MANSUR ,MARCOS ANTONIO MANSOR,PSDB,45,PARTIDO DA SOCIAL DEMOCRACIA BRASILEIRA,,PSDB / PSC,ELEITO POR QP,APTO,PSDB,
2018,ES,deputado estadual,1,45678,VANDINHO LEITE,VANDERSON ALONSO LEITE,PSDB,45,PARTIDO DA SOCIAL DEMOCRACIA BRASILEIRA,,PSDB / PSC,ELEITO POR QP,APTO,PSDB,
2018,ES,deputado estadual,1,17190,CAPITÃO ASSUMÇÃO,LUCINIO CASTELO DE ASSUMÇÃO,PSL,17,PARTIDO SOCIAL LIBERAL,,PR / PRB / PSL,ELEITO POR QP,APTO,UNIÃO,
2018,ES,deputado estadual,1,17800,CORONEL ALEXANDRE QUINTINO,ALEXANDRE QUINTINO MOREIRA,PSL,17,PARTIDO SOCIAL LIBERAL,,PR / PRB / PSL,ELEITO POR QP,APTO,UNIÃO,
2018,ES,deputado estadual,1,17777,DELEGADO DANILO BAHIENSE,DANILO BAHIENSE MOREIRA,PSL,17,PARTIDO SOCIAL LIBERAL,,PR / PRB / PSL,ELEITO POR QP,APTO,UNIÃO,
2018,ES,deputado estadual,1,17017,TORINO MARQUES,ADONIAS MARQUES DE ABREU,PSL,17,PARTIDO SOCIAL LIBERAL,,PR / PRB / PSL,ELEITO POR QP,APTO,UNIÃO,
2018,ES,deputado estadual,1,13133,IRINY LOPES,IRINY NICOLAU CORRES LOPES,PT,13,PARTIDO DOS TRABALHADORES,,PT,ELEITO POR QP,APTO,PT,
2018,ES,deputado estadual,1,14123,ADILSON ESPINDULA,ADILSON ESPINDULA,PTB,14,PARTIDO TRABALHISTA BRASILEIRO,,PTB / PMB,ELEITO POR QP,APTO,PTB,
2018,ES,deputado estadual,1,43043,LUCIANO MACHADO,LUCIANO MANOEL MACHADO,PV,43,PARTIDO VERDE,,PV / SOLIDARIEDADE / PHS,ELEITO POR QP,APTO,PV,
2018,ES,deputado estadual,1,43000,MARCOS GARCIA,MARCOS ANTONIO FERNANDES GARCIA,PV,43,PARTIDO VERDE,,PV / SOLIDARIEDADE / PHS,ELEITO POR QP,APTO,PV,
2018,ES,deputado estadual,1,18123,ALEXANDRE XAMBINHO,ALEXANDRE ARAUJO MARÇAL,REDE,18,REDE SUSTENTABILIDADE,,PODE / PRTB / PMN / PATRIOTA / REDE,ELEITO POR MÉDIA,APTO,REDE,
2018,GO,deputado estadual,1,27123,RAFAEL GOUVEIA,RAFAEL MAGALHAES DE GOUVEIA,DC,27,DEMOCRACIA CRISTÃ,,DC,ELEITO POR QP,APTO,DC,
2018,GO,deputado estadual,1,27900,ZÉ CARAPÔ,JOSE ANTONIO PRADO NUNES CARVALHO,DC,27,DEMOCRACIA CRISTÃ,,DC,ELEITO POR MÉDIA,APTO,DC,
2018,GO,deputado estadual,1,25122,ALVARO GUIMARAES,ALVARO SOARES GUIMARAES,DEM,25,DEMOCRATAS,,DEM / PTC / PMB / PSC,ELEITO POR MÉDIA,APTO,UNIÃO,
2018,GO,deputado estadual,1,25010,CHICO KGL,FRANCISCO GRIMALDI DE LIMA,DEM,25,DEMOCRATAS,,DEM / PTC / PMB / PSC,ELEITO POR QP,APTO,UNIÃO,
2018,GO,deputado estadual,1,25025,DR. ANTÔNIO,ANTÔNIO CARLOS CAETANO DE MORAES,DEM,25,DEMOCRATAS,,DEM / PTC / PMB / PSC,ELEITO POR QP,APTO,UNIÃO,
2018,GO,deputado estadual,1,25678,ISO MOREIRA,ALOÍSIO MOREIRA DOS SANTOS,DEM,25,DEMOCRATAS,,DEM / PTC / PMB / PSC,ELEITO POR QP,APTO,UNIÃO,
2018,GO,deputado estadual,1,15700,BRUNO PEIXOTO,BRUNO REGIANY PEIXOTO PIMENTA,MDB,15,MOVIMENTO DEMOCRÁTICO BRASILEIRO,,MDB / PRB,ELEITO POR QP,APTO,MDB,
2018,GO,deputado estadual,1,15123,HUMBERTO AIDAR,JOSÉ HUMBERTO AIDAR,MDB,15,MOVIMENTO DEMOCRÁTICO BRASILEIRO,,MDB / PRB,ELEITO POR QP,APTO,MDB,
2018,GO,deputado estadual,1,15601,PAULO CEZAR MARTINS,PAULO CEZAR MARTINS,MDB,15,MOVIMENTO DEMOCRÁTICO BRASILEIRO,,MDB / PRB,ELEITO POR QP,APTO,MDB,
2018,GO,deputado estadual,1,51123,WAGNER NETO,WAGNER CAMARGO NETO,PATRIOTA,51,PATRIOTA,,PATRIOTA,ELEITO POR QP,APTO,PATRIOTA,
2018,GO,deputado estadual,1,12456,KARLOS CABRAL,KARLOS MARCIO VIEIRA CABRAL,PDT,12,PARTIDO DEMOCRÁTICO TRABALHISTA,,PDT,ELEITO POR QP,APTO,PDT,
2018,GO,deputado estadual,1,11900,CORONEL ADAILTON,ADAILTON FLORENTINO DO NASCIMENTO,PP,11,PROGRESSISTAS,,PP,ELEITO POR QP,APTO,PP,
2018,GO,deputado estadual,1,23123,VIRMONDES CRUVINEL,VIRMONDES BORGES CRUVINEL FILHO,PPS,23,PARTIDO POPULAR SOCIALISTA,,PSDB / PSB / PPS,ELEITO POR MÉDIA,APTO,CIDADANIA,
2018,GO,deputado estadual,1,10010,ALYSSON LIMA,ALYSSON FRANCISCO DE LIMA,PRB,10,PARTIDO REPUBLICANO BRASILEIRO,,MDB / PRB,ELEITO POR MÉDIA,APTO,REPUBLICANOS,
2018,GO,deputado estadual,1,10123,JEFERSON RODRIGUES,JEFERSON RODRIGUES LEMOS,PRB,10,PARTIDO REPUBLICANO BRASILEIRO,,MDB / PRB,ELEITO POR QP,APTO,REPUBLICANOS,
2018,GO,deputado estadual,1,90500,CAIRO SALIM,CAIRO SALIM MARCELINO LOPES,PROS,90,PARTIDO REPUBLICANO DA ORDEM SOCIAL,,PROS,ELEITO POR QP,APTO,PROS,
2018,GO,deputado estadual,1,90555,RUBENS MARQUES,RUBENS MARQUES VIEIRA DOS SANTOS,PROS,90,PARTIDO REPUBLICANO DA ORDEM SOCIAL,,PROS,ELEITO POR QP,APTO,PROS,
2018,GO,deputado estadual,1,90100,VINICIUS CIRQUEIRA,VINICIUS CLEMENTINO CIRQUEIRA,PROS,90,PARTIDO REPUBLICANO DA ORDEM SOCIAL,,PROS,ELEITO POR MÉDIA,APTO,PROS,
2018,GO,deputado estadual,1,44000,AMAURI RIBEIRO,AMAURI RIBEIRO,PRP,44,PARTIDO REPUBLICANO PROGRESSISTA,,PODE / PRP,ELEITO POR QP,APTO,PATRIOTA,
2018,GO,deputado estadual,1,44190,MAJOR ARAUJO,JUNIO ALVES ARAUJO,PRP,44,PARTIDO REPUBLICANO PROGRESSISTA,,PODE / PRP,ELEITO POR QP,APTO,PATRIOTA,
2018,GO,deputado estadual,1,28600,CHARLES BENTO,CHARLES BENTO EVANGELISTA,PRTB,28,PARTIDO RENOVADOR TRABALHISTA BRASILEIRO,,PRTB / PMN,ELEITO POR QP,APTO,PRTB,
2018,GO,deputado estadual,1,28028,JULIO PINA,JULIO PINA NETO,PRTB,28,PARTIDO RENOVADOR TRABALHISTA BRASILEIRO,,PRTB / PMN,ELEITO POR MÉDIA,APTO,PRTB,
2018,GO,deputado estadual,1,40123,LISSAUER VIEIRA,LISSAUER VIEIRA,PSB,40,PARTIDO SOCIALISTA BRASILEIRO,,PSDB / PSB / PPS,ELEITO POR QP,APTO,PSB,
2018,GO,deputado estadual,1,20100,HENRIQUE CESAR,HENRIQUE CESAR PEREIRA,PSC,20,PARTIDO SOCIAL CRISTÃO,,DEM / PTC / PMB / PSC,ELEITO POR QP,APTO,PSC,
2018,GO,deputado estadual,1,55000,LUCAS CALIL,LUCAS PINHEIRO BRANDAO CALIL,PSD,55,PARTIDO SOCIAL DEMOCRÁTICO,,PTB / PSD,ELEITO POR QP,APTO,PSD,
2018,GO,deputado estadual,1,55555,WILDE CAMBÃO,WILDE LOPES RORIZ,PSD,55,PARTIDO SOCIAL DEMOCRÁTICO,,PTB / PSD,ELEITO POR QP,APTO,PSD,
2018,GO,deputado estadual,1,45333,DIEGO SORGATTO,DIEGO VAZ SORGATTO,PSDB,45,PARTIDO DA SOCIAL DEMOCRACIA BRASILEIRA,,PSDB / PSB / PPS,ELEITO POR QP,APTO,PSDB,
2018,GO,deputado estadual,1,45678,DR. HELIO DE SOUSA,HELIO ANTONIO DE SOUSA,PSDB,45,PARTIDO DA SOCIAL DEMOCRACIA BRASILEIRA,,PSDB / PSB / PPS,ELEITO POR QP,APTO,PSDB,
2018,GO,deputado estadual,1,45222,GUSTAVO SEBBA,GUSTAVO KOPPAN FAIAD SEBBA,PSDB,45,PARTIDO DA SOCIAL DEMOCRACIA BRASILEIRA,,PSDB / PSB / PPS,ELEITO POR MÉDIA,APTO,PSDB,
2018,GO,deputado estadual,1,45045,LÊDA BORGES,LEDA BORGES DE MOURA,PSDB,45,PARTIDO DA SOCIAL DEMOCRACIA BRASILEIRA,,PSDB / PSB / PPS,ELEITO POR QP,APTO,PSDB,
2018,GO,deputado estadual,1,45123,TALLES BARRETO,TALLES ALVES BARRETO,PSDB,45,PARTIDO DA SOCIAL DEMOCRACIA BRASILEIRA,,PSDB / PSB / PPS,ELEITO POR QP,APTO,PSDB,
2018,GO,deputado estadual,1,45555,TIÃO CAROÇO,SEBASTIÃO MONTEIRO GUIMARÃES FILHO,PSDB,45,PARTIDO DA SOCIAL DEMOCRACIA BRASILEIRA,,PSDB / PSB / PPS,ELEITO POR QP,APTO,PSDB,
2018,GO,deputado estadual,1,17197,DELEGADO HUMBERTO TEÓFILO,HUMBERTO TEÓFILO DE MENEZES NETO,PSL,17,PARTIDO SOCIAL LIBERAL,,PSL,ELEITO POR QP,APTO,UNIÃO,
2018,GO,deputado estadual,1,17400,PAULO TRABALHO,PAULO CEZAR KRAUSPENHAR,PSL,17,PARTIDO SOCIAL LIBERAL,,PSL,ELEITO POR QP,APTO,UNIÃO,
2018,GO,deputado estadual,1,13456,ANTÔNIO GOMIDE,ANTÔNIO ROBERTO OTONI GOMIDE,PT,13,PARTIDO DOS TRABALHADORES,,PT / PC do B,ELEITO POR QP,APTO,PT,
2018,GO,deputado estadual,1,13123,DELEGADA ADRIANA ACCORSI,ADRIANA SAUTHIER ACCORSI,PT,13,PARTIDO DOS TRABALHADORES,,PT / PC do B,ELEITO POR QP,APTO,PT,
2018,GO,deputado estadual,1,14141,HENRIQUE ARANTES,HENRIQUE PAULISTA ARANTES,PTB,14,PARTIDO TRABALHISTA BRASILEIRO,,PTB / PSD,ELEITO POR MÉDIA,APTO,PTB,
2018,GO,deputado estadual,1,36690,CLAUDIO MEIRELLES,CLAUDIO OLINTO MEIRELLES,PTC,36,PARTIDO TRABALHISTA CRISTÃO,,DEM / PTC / PMB / PSC,ELEITO POR QP,APTO,AGIR,
2018,GO,deputado estadual,1,43444,DELEGADO EDUARDO PRADO,EDUARDO JOSÉ DO PRADO,PV,43,PARTIDO VERDE,,AVANTE / PR / PV,ELEITO POR QP,APTO,PV,
2018,GO,deputado estadual,1,77200,AMILTON FILHO,AMILTON BATISTA DE FARIA FILHO,SOLIDARIEDADE,77,SOLIDARIEDADE,,SOLIDARIEDADE,ELEITO POR QP,APTO,SOLIDARIEDADE,
2018,GO,deputado estadual,1,77077,THIAGO ALBERNAZ,THIAGO ALBERNAZ PEREIRA,SOLIDARIEDADE,77,SOLIDARIEDADE,,SOLIDARIEDADE,ELEITO POR MÉDIA,APTO,SOLIDARIEDADE,
2018,MA,deputado estadual,1,25123,ANDREIA REZENDE,ANDREIA LOPES MARTINS REZENDE,DEM,25,DEMOCRATAS,,PDT / PC do B / PSB / PRB / PR / DEM / PP / PTC / AVANTE,ELEITO POR QP,APTO,UNIÃO,
2018,MA,deputado estadual,1,25333,ANTONIO PEREIRA,ANTONIO PEREIRA FILHO,DEM,25,DEMOCRATAS,,PDT / PC do B / PSB / PRB / PR / DEM / PP / PTC / AVANTE,ELEITO POR QP,APTO,UNIÃO,
2018,MA,deputado estadual,1,25456,DANIELLA TEMA,DANIELLA JADAO MENESES CUNHA,DEM,25,DEMOCRATAS,,PDT / PC do B / PSB / PRB / PR / DEM / PP / PTC / AVANTE,ELEITO POR QP,APTO,UNIÃO,
2018,MA,deputado estadual,1,25678,NETO EVANGELISTA,JOSE ARIMATEA LIMA NETO EVANGELISTA,DEM,25,DEMOCRATAS,,PDT / PC do B / PSB / PRB / PR / DEM / PP / PTC / AVANTE,ELEITO POR QP,APTO,UNIÃO,
2018,MA,deputado estadual,1,25111,PAULO NETO,PAULO ROBERTO ALMEIDA NETO,DEM,25,DEMOCRATAS,,PDT / PC do B / PSB / PRB / PR / DEM / PP / PTC / AVANTE,ELEITO POR QP,APTO,UNIÃO,
2018,MA,deputado estadual,1,15222,ARNALDO MELO,ANTONIO ARNALDO ALVES DE MELO,MDB,15,MOVIMENTO DEMOCRÁTICO BRASILEIRO,,MDB / PV / PSD / PSC / PMB / PRP,ELEITO POR QP,APTO,MDB,
2018,MA,deputado estadual,1,15789,ROBERTO COSTA,JOSE ROBERTO COSTA SANTOS,MDB,15,MOVIMENTO DEMOCRÁTICO BRASILEIRO,,MDB / PV / PSD / PSC / PMB / PRP,ELEITO POR QP,APTO,MDB,
2018,MA,deputado estadual,1,65555,ADELMO SOARES,ADELMO DE ANDRADE SOARES,PC do B,65,PARTIDO COMUNISTA DO BRASIL,,PDT / PC do B / PSB / PRB / PR / DEM / PP / PTC / AVANTE,ELEITO POR QP,APTO,PC do B,
2018,MA,deputado estadual,1,65000,ANA DO GÁS,ANA DE NAZARÉ PEREIRA SILVA MACEDO MENDONÇA,PC do B,65,PARTIDO COMUNISTA DO BRASIL,,PDT / PC do B / PSB / PRB / PR / DEM / PP / PTC / AVANTE,ELEITO POR QP,APTO,PC do B,
2018,MA,deputado estadual,1,65333,CARLINHOS FLORÊNCIO,JOSÉ CARLOS NOBRE MONTEIRO,PC do B,65,PARTIDO COMUNISTA DO BRASIL,,PDT / PC do B / PSB / PRB / PR / DEM / PP / PTC / AVANTE,ELEITO POR QP,APTO,PC do B,
2018,MA,deputado estadual,1,65222,DUARTE JUNIOR,HILDELIS SILVA DUARTE JUNIOR,PC do B,65,PARTIDO COMUNISTA DO BRASIL,,PDT / PC do B / PSB / PRB / PR / DEM / PP / PTC / AVANTE,ELEITO POR QP,APTO,PC do B,
2018,MA,deputado estadual,1,65065,OTHELINO NETO,OTHELINO NOVA ALVES NETO,PC do B,65,PARTIDO COMUNISTA DO BRASIL,,PDT / PC do B / PSB / PRB / PR / DEM / PP / PTC / AVANTE,ELEITO POR QP,APTO,PC do B,
2018,MA,deputado estadual,1,65111,PROFESSOR MARCO AURÉLIO,MARCO AURÉLIO DA SILVA AZEVEDO,PC do B,65,PARTIDO COMUNISTA DO BRASIL,,PDT / PC do B / PSB / PRB / PR / DEM / PP / PTC / AVANTE,ELEITO POR QP,APTO,PC do B,
2018,MA,deputado estadual,1,12000,DR. YGLESIO ,YGLESIO LUCIANO MOYSES SILVA DE SOUZA,PDT,12,PARTIDO DEMOCRÁTICO TRABALHISTA,,PDT / PC do B / PSB / PRB / PR / DEM / PP / PTC / AVANTE,ELEITO POR QP,APTO,PDT,
2018,MA,deputado estadual,1,12345,DRA. CLEIDE COUTINHO,CLEIDE BARROSO COUTINHO,PDT,12,PARTIDO DEMOCRÁTICO TRABALHISTA,,PDT / PC do B / PSB / PRB / PR / DEM / PP / PTC / AVANTE,ELEITO POR QP,APTO,PDT,
2018,MA,deputado estadual,1,12121,FABIO MACEDO ,FABIO HENRIQUE DIAS DE MACEDO,PDT,12,PARTIDO DEMOCRÁTICO TRABALHISTA,,PDT / PC do B / PSB / PRB / PR / DEM / PP / PTC / AVANTE,ELEITO POR MÉDIA,APTO,PDT,
2018,MA,deputado estadual,1,12123,GLALBERT CUTRIM,GLALBERT NASCIMENTO CUTRIM,PDT,12,PARTIDO DEMOCRÁTICO TRABALHISTA,,PDT / PC do B / PSB / PRB / PR / DEM / PP / PTC / AVANTE,ELEITO POR QP,APTO,PDT,
2018,MA,deputado estadual,1,12012,MARCIO HONAISER,MARCIO JOSE HONAISER,PDT,12,PARTIDO DEMOCRÁTICO TRABALHISTA,,PDT / PC do B / PSB / PRB / PR / DEM / PP / PTC / AVANTE,ELEITO POR QP,APTO,PDT,
2018,MA,deputado estadual,1,12300,RAFAEL LEITOA,RAFAEL DE BRITO SOUSA,PDT,12,PARTIDO DEMOCRÁTICO TRABALHISTA,,PDT / PC do B / PSB / PRB / PR / DEM / PP / PTC / AVANTE,ELEITO POR QP,APTO,PDT,
2018,MA,deputado estadual,1,12333,RICARDO RIOS,RICARDO TADEU RIBEIRO PEARCE,PDT,12,PARTIDO DEMOCRÁTICO TRABALHISTA,,PDT / PC do B / PSB / PRB / PR / DEM / PP / PTC / AVANTE,ELEITO POR MÉDIA,APTO,PDT,
2018,MA,deputado estadual,1,33456,WENDELL LAGES,WENDELL LAUANDE FONSECA LAGES BARBOSA,PMN,33,PARTIDO DA MOBILIZAÇÃO NACIONAL,,PMN / PHS,ELEITO POR QP,APTO,PMN,
2018,MA,deputado estadual,1,11222,CIRO NETO,CIRO EVANGELISTA DE SOUZA NETO,PP,11,PROGRESSISTAS,,PDT / PC do B / PSB / PRB / PR / DEM / PP / PTC / AVANTE,ELEITO POR MÉDIA,APTO,PP,
2018,MA,deputado estadual,1,11111,DRA. THAIZA,THAIZA DE AGUIAR HORTEGAL,PP,11,PROGRESSISTAS,,PDT / PC do B / PSB / PRB / PR / DEM / PP / PTC / AVANTE,ELEITO POR QP,APTO,PP,
2018,MA,deputado estadual,1,22000,DETINHA,MARIA DEUSDETE LIMA CUNHA RODRIGUES,PR,22,PARTIDO DA REPÚBLICA,,PDT / PC do B / PSB / PRB / PR / DEM / PP / PTC / AVANTE,ELEITO POR QP,APTO,PL,
2018,MA,deputado estadual,1,22222,HELIO SOARES,HELIO OLIVEIRA SOARES,PR,22,PARTIDO DA REPÚBLICA,,PDT / PC do B / PSB / PRB / PR / DEM / PP / PTC / AVANTE,ELEITO POR QP,APTO,PL,
2018,MA,deputado estadual,1,22223,VINICIUS LOURO,MARCUS VINICIUS DE OLIVEIRA PEREIRA,PR,22,PARTIDO DA REPÚBLICA,,PDT / PC do B / PSB / PRB / PR / DEM / PP / PTC / AVANTE,ELEITO POR QP,APTO,PL,
2018,MA,deputado estadual,1,10000,ZÉ GENTIL,JOSÉ GENTIL ROSA,PRB,10,PARTIDO REPUBLICANO BRASILEIRO,,PDT / PC do B / PSB / PRB / PR / DEM / PP / PTC / AVANTE,ELEITO POR QP,APTO,REPUBLICANOS,
2018,MA,deputado estadual,1,90123,PASTOR CAVALCANTE,JOSÉ ALVES CAVALCANTE,PROS,90,PARTIDO REPUBLICANO DA ORDEM SOCIAL,,PTB / PROS / PPS / PPL,ELEITO POR MÉDIA,APTO,PROS,
2018,MA,deputado estadual,1,28456,DR. LEONARDO SA,LEONARDO SARMENTO PIRES DE SA,PRTB,28,PARTIDO RENOVADOR TRABALHISTA BRASILEIRO,,PRTB,ELEITO POR QP,APTO,PRTB,
2018,MA,deputado estadual,1,28000,FELIPE DOS PNEUS,LUIS FELIPE OLIVEIRA DE CARVALHO,PRTB,28,PARTIDO RENOVADOR TRABALHISTA BRASILEIRO,,PRTB,ELEITO POR QP,APTO,PRTB,
2018,MA,deputado estadual,1,40888,EDSON ARAUJO,EDSON CUNHA DE ARAUJO,PSB,40,PARTIDO SOCIALISTA BRASILEIRO,,PDT / PC do B / PSB / PRB / PR / DEM / PP / PTC / AVANTE,ELEITO POR QP,APTO,PSB,
2018,MA,deputado estadual,1,40123,MARCELO TAVARES,MARCELO TAVARES SILVA,PSB,40,PARTIDO SOCIALISTA BRASILEIRO,,PDT / PC do B / PSB / PRB / PR / DEM / PP / PTC / AVANTE,ELEITO POR QP,APTO,PSB,
2018,MA,deputado estadual,1,45111,WELLINGTON DO CURSO,CARLOS WELLINGTON DE CASTRO BEZERRA,PSDB,45,PARTIDO DA SOCIAL DEMOCRACIA BRASILEIRA,,PSDB,ELEITO POR QP,APTO,PSDB,
2018,MA,deputado estadual,1,17123,PARÁ FIGUEIREDO,KARLOS PARABUCU SANTOS FIGUEIREDO DOS ANJOS,PSL,17,PARTIDO SOCIAL LIBERAL,,PSL,ELEITO POR QP,APTO,UNIÃO,
2018,MA,deputado estadual,1,13123,ZE INACIO,JOSE INACIO SODRE RODRIGUES,PT,13,PARTIDO DOS TRABALHADORES,,PT,ELEITO POR QP,APTO,PT,
2018,MA,deputado estadual,1,14000,MICAL DAMASCENO,MICAL SILVA DAMASCENO,PTB,14,PARTIDO TRABALHISTA BRASILEIRO,,PTB / PROS / PPS / PPL,ELEITO POR QP,APTO,PTB,
2018,MA,deputado estadual,1,43123,ADRIANO SARNEY,JOSE ADRIANO CORDEIRO SARNEY,PV,43,PARTIDO VERDE,,MDB / PV / PSD / PSC / PMB / PRP,ELEITO POR QP,APTO,PV,
2018,MA,deputado estadual,1,43333,CÉSAR PIRES,CÉSAR HENRIQUE SANTOS PIRES,PV,43,PARTIDO VERDE,,MDB / PV / PSD / PSC / PMB / PRP,ELEITO POR MÉDIA,APTO,PV,
2018,MA,deputado estadual,1,43200,RIGO TELES,RIGO ALBERTO TELIS DE SOUSA,PV,43,PARTIDO VERDE,,MDB / PV / PSD / PSC / PMB / PRP,ELEITO POR QP,APTO,PV,
2018,MA,deputado estadual,1,77456,DR. HELENA DUAILIBE,HELENA MARIA DUAILIBE FERREIRA,SOLIDARIEDADE,77,SOLIDARIEDADE,,SOLIDARIEDADE / PATRIOTA,ELEITO POR QP,APTO,SOLIDARIEDADE,
2018,MA,deputado estadual,1,77800,FERNANDO PESSOA,FERNANDO PORTELA TELES PESSOA,SOLIDARIEDADE,77,SOLIDARIEDADE,,SOLIDARIEDADE / PATRIOTA,ELEITO POR QP,APTO,SOLIDARIEDADE,
2018,MA,deputado estadual,1,77777,RILDO AMARAL,RILDO DE OLIVEIRA AMARAL,SOLIDARIEDADE,77,SOLIDARIEDADE,,SOLIDARIEDADE / PATRIOTA,ELEITO POR QP,APTO,SOLIDARIEDADE,
2018,MG,deputado estadual,1,70100,BOSCO,JOAO BOSCO,AVANTE,70,AVANTE,,AVANTE,ELEITO POR MÉDIA,APTO,AVANTE,
2018,MG,deputado estadual,1,70123,FABIO AVELAR,FABIO JOSE DE OLIVEIRA,AVANTE,70,AVANTE,,AVANTE,ELEITO POR QP,APTO,AVANTE,
2018,MG,deputado estadual,1,27700,CLEITON OLIVEIRA,CLEITON DE OLIVEIRA,DC,27,DEMOCRACIA CRISTÃ,,DC,ELEITO POR QP,APTO,DC,
2018,MG,deputado estadual,1,25141,IONE PINHEIRO,IONE MARIA PINHEIRO,DEM,25,DEMOCRATAS,,PSDB / PPS / DEM / PP / PSD,ELEITO POR QP,APTO,UNIÃO,
2018,MG,deputado estadual,1,15196,CELISE LAVIOLA,CELISE BARREIROS LAVIOLA CABRAL DE LIRA,MDB,15,MOVIMENTO DEMOCRÁTICO BRASILEIRO,,PDT / PSB / PRB / PV / MDB / PODE,ELEITO POR QP,APTO,MDB,
2018,MG,deputado estadual,1,15800,DOUGLAS MELO,JEFERSON DOUGLAS SOARES ESTANISLAU,MDB,15,MOVIMENTO DEMOCRÁTICO BRASILEIRO,,PDT / PSB / PRB / PV / MDB / PODE,ELEITO POR QP,APTO,MDB,
2018,MG,deputado estadual,1,15133,JOÃO MAGALHÃES,JOÃO LÚCIO MAGALHÃES BIFANO,MDB,15,MOVIMENTO DEMOCRÁTICO BRASILEIRO,,PDT / PSB / PRB / PV / MDB / PODE,ELEITO POR QP,APTO,MDB,
2018,MG,deputado estadual,1,15130,LEONÍDIO BOUÇAS,LEONÍDIO HENRIQUE CORRÊA BOUÇAS,MDB,15,MOVIMENTO DEMOCRÁTICO BRASILEIRO,,PDT / PSB / PRB / PV / MDB / PODE,ELEITO POR QP,APTO,MDB,
2018,MG,deputado estadual,1,15900,SÁVIO SOUZA CRUZ,LUIZ SÁVIO DE SOUZA CRUZ,MDB,15,MOVIMENTO DEMOCRÁTICO BRASILEIRO,,PDT / PSB / PRB / PV / MDB / PODE,ELEITO POR QP,APTO,MDB,
2018,MG,deputado estadual,1,15300,TADEUZINHO,LUIZ TADEU MARTINS LEITE,MDB,15,MOVIMENTO DEMOCRÁTICO BRASILEIRO,,PDT / PSB / PRB / PV / MDB / PODE,ELEITO POR QP,APTO,MDB,
2018,MG,deputado estadual,1,15456,THIAGO COTA,THIAGO FELLIPE MOTTA COTA,MDB,15,MOVIMENTO DEMOCRÁTICO BRASILEIRO,,PDT / PSB / PRB / PV / MDB / PODE,ELEITO POR QP,APTO,MDB,
2018,MG,deputado estadual,1,30000,BARTÔ DO NOVO,BERNARDO BARTOLOMEO MOREIRA,NOVO,30,PARTIDO NOVO,,NOVO,ELEITO POR QP,APTO,NOVO,
2018,MG,deputado estadual,1,30400,GUILHERME DA CUNHA,GUILHERME DA CUNHA ANDRADE,NOVO,30,PARTIDO NOVO,,NOVO,ELEITO POR MÉDIA,APTO,NOVO,
2018,MG,deputado estadual,1,30700,LAURA SERRANO,LAURA MENDES SERRANO,NOVO,30,PARTIDO NOVO,,NOVO,ELEITO POR QP,APTO,NOVO,
2018,MG,deputado estadual,1,51300,DOORGAL ANDRADA,DOORGAL GUSTAVO SAD LAFAYETTE DE ANDRADA,PATRIOTA,51,PATRIOTA,,PATRIOTA / PTC / PMB,ELEITO POR QP,APTO,PATRIOTA,
2018,MG,deputado estadual,1,51051,DR. PAULO,PAULO VALDIR FERREIRA,PATRIOTA,51,PATRIOTA,,PATRIOTA / PTC / PMB,ELEITO POR QP,APTO,PATRIOTA,
2018,MG,deputado estadual,1,65112,CELINHO DO SINTTROCEL,JOSÉ CÉLIO DE ALVARENGA,PC do B,65,PARTIDO COMUNISTA DO BRASIL,,PC do B,ELEITO POR QP,APTO,PC do B,
2018,MG,deputado estadual,1,12212,ALENCAR DA SILVEIRA JR.,ALENCAR MAGALHÃES DA SILVEIRA JUNIOR,PDT,12,PARTIDO DEMOCRÁTICO TRABALHISTA,,PDT / PSB / PRB / PV / MDB / PODE,ELEITO POR QP,APTO,PDT,
2018,MG,deputado estadual,1,12369,CARLOS PIMENTA,CARLOS WELTH PIMENTA DE FIGUEIREDO,PDT,12,PARTIDO DEMOCRÁTICO TRABALHISTA,,PDT / PSB / PRB / PV / MDB / PODE,ELEITO POR MÉDIA,APTO,PDT,
2018,MG,deputado estadual,1,31100,FERNANDO PACHECO,FERNANDO PACHECO FIALHO,PHS,31,PARTIDO HUMANISTA DA SOLIDARIEDADE,,PHS,ELEITO POR QP,APTO,PODE,
2018,MG,deputado estadual,1,31001,OSVALDO LOPES,OSVALDO LOPES DE OLIVEIRA JUNIOR,PHS,31,PARTIDO HUMANISTA DA SOLIDARIEDADE,,PHS,ELEITO POR QP,APTO,PODE,
2018,MG,deputado estadual,1,31456,ZÉ REIS,JOSÉ REIS NOGUEIRA DE BARROS,PHS,31,PARTIDO HUMANISTA DA SOLIDARIEDADE,,PHS,ELEITO POR QP,APTO,PODE,
2018,MG,deputado estadual,1,19789,NEILANDO PIMENTA,NEILANDO ALVES PIMENTA,PODE,19,PODEMOS,,PDT / PSB / PRB / PV / MDB / PODE,ELEITO POR QP,APTO,PODE,
2018,MG,deputado estadual,1,19151,ROSÂNGELA REIS,ROSÂNGELA DE OLIVEIRA CAMPOS REIS,PODE,19,PODEMOS,,PDT / PSB / PRB / PV / MDB / PODE,ELEITO POR QP,APTO,PODE,
2018,MG,deputado estadual,1,11210,GIL PEREIRA,GILBERTO WAGNER MARTINS PEREIRA ANTUNES,PP,11,PROGRESSISTAS,,PSDB / PPS / DEM / PP / PSD,ELEITO POR QP,APTO,PP,
2018,MG,deputado estadual,1,23444,CLEITINHO,CLEITON GONTIJO DE AZEVEDO,PPS,23,PARTIDO POPULAR SOCIALISTA,,PSDB / PPS / DEM / PP / PSD,ELEITO POR QP,APTO,CIDADANIA,
2018,MG,deputado estadual,1,22800,GUSTAVO SANTANA,GUSTAVO DE VASCONCELLOS MOREIRA,PR,22,PARTIDO DA REPÚBLICA,,PT / PR / PSB,ELEITO POR QP,APTO,PL,
2018,MG,deputado estadual,1,22333,LÉO PORTELA,LEONARDO MORREALE DINIZ PORTELA,PR,22,PARTIDO DA REPÚBLICA,,PT / PR / PSB,ELEITO POR QP,APTO,PL,
2018,MG,deputado estadual,1,10123,CARLOS HENRIQUE,CARLOS HENRIQUE ALVES DA SILVA,PRB,10,PARTIDO REPUBLICANO BRASILEIRO,,PDT / PSB / PRB / PV / MDB / PODE,ELEITO POR QP,APTO,REPUBLICANOS,
2018,MG,deputado estadual,1,10100,CHARLES SANTOS,CHARLES DOS SANTOS,PRB,10,PARTIDO REPUBLICANO BRASILEIRO,,PDT / PSB / PRB / PV / MDB / PODE,ELEITO POR QP,APTO,REPUBLICANOS,
2018,MG,deputado estadual,1,10800,MAURO TRAMONTE,MAURO HENRIQUE TRAMONTE,PRB,10,PARTIDO REPUBLICANO BRASILEIRO,,PDT / PSB / PRB / PV / MDB / PODE,ELEITO POR QP,APTO,REPUBLICANOS,
2018,MG,deputado estadual,1,90900,ELISMAR PRADO,ELISMAR FERNANDES PRADO,PROS,90,PARTIDO REPUBLICANO DA ORDEM SOCIAL,,PROS,ELEITO POR QP,APTO,PROS,
2018,MG,deputado estadual,1,44333,ZÉ GUILHERME,JOSE GUILHERME FERREIRA FILHO,PRP,44,PARTIDO REPUBLICANO PROGRESSISTA,,PRP / PPL,ELEITO POR QP,APTO,PATRIOTA,
2018,MG,deputado estadual,1,28031,REPÓRTER RAFAEL MARTINS,RAFAEL MARTINS DE SOUZA,PRTB,28,PARTIDO RENOVADOR TRABALHISTA BRASILEIRO,,PRTB / REDE,ELEITO POR QP,APTO,PRTB,
2018,MG,deputado estadual,1,40222,ROBERTO ANDRADE,ROBERTO DIAS DE ANDRADE,PSB,40,PARTIDO SOCIALISTA BRASILEIRO,,PT / PR / PSB,ELEITO POR QP,APTO,PSB,
2018,MG,deputado estadual,1,20444,GUSTAVO MITRE,GUSTAVO MARQUES CARVALHO MITRE,PSC,20,PARTIDO SOCIAL CRISTÃO,,PSC,ELEITO POR MÉDIA,APTO,PSC,
2018,MG,deputado estadual,1,20123,NORALDINO JUNIOR,NORALDINO LUCIO DIAS JUNIOR,PSC,20,PARTIDO SOCIAL CRISTÃO,,PSC,ELEITO POR QP,APTO,PSC,
2018,MG,deputado estadual,1,20700,RAUL BELEM,RAUL JOSE DE BELEM,PSC,20,PARTIDO SOCIAL CRISTÃO,,PSC,ELEITO POR QP,APTO,PSC,
2018,MG,deputado estadual,1,55555,CASSIO SOARES,CASSIO ANTÔNIO FERREIRA SOARES,PSD,55,PARTIDO SOCIAL DEMOCRÁTICO,,PSDB / PPS / DEM / PP / PSD,ELEITO POR QP,APTO,PSD,
2018,MG,deputado estadual,1,55123,DR. WILSON BATISTA,WILSON ROBERTO BATISTA ,PSD,55,PARTIDO SOCIAL DEMOCRÁTICO,,PSDB / PPS / DEM / PP / PSD,ELEITO POR QP,APTO,PSD,
2018,MG,deputado estadual,1,55789,DUARTE BECHIR,NACIB DUARTE BECHIR,PSD,55,PARTIDO SOCIAL DEMOCRÁTICO,,PSDB / PPS / DEM / PP / PSD,ELEITO POR QP,APTO,PSD,
2018,MG,deputado estadual,1,55444,LEANDRO GENARO,LEANDRO ANDRADE GENARO OLIVEIRA,PSD,55,PARTIDO SOCIAL DEMOCRÁTICO,,PSDB / PPS / DEM / PP / PSD,ELEITO POR QP,APTO,PSD,
2018,MG,deputado estadual,1,45010,ANTÔNIO CARLOS ARANTES,ANTÔNIO CARLOS ARANTES,PSDB,45,PARTIDO DA SOCIAL DEMOCRACIA BRASILEIRA,,PSDB / PPS / DEM / PP / PSD,ELEITO POR QP,APTO,PSDB,
2018,MG,deputado estadual,1,45222,DALMO RIBEIRO,DALMO ROBERTO RIBEIRO SILVA,PSDB,45,PARTIDO DA SOCIAL DEMOCRACIA BRASILEIRA,,PSDB / PPS / DEM / PP / PSD,ELEITO POR QP,APTO,PSDB,
2018,MG,deputado estadual,1,45678,GUSTAVO VALADARES,GUSTAVO DA CUNHA PEREIRA VALADARES,PSDB,45,PARTIDO DA SOCIAL DEMOCRACIA BRASILEIRA,,PSDB / PPS / DEM / PP / PSD,ELEITO POR QP,APTO,PSDB,
2018,MG,deputado estadual,1,45777,JOÃO LEITE,JOÃO LEITE DA SILVA NETO,PSDB,45,PARTIDO DA SOCIAL DEMOCRACIA BRASILEIRA,,PSDB / PPS / DEM / PP / PSD,ELEITO POR QP,APTO,PSDB,
2018,MG,deputado estadual,1,45200,JOÃO VITOR XAVIER DA ITATIAIA,JOÃO VÍTOR XAVIER FAUSTINO,PSDB,45,PARTIDO DA SOCIAL DEMOCRACIA BRASILEIRA,,PSDB / PPS / DEM / PP / PSD,ELEITO POR QP,APTO,PSDB,
2018,MG,deputado estadual,1,45999,LUIZ HUMBERTO CARNEIRO,LUIZ HUMBERTO CARNEIRO,PSDB,45,PARTIDO DA SOCIAL DEMOCRACIA BRASILEIRA,,PSDB / PPS / DEM / PP / PSD,ELEITO POR MÉDIA,APTO,PSDB,
2018,MG,deputado estadual,1,45240,TITO TORRES,TITO BRUNO MIRANDA TORRES DUARTE,PSDB,45,PARTIDO DA SOCIAL DEMOCRACIA BRASILEIRA,,PSDB / PPS / DEM / PP / PSD,ELEITO POR QP,APTO,PSDB,
2018,MG,deputado estadual,1,17200,BRUNO ENGLER,BRUNO DE CASTRO ENGLER FLORENCIO DE ALMEIDA,PSL,17,PARTIDO SOCIAL LIBERAL,,PSL,ELEITO POR QP,APTO,UNIÃO,
2018,MG,deputado estadual,1,17500,CORONEL HENRIQUE,CARLOS HENRIQUE COELHO DE CAMPOS,PSL,17,PARTIDO SOCIAL LIBERAL,,PSL,ELEITO POR QP,APTO,UNIÃO,
2018,MG,deputado estadual,1,17011,CORONEL SANDRO,SANDRO LÚCIO FONSECA,PSL,17,PARTIDO SOCIAL LIBERAL,,PSL,ELEITO POR QP,APTO,UNIÃO,
2018,MG,deputado estadual,1,17456,DELEGADA SHEILA,SHEILA APARECIDA PEDROSA DE MELLO OLIVEIRA,PSL,17,PARTIDO SOCIAL LIBERAL,,PSL,ELEITO POR QP,APTO,UNIÃO,
2018,MG,deputado estadual,1,17190,DELEGADO HELI GRILO ,HELI GERALDO DE ANDRADE ,PSL,17,PARTIDO SOCIAL LIBERAL,,PSL,ELEITO POR QP,APTO,UNIÃO,
2018,MG,deputado estadual,1,17027,PROF. IRINEU,IRINEU INACIO DA SILVA,PSL,17,PARTIDO SOCIAL LIBERAL,,PSL,ELEITO POR MÉDIA,APTO,UNIÃO,
2018,MG,deputado estadual,1,50130,ANDREIA DE JESUS,ANDREIA DE JESUS SILVA,PSOL,50,PARTIDO SOCIALISMO E LIBERDADE,,PSOL / PCB,ELEITO POR QP,APTO,PSOL,
2018,MG,deputado estadual,1,13555,ANDRÉ QUINTÃO,ANDRÉ QUINTÃO SILVA,PT,13,PARTIDO DOS TRABALHADORES,,PT / PR / PSB,ELEITO POR QP,APTO,PT,
2018,MG,deputado estadual,1,13123,BEATRIZ CERQUEIRA,BEATRIZ DA SILVA CERQUEIRA,PT,13,PARTIDO DOS TRABALHADORES,,PT / PR / PSB,ELEITO POR QP,APTO,PT,
2018,MG,deputado estadual,1,13613,BETÃO,ROBERTO CUPOLILLO,PT,13,PARTIDO DOS TRABALHADORES,,PT / PR / PSB,ELEITO POR MÉDIA,APTO,PT,
2018,MG,deputado estadual,1,13120,CRISTIANO SILVEIRA,CRISTIANO TADEU DA SILVEIRA,PT,13,PARTIDO DOS TRABALHADORES,,PT / PR / PSB,ELEITO POR QP,APTO,PT,
2018,MG,deputado estadual,1,13100,DR. JEAN FREIRE,JEAN MARK FREIRE SILVA,PT,13,PARTIDO DOS TRABALHADORES,,PT / PR / PSB,ELEITO POR QP,APTO,PT,
2018,MG,deputado estadual,1,13456,LENINHA,MARILENE ALVES DE SOUZA,PT,13,PARTIDO DOS TRABALHADORES,,PT / PR / PSB,ELEITO POR QP,APTO,PT,
2018,MG,deputado estadual,1,13900,MARILIA CAMPOS,MARILIA APARECIDA CAMPOS,PT,13,PARTIDO DOS TRABALHADORES,,PT / PR / PSB,ELEITO POR QP,APTO,PT,
2018,MG,deputado estadual,1,13139,MARQUINHO DURVAL,MARCOS JOSERALDO LEMOS,PT,13,PARTIDO DOS TRABALHADORES,,PT / PR / PSB,ELEITO POR QP,APTO,PT,
2018,MG,deputado estadual,1,13077,ULYSSES GOMES,ULYSSES GOMES DE OLIVEIRA NETO,PT,13,PARTIDO DOS TRABALHADORES,,PT / PR / PSB,ELEITO POR QP,APTO,PT,
2018,MG,deputado estadual,1,13789,VIRGÍLIO GUIMARÃES,VIRGILIO GUIMARÃES DE PAULA,PT,13,PARTIDO DOS TRABALHADORES,,PT / PR / PSB,ELEITO POR QP,APTO,PT,
2018,MG,deputado estadual,1,14111,ARLEN SANTIAGO,ARLEN DE PAULO SANTIAGO FILHO,PTB,14,PARTIDO TRABALHISTA BRASILEIRO,,PTB / PMN,ELEITO POR QP,APTO,PTB,
2018,MG,deputado estadual,1,14444,BRAULIO BRAZ,BRAULIO JOSÉ TANUS BRAZ,PTB,14,PARTIDO TRABALHISTA BRASILEIRO,,PTB / PMN,ELEITO POR QP,APTO,PTB,
2018,MG,deputado estadual,1,14123,SARGENTO RODRIGUES,WASHINGTON FERNANDO RODRIGUES,PTB,14,PARTIDO TRABALHISTA BRASILEIRO,,PTB / PMN,ELEITO POR QP,APTO,PTB,
2018,MG,deputado estadual,1,43500,AGOSTINHO PATRUS,AGOSTINHO CELIO ANDRADE PATRUS,PV,43,PARTIDO VERDE,,PDT / PSB / PRB / PV / MDB / PODE,ELEITO POR QP,APTO,PV,
2018,MG,deputado estadual,1,43120,DR. HELY,HELY TARQUINIO,PV,43,PARTIDO VERDE,,PDT / PSB / PRB / PV / MDB / PODE,ELEITO POR QP,APTO,PV,
2018,MG,deputado estadual,1,43123,GLAYCON FRANCO,GLYCON MOREIRA FRANCO,PV,43,PARTIDO VERDE,,PDT / PSB / PRB / PV / MDB / PODE,ELEITO POR QP,APTO,PV,
2018,MG,deputado estadual,1,43000,INÁCIO FRANCO,INÁCIO FRANCO,PV,43,PARTIDO VERDE,,PDT / PSB / PRB / PV / MDB / PODE,ELEITO POR MÉDIA,APTO,PV,
2018,MG,deputado estadual,1,43333,MÁRIO HENRIQUE CAIXA,MÁRIO HENRIQUE DA SILVA,PV,43,PARTIDO VERDE,,PDT / PSB / PRB / PV / MDB / PODE,ELEITO POR QP,APTO,PV,
2018,MG,deputado estadual,1,18444,ANA PAULA SIQUEIRA,ANA PAULA SIQUEIRA,REDE,18,REDE SUSTENTABILIDADE,,PRTB / REDE,ELEITO POR QP,APTO,REDE,
2018,MG,deputado estadual,1,77888,ALBERTO PINTO COELHO - BETINHO,ALBERTO PINTO COELHO NETO,SOLIDARIEDADE,77,SOLIDARIEDADE,,SOLIDARIEDADE,ELEITO POR QP,APTO,SOLIDARIEDADE,
2018,MG,deputado estadual,1,77001,PROFESSOR WENDEL MESQUITA,WENDEL CRISTIANO SOARES DE MESQUITA,SOLIDARIEDADE,77,SOLIDARIEDADE,,SOLIDARIEDADE,ELEITO POR QP,APTO,SOLIDARIEDADE,
2018,MS,deputado estadual,1,25456,BARBOSINHA,JOSÉ CARLOS BARBOSA,DEM,25,DEMOCRATAS,,PSDB / PROS / DEM,ELEITO POR QP,APTO,UNIÃO,
2018,MS,deputado estadual,1,25121,ZÉ TEIXEIRA,JOSÉ ROBERTO TEIXEIRA,DEM,25,DEMOCRATAS,,PSDB / PROS / DEM,ELEITO POR QP,APTO,UNIÃO,
2018,MS,deputado estadual,1,15123,EDUARDO ROCHA,JOAO EDUARDO BARBOSA ROCHA,MDB,15,MOVIMENTO DEMOCRÁTICO BRASILEIRO,,MDB,ELEITO POR MÉDIA,APTO,MDB,
2018,MS,deputado estadual,1,15000,MARCIO FERNANDES,MARCIO FERNANDES,MDB,15,MOVIMENTO DEMOCRÁTICO BRASILEIRO,,MDB,ELEITO POR QP,APTO,MDB,
2018,MS,deputado estadual,1,15150,RENATO CÂMARA,RENATO PIERETTI CÂMARA,MDB,15,MOVIMENTO DEMOCRÁTICO BRASILEIRO,,MDB,ELEITO POR QP,APTO,MDB,
2018,MS,deputado estadual,1,51777,LIDIO LOPES,LIDIO NOGUEIRA LOPES,PATRIOTA,51,PATRIOTA,,PSD / PATRIOTA / PMN / AVANTE,ELEITO POR QP,APTO,PATRIOTA,
2018,MS,deputado estadual,1,12000,JAMILSON NAME,JAMILSON LOPES NAME,PDT,12,PARTIDO DEMOCRÁTICO TRABALHISTA,,PDT / PRB,ELEITO POR QP,APTO,PDT,
2018,MS,deputado estadual,1,11700,EVANDER VENDRAMINI,EVANDER JOSÉ VENDRAMINI DURAN,PP,11,PROGRESSISTAS,,SOLIDARIEDADE / PPS / PSL / PSB / PP / PTB / PMB,ELEITO POR MÉDIA,APTO,PP,
2018,MS,deputado estadual,1,11123,GERSON CLARO,GERSON CLARO DINO,PP,11,PROGRESSISTAS,,SOLIDARIEDADE / PPS / PSL / PSB / PP / PTB / PMB,ELEITO POR QP,APTO,PP,
2018,MS,deputado estadual,1,22222,JOAO HENRIQUE,JOAO HENRIQUE MIRANDA SOARES CATAN,PR,22,PARTIDO DA REPÚBLICA,,PSC / PR / DC / PRTB / PHS / PTC,ELEITO POR MÉDIA,APTO,PL,
2018,MS,deputado estadual,1,10123,ANTONIO VAZ,ANTONIO VAZ NETO,PRB,10,PARTIDO REPUBLICANO BRASILEIRO,,PDT / PRB,ELEITO POR QP,APTO,REPUBLICANOS,
2018,MS,deputado estadual,1,55123,LONDRES MACHADO,LONDRES MACHADO,PSD,55,PARTIDO SOCIAL DEMOCRÁTICO,,PSD / PATRIOTA / PMN / AVANTE,ELEITO POR QP,APTO,PSD,
2018,MS,deputado estadual,1,45800,FELIPE ORRO,LUIZ FELIPPE RIBEIRO ORRO,PSDB,45,PARTIDO DA SOCIAL DEMOCRACIA BRASILEIRA,,PSDB / PROS / DEM,ELEITO POR QP,APTO,PSDB,
2018,MS,deputado estadual,1,45456,MARÇAL FILHO,MARÇAL GONÇALVES LEITE FILHO,PSDB,45,PARTIDO DA SOCIAL DEMOCRACIA BRASILEIRA,,PSDB / PROS / DEM,ELEITO POR QP,APTO,PSDB,
2018,MS,deputado estadual,1,45123,ONEVAN DE MATOS,ONEVAN JOSÉ DE MATOS,PSDB,45,PARTIDO DA SOCIAL DEMOCRACIA BRASILEIRA,,PSDB / PROS / DEM,ELEITO POR QP,APTO,PSDB,
2018,MS,deputado estadual,1,45222,PAULO CORRÊA,PAULO JOSÉ ARAUJO CORREA,PSDB,45,PARTIDO DA SOCIAL DEMOCRACIA BRASILEIRA,,PSDB / PROS / DEM,ELEITO POR QP,APTO,PSDB,
2018,MS,deputado estadual,1,45045,PROFESSOR RINALDO,RINALDO MODESTO DE OLIVEIRA,PSDB,45,PARTIDO DA SOCIAL DEMOCRACIA BRASILEIRA,,PSDB / PROS / DEM,ELEITO POR MÉDIA,APTO,PSDB,
2018,MS,deputado estadual,1,17000,CAPITÃO CONTAR,RENAN BARBOSA CONTAR,PSL,17,PARTIDO SOCIAL LIBERAL,,SOLIDARIEDADE / PPS / PSL / PSB / PP / PTB / PMB,ELEITO POR QP,APTO,UNIÃO,
2018,MS,deputado estadual,1,17800,CORONEL DAVID,CARLOS ALBERTO DAVID DOS SANTOS,PSL,17,PARTIDO SOCIAL LIBERAL,,SOLIDARIEDADE / PPS / PSL / PSB / PP / PTB / PMB,ELEITO POR QP,APTO,UNIÃO,
2018,MS,deputado estadual,1,13699,CABO ALMI,JOSE ALMI PEREIRA MOURA,PT,13,PARTIDO DOS TRABALHADORES,,PT,ELEITO POR QP,APTO,PT,
2018,MS,deputado estadual,1,13613,PEDRO KEMP,PEDRO CESAR KEMP GONÇALVES,PT,13,PARTIDO DOS TRABALHADORES,,PT,ELEITO POR QP,APTO,PT,
2018,MS,deputado estadual,1,14000,NENO RAZUK,ROBERTO RAZUK FILHO,PTB,14,PARTIDO TRABALHISTA BRASILEIRO,,SOLIDARIEDADE / PPS / PSL / PSB / PP / PTB / PMB,ELEITO POR QP,APTO,PTB,
2018,MS,deputado estadual,1,77777,HERCULANO BORGES,HERCULANO BORGES DANIEL,SOLIDARIEDADE,77,SOLIDARIEDADE,,SOLIDARIEDADE / PPS / PSL / PSB / PP / PTB / PMB,ELEITO POR QP,APTO,SOLIDARIEDADE,
2018,MS,deputado estadual,1,77097,LUCAS DE LIMA DO AMOR SEM FIM,LUIZ CARLOS CORREIA DE LIMA,SOLIDARIEDADE,77,SOLIDARIEDADE,,SOLIDARIEDADE / PPS / PSL / PSB / PP / PTB / PMB,ELEITO POR MÉDIA,APTO,SOLIDARIEDADE,
2018,MT,deputado estadual,1,27190,ELIZEU NASCIMENTO,ELIZEU FRANCISCO DO NASCIMENTO,DC,27,DEMOCRACIA CRISTÃ,,DC / PRTB / AVANTE / SOLIDARIEDADE / PRP / PATRIOTA,ELEITO POR QP,APTO,DC,
2018,MT,deputado estadual,1,27123,ULYSSES MORAES,ULYSSES LACERDA MORAES,DC,27,DEMOCRACIA CRISTÃ,,DC / PRTB / AVANTE / SOLIDARIEDADE / PRP / PATRIOTA,ELEITO POR QP,APTO,DC,
2018,MT,deputado estadual,1,25125,DILMAR DAL BOSCO,DILMAR DAL BOSCO,DEM,25,DEMOCRATAS,,DEM / PDT / PSC / MDB / PHS / PMB / PSD,ELEITO POR QP,APTO,UNIÃO,
2018,MT,deputado estadual,1,25650,EDUARDO BOTELHO,JOSE EDUARDO BOTELHO,DEM,25,DEMOCRATAS,,DEM / PDT / PSC / MDB / PHS / PMB / PSD,ELEITO POR QP,APTO,UNIÃO,
2018,MT,deputado estadual,1,15678,DR. JOÃO,JOÃO JOSÉ DE MATOS,MDB,15,MOVIMENTO DEMOCRÁTICO BRASILEIRO,,DEM / PDT / PSC / MDB / PHS / PMB / PSD,ELEITO POR QP,APTO,MDB,
2018,MT,deputado estadual,1,15015,JANAINA RIVA,JANAINA GREYCE RIVA,MDB,15,MOVIMENTO DEMOCRÁTICO BRASILEIRO,,DEM / PDT / PSC / MDB / PHS / PMB / PSD,ELEITO POR QP,APTO,MDB,
2018,MT,deputado estadual,1,15152,THIAGO SILVA,THIAGO ALEXANDRE RODRIGUES DA SILVA,MDB,15,MOVIMENTO DEMOCRÁTICO BRASILEIRO,,DEM / PDT / PSC / MDB / PHS / PMB / PSD,ELEITO POR MÉDIA,APTO,MDB,
2018,MT,deputado estadual,1,12300,PROF ALLAN,ALLAN KARDEC PINTO ACOSTA BENITEZ,PDT,12,PARTIDO DEMOCRÁTICO TRABALHISTA,,DEM / PDT / PSC / MDB / PHS / PMB / PSD,ELEITO POR MÉDIA,APTO,PDT,
2018,MT,deputado estadual,1,11456,PAULO ARAUJO,PAULO ROBERTO ARAUJO,PP,11,PROGRESSISTAS,,PP / PODE / PMN / PROS,ELEITO POR QP,APTO,PP,
2018,MT,deputado estadual,1,10000,VALMIR MORETTO,VALMIR LUIZ MORETTO,PRB,10,PARTIDO REPUBLICANO BRASILEIRO,,PR / PRB / PT / PC do B,ELEITO POR MÉDIA,APTO,REPUBLICANOS,
2018,MT,deputado estadual,1,90789,JOÃO BATISTA DO SINDSPEN,JOÃO BATISTA PEREIRA DE SOUZA,PROS,90,PARTIDO REPUBLICANO DA ORDEM SOCIAL,,PP / PODE / PMN / PROS,ELEITO POR QP,APTO,PROS,
2018,MT,deputado estadual,1,40999,DR. EUGÊNIO,JOSE EUGENIO DE PAIVA,PSB,40,PARTIDO SOCIALISTA BRASILEIRO,,PSB / PPS,ELEITO POR QP,APTO,PSB,
2018,MT,deputado estadual,1,40000,MAX RUSSI,MAX JOEL RUSSI,PSB,40,PARTIDO SOCIALISTA BRASILEIRO,,PSB / PPS,ELEITO POR QP,APTO,PSB,
2018,MT,deputado estadual,1,20123,ENG..SEBASTIÃO MACHADO REZENDE,SEBASTIÃO MACHADO REZENDE,PSC,20,PARTIDO SOCIAL CRISTÃO,,DEM / PDT / PSC / MDB / PHS / PMB / PSD,ELEITO POR QP,APTO,PSC,
2018,MT,deputado estadual,1,20020,XUXU DAL MOLIN,EDERSON DAL MOLIN,PSC,20,PARTIDO SOCIAL CRISTÃO,,DEM / PDT / PSC / MDB / PHS / PMB / PSD,ELEITO POR QP,APTO,PSC,
2018,MT,deputado estadual,1,55123,NININHO,ONDANIR BORTOLINI,PSD,55,PARTIDO SOCIAL DEMOCRÁTICO,,DEM / PDT / PSC / MDB / PHS / PMB / PSD,ELEITO POR QP,APTO,PSD,
2018,MT,deputado estadual,1,45000,GUILHERME MALUF,GUILHERME ANTONIO MALUF,PSDB,45,PARTIDO DA SOCIAL DEMOCRACIA BRASILEIRA,,PSDB,ELEITO POR QP,APTO,PSDB,
2018,MT,deputado estadual,1,45100,WILSON SANTOS,WILSON PEREIRA DOS SANTOS,PSDB,45,PARTIDO DA SOCIAL DEMOCRACIA BRASILEIRA,,PSDB,ELEITO POR QP,APTO,PSDB,
2018,MT,deputado estadual,1,17133,DELEGADO CLAUDINEI,CLAUDINEI DE SOUZA LOPES,PSL,17,PARTIDO SOCIAL LIBERAL,,PSL,ELEITO POR QP,APTO,UNIÃO,
2018,MT,deputado estadual,1,17000,SILVIO FAVERO,SILVIO ANTONIO FAVERO,PSL,17,PARTIDO SOCIAL LIBERAL,,PSL,ELEITO POR MÉDIA,APTO,UNIÃO,
2018,MT,deputado estadual,1,13130,LUDIO CABRAL,LUDIO FRANK MENDES CABRAL,PT,13,PARTIDO DOS TRABALHADORES,,PR / PRB / PT / PC do B,ELEITO POR QP,APTO,PT,
2018,MT,deputado estadual,1,13123,VALDIR BARRANCO,VALDIR MENDES BARRANCO,PT,13,PARTIDO DOS TRABALHADORES,,PR / PRB / PT / PC do B,ELEITO POR QP,APTO,PT,
2018,MT,deputado estadual,1,43333,DR. GIMENEZ,LUIS AMILTON GIMENEZ,PV,43,PARTIDO VERDE,,PV / PTB,ELEITO POR MÉDIA,APTO,PV,
2018,MT,deputado estadual,1,43444,FAISSAL,FAISSAL JORGE CALIL FILHO,PV,43,PARTIDO VERDE,,PV / PTB,ELEITO POR QP,APTO,PV,
2018,PA,deputado estadual,1,27777,DIANA BELO,ANTONIA DIANA MOTA DE OLIVEIRA,DC,27,DEMOCRACIA CRISTÃ,,MDB / DC / PSD,ELEITO POR QP,APTO,DC,
2018,PA,deputado estadual,1,25000,DRA. HELOISA,HELOISA MARIA MELO E SILVA GUIMARÃES,DEM,25,DEMOCRATAS,,PSDB / DEM / PDT / PRP,ELEITO POR QP,APTO,UNIÃO,
2018,PA,deputado estadual,1,25123,ELIEL FAUSTINO,ELIEL PEREIRA FAUSTINO FILHO,DEM,25,DEMOCRATAS,,PSDB / DEM / PDT / PRP,ELEITO POR QP,APTO,UNIÃO,
2018,PA,deputado estadual,1,25678,HILTON AGUIAR,HILTON ALVES DE AGUIAR,DEM,25,DEMOCRATAS,,PSDB / DEM / PDT / PRP,ELEITO POR QP,APTO,UNIÃO,
2018,PA,deputado estadual,1,15100,CHAMONZINHO,WENDERSON AZEVEDO CHAMON,MDB,15,MOVIMENTO DEMOCRÁTICO BRASILEIRO,,MDB / DC / PSD,ELEITO POR QP,APTO,MDB,
2018,PA,deputado estadual,1,15555,CHICÃO,FRANCISCO DAS CHAGAS SILVA MELO FILHO,MDB,15,MOVIMENTO DEMOCRÁTICO BRASILEIRO,,MDB / DC / PSD,ELEITO POR QP,APTO,MDB,
2018,PA,deputado estadual,1,15615,DR. WANDERLAN,WANDERLAN AUGUSTO BRANDÃO QUARESMA,MDB,15,MOVIMENTO DEMOCRÁTICO BRASILEIRO,,MDB / DC / PSD,ELEITO POR QP,APTO,MDB,
2018,PA,deputado estadual,1,15000,ERALDO PIMENTA,ERALDO SORGE SEBASTIÃO PIMENTA,MDB,15,MOVIMENTO DEMOCRÁTICO BRASILEIRO,,MDB / DC / PSD,ELEITO POR QP,APTO,MDB,
2018,PA,deputado estadual,1,15456,MARTINHO CARMONA,MARTINHO ARNALDO CAMPOS CARMONA,MDB,15,MOVIMENTO DEMOCRÁTICO BRASILEIRO,,MDB / DC / PSD,ELEITO POR QP,APTO,MDB,
2018,PA,deputado estadual,1,15177,OZORIO JUVENIL,OZORIO ADOLFO GOES NUNES DE SOUSA,MDB,15,MOVIMENTO DEMOCRÁTICO BRASILEIRO,,MDB / DC / PSD,ELEITO POR MÉDIA,APTO,MDB,
2018,PA,deputado estadual,1,51234,RAIMUNDO SANTOS,RAIMUNDO JOSÉ PEREIRA DOS SANTOS,PATRIOTA,51,PATRIOTA,,PTC / PATRIOTA,ELEITO POR QP,APTO,PATRIOTA,
2018,PA,deputado estadual,1,12123,JÚNIOR HAGE,JOSE ALFREDO SILVA HAGE JUNIOR,PDT,12,PARTIDO DEMOCRÁTICO TRABALHISTA,,PSDB / DEM / PDT / PRP,ELEITO POR QP,APTO,PDT,
2018,PA,deputado estadual,1,12345,MIRO SANOVA,WALDEMIRO EDUARDO DE ASSIS SANOVA NASCIMENTO,PDT,12,PARTIDO DEMOCRÁTICO TRABALHISTA,,PSDB / DEM / PDT / PRP,ELEITO POR QP,APTO,PDT,
2018,PA,deputado estadual,1,31111,IGOR NORMANDO,IGOR WANDER CENTENO NORMANDO,PHS,31,PARTIDO HUMANISTA DA SOLIDARIEDADE,,PP / PHS,ELEITO POR QP,APTO,PODE,
2018,PA,deputado estadual,1,33123,ORLANDO LOBATO,ORLANDO PALHETA LOBATO,PMN,33,PARTIDO DA MOBILIZAÇÃO NACIONAL,,PPS / PMN / PRTB,ELEITO POR QP,APTO,PMN,
2018,PA,deputado estadual,1,11007,DELEGADO CAVEIRA,LENILDO MENDES DOS SANTOS SERTÃO,PP,11,PROGRESSISTAS,,PP / PHS,ELEITO POR MÉDIA,APTO,PP,
2018,PA,deputado estadual,1,23333,THIAGO ARAÚJO,THIAGO ARAÚJO,PPS,23,PARTIDO POPULAR SOCIALISTA,,PPS / PMN / PRTB,ELEITO POR QP,APTO,CIDADANIA,
2018,PA,deputado estadual,1,22111,ALEX SANTIAGO,ALEX JOSÉ DE AQUINO SANTIAGO,PR,22,PARTIDO DA REPÚBLICA,,PR,ELEITO POR MÉDIA,APTO,PL,
2018,PA,deputado estadual,1,22444,ANTONIO TONHEIRO,ANTONIO GOMES DE LIMA,PR,22,PARTIDO DA REPÚBLICA,,PR,ELEITO POR QP,APTO,PL,
2018,PA,deputado estadual,1,22222,RENATO OGAWA,JOSE RENATO OGAWA RODRIGUES,PR,22,PARTIDO DA REPÚBLICA,,PR,ELEITO POR QP,APTO,PL,
2018,PA,deputado estadual,1,10123,FABIO FREITAS,FABIO SOUSA DE FREITAS,PRB,10,PARTIDO REPUBLICANO BRASILEIRO,,PRB / PMB,ELEITO POR QP,APTO,REPUBLICANOS,
2018,PA,deputado estadual,1,10910,PROFESSORA NILSE,MARIA IRANILSE BRASIL DIAS PINHEIRO,PRB,10,PARTIDO REPUBLICANO BRASILEIRO,,PRB / PMB,ELEITO POR QP,APTO,REPUBLICANOS,
2018,PA,deputado estadual,1,40999,FABIO FIGUEIRAS,FABIO DE MELO FIGUEIRAS,PSB,40,PARTIDO SOCIALISTA BRASILEIRO,,PSB,ELEITO POR QP,APTO,PSB,
2018,PA,deputado estadual,1,20620,DR. GALILEU,GALILEU ZACARIAS CALDAS DE MORAES,PSC,20,PARTIDO SOCIAL CRISTÃO,,PSC,ELEITO POR QP,APTO,PSC,
2018,PA,deputado estadual,1,20777,DR.JAQUES,JAQUES DA SILVA NEVES,PSC,20,PARTIDO SOCIAL CRISTÃO,,PSC,ELEITO POR QP,APTO,PSC,
2018,PA,deputado estadual,1,55123,GUSTAVO SEFER,GUSTAVO BEMERGUY SEFER,PSD,55,PARTIDO SOCIAL DEMOCRÁTICO,,MDB / DC / PSD,ELEITO POR QP,APTO,PSD,
2018,PA,deputado estadual,1,55055,MICHELE BEGOT,MICHELE BEGOT OLIVEIRA BISCARO,PSD,55,PARTIDO SOCIAL DEMOCRÁTICO,,MDB / DC / PSD,ELEITO POR QP,APTO,PSD,
2018,PA,deputado estadual,1,55500,PAULA GOMES,ANA PAULA SILVA GOMES DE FREITAS,PSD,55,PARTIDO SOCIAL DEMOCRÁTICO,,MDB / DC / PSD,ELEITO POR QP,APTO,PSD,
2018,PA,deputado estadual,1,45130,ANA CUNHA,ANA MARIA DO SOCORRO MAGNO CUNHA,PSDB,45,PARTIDO DA SOCIAL DEMOCRACIA BRASILEIRA,,PSDB / DEM / PDT / PRP,ELEITO POR QP,APTO,PSDB,
2018,PA,deputado estadual,1,45112,CILENE COUTO,CILENE LISBOA COUTO MARQUES,PSDB,45,PARTIDO DA SOCIAL DEMOCRACIA BRASILEIRA,,PSDB / DEM / PDT / PRP,ELEITO POR QP,APTO,PSDB,
2018,PA,deputado estadual,1,45678,DR DANIEL,DANIEL BARBOSA SANTOS,PSDB,45,PARTIDO DA SOCIAL DEMOCRACIA BRASILEIRA,,PSDB / DEM / PDT / PRP,ELEITO POR QP,APTO,PSDB,
2018,PA,deputado estadual,1,45111,LUTH REBELO,LUIZ FURTADO REBELO FILHO,PSDB,45,PARTIDO DA SOCIAL DEMOCRACIA BRASILEIRA,,PSDB / DEM / PDT / PRP,ELEITO POR MÉDIA,APTO,PSDB,
2018,PA,deputado estadual,1,45000,VICTOR DIAS,VICTOR ORENGEL DIAS,PSDB,45,PARTIDO DA SOCIAL DEMOCRACIA BRASILEIRA,,PSDB / DEM / PDT / PRP,ELEITO POR MÉDIA,APTO,PSDB,
2018,PA,deputado estadual,1,17100,DELE. NILTON NEVES,NILTON SILVA DAS NEVES,PSL,17,PARTIDO SOCIAL LIBERAL,,PODE / PTB / PSL / PROS / AVANTE,ELEITO POR MÉDIA,APTO,UNIÃO,
2018,PA,deputado estadual,1,50123,MARINOR BRITO,MARINOR JORGE BRITO,PSOL,50,PARTIDO SOCIALISMO E LIBERDADE,,PSOL / PPL / PCB,ELEITO POR QP,APTO,PSOL,
2018,PA,deputado estadual,1,13130,BORDALO,CARLOS ALBERTO BARROS BORDALO,PT,13,PARTIDO DOS TRABALHADORES,,PT,ELEITO POR QP,APTO,PT,
2018,PA,deputado estadual,1,13011,DILVANDA FARO,DILVANDA FURTADO FARO,PT,13,PARTIDO DOS TRABALHADORES,,PT,ELEITO POR QP,APTO,PT,
2018,PA,deputado estadual,1,13133,DIRCEU TEN CATEN,DIRCEU TEN CATEN PIES,PT,13,PARTIDO DOS TRABALHADORES,,PT,ELEITO POR QP,APTO,PT,
2018,PA,deputado estadual,1,14500,ANGELO FERRARI,ANGELO AUGUSTO DE OLIVEIRA FERRARI,PTB,14,PARTIDO TRABALHISTA BRASILEIRO,,PODE / PTB / PSL / PROS / AVANTE,ELEITO POR QP,APTO,PTB,
2018,PA,deputado estadual,1,14000,DELEGADO TONI CUNHA,ANTÔNIO CARLOS CUNHA SÁ,PTB,14,PARTIDO TRABALHISTA BRASILEIRO,,PODE / PTB / PSL / PROS / AVANTE,ELEITO POR QP,APTO,PTB,
2018,PA,deputado estadual,1,77777,RENILCE NICODEMOS,RENILCE CONCEIÇÃO NICODEMOS DE ALBUQERQUE,SOLIDARIEDADE,77,SOLIDARIEDADE,,SOLIDARIEDADE,ELEITO POR QP,APTO,SOLIDARIEDADE,
2018,PB,deputado estadual,1,70111,DR TACIANO DINIZ,TACIANO LUIS BARBOSA DINIZ,AVANTE,70,AVANTE,,AVANTE / PT / PROS,ELEITO POR QP,APTO,AVANTE,
2018,PB,deputado estadual,1,70123,GENIVAL MATIAS,GENIVAL MATIAS DE OLIVEIRA FILHO,AVANTE,70,AVANTE,,AVANTE / PT / PROS,ELEITO POR QP,APTO,AVANTE,
2018,PB,deputado estadual,1,70777,JUNIOR ARAUJO,FRANCISCO GOMES DE ARAÚJO JUNIOR,AVANTE,70,AVANTE,,AVANTE / PT / PROS,ELEITO POR QP,APTO,AVANTE,
2018,PB,deputado estadual,1,70456,TIÃO GOMES,SEBASTIÃO TIÃO GOMES PEREIRA,AVANTE,70,AVANTE,,AVANTE / PT / PROS,ELEITO POR QP,APTO,AVANTE,
2018,PB,deputado estadual,1,15151,RANIERY PAULINO,ROBERTO RANIERY DE AQUINO PAULINO,MDB,15,MOVIMENTO DEMOCRÁTICO BRASILEIRO,,MDB / PR,ELEITO POR QP,APTO,MDB,
2018,PB,deputado estadual,1,51999,FELIPE LEITÃO,FELIPE MATOS LEITÃO,PATRIOTA,51,PATRIOTA,,PATRIOTA,ELEITO POR QP,APTO,PATRIOTA,
2018,PB,deputado estadual,1,51190,WALLBER VIRGOLINO,WALLBER VIRGOLINO DA SILVA FERREIRA,PATRIOTA,51,PATRIOTA,,PATRIOTA,ELEITO POR QP,APTO,PATRIOTA,
2018,PB,deputado estadual,1,65555,INACIO FALCÃO,INACIO JUSTINO FALCÃO PEREIRA,PC do B,65,PARTIDO COMUNISTA DO BRASIL,,PSB / PTB / PRB / PODE / PDT / PC do B / PRP,ELEITO POR QP,APTO,PC do B,
2018,PB,deputado estadual,1,19888,BRANCO MENDES,ATAIDES MENDES PEDROSA,PODE,19,PODEMOS,,PSB / PTB / PRB / PODE / PDT / PC do B / PRP,ELEITO POR QP,APTO,PODE,
2018,PB,deputado estadual,1,19789,EDMILSON SOARES,EDMILSON DE ARAÚJO SOARES,PODE,19,PODEMOS,,PSB / PTB / PRB / PODE / PDT / PC do B / PRP,ELEITO POR QP,APTO,PODE,
2018,PB,deputado estadual,1,19619,JOÃO GONÇALVES,JOÃO GONÇALVES DE AMORIM SOBRINHO,PODE,19,PODEMOS,,PSB / PTB / PRB / PODE / PDT / PC do B / PRP,ELEITO POR QP,APTO,PODE,
2018,PB,deputado estadual,1,11666,DR. PAULA,PAULA FRANCINETE LACERDA CAVALCANTI DE ALMEIDA,PP,11,PROGRESSISTAS,,PV / PSD / PP / PTC / PHS / PSC / PSDB,ELEITO POR QP,APTO,PP,
2018,PB,deputado estadual,1,11222,GALEGO DE SOUZA,JACI SEVERINO DE SOUZA,PP,11,PROGRESSISTAS,,PV / PSD / PP / PTC / PHS / PSC / PSDB,ELEITO POR QP,APTO,PP,
2018,PB,deputado estadual,1,23111,BOSCO CARNEIRO,JOÃO BOSCO CARNEIRO JUNIOR,PPS,23,PARTIDO POPULAR SOCIALISTA,,REDE / PPS / PMN / DEM,ELEITO POR QP,APTO,CIDADANIA,
2018,PB,deputado estadual,1,23123,DR ERICO,ERICO DJAN CORTE DE ALENCAR,PPS,23,PARTIDO POPULAR SOCIALISTA,,REDE / PPS / PMN / DEM,ELEITO POR QP,APTO,CIDADANIA,
2018,PB,deputado estadual,1,22222,CAIO ROBERTO,CAIO FIGUEIREDO ROBERTO,PR,22,PARTIDO DA REPÚBLICA,,MDB / PR,ELEITO POR QP,APTO,PL,
2018,PB,deputado estadual,1,10111,NABOR,NABOR WANDERLEY DA NÓBREGA FILHO,PRB,10,PARTIDO REPUBLICANO BRASILEIRO,,PSB / PTB / PRB / PODE / PDT / PC do B / PRP,ELEITO POR QP,APTO,REPUBLICANOS,
2018,PB,deputado estadual,1,28222,EDUARDO CARNEIRO,EDUARDO JORGE SOARES CARNEIRO,PRTB,28,PARTIDO RENOVADOR TRABALHISTA BRASILEIRO,,DC / PSL / PRTB / SOLIDARIEDADE,ELEITO POR MÉDIA,APTO,PRTB,
2018,PB,deputado estadual,1,40444,ADRIANO GALDINO,ADRIANO CEZAR GALDINO DE ARAÚJO,PSB,40,PARTIDO SOCIALISTA BRASILEIRO,,PSB / PTB / PRB / PODE / PDT / PC do B / PRP,ELEITO POR QP,APTO,PSB,
2018,PB,deputado estadual,1,40789,BUBA GERMANO,RUBENS GERMANO COSTA,PSB,40,PARTIDO SOCIALISTA BRASILEIRO,,PSB / PTB / PRB / PODE / PDT / PC do B / PRP,ELEITO POR QP,APTO,PSB,
2018,PB,deputado estadual,1,40400,CIDA RAMOS,MARIA APARECIDA RAMOS DE MENESES,PSB,40,PARTIDO SOCIALISTA BRASILEIRO,,PSB / PTB / PRB / PODE / PDT / PC do B / PRP,ELEITO POR QP,APTO,PSB,
2018,PB,deputado estadual,1,40000,ESTELA BEZERRA,ESTELIZABEL BEZERRA DE SOUZA,PSB,40,PARTIDO SOCIALISTA BRASILEIRO,,PSB / PTB / PRB / PODE / PDT / PC do B / PRP,ELEITO POR QP,APTO,PSB,
2018,PB,deputado estadual,1,40123,HERVAZIO BEZERRA,ANTONIO HERVAZIO BEZERRA CAVALCANTI,PSB,40,PARTIDO SOCIALISTA BRASILEIRO,,PSB / PTB / PRB / PODE / PDT / PC do B / PRP,ELEITO POR QP,APTO,PSB,
2018,PB,deputado estadual,1,40456,JEOVÁ,JEOVÁ VIEIRA CAMPOS,PSB,40,PARTIDO SOCIALISTA BRASILEIRO,,PSB / PTB / PRB / PODE / PDT / PC do B / PRP,ELEITO POR QP,APTO,PSB,
2018,PB,deputado estadual,1,40111,POLLYANA DUTRA,YASNAIA POLLYANNA WERTON DUTRA,PSB,40,PARTIDO SOCIALISTA BRASILEIRO,,PSB / PTB / PRB / PODE / PDT / PC do B / PRP,ELEITO POR MÉDIA,APTO,PSB,
2018,PB,deputado estadual,1,40222,RICARDO BARBOSA,RICARDO BARBOSA,PSB,40,PARTIDO SOCIALISTA BRASILEIRO,,PSB / PTB / PRB / PODE / PDT / PC do B / PRP,ELEITO POR QP,APTO,PSB,
2018,PB,deputado estadual,1,20147,ANDERSON MONTEIRO,ANDERSON MONTEIRO COSTA,PSC,20,PARTIDO SOCIAL CRISTÃO,,PV / PSD / PP / PTC / PHS / PSC / PSDB,ELEITO POR QP,APTO,PSC,
2018,PB,deputado estadual,1,55555,MANOEL LUDGÉRIO,MANOEL LUDGÉRIO PEREIRA NETO,PSD,55,PARTIDO SOCIAL DEMOCRÁTICO,,PV / PSD / PP / PTC / PHS / PSC / PSDB,ELEITO POR QP,APTO,PSD,
2018,PB,deputado estadual,1,45123,CAMILA TOSCANO,CAMILA ARAUJO TOSCANO,PSDB,45,PARTIDO DA SOCIAL DEMOCRACIA BRASILEIRA,,PV / PSD / PP / PTC / PHS / PSC / PSDB,ELEITO POR QP,APTO,PSDB,
2018,PB,deputado estadual,1,45000,JOÃO HENRIQUE,JOÃO HENRIQUE DE SOUZA,PSDB,45,PARTIDO DA SOCIAL DEMOCRACIA BRASILEIRA,,PV / PSD / PP / PTC / PHS / PSC / PSDB,ELEITO POR QP,APTO,PSDB,
2018,PB,deputado estadual,1,45100,TOVAR,TOVAR ALVES CORREIA LIMA,PSDB,45,PARTIDO DA SOCIAL DEMOCRACIA BRASILEIRA,,PV / PSD / PP / PTC / PHS / PSC / PSDB,ELEITO POR MÉDIA,APTO,PSDB,
2018,PB,deputado estadual,1,17777,CABO GILBERTO SILVA,GILBERTO GOMES DA SILVA,PSL,17,PARTIDO SOCIAL LIBERAL,,DC / PSL / PRTB / SOLIDARIEDADE,ELEITO POR QP,APTO,UNIÃO,
2018,PB,deputado estadual,1,17444,MOACIR RODRIGUES,MOACIR BARBOSA DA VEIGA FILHO,PSL,17,PARTIDO SOCIAL LIBERAL,,DC / PSL / PRTB / SOLIDARIEDADE,ELEITO POR QP,APTO,UNIÃO,
2018,PB,deputado estadual,1,14369,DODA DE TIÃO,PAULO ROGERIO DE SOUSA REGO,PTB,14,PARTIDO TRABALHISTA BRASILEIRO,,PSB / PTB / PRB / PODE / PDT / PC do B / PRP,ELEITO POR QP,APTO,PTB,
2018,PB,deputado estadual,1,14111,WILSON FILHO,JOSÉ WILSON SANTIAGO FILHO,PTB,14,PARTIDO TRABALHISTA BRASILEIRO,,PSB / PTB / PRB / PODE / PDT / PC do B / PRP,ELEITO POR QP,APTO,PTB,
2018,PB,deputado estadual,1,18789,CHIÓ,MELCHIOR NAELSON BATISTA DA SILVA,REDE,18,REDE SUSTENTABILIDADE,,REDE / PPS / PMN / DEM,ELEITO POR QP,APTO,REDE,
2018,PE,deputado estadual,1,70670,JOÃO PAULO COSTA,JOÃO PAULO DA COSTA CAVALCANTI,AVANTE,70,AVANTE,,PROS / AVANTE / PDT,ELEITO POR QP,APTO,AVANTE,
2018,PE,deputado estadual,1,25000,ANTÔNIO COELHO,ANTONIO DE SOUZA LEÃO COELHO,DEM,25,DEMOCRATAS,,PTB / DEM / PSDB / PRB / PODE,ELEITO POR QP,APTO,UNIÃO,
2018,PE,deputado estadual,1,25555,GUSTAVO GOUVEIA,GUSTAVO FUCHS CAMPOS GOUVEIA,DEM,25,DEMOCRATAS,,PTB / DEM / PSDB / PRB / PODE,ELEITO POR QP,APTO,UNIÃO,
2018,PE,deputado estadual,1,25222,PRISCILA KRAUSE,PRISCILA KRAUSE BRANCO,DEM,25,DEMOCRATAS,,PTB / DEM / PSDB / PRB / PODE,ELEITO POR QP,APTO,UNIÃO,
2018,PE,deputado estadual,1,15232,TONY GEL,ANTONIO GERALDO RODRIGUES DA SILVA,MDB,15,MOVIMENTO DEMOCRÁTICO BRASILEIRO,,PSB / MDB / PSD,ELEITO POR QP,APTO,MDB,
2018,PE,deputado estadual,1,65113,JOÃO PAULO,JOÃO PAULO LIMA E SILVA,PC do B,65,PARTIDO COMUNISTA DO BRASIL,,PC do B,ELEITO POR QP,APTO,PC do B,
2018,PE,deputado estadual,1,12345,ZÉ QUEIROZ,JOSÉ QUEIROZ DE LIMA,PDT,12,PARTIDO DEMOCRÁTICO TRABALHISTA,,PROS / AVANTE / PDT,ELEITO POR QP,APTO,PDT,
2018,PE,deputado estadual,1,31111,FABRIZIO FERRAZ,FABRIZIO DARIO DE SÁ FERRAZ,PHS,31,PARTIDO HUMANISTA DA SOLIDARIEDADE,,PSL / PRTB / PHS / PV,ELEITO POR QP,APTO,PODE,
2018,PE,deputado estadual,1,11200,ANTONIO MORAES,ANTONIO DE MORAIS ANDRADE NETO,PP,11,PROGRESSISTAS,,PP / PR / SOLIDARIEDADE / PMN,ELEITO POR QP,APTO,PP,
2018,PE,deputado estadual,1,11555,CLAUDIANO FILHO,CLAUDIANO FERREIRA MARTINS FILHO,PP,11,PROGRESSISTAS,,PP / PR / SOLIDARIEDADE / PMN,ELEITO POR QP,APTO,PP,
2018,PE,deputado estadual,1,11211,CLOVIS PAIVA,CLOVIS JOSE PRAGANA PAIVA,PP,11,PROGRESSISTAS,,PP / PR / SOLIDARIEDADE / PMN,ELEITO POR QP,APTO,PP,
2018,PE,deputado estadual,1,11022,DELEGADO LESSA,ERICK DA SILVA LESSA,PP,11,PROGRESSISTAS,,PP / PR / SOLIDARIEDADE / PMN,ELEITO POR MÉDIA,APTO,PP,
2018,PE,deputado estadual,1,11400,ERIBERTO MEDEIROS,JOSÉ ERIBERTO MEDEIROS DE OLIVEIRA,PP,11,PROGRESSISTAS,,PP / PR / SOLIDARIEDADE / PMN,ELEITO POR QP,APTO,PP,
2018,PE,deputado estadual,1,11011,FABIOLA CABRAL,FABIOLA KARLA DE OLIVEIRA MACIEL,PP,11,PROGRESSISTAS,,PP / PR / SOLIDARIEDADE / PMN,ELEITO POR QP,APTO,PP,
2018,PE,deputado estadual,1,11300,JOEL DA HARPA,JOEL MAURINO DO CARMO,PP,11,PROGRESSISTAS,,PP / PR / SOLIDARIEDADE / PMN,ELEITO POR QP,APTO,PP,
2018,PE,deputado estadual,1,11611,PASTOR CLEITON COLLINS,CLEITON GONÇALVES DA SILVA,PP,11,PROGRESSISTAS,,PP / PR / SOLIDARIEDADE / PMN,ELEITO POR QP,APTO,PP,
2018,PE,deputado estadual,1,11511,ROBERTA ARRAES,ROBERTA MACEDO BERTINO ARRAES,PP,11,PROGRESSISTAS,,PP / PR / SOLIDARIEDADE / PMN,ELEITO POR MÉDIA,APTO,PP,
2018,PE,deputado estadual,1,11123,ROMERO,ROMERO LIMA BEZERRA DE ALBUQUERQUE,PP,11,PROGRESSISTAS,,PP / PR / SOLIDARIEDADE / PMN,ELEITO POR QP,APTO,PP,
2018,PE,deputado estadual,1,22222,HENRIQUE QUEIROZ FILHO,HENRIQUE JOSE QUEIROZ COSTA FILHO,PR,22,PARTIDO DA REPÚBLICA,,PP / PR / SOLIDARIEDADE / PMN,ELEITO POR QP,APTO,PL,
2018,PE,deputado estadual,1,22123,ROGÉRIO LEÃO,ROGERIO ARAÚJO LEÃO,PR,22,PARTIDO DA REPÚBLICA,,PP / PR / SOLIDARIEDADE / PMN,ELEITO POR QP,APTO,PL,
2018,PE,deputado estadual,1,10123,WILLIAM BRÍGIDO,WILLIAM DOS SANTOS BRIGIDO,PRB,10,PARTIDO REPUBLICANO BRASILEIRO,,PTB / DEM / PSDB / PRB / PODE,ELEITO POR QP,APTO,REPUBLICANOS,
2018,PE,deputado estadual,1,28999,MARCO AURÉLIO MEU AMIGO,MARCO AURELIO DE MEDEIROS LIMA,PRTB,28,PARTIDO RENOVADOR TRABALHISTA BRASILEIRO,,PSL / PRTB / PHS / PV,ELEITO POR QP,APTO,PRTB,
2018,PE,deputado estadual,1,40150,ADALTO SANTOS,JOSE ADALTO DOS SANTOS,PSB,40,PARTIDO SOCIALISTA BRASILEIRO,,PSB / MDB / PSD,ELEITO POR QP,APTO,PSB,
2018,PE,deputado estadual,1,40123,AGLAILSON VICTOR,VICTOR MORAES QUERALVARES,PSB,40,PARTIDO SOCIALISTA BRASILEIRO,,PSB / MDB / PSD,ELEITO POR QP,APTO,PSB,
2018,PE,deputado estadual,1,40777,ALUISIO LESSA,JOSE ALUISIO LESSA DA SILVA FILHO,PSB,40,PARTIDO SOCIALISTA BRASILEIRO,,PSB / MDB / PSD,ELEITO POR MÉDIA,APTO,PSB,
2018,PE,deputado estadual,1,40444,CLODOALDO MAGALHAES,CLODOALDO MAGALHAES OLIVEIRA LYRA,PSB,40,PARTIDO SOCIALISTA BRASILEIRO,,PSB / MDB / PSD,ELEITO POR QP,APTO,PSB,
2018,PE,deputado estadual,1,40190,DELEGADA GLEIDE ANGELO,GLEIDE NASCIMENTO ANGELO,PSB,40,PARTIDO SOCIALISTA BRASILEIRO,,PSB / MDB / PSD,ELEITO POR QP,APTO,PSB,
2018,PE,deputado estadual,1,40100,DIOGO MORAES,DIOGO CASE MORAES,PSB,40,PARTIDO SOCIALISTA BRASILEIRO,,PSB / MDB / PSD,ELEITO POR QP,APTO,PSB,
2018,PE,deputado estadual,1,40654,FRANCISMAR,FRANCISMAR MENDES PONTES,PSB,40,PARTIDO SOCIALISTA BRASILEIRO,,PSB / MDB / PSD,ELEITO POR QP,APTO,PSB,
2018,PE,deputado estadual,1,40500,ISALTINO,ISALTINO JOSÉ DO NASCIMENTO FILHO,PSB,40,PARTIDO SOCIALISTA BRASILEIRO,,PSB / MDB / PSD,ELEITO POR QP,APTO,PSB,
2018,PE,deputado estadual,1,40110,LUCAS RAMOS,LUCAS CAVALCANTI RAMOS,PSB,40,PARTIDO SOCIALISTA BRASILEIRO,,PSB / MDB / PSD,ELEITO POR QP,APTO,PSB,
2018,PE,deputado estadual,1,40456,SIMONE SANTANA,SIMONE ALICE DE OLIVEIRA SANTANA,PSB,40,PARTIDO SOCIALISTA BRASILEIRO,,PSB / MDB / PSD,ELEITO POR QP,APTO,PSB,
2018,PE,deputado estadual,1,40640,WALDEMAR BORGES,WALDEMAR ALBERTO BORGES RODRIGUES NETO,PSB,40,PARTIDO SOCIALISTA BRASILEIRO,,PSB / MDB / PSD,ELEITO POR QP,APTO,PSB,
2018,PE,deputado estadual,1,20333,ANTONIO FERNANDO,ANTONIO FERNANDO DE AQUINO BEZERRA,PSC,20,PARTIDO SOCIAL CRISTÃO,,PSC / PMB / DC,ELEITO POR QP,APTO,PSC,
2018,PE,deputado estadual,1,20100,CLARISSA TÉRCIO,ERICA CLARISSA BORBA CORDEIRO,PSC,20,PARTIDO SOCIAL CRISTÃO,,PSC / PMB / DC,ELEITO POR QP,APTO,PSC,
2018,PE,deputado estadual,1,20000,GUILHERME UCHOA JR.,GUILHERME ARISTOTELES UCHOA CAVALCANTI PESSOA DE MELO JUNIOR,PSC,20,PARTIDO SOCIAL CRISTÃO,,PSC / PMB / DC,ELEITO POR QP,APTO,PSC,
2018,PE,deputado estadual,1,20620,MANOEL FERREIRA,MANOEL FERREIRA DA SILVA,PSC,20,PARTIDO SOCIAL CRISTÃO,,PSC / PMB / DC,ELEITO POR QP,APTO,PSC,
2018,PE,deputado estadual,1,20120,WANDERSON FLORÊNCIO,WANDERSON SOBRAL FLORENCIO,PSC,20,PARTIDO SOCIAL CRISTÃO,,PSC / PMB / DC,ELEITO POR MÉDIA,APTO,PSC,
2018,PE,deputado estadual,1,55155,JOAQUIM LIRA,JOAQUIM ELIAS CARNEIRO DE LIRA,PSD,55,PARTIDO SOCIAL DEMOCRÁTICO,,PSB / MDB / PSD,ELEITO POR QP,APTO,PSD,
2018,PE,deputado estadual,1,55555,RODRIGO NOVAES,RODRIGO CAVALCANTI NOVAES,PSD,55,PARTIDO SOCIAL DEMOCRÁTICO,,PSB / MDB / PSD,ELEITO POR QP,APTO,PSD,
2018,PE,deputado estadual,1,55655,ROMARIO DIAS,ROMARIO DE CASTRO DIAS PEREIRA,PSD,55,PARTIDO SOCIAL DEMOCRÁTICO,,PSB / MDB / PSD,ELEITO POR MÉDIA,APTO,PSD,
2018,PE,deputado estadual,1,45555,ALESSANDRA VIEIRA,ALESSANDRA XAVIER DA ROCHA VIEIRA,PSDB,45,PARTIDO DA SOCIAL DEMOCRACIA BRASILEIRA,,PTB / DEM / PSDB / PRB / PODE,ELEITO POR QP,APTO,PSDB,
2018,PE,deputado estadual,1,50180,JUNTAS,MARIA JOSELITA PEREIRA CAVALCANTI,PSOL,50,PARTIDO SOCIALISMO E LIBERDADE,,PSOL / PCB,ELEITO POR QP,APTO,PSOL,
2018,PE,deputado estadual,1,13123,DORIEL BARROS,DORIEL SATURNINO DE BARROS,PT,13,PARTIDO DOS TRABALHADORES,,PT,ELEITO POR QP,APTO,PT,
2018,PE,deputado estadual,1,13444,DULCICLEIDE AMORIM,MARIA DULCICLEIDE MACEDO COELHO AMORIM,PT,13,PARTIDO DOS TRABALHADORES,,PT,ELEITO POR MÉDIA,APTO,PT,
2018,PE,deputado estadual,1,13613,TERESA LEITÃO,MARIA TERESA LEITAO DE MELO,PT,13,PARTIDO DOS TRABALHADORES,,PT,ELEITO POR QP,APTO,PT,
2018,PE,deputado estadual,1,14114,ROMERO SALES FILHO,ROMERO ANTÔNIO RAPÔSO SALES FILHO,PTB,14,PARTIDO TRABALHISTA BRASILEIRO,,PTB / DEM / PSDB / PRB / PODE,ELEITO POR MÉDIA,APTO,PTB,
2018,PE,deputado estadual,1,14000,ÁLVARO PORTO,ÁLVARO PORTO DE BARROS,PTB,14,PARTIDO TRABALHISTA BRASILEIRO,,PTB / DEM / PSDB / PRB / PODE,ELEITO POR QP,APTO,PTB,
2018,PE,deputado estadual,1,77077,ALBERTO FEITOSA,ALBERTO JORGE DO NASCIMENTO FEITOSA,SOLIDARIEDADE,77,SOLIDARIEDADE,,PP / PR / SOLIDARIEDADE / PMN,ELEITO POR QP,APTO,SOLIDARIEDADE,
2018,PI,deputado estadual,1,15123,HENRIQUE PIRES,ANTONIO HENRIQUE DE CARVALHO PIRES,MDB,15,MOVIMENTO DEMOCRÁTICO BRASILEIRO,,PT / MDB / PP / PR / PDT / PSD / PC do B / PTB / PRTB,ELEITO POR QP,APTO,MDB,
2018,PI,deputado estadual,1,15555,JOÃO MADISON,JOÃO MADISON NOGUEIRA,MDB,15,MOVIMENTO DEMOCRÁTICO BRASILEIRO,,PT / MDB / PP / PR / PDT / PSD / PC do B / PTB / PRTB,ELEITO POR QP,APTO,MDB,
2018,PI,deputado estadual,1,15199,PABLO SANTOS,PABLO DANTAS DE MOURA SANTOS,MDB,15,MOVIMENTO DEMOCRÁTICO BRASILEIRO,,PT / MDB / PP / PR / PDT / PSD / PC do B / PTB / PRTB,ELEITO POR QP,APTO,MDB,
2018,PI,deputado estadual,1,15101,SEVERO EULALIO,SEVERO MARIA EULALIO NETO,MDB,15,MOVIMENTO DEMOCRÁTICO BRASILEIRO,,PT / MDB / PP / PR / PDT / PSD / PC do B / PTB / PRTB,ELEITO POR QP,APTO,MDB,
2018,PI,deputado estadual,1,15111,THEMISTOCLES FILHO,THEMISTOCLES DE SAMPAIO PEREIRA FILHO,MDB,15,MOVIMENTO DEMOCRÁTICO BRASILEIRO,,PT / MDB / PP / PR / PDT / PSD / PC do B / PTB / PRTB,ELEITO POR QP,APTO,MDB,
2018,PI,deputado estadual,1,15110,ZÉ SANTANA,JOSE RIBAMAR NOLETO DE SANTANA,MDB,15,MOVIMENTO DEMOCRÁTICO BRASILEIRO,,PT / MDB / PP / PR / PDT / PSD / PC do B / PTB / PRTB,ELEITO POR QP,APTO,MDB,
2018,PI,deputado estadual,1,12369,FLAVIO NOGUEIRA JR,FLAVIO RODRIGUES NOGUEIRA JUNIOR,PDT,12,PARTIDO DEMOCRÁTICO TRABALHISTA,,PT / MDB / PP / PR / PDT / PSD / PC do B / PTB / PRTB,ELEITO POR QP,APTO,PDT,
2018,PI,deputado estadual,1,11789,FIRMINO PAULO,FIRMINO SOARES PAULO,PP,11,PROGRESSISTAS,,PT / MDB / PP / PR / PDT / PSD / PC do B / PTB / PRTB,ELEITO POR MÉDIA,APTO,PP,
2018,PI,deputado estadual,1,11454,HÉLIO ISAIAS,HÉLIO ISAIAS DA SILVA,PP,11,PROGRESSISTAS,,PT / MDB / PP / PR / PDT / PSD / PC do B / PTB / PRTB,ELEITO POR QP,APTO,PP,
2018,PI,deputado estadual,1,11111,JULIO ARCOVERDE,JULIO FERRAZ ARCOVERDE,PP,11,PROGRESSISTAS,,PT / MDB / PP / PR / PDT / PSD / PC do B / PTB / PRTB,ELEITO POR QP,APTO,PP,
2018,PI,deputado estadual,1,11456,LUCY,LUCY DE FARIAS CARVALHO SOARES,PP,11,PROGRESSISTAS,,PT / MDB / PP / PR / PDT / PSD / PC do B / PTB / PRTB,ELEITO POR QP,APTO,PP,
2018,PI,deputado estadual,1,11140,WILSON BRANDÃO,WILSON NUNES BRANDÃO,PP,11,PROGRESSISTAS,,PT / MDB / PP / PR / PDT / PSD / PC do B / PTB / PRTB,ELEITO POR QP,APTO,PP,
2018,PI,deputado estadual,1,23456,OLIVEIRA NETO,MIGUEL BORGES DE OLIVEIRA NETO,PPS,23,PARTIDO POPULAR SOCIALISTA,,PODE / PV / PRP / PATRIOTA / PPS / AVANTE / REDE / PHS,ELEITO POR QP,APTO,CIDADANIA,
2018,PI,deputado estadual,1,22111,CORONEL CARLOS AUGUSTO,CARLOS AUGUSTO GOMES DE SOUZA,PR,22,PARTIDO DA REPÚBLICA,,PT / MDB / PP / PR / PDT / PSD / PC do B / PTB / PRTB,ELEITO POR QP,APTO,PL,
2018,PI,deputado estadual,1,22333,DR. HÉLIO,JOSÉ HÉLIO DE CARVALHO OLIVEIRA,PR,22,PARTIDO DA REPÚBLICA,,PT / MDB / PP / PR / PDT / PSD / PC do B / PTB / PRTB,ELEITO POR QP,APTO,PL,
2018,PI,deputado estadual,1,22222,FÁBIO XAVIER,FÁBIO HENRIQUE MENDONÇA XAVIER DE OLIVEIRA,PR,22,PARTIDO DA REPÚBLICA,,PT / MDB / PP / PR / PDT / PSD / PC do B / PTB / PRTB,ELEITO POR QP,APTO,PL,
2018,PI,deputado estadual,1,10123,PASTOR GESSIVALDO,GESSIVALDO ISAIAS DE CARVALHO SILVA,PRB,10,PARTIDO REPUBLICANO BRASILEIRO,,PMN / PRB / SOLIDARIEDADE / PPL / PTC,ELEITO POR QP,APTO,REPUBLICANOS,
2018,PI,deputado estadual,1,28114,FERNANDO MONTEIRO,FERNANDO ALBERTO DE BRITO MONTEIRO,PRTB,28,PARTIDO RENOVADOR TRABALHISTA BRASILEIRO,,PT / MDB / PP / PR / PDT / PSD / PC do B / PTB / PRTB,ELEITO POR QP,APTO,PRTB,
2018,PI,deputado estadual,1,40555,GUSTAVO NEIVA,GUSTAVO SOUSA DE NEIVA,PSB,40,PARTIDO SOCIALISTA BRASILEIRO,,PSDB / DEM / PSB,ELEITO POR QP,APTO,PSB,
2018,PI,deputado estadual,1,55555,GEORGIANO,GEORGIANO FERNANDES LIMA NETO,PSD,55,PARTIDO SOCIAL DEMOCRÁTICO,,PT / MDB / PP / PR / PDT / PSD / PC do B / PTB / PRTB,ELEITO POR QP,APTO,PSD,
2018,PI,deputado estadual,1,45555,MARDEN  MENESES,MARDEN LUIS BRITO CAVALCANTE E MENESES,PSDB,45,PARTIDO DA SOCIAL DEMOCRACIA BRASILEIRA,,PSDB / DEM / PSB,ELEITO POR QP,APTO,PSDB,
2018,PI,deputado estadual,1,13456,DR. FRANCISCO COSTA,FRANCISCO DE ASSIS DE OLIVEIRA COSTA,PT,13,PARTIDO DOS TRABALHADORES,,PT / MDB / PP / PR / PDT / PSD / PC do B / PTB / PRTB,ELEITO POR QP,APTO,PT,
2018,PI,deputado estadual,1,13111,FABIO NOVO,FABIO NUNEZ NOVO,PT,13,PARTIDO DOS TRABALHADORES,,PT / MDB / PP / PR / PDT / PSD / PC do B / PTB / PRTB,ELEITO POR QP,APTO,PT,
2018,PI,deputado estadual,1,13678,FLORA IZABEL,FLORA IZABEL NOBRE RODRIGUES,PT,13,PARTIDO DOS TRABALHADORES,,PT / MDB / PP / PR / PDT / PSD / PC do B / PTB / PRTB,ELEITO POR QP,APTO,PT,
2018,PI,deputado estadual,1,13333,FRANZÉ SILVA,FRANCISCO JOSÉ ALVES DA SILVA,PT,13,PARTIDO DOS TRABALHADORES,,PT / MDB / PP / PR / PDT / PSD / PC do B / PTB / PRTB,ELEITO POR QP,APTO,PT,
2018,PI,deputado estadual,1,13123,LIMMA,FRANCISCO DAS CHAGAS LIMMA,PT,13,PARTIDO DOS TRABALHADORES,,PT / MDB / PP / PR / PDT / PSD / PC do B / PTB / PRTB,ELEITO POR QP,APTO,PT,
2018,PI,deputado estadual,1,14123,JANAINNA MARQUES,JANAINNA PINTO MARQUES ,PTB,14,PARTIDO TRABALHISTA BRASILEIRO,,PT / MDB / PP / PR / PDT / PSD / PC do B / PTB / PRTB,ELEITO POR QP,APTO,PTB,
2018,PI,deputado estadual,1,14000,NERINHO,JOSE ICEMAR LAVOR NERI,PTB,14,PARTIDO TRABALHISTA BRASILEIRO,,PT / MDB / PP / PR / PDT / PSD / PC do B / PTB / PRTB,ELEITO POR MÉDIA,APTO,PTB,
2018,PI,deputado estadual,1,36789,EVALDO GOMES,EVALDO GOMES DA SILVA,PTC,36,PARTIDO TRABALHISTA CRISTÃO,,PMN / PRB / SOLIDARIEDADE / PPL / PTC,ELEITO POR QP,APTO,AGIR,
2018,PI,deputado estadual,1,43333,TERESA BRITTO,TERESA DOS SANTOS SOUSA BRITTO,PV,43,PARTIDO VERDE,,PODE / PV / PRP / PATRIOTA / PPS / AVANTE / REDE / PHS,ELEITO POR QP,APTO,PV,
2018,PR,deputado estadual,1,25155,ELIO RUSCH,ELIO LINO RUSCH,DEM,25,DEMOCRATAS,,PP / PTB / DEM / PSDB / PSB,ELEITO POR MÉDIA,APTO,UNIÃO,
2018,PR,deputado estadual,1,25111,NELSON JUSTUS,NELSON ROBERTO PLACIDO SILVA JUSTUS,DEM,25,DEMOCRATAS,,PP / PTB / DEM / PSDB / PSB,ELEITO POR QP,APTO,UNIÃO,
2018,PR,deputado estadual,1,25110,PLAUTO,PLAUTO MIRO GUIMARÃES FILHO,DEM,25,DEMOCRATAS,,PP / PTB / DEM / PSDB / PSB,ELEITO POR QP,APTO,UNIÃO,
2018,PR,deputado estadual,1,15190,ANIBELLI NETO,ANTONIO ANNIBELLI NETO,MDB,15,MOVIMENTO DEMOCRÁTICO BRASILEIRO,,MDB,ELEITO POR QP,APTO,MDB,
2018,PR,deputado estadual,1,15178,NEREU MOURA,NEREU ALVES DE MOURA,MDB,15,MOVIMENTO DEMOCRÁTICO BRASILEIRO,,MDB,ELEITO POR MÉDIA,APTO,MDB,
2018,PR,deputado estadual,1,15151,REQUIÃO FILHO,MAURICIO THADEU DE MELLO E SILVA,MDB,15,MOVIMENTO DEMOCRÁTICO BRASILEIRO,,MDB,ELEITO POR QP,APTO,MDB,
2018,PR,deputado estadual,1,12108,GOURA,JORGE GOMES DE OLIVEIRA BRAND,PDT,12,PARTIDO DEMOCRÁTICO TRABALHISTA,,PDT / SOLIDARIEDADE / PC do B,ELEITO POR QP,APTO,PDT,
2018,PR,deputado estadual,1,12680,NELSON LUERSEN,NELSON LAURO LUERSEN,PDT,12,PARTIDO DEMOCRÁTICO TRABALHISTA,,PDT / SOLIDARIEDADE / PC do B,ELEITO POR QP,APTO,PDT,
2018,PR,deputado estadual,1,33014,DR. BATISTA,MANOEL BATISTA DA SILVA JUNIOR,PMN,33,PARTIDO DA MOBILIZAÇÃO NACIONAL,,PROS / PMB / PMN,ELEITO POR MÉDIA,APTO,PMN,
2018,PR,deputado estadual,1,19222,GALO,PAULO ROBERTO DA COSTA,PODE,19,PODEMOS,,PODE,ELEITO POR QP,APTO,PODE,
2018,PR,deputado estadual,1,11590,GILBERTO RIBEIRO,JOSE GILBERTO DO CARMO ALVES RIBEIRO,PP,11,PROGRESSISTAS,,PP / PTB / DEM / PSDB / PSB,ELEITO POR QP,APTO,PP,
2018,PR,deputado estadual,1,11550,LUIZ CARLOS MARTINS,LUIZ CARLOS MARTINS GONÇALVES,PP,11,PROGRESSISTAS,,PP / PTB / DEM / PSDB / PSB,ELEITO POR QP,APTO,PP,
2018,PR,deputado estadual,1,11511,MARIA VICTORIA,MARIA VICTORIA BORGHETTI BARROS,PP,11,PROGRESSISTAS,,PP / PTB / DEM / PSDB / PSB,ELEITO POR QP,APTO,PP,
2018,PR,deputado estadual,1,54100,MARCIO PACHECO,MARCIO JOSE PACHECO RAMOS,PPL,54,PARTIDO PÁTRIA LIVRE,,REDE / DC / PPL,ELEITO POR QP,APTO,PC do B,
2018,PR,deputado estadual,1,23121,CRISTINA SILVESTRI,ISABEL CRISTINA RAUEN SILVESTRI,PPS,23,PARTIDO POPULAR SOCIALISTA,,PPS,ELEITO POR QP,APTO,CIDADANIA,
2018,PR,deputado estadual,1,23600,DOUGLAS FABRÍCIO,JOÃO DOUGLAS FABRICIO,PPS,23,PARTIDO POPULAR SOCIALISTA,,PPS,ELEITO POR QP,APTO,CIDADANIA,
2018,PR,deputado estadual,1,23043,TERCILIO TURINI,TERCILIO LUIZ TURINI,PPS,23,PARTIDO POPULAR SOCIALISTA,,PPS,ELEITO POR QP,APTO,CIDADANIA,
2018,PR,deputado estadual,1,22038,DELEGADO JACOVOS,JOSE APARECIDO JACOVOS,PR,22,PARTIDO DA REPÚBLICA,,PRB / PHS / PR / AVANTE,ELEITO POR QP,APTO,PL,
2018,PR,deputado estadual,1,22000,MARCEL MICHELETTO,MARCEL HENRIQUE MICHELETTO,PR,22,PARTIDO DA REPÚBLICA,,PRB / PHS / PR / AVANTE,ELEITO POR QP,APTO,PL,
2018,PR,deputado estadual,1,10123,ALEXANDRE AMARO,ALEXANDRE AMARO,PRB,10,PARTIDO REPUBLICANO BRASILEIRO,,PRB / PHS / PR / AVANTE,ELEITO POR QP,APTO,REPUBLICANOS,
2018,PR,deputado estadual,1,90789,HOMERO MARCHESE,HOMERO FIGUEIREDO LIMA E MARCHESE,PROS,90,PARTIDO REPUBLICANO DA ORDEM SOCIAL,,PROS / PMB / PMN,ELEITO POR QP,APTO,PROS,
2018,PR,deputado estadual,1,90181,SOLDADO FRUET,MARCOS ADRIANO FERREIRA FRUET,PROS,90,PARTIDO REPUBLICANO DA ORDEM SOCIAL,,PROS / PMB / PMN,ELEITO POR QP,APTO,PROS,
2018,PR,deputado estadual,1,44800,ADELINO RIBEIRO,ADELINO RIBEIRO SILVA,PRP,44,PARTIDO REPUBLICANO PROGRESSISTA,,PRTB / PRP,ELEITO POR MÉDIA,APTO,PATRIOTA,
2018,PR,deputado estadual,1,28011,BOCA ABERTA JUNIOR,MATHEUS VINICCIUS RIBEIRO PETRIV,PRTB,28,PARTIDO RENOVADOR TRABALHISTA BRASILEIRO,,PRTB / PRP,ELEITO POR QP,APTO,PRTB,
2018,PR,deputado estadual,1,40128,ALEXANDRE CURI,ALEXANDRE MARANHÃO KHURY,PSB,40,PARTIDO SOCIALISTA BRASILEIRO,,PP / PTB / DEM / PSDB / PSB,ELEITO POR QP,APTO,PSB,
2018,PR,deputado estadual,1,40140,ARTAGÃO JUNIOR,ARTAGÃO DE MATTOS LEÃO JUNIOR,PSB,40,PARTIDO SOCIALISTA BRASILEIRO,,PP / PTB / DEM / PSDB / PSB,ELEITO POR QP,APTO,PSB,
2018,PR,deputado estadual,1,40250,JONAS GUIMARÃES,JONAS GUIMARÃES,PSB,40,PARTIDO SOCIALISTA BRASILEIRO,,PP / PTB / DEM / PSDB / PSB,ELEITO POR QP,APTO,PSB,
2018,PR,deputado estadual,1,40678,ROMANELLI,LUIZ CLAUDIO ROMANELLI,PSB,40,PARTIDO SOCIALISTA BRASILEIRO,,PP / PTB / DEM / PSDB / PSB,ELEITO POR QP,APTO,PSB,
2018,PR,deputado estadual,1,40123,TIAGO AMARAL,JOSE TIAGO CAMARGO DO AMARAL,PSB,40,PARTIDO SOCIALISTA BRASILEIRO,,PP / PTB / DEM / PSDB / PSB,ELEITO POR QP,APTO,PSB,
2018,PR,deputado estadual,1,20120,EVANDRO ARAUJO,EVANDRO JOSE DA CRUZ ARAUJO,PSC,20,PARTIDO SOCIAL CRISTÃO,,PSC / PSD,ELEITO POR QP,APTO,PSC,
2018,PR,deputado estadual,1,20044,GILSON DE SOUZA,GILSON DE SOUZA,PSC,20,PARTIDO SOCIAL CRISTÃO,,PSC / PSD,ELEITO POR QP,APTO,PSC,
2018,PR,deputado estadual,1,20100,MABEL CANTO,MABEL CORA CANTO,PSC,20,PARTIDO SOCIAL CRISTÃO,,PSC / PSD,ELEITO POR MÉDIA,APTO,PSC,
2018,PR,deputado estadual,1,20012,REICHEMBACH,WILMAR REICHEMBACH,PSC,20,PARTIDO SOCIAL CRISTÃO,,PSC / PSD,ELEITO POR QP,APTO,PSC,
2018,PR,deputado estadual,1,55055,COBRA REPORTER,DEVANIL REGINALDO DA SILVA,PSD,55,PARTIDO SOCIAL DEMOCRÁTICO,,PSC / PSD,ELEITO POR QP,APTO,PSD,
2018,PR,deputado estadual,1,55555,DELEGADO RECALCATTI,RUBENS RECALCATTI,PSD,55,PARTIDO SOCIAL DEMOCRÁTICO,,PSC / PSD,ELEITO POR QP,APTO,PSD,
2018,PR,deputado estadual,1,55123,FRANCISCO BUHRER,JOSÉ FRANCISCO BUHRER,PSD,55,PARTIDO SOCIAL DEMOCRÁTICO,,PSC / PSD,ELEITO POR QP,APTO,PSD,
2018,PR,deputado estadual,1,55222,GUTO SILVA,LUIZ AUGUSTO SILVA,PSD,55,PARTIDO SOCIAL DEMOCRÁTICO,,PSC / PSD,ELEITO POR QP,APTO,PSD,
2018,PR,deputado estadual,1,55250,MARCIO NUNES,MARCIO FERNANDO NUNES,PSD,55,PARTIDO SOCIAL DEMOCRÁTICO,,PSC / PSD,ELEITO POR QP,APTO,PSD,
2018,PR,deputado estadual,1,55655,MAURO MORAES,MAURO RAFAEL MORAES E SILVA,PSD,55,PARTIDO SOCIAL DEMOCRÁTICO,,PSC / PSD,ELEITO POR QP,APTO,PSD,
2018,PR,deputado estadual,1,45000,MICHELE CAPUTO ,MICHELE CAPUTO NETO,PSDB,45,PARTIDO DA SOCIAL DEMOCRACIA BRASILEIRA,,PP / PTB / DEM / PSDB / PSB,ELEITO POR QP,APTO,PSDB,
2018,PR,deputado estadual,1,45160,PAULO LITRO,PAULO HENRIQUE COLETTI FERNANDES,PSDB,45,PARTIDO DA SOCIAL DEMOCRACIA BRASILEIRA,,PP / PTB / DEM / PSDB / PSB,ELEITO POR QP,APTO,PSDB,
2018,PR,deputado estadual,1,45789,TRAIANO,ADEMAR LUIZ TRAIANO,PSDB,45,PARTIDO DA SOCIAL DEMOCRACIA BRASILEIRA,,PP / PTB / DEM / PSDB / PSB,ELEITO POR QP,APTO,PSDB,
2018,PR,deputado estadual,1,17190,CORONEL LEE,WASHINGTON LEE ABE,PSL,17,PARTIDO SOCIAL LIBERAL,,PSL / PTC / PATRIOTA,ELEITO POR QP,APTO,UNIÃO,
2018,PR,deputado estadual,1,17025,DELEGADO FERNANDO,FERNANDO ERNANDES MARTINS,PSL,17,PARTIDO SOCIAL LIBERAL,,PSL / PTC / PATRIOTA,ELEITO POR QP,APTO,UNIÃO,
2018,PR,deputado estadual,1,17017,LUIZ FERNANDO GUERRA,LUIZ FERNANDO GUERRA FILHO,PSL,17,PARTIDO SOCIAL LIBERAL,,PSL / PTC / PATRIOTA,ELEITO POR QP,APTO,UNIÃO,
2018,PR,deputado estadual,1,17123,MISSIONÁRIO RICARDO ARRUDA,RICARDO ARRUDA NUNES,PSL,17,PARTIDO SOCIAL LIBERAL,,PSL / PTC / PATRIOTA,ELEITO POR MÉDIA,APTO,UNIÃO,
2018,PR,deputado estadual,1,13000,ARILSON MAROLDI CHIORATO,ARILSON MAROLDI CHIORATO,PT,13,PARTIDO DOS TRABALHADORES,,PT,ELEITO POR QP,APTO,PT,
2018,PR,deputado estadual,1,13233,LUCIANA RAFAGNIN,LUCIANA GUZELLA RAFAGNIN,PT,13,PARTIDO DOS TRABALHADORES,,PT,ELEITO POR QP,APTO,PT,
2018,PR,deputado estadual,1,13013,PROFESSOR LEMOS,JOSÉ RODRIGUES LEMOS,PT,13,PARTIDO DOS TRABALHADORES,,PT,ELEITO POR QP,APTO,PT,
2018,PR,deputado estadual,1,13131,TADEU VENERI,ANTONIO TADEU VENERI,PT,13,PARTIDO DOS TRABALHADORES,,PT,ELEITO POR QP,APTO,PT,
2018,PR,deputado estadual,1,14789,TIÃO MEDEIROS,SEBASTIÃO HENRIQUE DE MEDEIROS,PTB,14,PARTIDO TRABALHISTA BRASILEIRO,,PP / PTB / DEM / PSDB / PSB,ELEITO POR QP,APTO,PTB,
2018,PR,deputado estadual,1,43042,ESTACHO,RODRIGO TLUSTIK VENEK,PV,43,PARTIDO VERDE,,PV,ELEITO POR QP,APTO,PV,
2018,PR,deputado estadual,1,43600,PEDRO PAULO BAZANA,PEDRO PAULO BAZANA,PV,43,PARTIDO VERDE,,PV,ELEITO POR MÉDIA,APTO,PV,
2018,PR,deputado estadual,1,43900,SOLDADO ADRIANO JOSE,ADRIANO JOSE DA SILVA,PV,43,PARTIDO VERDE,,PV,ELEITO POR QP,APTO,PV,
2018,RJ,deputado estadual,1,70123,MARCOS ABRAHÃO,MARCOS ABRAHÃO,AVANTE,70,AVANTE,,AVANTE,ELEITO POR QP,APTO,AVANTE,
2018,RJ,deputado estadual,1,27123,JOÃO PEIXOTO,JOAO ALVES PEIXOTO,DC,27,DEMOCRACIA CRISTÃ,,PV / DC,ELEITO POR QP,APTO,DC,
2018,RJ,deputado estadual,1,27427,MARCELO CABELEIREIRO,MARCELO BORGES DA SILVA,DC,27,DEMOCRACIA CRISTÃ,,PV / DC,ELEITO POR MÉDIA,APTO,DC,
2018,RJ,deputado estadual,1,25123,ANDRÉ CORRÊA,ANDRÉ GUSTAVO PEREIRA CORRÊA DA SILVA,DEM,25,DEMOCRATAS,,DEM,ELEITO POR QP,APTO,UNIÃO,
2018,RJ,deputado estadual,1,25456,DR. DEODALTO,DEODALTO JOSÉ FERREIRA,DEM,25,DEMOCRATAS,,DEM,ELEITO POR MÉDIA,APTO,UNIÃO,
2018,RJ,deputado estadual,1,25097,FABIO SILVA,FABIO FRANCISCO DA SILVA,DEM,25,DEMOCRATAS,,DEM,ELEITO POR QP,APTO,UNIÃO,
2018,RJ,deputado estadual,1,25333,FILIPE SOARES,FILIPE BEZERRA RIBEIRO SOARES,DEM,25,DEMOCRATAS,,DEM,ELEITO POR QP,APTO,UNIÃO,
2018,RJ,deputado estadual,1,25777,SAMUEL MALAFAIA,SAMUEL LIMA MALAFAIA,DEM,25,DEMOCRATAS,,DEM,ELEITO POR QP,APTO,UNIÃO,
2018,RJ,deputado estadual,1,15288,FRANCIANE MOTTA,FRANCIANE CONCEICAO GAGO MOTTA,MDB,15,MOVIMENTO DEMOCRÁTICO BRASILEIRO,,MDB,ELEITO POR MÉDIA,APTO,MDB,
2018,RJ,deputado estadual,1,15212,GUSTAVO TUTUCA,GUSTAVO REIS FERREIRA,MDB,15,MOVIMENTO DEMOCRÁTICO BRASILEIRO,,MDB,ELEITO POR QP,APTO,MDB,
2018,RJ,deputado estadual,1,15456,MARCIO CANELLA,MARCIO CORREIA DE OLIVEIRA,MDB,15,MOVIMENTO DEMOCRÁTICO BRASILEIRO,,MDB,ELEITO POR QP,APTO,MDB,
2018,RJ,deputado estadual,1,15678,MAX,MAX RODRIGUES LEMOS ,MDB,15,MOVIMENTO DEMOCRÁTICO BRASILEIRO,,MDB,ELEITO POR QP,APTO,MDB,
2018,RJ,deputado estadual,1,15016,ROSENVERG REIS,ROSENVERG REIS DE OLIVEIRA,MDB,15,MOVIMENTO DEMOCRÁTICO BRASILEIRO,,MDB,ELEITO POR QP,APTO,MDB,
2018,RJ,deputado estadual,1,30007,ALEXANDRE FREITAS,ALEXANDRE TEIXEIRA DE FREITAS RODRIGUES,NOVO,30,PARTIDO NOVO,,NOVO,ELEITO POR MÉDIA,APTO,NOVO,
2018,RJ,deputado estadual,1,30123,CHICÃO BULHÕES,FRANCISCO SIEMSEN BULHÕES CARVALHO DA FONSECA,NOVO,30,PARTIDO NOVO,,NOVO,ELEITO POR QP,APTO,NOVO,
2018,RJ,deputado estadual,1,51888,VAL CEASA,ROOSEVELT BARRETO BARCELOS,PATRIOTA,51,PATRIOTA,,PATRIOTA,ELEITO POR QP,APTO,PATRIOTA,
2018,RJ,deputado estadual,1,65656,ENFERMEIRA REJANE,REJANE DE ALMEIDA,PC do B,65,PARTIDO COMUNISTA DO BRASIL,,PC do B,ELEITO POR QP,APTO,PC do B,
2018,RJ,deputado estadual,1,12040,DELEGADA MARTHA ROCHA,MARTHA MESQUITA DA ROCHA,PDT,12,PARTIDO DEMOCRÁTICO TRABALHISTA,,PDT,ELEITO POR QP,APTO,PDT,
2018,RJ,deputado estadual,1,12200,LUIZ MARTINS,LUIZ ANTONIO MARTINS,PDT,12,PARTIDO DEMOCRÁTICO TRABALHISTA,,PDT,ELEITO POR QP,APTO,PDT,
2018,RJ,deputado estadual,1,12500,THIAGO PAMPOLHA,THIAGO PAMPOLHA GONCALVES,PDT,12,PARTIDO DEMOCRÁTICO TRABALHISTA,,PDT,ELEITO POR QP,APTO,PDT,
2018,RJ,deputado estadual,1,31333,MARCOS MULLER,LUIZ MARCOS DE OLIVEIRA MUILER,PHS,31,PARTIDO HUMANISTA DA SOLIDARIEDADE,,PHS,ELEITO POR QP,APTO,PODE,
2018,RJ,deputado estadual,1,31615,VALDECY DA SAÚDE,VALDECIR DIAS DA SILVA,PHS,31,PARTIDO HUMANISTA DA SOLIDARIEDADE,,PHS,ELEITO POR MÉDIA,APTO,PODE,
2018,RJ,deputado estadual,1,35035,MARINA,MARINA PEREIRA DA ROCHA FERNANDEZ,PMB,35,PARTIDO DA MULHER BRASILEIRA,,PMB,ELEITO POR QP,APTO,PMB,
2018,RJ,deputado estadual,1,19777,BEBETO TETRA,JOSÉ ROBERTO GAMA DE OLIVEIRA,PODE,19,PODEMOS,,PODE / PPL,ELEITO POR QP,APTO,PODE,
2018,RJ,deputado estadual,1,11111,DIONISIO LINS,DIONISIO DE SOUZA LINS,PP,11,PROGRESSISTAS,,PP,ELEITO POR QP,APTO,PP,
2018,RJ,deputado estadual,1,11500,JAIR BITTENCOURT,JAIR DE SIQUEIRA BITTENCOURT JUNIOR,PP,11,PROGRESSISTAS,,PP,ELEITO POR QP,APTO,PP,
2018,RJ,deputado estadual,1,23601,WELBERTH REZENDE,WELBERTH PORTO DE REZENDE,PPS,23,PARTIDO POPULAR SOCIALISTA,,PPS / PSDB,ELEITO POR QP,APTO,CIDADANIA,
2018,RJ,deputado estadual,1,22101,PEDRO BRAZAO,MANOEL INACIO BRAZAO,PR,22,PARTIDO DA REPÚBLICA,,PR,ELEITO POR QP,APTO,PL,
2018,RJ,deputado estadual,1,10100,CARLOS MACEDO ,WALCYSNEU CARLOS MACEDO DE OLIVEIRA ,PRB,10,PARTIDO REPUBLICANO BRASILEIRO,,PRB,ELEITO POR QP,APTO,REPUBLICANOS,
2018,RJ,deputado estadual,1,10000,DANNIEL LIBRELON,DANNIEL LIBRELON DIAS DE CASTRO,PRB,10,PARTIDO REPUBLICANO BRASILEIRO,,PRB,ELEITO POR QP,APTO,REPUBLICANOS,
2018,RJ,deputado estadual,1,10123,TIA JU,JUCELIA OLIVEIRA FREITAS,PRB,10,PARTIDO REPUBLICANO BRASILEIRO,,PRB,ELEITO POR QP,APTO,REPUBLICANOS,
2018,RJ,deputado estadual,1,90668,SUB TENENTE BERNARDO,MAURO BERNARDO DOS SANTOS,PROS,90,PARTIDO REPUBLICANO DA ORDEM SOCIAL,,PROS,ELEITO POR QP,APTO,PROS,
2018,RJ,deputado estadual,1,44888,BRUNO DAUAIRE,BRUNO FELGUEIRA DAUAIRE,PRP,44,PARTIDO REPUBLICANO PROGRESSISTA,,PRP,ELEITO POR MÉDIA,APTO,PATRIOTA,
2018,RJ,deputado estadual,1,44789,RENATO COZZOLINO,RENATO COZZOLINO HARB,PRP,44,PARTIDO REPUBLICANO PROGRESSISTA,,PRP,ELEITO POR QP,APTO,PATRIOTA,
2018,RJ,deputado estadual,1,28333,LÉO VIEIRA,LEONARDO VIEIRA MENDES,PRTB,28,PARTIDO RENOVADOR TRABALHISTA BRASILEIRO,,PRTB,ELEITO POR QP,APTO,PRTB,
2018,RJ,deputado estadual,1,40000,CARLOS MINC,CARLOS MINC BAUMFELD,PSB,40,PARTIDO SOCIALISTA BRASILEIRO,,PSB,ELEITO POR QP,APTO,PSB,
2018,RJ,deputado estadual,1,40021,RENAN FERREIRINHA,RENAN FERREIRINHA CARNEIRO,PSB,40,PARTIDO SOCIALISTA BRASILEIRO,,PSB,ELEITO POR MÉDIA,APTO,PSB,
2018,RJ,deputado estadual,1,20345,CHIQUINHO DA MANGUEIRA,FRANCISCO MANOEL DE CARVALHO,PSC,20,PARTIDO SOCIAL CRISTÃO,,PSC,ELEITO POR MÉDIA,APTO,PSC,
2018,RJ,deputado estadual,1,20010,MARCIO PACHECO,MARCIO HENRIQUE CRUZ PACHECO,PSC,20,PARTIDO SOCIAL CRISTÃO,,PSC,ELEITO POR QP,APTO,PSC,
2018,RJ,deputado estadual,1,55611,CHICO MACHADO,FRANCISCO ALVES MACHADO NETO,PSD,55,PARTIDO SOCIAL DEMOCRÁTICO,,PSD,ELEITO POR MÉDIA,APTO,PSD,
2018,RJ,deputado estadual,1,55045,DELEGADO CARLOS AUGUSTO,CARLOS AUGUSTO NOGUEIRA PINTO,PSD,55,PARTIDO SOCIAL DEMOCRÁTICO,,PSD,ELEITO POR QP,APTO,PSD,
2018,RJ,deputado estadual,1,55800,JORGE FELIPPE NETO,JORGE MIGUEL FELIPPE POYARES BETHLEM,PSD,55,PARTIDO SOCIAL DEMOCRÁTICO,,PSD,ELEITO POR QP,APTO,PSD,
2018,RJ,deputado estadual,1,55021,ROSANE FELIX,ROSANE FELIX DO NASCIMENTO MALTA,PSD,55,PARTIDO SOCIAL DEMOCRÁTICO,,PSD,ELEITO POR QP,APTO,PSD,
2018,RJ,deputado estadual,1,45620,LUCINHA,LUCIA HELENA PINTO DE BARROS,PSDB,45,PARTIDO DA SOCIAL DEMOCRACIA BRASILEIRA,,PPS / PSDB,ELEITO POR QP,APTO,PSDB,
2018,RJ,deputado estadual,1,45678,LUIZ PAULO,LUIZ PAULO CORRÊA DA ROCHA,PSDB,45,PARTIDO DA SOCIAL DEMOCRACIA BRASILEIRA,,PPS / PSDB,ELEITO POR QP,APTO,PSDB,
2018,RJ,deputado estadual,1,17120,ALANA PASSOS,ALANA DE OLIVEIRA PASSOS DE SOUZA,PSL,17,PARTIDO SOCIAL LIBERAL,,PSL,ELEITO POR QP,APTO,UNIÃO,
2018,RJ,deputado estadual,1,17890,ALEXANDRE KNOPLOCH,ALEXANDRE GOMES KNOPLOCH DOS SANTOS,PSL,17,PARTIDO SOCIAL LIBERAL,,PSL,ELEITO POR QP,APTO,UNIÃO,
2018,RJ,deputado estadual,1,17017,ANDERSON MORAES,ANDERSON LUIS DE MORAES,PSL,17,PARTIDO SOCIAL LIBERAL,,PSL,ELEITO POR QP,APTO,UNIÃO,
2018,RJ,deputado estadual,1,17500,CORONEL SALEMA,FERNANDO SALEMA GARÇÃO RIBEIRO,PSL,17,PARTIDO SOCIAL LIBERAL,,PSL,ELEITO POR QP,APTO,UNIÃO,
2018,RJ,deputado estadual,1,17565,DOUTOR SERGINHO ,SÉRGIO LUIZ COSTA AZEVEDO FILHO ,PSL,17,PARTIDO SOCIAL LIBERAL,,PSL,ELEITO POR QP,APTO,UNIÃO,
2018,RJ,deputado estadual,1,17001,FILIPPE POUBEL,FILIPPE MEDEIROS POUBEL,PSL,17,PARTIDO SOCIAL LIBERAL,,PSL,ELEITO POR QP,APTO,UNIÃO,
2018,RJ,deputado estadual,1,17000,GIL VIANNA,GIL MANHÃES VIANNA JUNIOR,PSL,17,PARTIDO SOCIAL LIBERAL,,PSL,ELEITO POR QP,APTO,UNIÃO,
2018,RJ,deputado estadual,1,17778,GUSTAVO SCHMIDT,GUSTAVO ANTUNES MODESTO SCHMIDT,PSL,17,PARTIDO SOCIAL LIBERAL,,PSL,ELEITO POR QP,APTO,UNIÃO,
2018,RJ,deputado estadual,1,17027,MARCELO DO SEU DINO ,MARCELO FERREIRA RIBEIRO,PSL,17,PARTIDO SOCIAL LIBERAL,,PSL,ELEITO POR MÉDIA,APTO,UNIÃO,
2018,RJ,deputado estadual,1,17070,MÁRCIO GUALBERTO ,MÁRCIO GUALBERTO DOS SANTOS ,PSL,17,PARTIDO SOCIAL LIBERAL,,PSL,ELEITO POR MÉDIA,APTO,UNIÃO,
2018,RJ,deputado estadual,1,17717,RENATO ZACA,RENATO COSTA DE OLIVEIRA,PSL,17,PARTIDO SOCIAL LIBERAL,,PSL,ELEITO POR QP,APTO,UNIÃO,
2018,RJ,deputado estadual,1,17777,RODRIGO AMORIM ,RODRIGO MARTINS PIRES DE AMORIM ,PSL,17,PARTIDO SOCIAL LIBERAL,,PSL,ELEITO POR QP,APTO,UNIÃO,
2018,RJ,deputado estadual,1,50050,DANI MONTEIRO,DANIELLA MONTEIRO DA SILVA,PSOL,50,PARTIDO SOCIALISMO E LIBERDADE,,PSOL / PCB,ELEITO POR MÉDIA,APTO,PSOL,
2018,RJ,deputado estadual,1,50000,ELIOMAR COELHO,ELIOMAR DE SOUZA COELHO,PSOL,50,PARTIDO SOCIALISMO E LIBERDADE,,PSOL / PCB,ELEITO POR QP,APTO,PSOL,
2018,RJ,deputado estadual,1,50123,FLAVIO SERAFINI,FLAVIO ALVES SERAFINI,PSOL,50,PARTIDO SOCIALISMO E LIBERDADE,,PSOL / PCB,ELEITO POR QP,APTO,PSOL,
2018,RJ,deputado estadual,1,50888,MÔNICA FRANCISCO,MONICA SANTOS FRANCISCO,PSOL,50,PARTIDO SOCIALISMO E LIBERDADE,,PSOL / PCB,ELEITO POR QP,APTO,PSOL,
2018,RJ,deputado estadual,1,50007,RENATA SOUZA,RENATA DA SILVA SOUZA,PSOL,50,PARTIDO SOCIALISMO E LIBERDADE,,PSOL / PCB,ELEITO POR QP,APTO,PSOL,
2018,RJ,deputado estadual,1,13567,ANDRÉ CECILIANO,ANDRÉ LUIZ CECILIANO,PT,13,PARTIDO DOS TRABALHADORES,,PT,ELEITO POR QP,APTO,PT,
2018,RJ,deputado estadual,1,13000,WALDECK CARNEIRO,WALDECK CARNEIRO DA SILVA,PT,13,PARTIDO DOS TRABALHADORES,,PT,ELEITO POR QP,APTO,PT,
2018,RJ,deputado estadual,1,13103,ZEIDAN ,ROSANGELA DE OLIVEIRA ZEIDAN ,PT,13,PARTIDO DOS TRABALHADORES,,PT,ELEITO POR QP,APTO,PT,
2018,RJ,deputado estadual,1,14123,MARCUS VINÍCIUS - NESKAU,MARCUS VINICIUS DE VASCONCELOS FERREIRA,PTB,14,PARTIDO TRABALHISTA BRASILEIRO,,SOLIDARIEDADE / PTB,ELEITO POR QP,APTO,PTB,
2018,RJ,deputado estadual,1,36000,GIOVANI RATINHO,GIOVANI LEITE DE ABREU ,PTC,36,PARTIDO TRABALHISTA CRISTÃO,,PTC,ELEITO POR QP,APTO,AGIR,
2018,RJ,deputado estadual,1,77888,ANDERSON ALEXANDRE,WANDERSON GIMENES ALEXANDRE,SOLIDARIEDADE,77,SOLIDARIEDADE,,SOLIDARIEDADE / PTB,ELEITO POR QP,APTO,SOLIDARIEDADE,
2018,RJ,deputado estadual,1,77123,CORONEL JAIRO,JAIRO SOUZA SANTOS,SOLIDARIEDADE,77,SOLIDARIEDADE,,SOLIDARIEDADE / PTB,ELEITO POR MÉDIA,APTO,SOLIDARIEDADE,
2018,RJ,deputado estadual,1,77789,RODRIGO BACELLAR,RODRIGO DA SILVA BACELLAR,SOLIDARIEDADE,77,SOLIDARIEDADE,,SOLIDARIEDADE / PTB,ELEITO POR QP,APTO,SOLIDARIEDADE,
2018,RN,deputado estadual,1,70000,DR. BERNARDO,BERNARDO CESAR CARLOS BELARMINO DE AMORIM,AVANTE,70,AVANTE,,PRB / AVANTE,ELEITO POR QP,APTO,AVANTE,
2018,RN,deputado estadual,1,70123,KLEBER RODRIGUES,KLEBER GEVERSON DE OLIVEIRA RODRIGUES,AVANTE,70,AVANTE,,PRB / AVANTE,ELEITO POR MÉDIA,APTO,AVANTE,
2018,RN,deputado estadual,1,25110,GETULIO RÊGO,GETÚLIO NUNES DO RÊGO,DEM,25,DEMOCRATAS,,PDT / PP / MDB / PODE / DEM,ELEITO POR QP,APTO,UNIÃO,
2018,RN,deputado estadual,1,15100,HERMANO MORAIS,HERMANO DA COSTA MORAES,MDB,15,MOVIMENTO DEMOCRÁTICO BRASILEIRO,,PDT / PP / MDB / PODE / DEM,ELEITO POR QP,APTO,MDB,
2018,RN,deputado estadual,1,15222,NELTER QUEIROZ,NELTER LULA DE QUEIROZ SANTOS,MDB,15,MOVIMENTO DEMOCRÁTICO BRASILEIRO,,PDT / PP / MDB / PODE / DEM,ELEITO POR QP,APTO,MDB,
2018,RN,deputado estadual,1,31000,SOUZA,MANOEL CUNHA NETO,PHS,31,PARTIDO HUMANISTA DA SOLIDARIEDADE,,PT / PC do B / PHS,ELEITO POR QP,APTO,PODE,
2018,RN,deputado estadual,1,54444,CRISTIANE DANTAS,CRISTIANE BEZERRA DE SOUZA DANTAS,PPL,54,PARTIDO PÁTRIA LIVRE,,PATRIOTA / PSL / PSC / DC / PPL,ELEITO POR QP,APTO,PC do B,
2018,RN,deputado estadual,1,22222,GEORGE SOARES,GEORGE MONTENEGRO SOARES,PR,22,PARTIDO DA REPÚBLICA,,PR / PSB / PSDB / PSD / PROS,ELEITO POR QP,APTO,PL,
2018,RN,deputado estadual,1,90111,ALBERT DICKSON OFTALMOLOGISTA,ALBERT DICKSON DE LIMA,PROS,90,PARTIDO REPUBLICANO DA ORDEM SOCIAL,,PR / PSB / PSDB / PSD / PROS,ELEITO POR QP,APTO,PROS,
2018,RN,deputado estadual,1,55555,GALENO TORQUATO,JOSÉ GALENO DIOGENES TORQUATO,PSD,55,PARTIDO SOCIAL DEMOCRÁTICO,,PR / PSB / PSDB / PSD / PROS,ELEITO POR QP,APTO,PSD,
2018,RN,deputado estadual,1,55133,JACÓ JÁCOME,JACOB HELDER GUEDES DE OLIVEIRA JÁCOME,PSD,55,PARTIDO SOCIAL DEMOCRÁTICO,,PR / PSB / PSDB / PSD / PROS,ELEITO POR MÉDIA,APTO,PSD,
2018,RN,deputado estadual,1,55222,VIVALDO COSTA,VIVALDO SILVINO DA COSTA,PSD,55,PARTIDO SOCIAL DEMOCRÁTICO,,PR / PSB / PSDB / PSD / PROS,ELEITO POR QP,APTO,PSD,
2018,RN,deputado estadual,1,45678,EZEQUIEL,EZEQUIEL GALVAO FERREIRA DE SOUZA,PSDB,45,PARTIDO DA SOCIAL DEMOCRACIA BRASILEIRA,,PR / PSB / PSDB / PSD / PROS,ELEITO POR QP,APTO,PSDB,
2018,RN,deputado estadual,1,45888,GUSTAVO CARVALHO,GUSTAVO HENRIQUE LIMA DE CARVALHO,PSDB,45,PARTIDO DA SOCIAL DEMOCRACIA BRASILEIRA,,PR / PSB / PSDB / PSD / PROS,ELEITO POR QP,APTO,PSDB,
2018,RN,deputado estadual,1,45555,JOSÉ DIAS,JOSÉ DIAS DE SOUZA MARTINS,PSDB,45,PARTIDO DA SOCIAL DEMOCRACIA BRASILEIRA,,PR / PSB / PSDB / PSD / PROS,ELEITO POR MÉDIA,APTO,PSDB,
2018,RN,deputado estadual,1,45333,RAIMUNDO FERNANDES,RAIMUNDO NONATO PESSOA FERNANDES,PSDB,45,PARTIDO DA SOCIAL DEMOCRACIA BRASILEIRA,,PR / PSB / PSDB / PSD / PROS,ELEITO POR QP,APTO,PSDB,
2018,RN,deputado estadual,1,45123,TOMBA FARIAS,LUIZ ANTONIO LOURENCO DE FARIAS,PSDB,45,PARTIDO DA SOCIAL DEMOCRACIA BRASILEIRA,,PR / PSB / PSDB / PSD / PROS,ELEITO POR QP,APTO,PSDB,
2018,RN,deputado estadual,1,17190,CORONEL AZEVEDO,ANDRÉ LUIZ VIEIRA DE AZEVEDO,PSL,17,PARTIDO SOCIAL LIBERAL,,PATRIOTA / PSL / PSC / DC / PPL,ELEITO POR QP,APTO,UNIÃO,
2018,RN,deputado estadual,1,13222,FRANCISCO DO PT,FRANCISCO ASSIS DE MEDEIROS,PT,13,PARTIDO DOS TRABALHADORES,,PT / PC do B / PHS,ELEITO POR QP,APTO,PT,
2018,RN,deputado estadual,1,13123,ISOLDA DANTAS,MARIA ISOLDA DANTAS DE MOURA,PT,13,PARTIDO DOS TRABALHADORES,,PT / PC do B / PHS,ELEITO POR QP,APTO,PT,
2018,RN,deputado estadual,1,36666,EUDIANE MACEDO,EUDIANE JANAINA DE MACEDO SILVA,PTC,36,PARTIDO TRABALHISTA CRISTÃO,,PTB / PPS / PMB / PTC / PRP,ELEITO POR QP,APTO,AGIR,
2018,RN,deputado estadual,1,36222,UBALDO FERNANDES,UBALDO FERNANDES DA SILVA,PTC,36,PARTIDO TRABALHISTA CRISTÃO,,PTB / PPS / PMB / PTC / PRP,ELEITO POR MÉDIA,APTO,AGIR,
2018,RN,deputado estadual,1,77677,ALLYSON BEZERRA,ALLYSON LEANDRO BEZERRA SILVA,SOLIDARIEDADE,77,SOLIDARIEDADE,,PV / SOLIDARIEDADE,ELEITO POR QP,APTO,SOLIDARIEDADE,
2018,RN,deputado estadual,1,77123,KELPS,KELPS DE OLIVEIRA LIMA,SOLIDARIEDADE,77,SOLIDARIEDADE,,PV / SOLIDARIEDADE,ELEITO POR QP,APTO,SOLIDARIEDADE,
2018,RO,deputado estadual,1,25500,ADELINO FOLLADOR,ADELINO ANGELO FOLLADOR,DEM,25,DEMOCRATAS,,PSDB / DEM / PSD,ELEITO POR QP,APTO,UNIÃO,
2018,RO,deputado estadual,1,15140,JEAN OLIVEIRA,JEAN CARLOS SCHEFFER OLIVEIRA,MDB,15,MOVIMENTO DEMOCRÁTICO BRASILEIRO,,MDB / PV,ELEITO POR QP,APTO,MDB,
2018,RO,deputado estadual,1,15429,LEBRÃO,JOSÉ EURÍPEDES CLEMENTE,MDB,15,MOVIMENTO DEMOCRÁTICO BRASILEIRO,,MDB / PV,ELEITO POR QP,APTO,MDB,
2018,RO,deputado estadual,1,15123,WILLIAMES PIMENTEL,WILLIAMES PIMENTEL DE OLIVEIRA,MDB,15,MOVIMENTO DEMOCRÁTICO BRASILEIRO,,MDB / PV,ELEITO POR MÉDIA,APTO,MDB,
2018,RO,deputado estadual,1,12321,ROSANGELA DONADON,ROZANGELA HENRIQUE PEREIRA DONADON,PDT,12,PARTIDO DEMOCRÁTICO TRABALHISTA,,PDT / PT,ELEITO POR MÉDIA,APTO,PDT,
2018,RO,deputado estadual,1,33333,DR. NEIDSON,NEIDSON DE BARROS SOARES,PMN,33,PARTIDO DA MOBILIZAÇÃO NACIONAL,,PMN / PSC / PC do B,ELEITO POR QP,APTO,PMN,
2018,RO,deputado estadual,1,19200,CASSIA DOS MULETAS,CASSIA GOMES DOS SANTOS,PODE,19,PODEMOS,,PODE,ELEITO POR QP,APTO,PODE,
2018,RO,deputado estadual,1,19456,CIRONE DA TOZZO,ELCIRONE MOREIRA DEIRO,PODE,19,PODEMOS,,PODE,ELEITO POR QP,APTO,PODE,
2018,RO,deputado estadual,1,19140,JEAN MENDONÇA,JEAN HENRIQUE GEROLOMO DE MENDONÇA,PODE,19,PODEMOS,,PODE,ELEITO POR MÉDIA,APTO,PODE,
2018,RO,deputado estadual,1,22600,DR. RIBAMAR ARAUJO,JOSE RIBAMAR DE ARAUJO,PR,22,PARTIDO DA REPÚBLICA,,PP / PTB / PR / SOLIDARIEDADE,ELEITO POR QP,APTO,PL,
2018,RO,deputado estadual,1,10100,ALEX REDANO,ALEX MENDONÇA ALVES,PRB,10,PARTIDO REPUBLICANO BRASILEIRO,,PRB / PATRIOTA,ELEITO POR QP,APTO,REPUBLICANOS,
2018,RO,deputado estadual,1,10190,CABO JHONY PAIXÃO ,JHONY PEDRO DA PAIXÃO,PRB,10,PARTIDO REPUBLICANO BRASILEIRO,,PRB / PATRIOTA,ELEITO POR QP,APTO,REPUBLICANOS,
2018,RO,deputado estadual,1,10555,EZEQUIEL JUNIOR,EZEQUIEL JUNIOR SANTOS DA COSTA,PRB,10,PARTIDO REPUBLICANO BRASILEIRO,,PRB / PATRIOTA,ELEITO POR MÉDIA,APTO,REPUBLICANOS,
2018,RO,deputado estadual,1,10123,PASTOR ALEX SILVA ,FRANCISCO ALEXSANDRO DA SILVA,PRB,10,PARTIDO REPUBLICANO BRASILEIRO,,PRB / PATRIOTA,ELEITO POR QP,APTO,REPUBLICANOS,
2018,RO,deputado estadual,1,90123,ANDERSON DO SINGEPERON,ANDERSON DA SILVA PEREIRA,PROS,90,PARTIDO REPUBLICANO DA ORDEM SOCIAL,,PHS / PROS,ELEITO POR QP,APTO,PROS,
2018,RO,deputado estadual,1,40888,CHIQUINHO,FRANCISCO MENDE DE SA BARRETO COUTINHO,PSB,40,PARTIDO SOCIALISTA BRASILEIRO,,PSB,ELEITO POR QP,APTO,PSB,
2018,RO,deputado estadual,1,40777,ISMAEL CRISPIN,ISMAEL CRISPIN DIAS,PSB,40,PARTIDO SOCIALISTA BRASILEIRO,,PSB,ELEITO POR MÉDIA,APTO,PSB,
2018,RO,deputado estadual,1,55000,ADAILTON FÚRIA,ADAILTON ANTUNES FERREIRA,PSD,55,PARTIDO SOCIAL DEMOCRÁTICO,,PSDB / DEM / PSD,ELEITO POR QP,APTO,PSD,
2018,RO,deputado estadual,1,45123,LAERTE GOMES,LAERTE GOMES,PSDB,45,PARTIDO DA SOCIAL DEMOCRACIA BRASILEIRA,,PSDB / DEM / PSD,ELEITO POR QP,APTO,PSDB,
2018,RO,deputado estadual,1,17000,SARGENTO EYDER BRASIL,EYDER BRASIL DO CARMO,PSL,17,PARTIDO SOCIAL LIBERAL,,PSL,ELEITO POR QP,APTO,UNIÃO,
2018,RO,deputado estadual,1,13122,LAZINHO DA FETAGRO,LAZARO APARECIDA DOBRI,PT,13,PARTIDO DOS TRABALHADORES,,PT / PSOL,ELEITO POR QP,APTO,PT,
2018,RO,deputado estadual,1,14789,EZEQUIEL NEIVA,ISEQUIEL NEIVA DE CARVALHO,PTB,14,PARTIDO TRABALHISTA BRASILEIRO,,PP / PTB / PR / SOLIDARIEDADE,ELEITO POR QP,APTO,PTB,
2018,RO,deputado estadual,1,14500,MARCELO CRUZ,MARCELO CRUZ DA SILVA,PTB,14,PARTIDO TRABALHISTA BRASILEIRO,,PP / PTB / PR / SOLIDARIEDADE,ELEITO POR QP,APTO,PTB,
2018,RO,deputado estadual,1,43123,LUIZINHO GOEBEL,LUIZ ALBERTO GOEBEL,PV,43,PARTIDO VERDE,,MDB / PV,ELEITO POR QP,APTO,PV,
2018,RR,deputado estadual,1,15156,JORGE EVERTON,JORGE EVERTON BARRETO GUIMARÃES,MDB,15,MOVIMENTO DEMOCRÁTICO BRASILEIRO,,MDB,ELEITO POR MÉDIA,APTO,MDB,
2018,RR,deputado estadual,1,15000,MARCELO CABRAL,MARCELO MOTA DE MACÊDO,MDB,15,MOVIMENTO DEMOCRÁTICO BRASILEIRO,,MDB,ELEITO POR QP,APTO,MDB,
2018,RR,deputado estadual,1,51197,NILTON DO SINDPOL,JOSE NILTON PEREIRA DA SILVA ,PATRIOTA,51,PATRIOTA,,PATRIOTA / PPL / PROS,ELEITO POR MÉDIA,APTO,PATRIOTA,
2018,RR,deputado estadual,1,51111,ODILON,ANTONIO EDUARDO FILHO,PATRIOTA,51,PATRIOTA,,PATRIOTA / PPL / PROS,ELEITO POR QP,APTO,PATRIOTA,
2018,RR,deputado estadual,1,65190,SOLDADO SAMPAIO,FRANCISCO DOS SANTOS SAMPAIO,PC do B,65,PARTIDO COMUNISTA DO BRASIL,,PDT / PP / PC do B,ELEITO POR MÉDIA,APTO,PC do B,
2018,RR,deputado estadual,1,19999,AURELINA MEDEIROS,FRANCISCA AURELINA DE MEDEIROS LIMA,PODE,19,PODEMOS,,PODE / PHS,ELEITO POR QP,APTO,PODE,
2018,RR,deputado estadual,1,11111,BRITO BEZERRA,FRANCISCO JOSÉ BRITO BEZERRA,PP,11,PROGRESSISTAS,,PDT / PP / PC do B,ELEITO POR QP,APTO,PP,
2018,RR,deputado estadual,1,23456,LENIR RODRIGUES,LENIR RODRIGUES SANTOS,PPS,23,PARTIDO POPULAR SOCIALISTA,,PPS / DEM / PSDB,ELEITO POR QP,APTO,CIDADANIA,
2018,RR,deputado estadual,1,10111,GABRIEL PICANÇO,GABRIEL FIGUEIRA PESSOA PICANÇO,PRB,10,PARTIDO REPUBLICANO BRASILEIRO,,PRB / PSC,ELEITO POR QP,APTO,REPUBLICANOS,
2018,RR,deputado estadual,1,10444,RENAN FILHO,RENAN BEKEL DE MELO PACHECO,PRB,10,PARTIDO REPUBLICANO BRASILEIRO,,PRB / PSC,ELEITO POR MÉDIA,APTO,REPUBLICANOS,
2018,RR,deputado estadual,1,10100,RENATO SILVA,RENATO DE SOUZA SILVA,PRB,10,PARTIDO REPUBLICANO BRASILEIRO,,PRB / PSC,ELEITO POR QP,APTO,REPUBLICANOS,
2018,RR,deputado estadual,1,44444,CHICO MOZART,FRANCISCO ADJAFRE DE SOUSA NETO,PRP,44,PARTIDO REPUBLICANO PROGRESSISTA,,PSL / PRP,ELEITO POR QP,APTO,PATRIOTA,
2018,RR,deputado estadual,1,28028,CORONEL CHAGAS,GERSON CHAGAS,PRTB,28,PARTIDO RENOVADOR TRABALHISTA BRASILEIRO,,PRTB / PR,ELEITO POR QP,APTO,PRTB,
2018,RR,deputado estadual,1,28007,TAYLA PERES,TAYLA RIBEIRO PERES SILVA,PRTB,28,PARTIDO RENOVADOR TRABALHISTA BRASILEIRO,,PRTB / PR,ELEITO POR MÉDIA,APTO,PRTB,
2018,RR,deputado estadual,1,40123,XINGU,JANE JOSÉ DA SILVA,PSB,40,PARTIDO SOCIALISTA BRASILEIRO,,AVANTE / PSB,ELEITO POR QP,APTO,PSB,
2018,RR,deputado estadual,1,55555,MASAMU EDA,MASAMU EDA,PSD,55,PARTIDO SOCIAL DEMOCRÁTICO,,PSD,ELEITO POR MÉDIA,APTO,PSD,
2018,RR,deputado estadual,1,17456,J.LOPES,JOSE LOPES PRIMO,PSL,17,PARTIDO SOCIAL LIBERAL,,PSL / PRP,ELEITO POR MÉDIA,APTO,UNIÃO,
2018,RR,deputado estadual,1,13456,EVANGELISTA SIQUEIRA,EVANGELISTA SOARES SIQUEIRA,PT,13,PARTIDO DOS TRABALHADORES,,PTB / REDE / PT,ELEITO POR QP,APTO,PT,
2018,RR,deputado estadual,1,14777,JEFERSON ALVES,JEFERSON ALVES,PTB,14,PARTIDO TRABALHISTA BRASILEIRO,,PTB / REDE / PT,ELEITO POR MÉDIA,APTO,PTB,
2018,RR,deputado estadual,1,36258,DHIEGO COELHO,DHIEGO COELHO FOGAÇA,PTC,36,PARTIDO TRABALHISTA CRISTÃO,,PTC,ELEITO POR QP,APTO,AGIR,
2018,RR,deputado estadual,1,36123,EDER LOURINHO,EDER BARCELOS BRANDÃO,PTC,36,PARTIDO TRABALHISTA CRISTÃO,,PTC,ELEITO POR QP,APTO,AGIR,
2018,RR,deputado estadual,1,77188,CATARINA GUERRA,CATARINA DE LIMA GUERRA DA SILVA,SOLIDARIEDADE,77,SOLIDARIEDADE,,SOLIDARIEDADE / DC,ELEITO POR MÉDIA,APTO,SOLIDARIEDADE,
2018,RR,deputado estadual,1,77456,IONE PEDROSO,YONNY PEDROSO DA SILVA,SOLIDARIEDADE,77,SOLIDARIEDADE,,SOLIDARIEDADE / DC,ELEITO POR QP,APTO,SOLIDARIEDADE,
2018,RR,deputado estadual,1,77123,JALSER RENIER,JALSER RENIER PADILHA,SOLIDARIEDADE,77,SOLIDARIEDADE,,SOLIDARIEDADE / DC,ELEITO POR QP,APTO,SOLIDARIEDADE,
2018,RS,deputado estadual,1,25555,DR. THIAGO,THIAGO PEREIRA DUARTE,DEM,25,DEMOCRATAS,,DEM / PSL,ELEITO POR QP,APTO,UNIÃO,
2018,RS,deputado estadual,1,25000,ERIC LINS,ERIC LINS GRILO,DEM,25,DEMOCRATAS,,DEM / PSL,ELEITO POR QP,APTO,UNIÃO,
2018,RS,deputado estadual,1,15234,COSTELLA,JUVIR COSTELLA,MDB,15,MOVIMENTO DEMOCRÁTICO BRASILEIRO,,MDB,ELEITO POR QP,APTO,MDB,
2018,RS,deputado estadual,1,15200,EDSON BRUM,EDSON MEURER BRUM,MDB,15,MOVIMENTO DEMOCRÁTICO BRASILEIRO,,MDB,ELEITO POR QP,APTO,MDB,
2018,RS,deputado estadual,1,15550,FÁBIO BRANCO,FÁBIO DE OLIVEIRA BRANCO,MDB,15,MOVIMENTO DEMOCRÁTICO BRASILEIRO,,MDB,ELEITO POR QP,APTO,MDB,
2018,RS,deputado estadual,1,15000,GABRIEL SOUZA,GABRIEL VIEIRA DE SOUZA,MDB,15,MOVIMENTO DEMOCRÁTICO BRASILEIRO,,MDB,ELEITO POR QP,APTO,MDB,
2018,RS,deputado estadual,1,15160,GILBERTO CAPOANI,GILBERTO CAPOANI,MDB,15,MOVIMENTO DEMOCRÁTICO BRASILEIRO,,MDB,ELEITO POR QP,APTO,MDB,
2018,RS,deputado estadual,1,15686,SEBASTIÃO MELO,SEBASTIÃO DE ARAUJO MELO,MDB,15,MOVIMENTO DEMOCRÁTICO BRASILEIRO,,MDB,ELEITO POR MÉDIA,APTO,MDB,
2018,RS,deputado estadual,1,15777,TIAGO SIMON,TIAGO CHANAN SIMON,MDB,15,MOVIMENTO DEMOCRÁTICO BRASILEIRO,,MDB,ELEITO POR QP,APTO,MDB,
2018,RS,deputado estadual,1,15444,ZANCHIN,VILMAR PERIN ZANCHIN,MDB,15,MOVIMENTO DEMOCRÁTICO BRASILEIRO,,MDB,ELEITO POR QP,APTO,MDB,
2018,RS,deputado estadual,1,30300,FÁBIO OSTERMANN,FÁBIO MAIA OSTERMANN,NOVO,30,PARTIDO NOVO,,NOVO,ELEITO POR QP,APTO,NOVO,
2018,RS,deputado estadual,1,30500,GIUSEPPE RIESGO,GIUSEPPE RICARDO MENEGHETTI RIESGO,NOVO,30,PARTIDO NOVO,,NOVO,ELEITO POR MÉDIA,APTO,NOVO,
2018,RS,deputado estadual,1,12412,EDUARDO LOUREIRO,EDUARDO DEBACCO LOUREIRO,PDT,12,PARTIDO DEMOCRÁTICO TRABALHISTA,,PDT / PMB,ELEITO POR QP,APTO,PDT,
2018,RS,deputado estadual,1,12312,GERSON BURMANN,GERSON BURMANN,PDT,12,PARTIDO DEMOCRÁTICO TRABALHISTA,,PDT / PMB,ELEITO POR QP,APTO,PDT,
2018,RS,deputado estadual,1,12001,JULIANA BRIZOLA,JULIANA BRIZOLA,PDT,12,PARTIDO DEMOCRÁTICO TRABALHISTA,,PDT / PMB,ELEITO POR QP,APTO,PDT,
2018,RS,deputado estadual,1,12220,LUIZ MARENCO,LUIS ROGERIO MARENCO FERRAN,PDT,12,PARTIDO DEMOCRÁTICO TRABALHISTA,,PDT / PMB,ELEITO POR QP,APTO,PDT,
2018,RS,deputado estadual,1,19999,RODRIGO MARONI,RODRIGO MARINI MARONI,PODE,19,PODEMOS,,PV / PPL / AVANTE / PODE,ELEITO POR QP,APTO,PODE,
2018,RS,deputado estadual,1,11240,ADOLFO BRITO,ADOLFO JOSE BRITO,PP,11,PROGRESSISTAS,,PP / PTB,ELEITO POR QP,APTO,PP,
2018,RS,deputado estadual,1,11411,ERNANI POLO,ERNANI POLO,PP,11,PROGRESSISTAS,,PP / PTB,ELEITO POR QP,APTO,PP,
2018,RS,deputado estadual,1,11122,FREDERICO ANTUNES,FREDERICO CANTORI ANTUNES,PP,11,PROGRESSISTAS,,PP / PTB,ELEITO POR MÉDIA,APTO,PP,
2018,RS,deputado estadual,1,11012,PROFESSOR ISSUR KOCH,ISSUR ISRAEL KOCH,PP,11,PROGRESSISTAS,,PP / PTB,ELEITO POR QP,APTO,PP,
2018,RS,deputado estadual,1,11111,SILVANA COVATTI,SILVANA MARIA FRANCISCATTO COVATTI,PP,11,PROGRESSISTAS,,PP / PTB,ELEITO POR QP,APTO,PP,
2018,RS,deputado estadual,1,11333,SÉRGIO TURRA,SÉRGIO BERGONSI TURRA,PP,11,PROGRESSISTAS,,PP / PTB,ELEITO POR QP,APTO,PP,
2018,RS,deputado estadual,1,23200,ANY ORTIZ,ANY MACHADO ORTIZ,PPS,23,PARTIDO POPULAR SOCIALISTA,,PSDB / PPS / PHS / REDE,ELEITO POR QP,APTO,CIDADANIA,
2018,RS,deputado estadual,1,22224,AIRTON LIMA,JOSE AIRTON RIBEIRO DE LIMA,PR,22,PARTIDO DA REPÚBLICA,,PSD / PATRIOTA / PR,ELEITO POR MÉDIA,APTO,PL,
2018,RS,deputado estadual,1,22212,PAPARICO BACCHI,EDERILDO PAPARICO BACCHI,PR,22,PARTIDO DA REPÚBLICA,,PSD / PATRIOTA / PR,ELEITO POR QP,APTO,PL,
2018,RS,deputado estadual,1,10888,FRAN SOMENSI,FRANCIS SOMENSI,PRB,10,PARTIDO REPUBLICANO BRASILEIRO,,PRB,ELEITO POR MÉDIA,APTO,REPUBLICANOS,
2018,RS,deputado estadual,1,10300,SERGIO PERES,SERGIO PERES ALOS,PRB,10,PARTIDO REPUBLICANO BRASILEIRO,,PRB,ELEITO POR QP,APTO,REPUBLICANOS,
2018,RS,deputado estadual,1,40111,DALCISO OLIVEIRA,DALCISO EBERHARDT DE OLIVEIRA,PSB,40,PARTIDO SOCIALISTA BRASILEIRO,,PSB,ELEITO POR MÉDIA,APTO,PSB,
2018,RS,deputado estadual,1,40120,ELTON WEBER,ELTON ROBERTO WEBER,PSB,40,PARTIDO SOCIALISTA BRASILEIRO,,PSB,ELEITO POR QP,APTO,PSB,
2018,RS,deputado estadual,1,40414,FRANCIANE BAYER,FRANCIANE ABADE BAYER MULLER,PSB,40,PARTIDO SOCIALISTA BRASILEIRO,,PSB,ELEITO POR QP,APTO,PSB,
2018,RS,deputado estadual,1,55555,GAÚCHO DA GERAL,JULIANO FRANCZAK,PSD,55,PARTIDO SOCIAL DEMOCRÁTICO,,PSD / PATRIOTA / PR,ELEITO POR QP,APTO,PSD,
2018,RS,deputado estadual,1,45045,MATEUS WESP,MATEUS JOSÉ DE LIMA WESP,PSDB,45,PARTIDO DA SOCIAL DEMOCRACIA BRASILEIRA,,PSDB / PPS / PHS / REDE,ELEITO POR QP,APTO,PSDB,
2018,RS,deputado estadual,1,45600,PEDRO PEREIRA,PEDRO OZÓRIO PEREIRA,PSDB,45,PARTIDO DA SOCIAL DEMOCRACIA BRASILEIRA,,PSDB / PPS / PHS / REDE,ELEITO POR QP,APTO,PSDB,
2018,RS,deputado estadual,1,45555,VIANA,LUIZ HENRIQUE CORDEIRO VIANA,PSDB,45,PARTIDO DA SOCIAL DEMOCRACIA BRASILEIRA,,PSDB / PPS / PHS / REDE,ELEITO POR QP,APTO,PSDB,
2018,RS,deputado estadual,1,45345,ZILÁ BREITENBACH,ZILÁ MARIA BREITENBACH,PSDB,45,PARTIDO DA SOCIAL DEMOCRACIA BRASILEIRA,,PSDB / PPS / PHS / REDE,ELEITO POR MÉDIA,APTO,PSDB,
2018,RS,deputado estadual,1,17180,CAPITAO MACEDO - PROFESSOR,APARECIDO MACEDO,PSL,17,PARTIDO SOCIAL LIBERAL,,DEM / PSL,ELEITO POR MÉDIA,APTO,UNIÃO,
2018,RS,deputado estadual,1,17777,RUY IRIGARAY,RUY SANTIAGO IRIGARAY JUNIOR,PSL,17,PARTIDO SOCIAL LIBERAL,,DEM / PSL,ELEITO POR QP,APTO,UNIÃO,
2018,RS,deputado estadual,1,17000,TENENTE CORONEL ZUCCO,LUCIANO LORENZINI ZUCCO,PSL,17,PARTIDO SOCIAL LIBERAL,,DEM / PSL,ELEITO POR QP,APTO,UNIÃO,
2018,RS,deputado estadual,1,17111,VILMAR LOURENÇO,VILMAR LOURENÇO,PSL,17,PARTIDO SOCIAL LIBERAL,,DEM / PSL,ELEITO POR QP,APTO,UNIÃO,
2018,RS,deputado estadual,1,50500,LUCIANA GENRO,LUCIANA KREBS GENRO,PSOL,50,PARTIDO SOCIALISMO E LIBERDADE,,PSOL / PCB,ELEITO POR QP,APTO,PSOL,
2018,RS,deputado estadual,1,13655,EDEGAR PRETTO,JOÃO EDEGAR PRETTO,PT,13,PARTIDO DOS TRABALHADORES,,PT,ELEITO POR QP,APTO,PT,
2018,RS,deputado estadual,1,13456,FERNANDO MARRONI,FERNANDO STEPHAN MARRONI,PT,13,PARTIDO DOS TRABALHADORES,,PT,ELEITO POR MÉDIA,APTO,PT,
2018,RS,deputado estadual,1,13120,JEFERSON FERNANDES,JEFERSON OLIVEIRA FERNANDES,PT,13,PARTIDO DOS TRABALHADORES,,PT,ELEITO POR QP,APTO,PT,
2018,RS,deputado estadual,1,13555,MAINARDI,LUIZ FERNANDO MAINARDI,PT,13,PARTIDO DOS TRABALHADORES,,PT,ELEITO POR QP,APTO,PT,
2018,RS,deputado estadual,1,13001,PEPE VARGAS,GILBERTO JOSE SPIER VARGAS,PT,13,PARTIDO DOS TRABALHADORES,,PT,ELEITO POR QP,APTO,PT,
2018,RS,deputado estadual,1,13400,SOFIA CAVEDON,SOFIA CAVEDON NUNES,PT,13,PARTIDO DOS TRABALHADORES,,PT,ELEITO POR QP,APTO,PT,
2018,RS,deputado estadual,1,13113,STELA FARIAS,STELA BEATRIZ FARIAS LOPES,PT,13,PARTIDO DOS TRABALHADORES,,PT,ELEITO POR MÉDIA,APTO,PT,
2018,RS,deputado estadual,1,13713,VALDECI OLIVEIRA,ANTONIO VALDECI OLIVEIRA DE OLIVEIRA,PT,13,PARTIDO DOS TRABALHADORES,,PT,ELEITO POR QP,APTO,PT,
2018,RS,deputado estadual,1,13500,ZÉ NUNES,JOSE SIDNEY NUNES DE ALMEIDA,PT,13,PARTIDO DOS TRABALHADORES,,PT,ELEITO POR QP,APTO,PT,
2018,RS,deputado estadual,1,14200,CLASSMANN,ALOISIO TALSO CLASSMANN,PTB,14,PARTIDO TRABALHISTA BRASILEIRO,,PP / PTB,ELEITO POR QP,APTO,PTB,
2018,RS,deputado estadual,1,14141,DIRCEU DO BUSATO,DIRCEU FRANCISCON,PTB,14,PARTIDO TRABALHISTA BRASILEIRO,,PP / PTB,ELEITO POR QP,APTO,PTB,
2018,RS,deputado estadual,1,14777,ELIZANDRO SABINO,ELIZANDRO SILVA DE FREITAS SABINO,PTB,14,PARTIDO TRABALHISTA BRASILEIRO,,PP / PTB,ELEITO POR QP,APTO,PTB,
2018,RS,deputado estadual,1,14112,KELLY MORAES,NEIVA TERESINHA MARQUES,PTB,14,PARTIDO TRABALHISTA BRASILEIRO,,PP / PTB,ELEITO POR QP,APTO,PTB,
2018,RS,deputado estadual,1,77123,NERI O CARTEIRO,NERI ANDRADE PEREIRA JUNIOR,SOLIDARIEDADE,77,SOLIDARIEDADE,,SOLIDARIEDADE,ELEITO POR QP,APTO,SOLIDARIEDADE,
2018,SC,deputado estadual,1,15015,ADA FARACO DE LUCA,ADA LILI FARACO DE LUCA,MDB,15,MOVIMENTO DEMOCRÁTICO BRASILEIRO,,MDB / PSDB,ELEITO POR MÉDIA,APTO,MDB,
2018,SC,deputado estadual,1,15200,COBALCHINI,VALDIR VITAL COBALCHINI,MDB,15,MOVIMENTO DEMOCRÁTICO BRASILEIRO,,MDB / PSDB,ELEITO POR QP,APTO,MDB,
2018,SC,deputado estadual,1,15220,DE NADAL,MAURO DE NADAL,MDB,15,MOVIMENTO DEMOCRÁTICO BRASILEIRO,,MDB / PSDB,ELEITO POR QP,APTO,MDB,
2018,SC,deputado estadual,1,15655,FERNANDO KRELLING,FERNANDO KRELLING,MDB,15,MOVIMENTO DEMOCRÁTICO BRASILEIRO,,MDB / PSDB,ELEITO POR QP,APTO,MDB,
2018,SC,deputado estadual,1,15010,JERRY DO ALDO,JERRY EDSON COMPER,MDB,15,MOVIMENTO DEMOCRÁTICO BRASILEIRO,,MDB / PSDB,ELEITO POR QP,APTO,MDB,
2018,SC,deputado estadual,1,15180,MOACIR SOPELSA,MOACIR SOPELSA,MDB,15,MOVIMENTO DEMOCRÁTICO BRASILEIRO,,MDB / PSDB,ELEITO POR QP,APTO,MDB,
2018,SC,deputado estadual,1,15270,TITON,ROMILDO LUIZ TITON,MDB,15,MOVIMENTO DEMOCRÁTICO BRASILEIRO,,MDB / PSDB,ELEITO POR MÉDIA,APTO,MDB,
2018,SC,deputado estadual,1,15150,VAMPIRO - LUIZ FERNANDO,LUIZ FERNANDO CARDOSO,MDB,15,MOVIMENTO DEMOCRÁTICO BRASILEIRO,,MDB / PSDB,ELEITO POR QP,APTO,MDB,
2018,SC,deputado estadual,1,15000,VOLNEI WEBER,VOLNEI WEBER,MDB,15,MOVIMENTO DEMOCRÁTICO BRASILEIRO,,MDB / PSDB,ELEITO POR QP,APTO,MDB,
2018,SC,deputado estadual,1,12012,PAULINHA,ANA PAULA DA SILVA,PDT,12,PARTIDO DEMOCRÁTICO TRABALHISTA,,PC do B / PDT / PHS / PODE,ELEITO POR QP,APTO,PDT,
2018,SC,deputado estadual,1,12345,RODRIGO MINOTTO,RODRIGO MINOTTO,PDT,12,PARTIDO DEMOCRÁTICO TRABALHISTA,,PC do B / PDT / PHS / PODE,ELEITO POR QP,APTO,PDT,
2018,SC,deputado estadual,1,11130,ALTAIR SILVA,ALTAIR DA SILVA,PP,11,PROGRESSISTAS,,PSD / PP / PSC,ELEITO POR MÉDIA,APTO,PP,
2018,SC,deputado estadual,1,11333,JOÃO AMIN,JOÃO ANTÔNIO HEINZEN AMIN HELOU,PP,11,PROGRESSISTAS,,PSD / PP / PSC,ELEITO POR QP,APTO,PP,
2018,SC,deputado estadual,1,11234,ZÉ MILTON,JOSÉ MILTON SCHEFFER,PP,11,PROGRESSISTAS,,PSD / PP / PSC,ELEITO POR QP,APTO,PP,
2018,SC,deputado estadual,1,22022,BERLANDA,NILSO JOSÉ BERLANDA,PR,22,PARTIDO DA REPÚBLICA,,PTB / PTC / PRTB / DC / AVANTE / PR / PPS,ELEITO POR QP,APTO,PL,
2018,SC,deputado estadual,1,22123,MARCIUS MACHADO,MARCIUS DA SILVA MACHADO,PR,22,PARTIDO DA REPÚBLICA,,PTB / PTC / PRTB / DC / AVANTE / PR / PPS,ELEITO POR QP,APTO,PL,
2018,SC,deputado estadual,1,22222,MAURICIO ESKUDLARK,MAURICIO JOSÉ ESKUDLARK,PR,22,PARTIDO DA REPÚBLICA,,PTB / PTC / PRTB / DC / AVANTE / PR / PPS,ELEITO POR MÉDIA,APTO,PL,
2018,SC,deputado estadual,1,10123,SERGIO MOTTA,SERGIO MOTTA RIBEIRO,PRB,10,PARTIDO REPUBLICANO BRASILEIRO,,PSB / PRB / SOLIDARIEDADE,ELEITO POR QP,APTO,REPUBLICANOS,
2018,SC,deputado estadual,1,40030,BRUNO SOUZA,BRUNO ANDRÉ DE SOUZA,PSB,40,PARTIDO SOCIALISTA BRASILEIRO,,PSB / PRB / SOLIDARIEDADE,ELEITO POR QP,APTO,PSB,
2018,SC,deputado estadual,1,40111,LAÉRCIO SCHUSTER,LAÉRCIO DEMERVAL SCHUSTER JUNIOR,PSB,40,PARTIDO SOCIALISTA BRASILEIRO,,PSB / PRB / SOLIDARIEDADE,ELEITO POR QP,APTO,PSB,
2018,SC,deputado estadual,1,40369,NAZARENO MARTINS,NAZARENO SETEMBRINO MARTINS,PSB,40,PARTIDO SOCIALISTA BRASILEIRO,,PSB / PRB / SOLIDARIEDADE,ELEITO POR QP,APTO,PSB,
2018,SC,deputado estadual,1,20104,JAIR MIOTTO,JAIR ANTÔNIO MIOTTO,PSC,20,PARTIDO SOCIAL CRISTÃO,,PSD / PP / PSC,ELEITO POR QP,APTO,PSC,
2018,SC,deputado estadual,1,55777,ISMAEL,ISMAEL DOS SANTOS,PSD,55,PARTIDO SOCIAL DEMOCRÁTICO,,PSD / PP / PSC,ELEITO POR QP,APTO,PSD,
2018,SC,deputado estadual,1,55111,JULIO GARCIA,JULIO CÉSAR GARCIA,PSD,55,PARTIDO SOCIAL DEMOCRÁTICO,,PSD / PP / PSC,ELEITO POR QP,APTO,PSD,
2018,SC,deputado estadual,1,55100,KENNEDY NUNES,CLARIKENNEDY NUNES,PSD,55,PARTIDO SOCIAL DEMOCRÁTICO,,PSD / PP / PSC,ELEITO POR QP,APTO,PSD,
2018,SC,deputado estadual,1,55123,MARLENE FENGLER,MARLENE FENGLER,PSD,55,PARTIDO SOCIAL DEMOCRÁTICO,,PSD / PP / PSC,ELEITO POR QP,APTO,PSD,
2018,SC,deputado estadual,1,55858,MILTON HOBUS,MILTON HOBUS,PSD,55,PARTIDO SOCIAL DEMOCRÁTICO,,PSD / PP / PSC,ELEITO POR QP,APTO,PSD,
2018,SC,deputado estadual,1,45999,DR. VICENTE CAROPRESO,VICENTE AUGUSTO CAROPRESO,PSDB,45,PARTIDO DA SOCIAL DEMOCRACIA BRASILEIRA,,MDB / PSDB,ELEITO POR QP,APTO,PSDB,
2018,SC,deputado estadual,1,45699,MARCOS VIEIRA,MARCOS LUIZ VIEIRA,PSDB,45,PARTIDO DA SOCIAL DEMOCRACIA BRASILEIRA,,MDB / PSDB,ELEITO POR QP,APTO,PSDB,
2018,SC,deputado estadual,1,17017,ALBA,RICARDO JOÃO PELUSO ALBA,PSL,17,PARTIDO SOCIAL LIBERAL,,PSL,ELEITO POR QP,APTO,UNIÃO,
2018,SC,deputado estadual,1,17771,ANA CAROLINE CAMPAGNOLO,ANA CAROLINE CAMPAGNOLO,PSL,17,PARTIDO SOCIAL LIBERAL,,PSL,ELEITO POR QP,APTO,UNIÃO,
2018,SC,deputado estadual,1,17193,CORONEL MOCELLIN,ONIR MOCELLIN,PSL,17,PARTIDO SOCIAL LIBERAL,,PSL,ELEITO POR QP,APTO,UNIÃO,
2018,SC,deputado estadual,1,17777,FELIPE ESTEVÃO,FELIPE ESTEVÃO,PSL,17,PARTIDO SOCIAL LIBERAL,,PSL,ELEITO POR QP,APTO,UNIÃO,
2018,SC,deputado estadual,1,17010,JESSÉ LOPES,JESSE DE FARIA LOPES,PSL,17,PARTIDO SOCIAL LIBERAL,,PSL,ELEITO POR QP,APTO,UNIÃO,
2018,SC,deputado estadual,1,17107,SARGENTO LIMA,CARLOS HENRIQUE DE LIMA,PSL,17,PARTIDO SOCIAL LIBERAL,,PSL,ELEITO POR QP,APTO,UNIÃO,
2018,SC,deputado estadual,1,13450,FABIANO DA LUZ,FABIANO DA LUZ,PT,13,PARTIDO DOS TRABALHADORES,,PT,ELEITO POR MÉDIA,APTO,PT,
2018,SC,deputado estadual,1,13601,LUCIANE CARMINATTI,LUCIANE MARIA CARMINATTI,PT,13,PARTIDO DOS TRABALHADORES,,PT,ELEITO POR QP,APTO,PT,
2018,SC,deputado estadual,1,13120,NEODI SARETTA,NEODI SARETTA,PT,13,PARTIDO DOS TRABALHADORES,,PT,ELEITO POR QP,APTO,PT,
2018,SC,deputado estadual,1,13987,PADRE PEDRO,PEDRO BALDISSERA,PT,13,PARTIDO DOS TRABALHADORES,,PT,ELEITO POR QP,APTO,PT,
2018,SC,deputado estadual,1,43555,IVAN NAATZ,IVAN NAATZ,PV,43,PARTIDO VERDE,,DEM / PROS / PPL / PRP / PV,ELEITO POR QP,APTO,PV,
2018,SE,deputado estadual,1,15000,GARIBALDE MENDONÇA,LUIZ GARIBALDE RABELO DE MENDONÇA,MDB,15,MOVIMENTO DEMOCRÁTICO BRASILEIRO,,PP / MDB / DC / PC do B / PSD / PT / PHS,ELEITO POR QP,APTO,MDB,
2018,SE,deputado estadual,1,15015,LUCIANO BISPO,LUCIANO BISPO DE LIMA,MDB,15,MOVIMENTO DEMOCRÁTICO BRASILEIRO,,PP / MDB / DC / PC do B / PSD / PT / PHS,ELEITO POR QP,APTO,MDB,
2018,SE,deputado estadual,1,15555,ZEZINHO GUIMARÃES,JOSE DE OLIVEIRA GUIMARAES,MDB,15,MOVIMENTO DEMOCRÁTICO BRASILEIRO,,PP / MDB / DC / PC do B / PSD / PT / PHS,ELEITO POR QP,APTO,MDB,
2018,SE,deputado estadual,1,19123,GRACINHA GARCEZ,MARIA DAS GRACAS SOUZA GARCEZ,PODE,19,PODEMOS,,PODE / AVANTE / PMN / PATRIOTA,ELEITO POR MÉDIA,APTO,PODE,
2018,SE,deputado estadual,1,19000,ZEZINHO SOBRAL,JOSE MACEDO SOBRAL,PODE,19,PODEMOS,,PODE / AVANTE / PMN / PATRIOTA,ELEITO POR QP,APTO,PODE,
2018,SE,deputado estadual,1,23333,DILSON DE AGRIPINO,ADILSON DE JESUS SANTOS,PPS,23,PARTIDO POPULAR SOCIALISTA,,PPS / PTC / SOLIDARIEDADE,ELEITO POR QP,APTO,CIDADANIA,
2018,SE,deputado estadual,1,23456,DR SAMUEL CARVALHO,SAMUEL CARVALHO DOS SANTOS JUNIOR,PPS,23,PARTIDO POPULAR SOCIALISTA,,PPS / PTC / SOLIDARIEDADE,ELEITO POR MÉDIA,APTO,CIDADANIA,
2018,SE,deputado estadual,1,22333,JANIER MOTA,JANIER MOTA SANTOS PRIMO,PR,22,PARTIDO DA REPÚBLICA,,PSDB / PRB / PSC / PR,ELEITO POR QP,APTO,PL,
2018,SE,deputado estadual,1,22222,TALYSSON DE VALMIR,TALYSSON BARBOSA COSTA,PR,22,PARTIDO DA REPÚBLICA,,PSDB / PRB / PSC / PR,ELEITO POR QP,APTO,PL,
2018,SE,deputado estadual,1,40123,LUCIANO PIMENTEL,LUCIANO AZEVEDO PIMENTEL,PSB,40,PARTIDO SOCIALISTA BRASILEIRO,,PSB / PDT / PROS / PPL,ELEITO POR QP,APTO,PSB,
2018,SE,deputado estadual,1,20123,CAPITÃO SAMUEL,SAMUEL ALVES BARRETO,PSC,20,PARTIDO SOCIAL CRISTÃO,,PSDB / PRB / PSC / PR,ELEITO POR MÉDIA,APTO,PSC,
2018,SE,deputado estadual,1,20111,DR. VANDERBAL,VANDERBAL MARINHO MENEZES DE ANDRADE,PSC,20,PARTIDO SOCIAL CRISTÃO,,PSDB / PRB / PSC / PR,ELEITO POR QP,APTO,PSC,
2018,SE,deputado estadual,1,20222,GILMAR CARVALHO,GILMAR JOSÉ FAGUNDES DE CARVALHO,PSC,20,PARTIDO SOCIAL CRISTÃO,,PSDB / PRB / PSC / PR,ELEITO POR QP,APTO,PSC,
2018,SE,deputado estadual,1,20000,IBRAIN MONTEIRO,IBRAIN SILVA MONTEIRO,PSC,20,PARTIDO SOCIAL CRISTÃO,,PSDB / PRB / PSC / PR,ELEITO POR QP,APTO,PSC,
2018,SE,deputado estadual,1,55123,ADAILTON MARTINS,ADAILTON MARTINS DE OLIVEIRA FILHO ,PSD,55,PARTIDO SOCIAL DEMOCRÁTICO,,PP / MDB / DC / PC do B / PSD / PT / PHS,ELEITO POR QP,APTO,PSD,
2018,SE,deputado estadual,1,55333,GORETTI REIS,LOURDES GORETTI DE OLIVEIRA REIS,PSD,55,PARTIDO SOCIAL DEMOCRÁTICO,,PP / MDB / DC / PC do B / PSD / PT / PHS,ELEITO POR MÉDIA,APTO,PSD,
2018,SE,deputado estadual,1,55250,JEFERSON ANDRADE,JEFERSON LUIZ DE ANDRADE,PSD,55,PARTIDO SOCIAL DEMOCRÁTICO,,PP / MDB / DC / PC do B / PSD / PT / PHS,ELEITO POR QP,APTO,PSD,
2018,SE,deputado estadual,1,55555,MAISA MITIDIERI,MAISA CRUZ MITIDIERI,PSD,55,PARTIDO SOCIAL DEMOCRÁTICO,,PP / MDB / DC / PC do B / PSD / PT / PHS,ELEITO POR QP,APTO,PSD,
2018,SE,deputado estadual,1,45555,MARIA MENDONÇA,MARIA VIEIRA DE MENDONÇA,PSDB,45,PARTIDO DA SOCIAL DEMOCRACIA BRASILEIRA,,PSDB / PRB / PSC / PR,ELEITO POR QP,APTO,PSDB,
2018,SE,deputado estadual,1,13300,FRANCISCO GUALBERTO,FRANCISCO GUALBERTO DA ROCHA,PT,13,PARTIDO DOS TRABALHADORES,,PP / MDB / DC / PC do B / PSD / PT / PHS,ELEITO POR QP,APTO,PT,
2018,SE,deputado estadual,1,13900,IRAN BARBOSA,JOSE IRAN BARBOSA FILHO,PT,13,PARTIDO DOS TRABALHADORES,,PP / MDB / DC / PC do B / PSD / PT / PHS,ELEITO POR QP,APTO,PT,
2018,SE,deputado estadual,1,14123,RODRIGO VALADARES,RODRIGO SANTANA VALADARES,PTB,14,PARTIDO TRABALHISTA BRASILEIRO,,PTB / PRP,ELEITO POR QP,APTO,PTB,
2018,SE,deputado estadual,1,18777,GEORGEO PASSOS,GEORGEO ANTONIO CESPEDES PASSOS,REDE,18,REDE SUSTENTABILIDADE,,REDE,ELEITO POR QP,APTO,REDE,
2018,SE,deputado estadual,1,18000,KITTY LIMA,PRISCILLA LIMA DA COSTA PINTO,REDE,18,REDE SUSTENTABILIDADE,,REDE,ELEITO POR MÉDIA,APTO,REDE,
2018,SP,deputado estadual,1,70190,SARGENTO NERI,RUBENS CLAUDIO SIQUEIRA NERI,AVANTE,70,AVANTE,,AVANTE,ELEITO POR MÉDIA,APTO,AVANTE,
2018,SP,deputado estadual,1,25555,ARTHUR MAMÃE FALEI,ARTHUR MOLEDO DO VAL,DEM,25,DEMOCRATAS,,PSDB / PSD / DEM / PP / PRB,ELEITO POR QP,APTO,UNIÃO,
2018,SP,deputado estadual,1,25333,DANIEL SOARES,DANIEL BEZERRA RIBEIRO SOARES,DEM,25,DEMOCRATAS,,PSDB / PSD / DEM / PP / PRB,ELEITO POR QP,APTO,UNIÃO,
2018,SP,deputado estadual,1,25118,EDMIR CHEDID,EDMIR JOSE ABI CHEDID,DEM,25,DEMOCRATAS,,PSDB / PSD / DEM / PP / PRB,ELEITO POR QP,APTO,UNIÃO,
2018,SP,deputado estadual,1,25199,ESTEVAM GALVÃO,ESTEVAM GALVÃO DE OLIVEIRA,DEM,25,DEMOCRATAS,,PSDB / PSD / DEM / PP / PRB,ELEITO POR MÉDIA,APTO,UNIÃO,
2018,SP,deputado estadual,1,25250,MILTON LEITE FILHO,MILTON LEITE DA SILVA FILHO,DEM,25,DEMOCRATAS,,PSDB / PSD / DEM / PP / PRB,ELEITO POR QP,APTO,UNIÃO,
2018,SP,deputado estadual,1,25111,RODRIGO MORAES,RODRIGO AUGUSTO MORAES,DEM,25,DEMOCRATAS,,PSDB / PSD / DEM / PP / PRB,ELEITO POR QP,APTO,UNIÃO,
2018,SP,deputado estadual,1,25123,ROGÉRIO NOGUEIRA,ROGERIO NOGUEIRA LOPES CRUZ,DEM,25,DEMOCRATAS,,PSDB / PSD / DEM / PP / PRB,ELEITO POR QP,APTO,UNIÃO,
2018,SP,deputado estadual,1,15000,CARUSO,JORGE LUIS CARUSO,MDB,15,MOVIMENTO DEMOCRÁTICO BRASILEIRO,,MDB,ELEITO POR QP,APTO,MDB,
2018,SP,deputado estadual,1,15300,ITAMAR BORGES,ITAMAR FRANCISCO MACHADO BORGES,MDB,15,MOVIMENTO DEMOCRÁTICO BRASILEIRO,,MDB,ELEITO POR QP,APTO,MDB,
2018,SP,deputado estadual,1,15123,LÉO OLIVEIRA,OCIMAR DONIZETI LEO OLIVEIRA,MDB,15,MOVIMENTO DEMOCRÁTICO BRASILEIRO,,MDB,ELEITO POR MÉDIA,APTO,MDB,
2018,SP,deputado estadual,1,30300,DANIEL JOSÉ,DANIEL JOSÉ DA SILVA OLIVEIRA,NOVO,30,PARTIDO NOVO,,NOVO,ELEITO POR QP,APTO,NOVO,
2018,SP,deputado estadual,1,30111,HENI OZI CUKIER,HENI OZI CUKIER,NOVO,30,PARTIDO NOVO,,NOVO,ELEITO POR QP,APTO,NOVO,
2018,SP,deputado estadual,1,30100,RICARDO MELLAO,RICARDO LUIS MELLAO,NOVO,30,PARTIDO NOVO,,NOVO,ELEITO POR QP,APTO,NOVO,
2018,SP,deputado estadual,1,30500,SERGIO VICTOR,SERGIO LUIZ VICTOR JUNIOR,NOVO,30,PARTIDO NOVO,,NOVO,ELEITO POR QP,APTO,NOVO,
2018,SP,deputado estadual,1,51699,PAULO CORREA JR,PAULO ALVES CORRÊA JUNIOR,PATRIOTA,51,PATRIOTA,,PATRIOTA,ELEITO POR QP,APTO,PATRIOTA,
2018,SP,deputado estadual,1,65035,LECI BRANDÃO,LECI BRANDÃO DA SILVA,PC do B,65,PARTIDO COMUNISTA DO BRASIL,,PC do B,ELEITO POR QP,APTO,PC do B,
2018,SP,deputado estadual,1,12345,MARCIO NAKASHIMA,MARCIO MASSAMI NAKASHIMA,PDT,12,PARTIDO DEMOCRÁTICO TRABALHISTA,,PDT,ELEITO POR QP,APTO,PDT,
2018,SP,deputado estadual,1,31031,DRA.DAMARIS MOURA ,DAMARIS DIAS MOURA KUO,PHS,31,PARTIDO HUMANISTA DA SOLIDARIEDADE,,PMB / PHS,ELEITO POR QP,APTO,PODE,
2018,SP,deputado estadual,1,19714,APRÍGIO,JOSÉ APRIGIO DA SILVA,PODE,19,PODEMOS,,PODE,ELEITO POR MÉDIA,APTO,PODE,
2018,SP,deputado estadual,1,19001,ATAIDE TERUEL,ATAIDE TERUEL PEREZ,PODE,19,PODEMOS,,PODE,ELEITO POR QP,APTO,PODE,
2018,SP,deputado estadual,1,19100,BRUNO GANEM,BRUNO AREVALO GANEM,PODE,19,PODEMOS,,PODE,ELEITO POR QP,APTO,PODE,
2018,SP,deputado estadual,1,19199,MARCIO DA FARMACIA,MARCIO PASCHOAL GIUDICIO,PODE,19,PODEMOS,,PODE,ELEITO POR QP,APTO,PODE,
2018,SP,deputado estadual,1,11138,CONTE LOPES,ROBERVAL CONTE LOPES LIMA,PP,11,PROGRESSISTAS,,PSDB / PSD / DEM / PP / PRB,ELEITO POR QP,APTO,PP,
2018,SP,deputado estadual,1,11190,CORONEL TELHADA,PAULO ADRIANO LOPES LUCINDA TELHADA,PP,11,PROGRESSISTAS,,PSDB / PSD / DEM / PP / PRB,ELEITO POR QP,APTO,PP,
2018,SP,deputado estadual,1,11777,DELEGADO OLIM,ANTONIO ASSUNÇÃO DE OLIM,PP,11,PROGRESSISTAS,,PSDB / PSD / DEM / PP / PRB,ELEITO POR QP,APTO,PP,
2018,SP,deputado estadual,1,11000,PROFESSOR KENNY,KENNY PIRES MENDES,PP,11,PROGRESSISTAS,,PSDB / PSD / DEM / PP / PRB,ELEITO POR QP,APTO,PP,
2018,SP,deputado estadual,1,23456,FERNANDO CURY,FERNANDO HENRIQUE CURY,PPS,23,PARTIDO POPULAR SOCIALISTA,,PSB / PSC / PPS / PTB / PV,ELEITO POR QP,APTO,CIDADANIA,
2018,SP,deputado estadual,1,23623,ROBERTO MORAIS,ROBERTO TURCHI DE MORAIS,PPS,23,PARTIDO POPULAR SOCIALISTA,,PSB / PSC / PPS / PTB / PV,ELEITO POR MÉDIA,APTO,CIDADANIA,
2018,SP,deputado estadual,1,22999,ANDRÉ DO PRADO,ANDRÉ LUIS DO PRADO,PR,22,PARTIDO DA REPÚBLICA,,PR,ELEITO POR QP,APTO,PL,
2018,SP,deputado estadual,1,22456,DALBEN,ANTONIO DIRCEU DALBEN,PR,22,PARTIDO DA REPÚBLICA,,PR,ELEITO POR QP,APTO,PL,
2018,SP,deputado estadual,1,22888,DELEGADA GRACIELA,GRACIELA DE LOURDES DAVID AMBRÓSIO,PR,22,PARTIDO DA REPÚBLICA,,PR,ELEITO POR MÉDIA,APTO,PL,
2018,SP,deputado estadual,1,22222,MARCOS DAMASIO,MARCOS ROBERTO DAMASIO DA SILVA,PR,22,PARTIDO DA REPÚBLICA,,PR,ELEITO POR QP,APTO,PL,
2018,SP,deputado estadual,1,22123,RICARDO MADALENA,RICARDO ROSSI MADALENA,PR,22,PARTIDO DA REPÚBLICA,,PR,ELEITO POR QP,APTO,PL,
2018,SP,deputado estadual,1,22343,THIAGO AURICCHIO,THIAGO REIS AURICCHIO,PR,22,PARTIDO DA REPÚBLICA,,PR,ELEITO POR QP,APTO,PL,
2018,SP,deputado estadual,1,10333,ALTAIR MORAES,ALTAIR MORAES DE OLIVEIRA,PRB,10,PARTIDO REPUBLICANO BRASILEIRO,,PSDB / PSD / DEM / PP / PRB,ELEITO POR QP,APTO,REPUBLICANOS,
2018,SP,deputado estadual,1,10456,EDNA MACEDO,EDNA BEZERRA SAMPAIO FERNANDES,PRB,10,PARTIDO REPUBLICANO BRASILEIRO,,PSDB / PSD / DEM / PP / PRB,ELEITO POR QP,APTO,REPUBLICANOS,
2018,SP,deputado estadual,1,10123,GILMACI SANTOS,GILMACI DOS SANTOS BARBOSA,PRB,10,PARTIDO REPUBLICANO BRASILEIRO,,PSDB / PSD / DEM / PP / PRB,ELEITO POR QP,APTO,REPUBLICANOS,
2018,SP,deputado estadual,1,10000,JORGE WILSON XERIFE CONSUMIDOR,JORGE WILSON GONÇALVES DE MATTOS,PRB,10,PARTIDO REPUBLICANO BRASILEIRO,,PSDB / PSD / DEM / PP / PRB,ELEITO POR QP,APTO,REPUBLICANOS,
2018,SP,deputado estadual,1,10321,SEBASTIÃO SANTOS,SEBASTIÃO DOS SANTOS FILHO,PRB,10,PARTIDO REPUBLICANO BRASILEIRO,,PSDB / PSD / DEM / PP / PRB,ELEITO POR QP,APTO,REPUBLICANOS,
2018,SP,deputado estadual,1,10111,WELLINGTON MOURA,WELLINGTON DE SOUZA MOURA,PRB,10,PARTIDO REPUBLICANO BRASILEIRO,,PSDB / PSD / DEM / PP / PRB,ELEITO POR QP,APTO,REPUBLICANOS,
2018,SP,deputado estadual,1,90190,ADRIANA BORGO,ADRIANA SANCHES GALDEANO BORGO,PROS,90,PARTIDO REPUBLICANO DA ORDEM SOCIAL,,PROS,ELEITO POR QP,APTO,PROS,
2018,SP,deputado estadual,1,40540,BARROS MUNHOZ,JOSÉ ANTONIO BARROS MUNHOZ,PSB,40,PARTIDO SOCIALISTA BRASILEIRO,,PSB / PSC / PPS / PTB / PV,ELEITO POR QP,APTO,PSB,
2018,SP,deputado estadual,1,40640,CAIO FRANÇA,CAIO FRANÇA DE GOUVEA GOMES,PSB,40,PARTIDO SOCIALISTA BRASILEIRO,,PSB / PSC / PPS / PTB / PV,ELEITO POR QP,APTO,PSB,
2018,SP,deputado estadual,1,40112,CARLOS CEZAR,CARLOS CEZAR DA SILVA,PSB,40,PARTIDO SOCIALISTA BRASILEIRO,,PSB / PSC / PPS / PTB / PV,ELEITO POR QP,APTO,PSB,
2018,SP,deputado estadual,1,40123,ED THOMAS,EDSON TOMAZINI,PSB,40,PARTIDO SOCIALISTA BRASILEIRO,,PSB / PSC / PPS / PTB / PV,ELEITO POR MÉDIA,APTO,PSB,
2018,SP,deputado estadual,1,40000,RAFA ZIMBALDI,RAFAEL FERNANDO ZIMBALDI,PSB,40,PARTIDO SOCIALISTA BRASILEIRO,,PSB / PSC / PPS / PTB / PV,ELEITO POR QP,APTO,PSB,
2018,SP,deputado estadual,1,40500,RAFAEL SILVA,RAFAEL ANTONIO DA SILVA,PSB,40,PARTIDO SOCIALISTA BRASILEIRO,,PSB / PSC / PPS / PTB / PV,ELEITO POR QP,APTO,PSB,
2018,SP,deputado estadual,1,40100,ROBERTO ENGLER,ROBERTO CARVALHO ENGLER PINTO,PSB,40,PARTIDO SOCIALISTA BRASILEIRO,,PSB / PSC / PPS / PTB / PV,ELEITO POR QP,APTO,PSB,
2018,SP,deputado estadual,1,40789,VINICIUS CAMARINHA,VINICIUS ALMEIDA CAMARINHA,PSB,40,PARTIDO SOCIALISTA BRASILEIRO,,PSB / PSC / PPS / PTB / PV,ELEITO POR QP,APTO,PSB,
2018,SP,deputado estadual,1,55777,ALEX DE MADUREIRA,ALEXANDER MUNIZ DE OLIVEIRA,PSD,55,PARTIDO SOCIAL DEMOCRÁTICO,,PSDB / PSD / DEM / PP / PRB,ELEITO POR QP,APTO,PSD,
2018,SP,deputado estadual,1,55400,MARTA COSTA,MARTA MARIA FREIRE DA COSTA,PSD,55,PARTIDO SOCIAL DEMOCRÁTICO,,PSDB / PSD / DEM / PP / PRB,ELEITO POR QP,APTO,PSD,
2018,SP,deputado estadual,1,45400,ANALICE FERNANDES,ANALICE FERNANDES,PSDB,45,PARTIDO DA SOCIAL DEMOCRACIA BRASILEIRA,,PSDB / PSD / DEM / PP / PRB,ELEITO POR QP,APTO,PSDB,
2018,SP,deputado estadual,1,45680,CARLA MORANDO,CARLA SARDANO MORANDO,PSDB,45,PARTIDO DA SOCIAL DEMOCRACIA BRASILEIRA,,PSDB / PSD / DEM / PP / PRB,ELEITO POR QP,APTO,PSDB,
2018,SP,deputado estadual,1,45232,CARLÃO PIGNATARI,CARLOS EDUARDO PIGNATARI,PSDB,45,PARTIDO DA SOCIAL DEMOCRACIA BRASILEIRA,,PSDB / PSD / DEM / PP / PRB,ELEITO POR QP,APTO,PSDB,
2018,SP,deputado estadual,1,45000,CAUÊ MACRIS,CAUE CASEIRO MACRIS,PSDB,45,PARTIDO DA SOCIAL DEMOCRACIA BRASILEIRA,,PSDB / PSD / DEM / PP / PRB,ELEITO POR QP,APTO,PSDB,
2018,SP,deputado estadual,1,45222,CEZAR,ANTONIO DA ROCHA MARMO CEZAR,PSDB,45,PARTIDO DA SOCIAL DEMOCRACIA BRASILEIRA,,PSDB / PSD / DEM / PP / PRB,ELEITO POR QP,APTO,PSDB,
2018,SP,deputado estadual,1,45780,MARCOS ZERBINI,MARCOS ANTONIO ZERBINI,PSDB,45,PARTIDO DA SOCIAL DEMOCRACIA BRASILEIRA,,PSDB / PSD / DEM / PP / PRB,ELEITO POR MÉDIA,APTO,PSDB,
2018,SP,deputado estadual,1,45114,MARIA LÚCIA AMARY,MARIA LUCIA CARDOSO PINTO AMARY,PSDB,45,PARTIDO DA SOCIAL DEMOCRACIA BRASILEIRA,,PSDB / PSD / DEM / PP / PRB,ELEITO POR QP,APTO,PSDB,
2018,SP,deputado estadual,1,45125,MAURO BRAGATO,MAURO BRAGATO,PSDB,45,PARTIDO DA SOCIAL DEMOCRACIA BRASILEIRA,,PSDB / PSD / DEM / PP / PRB,ELEITO POR MÉDIA,APTO,PSDB,
2018,SP,deputado estadual,1,17079,ADALBERTO FREITAS,ADALBERTO GODOY FREITAS,PSL,17,PARTIDO SOCIAL LIBERAL,,PSL,ELEITO POR QP,APTO,UNIÃO,
2018,SP,deputado estadual,1,17007,AGENTE FEDERAL DANILO BALAS,DANILO MASCARENHAS DE BALAS,PSL,17,PARTIDO SOCIAL LIBERAL,,PSL,ELEITO POR QP,APTO,UNIÃO,
2018,SP,deputado estadual,1,17067,CASTELO BRANCO,OSCAR CASTELO BRANCO DE LUCA,PSL,17,PARTIDO SOCIAL LIBERAL,,PSL,ELEITO POR QP,APTO,UNIÃO,
2018,SP,deputado estadual,1,17190,CORONEL NISHIKAWA,PAULO NISHIKAWA,PSL,17,PARTIDO SOCIAL LIBERAL,,PSL,ELEITO POR QP,APTO,UNIÃO,
2018,SP,deputado estadual,1,17070,DELEGADO BRUNO LIMA,BRUNO MARCELLO DE OLIVEIRA LIMA,PSL,17,PARTIDO SOCIAL LIBERAL,,PSL,ELEITO POR QP,APTO,UNIÃO,
2018,SP,deputado estadual,1,17064,DOUGLAS GARCIA,DOUGLAS GARCIA BISPO DOS SANTOS,PSL,17,PARTIDO SOCIAL LIBERAL,,PSL,ELEITO POR QP,APTO,UNIÃO,
2018,SP,deputado estadual,1,17111,FREDERICO D AVILA,FREDERICO BRAUN D AVILA,PSL,17,PARTIDO SOCIAL LIBERAL,,PSL,ELEITO POR QP,APTO,UNIÃO,
2018,SP,deputado estadual,1,17120,GIL DINIZ,GILDEVANIO ILSO DOS SANTOS DINIZ,PSL,17,PARTIDO SOCIAL LIBERAL,,PSL,ELEITO POR QP,APTO,UNIÃO,
2018,SP,deputado estadual,1,17317,JANAINA PASCHOAL,JANAINA CONCEIÇÃO PASCHOAL,PSL,17,PARTIDO SOCIAL LIBERAL,,PSL,ELEITO POR QP,APTO,UNIÃO,
2018,SP,deputado estadual,1,17500,LETICIA AGUIAR,LETICIA AGUIAR RESENDE ALVES,PSL,17,PARTIDO SOCIAL LIBERAL,,PSL,ELEITO POR QP,APTO,UNIÃO,
2018,SP,deputado estadual,1,17000,MAJOR MECCA,DIMAS MECCA SAMPAIO,PSL,17,PARTIDO SOCIAL LIBERAL,,PSL,ELEITO POR QP,APTO,UNIÃO,
2018,SP,deputado estadual,1,17777,RODRIGO GAMBALE,RODRIGO GAMBALE VIEIRA,PSL,17,PARTIDO SOCIAL LIBERAL,,PSL,ELEITO POR QP,APTO,UNIÃO,
2018,SP,deputado estadual,1,17707,TENENTE COIMBRA,MATHEUS COIMBRA MARTINS DE AGUIAR,PSL,17,PARTIDO SOCIAL LIBERAL,,PSL,ELEITO POR QP,APTO,UNIÃO,
2018,SP,deputado estadual,1,17700,TENENTE NASCIMENTO,MANOEL BARBOSA DO NASCIMENTO,PSL,17,PARTIDO SOCIAL LIBERAL,,PSL,ELEITO POR QP,APTO,UNIÃO,
2018,SP,deputado estadual,1,17667,VALERIA BOLSONARO,VALERIA MULLER RAMOS BOLSONARO,PSL,17,PARTIDO SOCIAL LIBERAL,,PSL,ELEITO POR QP,APTO,UNIÃO,
2018,SP,deputado estadual,1,50789,CARLOS GIANNAZI,CARLOS ALBERTO GIANNASI,PSOL,50,PARTIDO SOCIALISMO E LIBERDADE,,PSOL / PCB,ELEITO POR QP,APTO,PSOL,
2018,SP,deputado estadual,1,50180,ISA PENNA,ISADORA MARTINATTI PENNA,PSOL,50,PARTIDO SOCIALISMO E LIBERDADE,,PSOL / PCB,ELEITO POR QP,APTO,PSOL,
2018,SP,deputado estadual,1,50900,MONICA DA BANCADA ATIVISTA,MONICA CRISTINA SEIXAS BONFIM,PSOL,50,PARTIDO SOCIALISMO E LIBERDADE,,PSOL / PCB,ELEITO POR QP,APTO,PSOL,
2018,SP,deputado estadual,1,50888,ÉRICA MALUNGUINHO DA SILVA,ÉRICA DA SILVA,PSOL,50,PARTIDO SOCIALISMO E LIBERDADE,,PSOL / PCB,ELEITO POR QP,APTO,PSOL,
2018,SP,deputado estadual,1,13110,BARBA,TEONILIO MONTEIRO DA COSTA,PT,13,PARTIDO DOS TRABALHADORES,,PT,ELEITO POR QP,APTO,PT,
2018,SP,deputado estadual,1,13800,DR. JORGE DO CARMO,JORGE DO CARMO SILVA,PT,13,PARTIDO DOS TRABALHADORES,,PT,ELEITO POR MÉDIA,APTO,PT,
2018,SP,deputado estadual,1,13131,EMIDIO DE SOUZA,EMIDIO PEREIRA DE SOUZA,PT,13,PARTIDO DOS TRABALHADORES,,PT,ELEITO POR QP,APTO,PT,
2018,SP,deputado estadual,1,13114,ENIO TATTO,ENIO FRANCISCO TATTO,PT,13,PARTIDO DOS TRABALHADORES,,PT,ELEITO POR QP,APTO,PT,
2018,SP,deputado estadual,1,13140,JOSE AMERICO,JOSE AMERICO ASCENCIO DIAS,PT,13,PARTIDO DOS TRABALHADORES,,PT,ELEITO POR QP,APTO,PT,
2018,SP,deputado estadual,1,13134,LUIZ FERNANDO,LUIZ FERNANDO TEIXEIRA FERREIRA,PT,13,PARTIDO DOS TRABALHADORES,,PT,ELEITO POR QP,APTO,PT,
2018,SP,deputado estadual,1,13113,MARCIA LIA,MARCIA APARECIDA OVEJANEDA LIA,PT,13,PARTIDO DOS TRABALHADORES,,PT,ELEITO POR MÉDIA,APTO,PT,
2018,SP,deputado estadual,1,13011,MAURICI,MARIO MAURICI DE LIMA MORAIS,PT,13,PARTIDO DOS TRABALHADORES,,PT,ELEITO POR QP,APTO,PT,
2018,SP,deputado estadual,1,13613,PAULO FIORILO,PAULO ROBERTO FIORILO,PT,13,PARTIDO DOS TRABALHADORES,,PT,ELEITO POR QP,APTO,PT,
2018,SP,deputado estadual,1,13123,PROFESSORA BEBEL,MARIA IZABEL AZEVEDO NORONHA,PT,13,PARTIDO DOS TRABALHADORES,,PT,ELEITO POR QP,APTO,PT,
2018,SP,deputado estadual,1,14140,CAMPOS MACHADO,ANTONIO CARLOS DE CAMPOS MACHADO,PTB,14,PARTIDO TRABALHISTA BRASILEIRO,,PSB / PSC / PPS / PTB / PV,ELEITO POR QP,APTO,PTB,
2018,SP,deputado estadual,1,14160,ROQUE BARBIERE - ROQUINHO,ROQUE BARBIERE,PTB,14,PARTIDO TRABALHISTA BRASILEIRO,,PSB / PSC / PPS / PTB / PV,ELEITO POR QP,APTO,PTB,
2018,SP,deputado estadual,1,43363,REINALDO ALGUZ,REINALDO DE SOUZA ALGUZ,PV,43,PARTIDO VERDE,,PSB / PSC / PPS / PTB / PV,ELEITO POR QP,APTO,PV,
2018,SP,deputado estadual,1,18888,MARINA HELOU,MARINA MEDEIROS HELOU,REDE,18,REDE SUSTENTABILIDADE,,PMN / REDE,ELEITO POR MÉDIA,APTO,REDE,
2018,SP,deputado estadual,1,77777,ALEXANDRE PEREIRA,ALEXANDRE PEREIRA DA SILVA,SOLIDARIEDADE,77,SOLIDARIEDADE,,SOLIDARIEDADE,ELEITO POR QP,APTO,SOLIDARIEDADE,
2018,TO,deputado estadual,1,25888,EDUARDO SIQUEIRA CAMPOS,JOSE EDUARDO DE SIQUEIRA CAMPOS,DEM,25,DEMOCRATAS,,PHS / PROS / PP / DEM / AVANTE / PATRIOTA / SOLIDARIEDADE / PRB / PTC,ELEITO POR QP,APTO,UNIÃO,
2018,TO,deputado estadual,1,15115,ELENIL DA PENHA,ELENIL DA PENHA ALVES DE BRITO,MDB,15,MOVIMENTO DEMOCRÁTICO BRASILEIRO,,PSB / PSDB / PR / PODE / MDB / PSC,ELEITO POR QP,APTO,MDB,
2018,TO,deputado estadual,1,15777,JAIR FARIAS,ANTONIO JAIR ABREU FARIAS,MDB,15,MOVIMENTO DEMOCRÁTICO BRASILEIRO,,PSB / PSDB / PR / PODE / MDB / PSC,ELEITO POR QP,APTO,MDB,
2018,TO,deputado estadual,1,15456,JORGE FREDERICO,JORGE FREDERICO,MDB,15,MOVIMENTO DEMOCRÁTICO BRASILEIRO,,PSB / PSDB / PR / PODE / MDB / PSC,ELEITO POR QP,APTO,MDB,
2018,TO,deputado estadual,1,15123,NILTON FRANCO,NILTON BANDEIRA FRANCO,MDB,15,MOVIMENTO DEMOCRÁTICO BRASILEIRO,,PSB / PSDB / PR / PODE / MDB / PSC,ELEITO POR QP,APTO,MDB,
2018,TO,deputado estadual,1,15015,VALDEMAR JUNIOR,VALDEMAR RODRIGUES LIMA JUNIOR,MDB,15,MOVIMENTO DEMOCRÁTICO BRASILEIRO,,PSB / PSDB / PR / PODE / MDB / PSC,ELEITO POR QP,APTO,MDB,
2018,TO,deputado estadual,1,31111,TOINHO ANDRADE,ANTONIO POINCARE ANDRADE FILHO,PHS,31,PARTIDO HUMANISTA DA SOLIDARIEDADE,,PHS / PROS / PP / DEM / AVANTE / PATRIOTA / SOLIDARIEDADE / PRB / PTC,ELEITO POR QP,APTO,PODE,
2018,TO,deputado estadual,1,11145,VALDEREZ CASTELO BRANCO,VALDEREZ CASTELO BRANCO MARTINS,PP,11,PROGRESSISTAS,,PHS / PROS / PP / DEM / AVANTE / PATRIOTA / SOLIDARIEDADE / PRB / PTC,ELEITO POR QP,APTO,PP,
2018,TO,deputado estadual,1,54777,IVORY DE LIRA,IVORY DE LIRA AGUIAR CUNHA,PPL,54,PARTIDO PÁTRIA LIVRE,,PPS / PPL / DC,ELEITO POR MÉDIA,APTO,PC do B,
2018,TO,deputado estadual,1,23222,EDUARDO DO DERTINS,EDUARDO BONAGURA,PPS,23,PARTIDO POPULAR SOCIALISTA,,PPS / PPL / DC,ELEITO POR QP,APTO,CIDADANIA,
2018,TO,deputado estadual,1,22111,FABION GOMES,FABION GOMES DE SOUSA,PR,22,PARTIDO DA REPÚBLICA,,PSB / PSDB / PR / PODE / MDB / PSC,ELEITO POR MÉDIA,APTO,PL,
2018,TO,deputado estadual,1,90090,PROFESSOR JUNIOR GEO,JOSÉ LUIZ PEREIRA JUNIOR,PROS,90,PARTIDO REPUBLICANO DA ORDEM SOCIAL,,PHS / PROS / PP / DEM / AVANTE / PATRIOTA / SOLIDARIEDADE / PRB / PTC,ELEITO POR MÉDIA,APTO,PROS,
2018,TO,deputado estadual,1,40123,RICARDO AYRES,RICARDO AYRES DE CARVALHO,PSB,40,PARTIDO SOCIALISTA BRASILEIRO,,PSB / PSDB / PR / PODE / MDB / PSC,ELEITO POR QP,APTO,PSB,
2018,TO,deputado estadual,1,45555,LUANA RIBEIRO,LUANA MATILDE RIBEIRO LIMA,PSDB,45,PARTIDO DA SOCIAL DEMOCRACIA BRASILEIRA,,PSB / PSDB / PR / PODE / MDB / PSC,ELEITO POR QP,APTO,PSDB,
2018,TO,deputado estadual,1,45045,OLYNTHO NETO,OLYNTHO GARCIA DE OLIVEIRA NETO,PSDB,45,PARTIDO DA SOCIAL DEMOCRACIA BRASILEIRA,,PSB / PSDB / PR / PODE / MDB / PSC,ELEITO POR QP,APTO,PSDB,
2018,TO,deputado estadual,1,17123,VANDA MONTEIRO,VANDELÚCIA MONTEIRO DE CASTRO,PSL,17,PARTIDO SOCIAL LIBERAL,,PSL / PMB / PRP / PMN,ELEITO POR QP,APTO,UNIÃO,
2018,TO,deputado estadual,1,13613,AMALIA SANTANA,AMALIA MARIA SANTANA DA SILVA,PT,13,PARTIDO DOS TRABALHADORES,,PT / PC do B,ELEITO POR QP,APTO,PT,
2018,TO,deputado estadual,1,13456,ZÉ ROBERTO,JOSE ROBERTO RIBEIRO FORZANI,PT,13,PARTIDO DOS TRABALHADORES,,PT / PC do B,ELEITO POR MÉDIA,APTO,PT,
2018,TO,deputado estadual,1,36000,CLEITON CARDOSO,CLEITON CARDOSO DE ALMEIDA,PTC,36,PARTIDO TRABALHISTA CRISTÃO,,PHS / PROS / PP / DEM / AVANTE / PATRIOTA / SOLIDARIEDADE / PRB / PTC,ELEITO POR QP,APTO,AGIR,
2018,TO,deputado estadual,1,43123,CLAUDIA LELIS,CLAUDIA TELLES DE MENEZES PIRES MARTINS LELIS,PV,43,PARTIDO VERDE,,REDE / PDT / PSD / PV / PTB,ELEITO POR MÉDIA,APTO,PV,
2018,TO,deputado estadual,1,43333,ISSAM,ISSAM SAADO,PV,43,PARTIDO VERDE,,REDE / PDT / PSD / PV / PTB,ELEITO POR QP,APTO,PV,
2018,TO,deputado estadual,1,77333,AMELIO CAYRES,AMELIO CAYRES DE ALMEIDA,SOLIDARIEDADE,77,SOLIDARIEDADE,,PHS / PROS / PP / DEM / AVANTE / PATRIOTA / SOLIDARIEDADE / PRB / PTC,ELEITO POR QP,APTO,SOLIDARIEDADE,
2018,TO,deputado estadual,1,77100,LEO BARBOSA,YHGOR LEONARDO CASTRO LEITE,SOLIDARIEDADE,77,SOLIDARIEDADE,,PHS / PROS / PP / DEM / AVANTE / PATRIOTA / SOLIDARIEDADE / PRB / PTC,ELEITO POR QP,APTO,SOLIDARIEDADE,
2018,TO,deputado estadual,1,77700,VILMAR DE OLIVEIRA,VILMAR ALVES DE OLIVEIRA,SOLIDARIEDADE,77,SOLIDARIEDADE,,PHS / PROS / PP / DEM / AVANTE / PATRIOTA / SOLIDARIEDADE / PRB / PTC,ELEITO POR QP,APTO,SOLIDARIEDADE,
2018,DF,deputado distrital,1,70888,JOAO CARDOSO PROFESSOR-AUDITOR,JOÃO ALVES CARDOSO,AVANTE,70,AVANTE,,AVANTE,ELEITO POR QP,APTO,AVANTE,
2018,DF,deputado distrital,1,70200,REGINALDO SARDINHA,REGINALDO ROCHA SARDINHA,AVANTE,70,AVANTE,,AVANTE,ELEITO POR MÉDIA,APTO,AVANTE,
2018,DF,deputado distrital,1,15222,RAFAEL PRUDENTE,RAFAEL CAVALCANTI PRUDENTE,MDB,15,MOVIMENTO DEMOCRÁTICO BRASILEIRO,,MDB,ELEITO POR QP,APTO,MDB,
2018,DF,deputado distrital,1,30444,JÚLIA LUCY,JULIA LUCY MARQUES ARAUJO,NOVO,30,PARTIDO NOVO,,NOVO,ELEITO POR MÉDIA,APTO,NOVO,
2018,DF,deputado distrital,1,12123,CLÁUDIO ABRANTES,FRANCISCO CLAUDIO DE ABRANTES,PDT,12,PARTIDO DEMOCRÁTICO TRABALHISTA,,PDT / PV,ELEITO POR MÉDIA,APTO,PDT,
2018,DF,deputado distrital,1,12345,PROFESSOR REGINALDO VERAS,REGINALDO VERAS COELHO,PDT,12,PARTIDO DEMOCRÁTICO TRABALHISTA,,PDT / PV,ELEITO POR QP,APTO,PDT,
2018,DF,deputado distrital,1,31190,HERMETO,JOAO HERMETO DE OLIVEIRA NETO,PHS,31,PARTIDO HUMANISTA DA SOLIDARIEDADE,,PHS,ELEITO POR MÉDIA,APTO,PODE,
2018,DF,deputado distrital,1,19200,JORGE VIANNA,JORGE VIANA DE SOUSA,PODE,19,PODEMOS,,PSD / PODE,ELEITO POR MÉDIA,APTO,PODE,
2018,DF,deputado distrital,1,11234,VALDELINO BARCELOS,VALDELINO RODRIGUES BARCELOS,PP,11,PROGRESSISTAS,,PP,ELEITO POR QP,APTO,PP,
2018,DF,deputado distrital,1,22123,AGACIEL MAIA,AGACIEL DA SILVA MAIA,PR,22,PARTIDO DA REPÚBLICA,,PR,ELEITO POR QP,APTO,PL,
2018,DF,deputado distrital,1,10456,DELMASSO,RODRIGO GERMANO DELMASSO MARTINS,PRB,10,PARTIDO REPUBLICANO BRASILEIRO,,PRB / SOLIDARIEDADE,ELEITO POR MÉDIA,APTO,REPUBLICANOS,
2018,DF,deputado distrital,1,10123,MARTINS MACHADO,MARCOS MARTINS MACHADO,PRB,10,PARTIDO REPUBLICANO BRASILEIRO,,PRB / SOLIDARIEDADE,ELEITO POR QP,APTO,REPUBLICANOS,
2018,DF,deputado distrital,1,90190,DELEGADO FERNANDO FERNANDES,FERNANDO BATISTA FERNANDES,PROS,90,PARTIDO REPUBLICANO DA ORDEM SOCIAL,,PROS,ELEITO POR QP,APTO,PROS,
2018,DF,deputado distrital,1,44222,DANIEL DONIZET,DANIEL XAVIER DONIZET,PRP,44,PARTIDO REPUBLICANO PROGRESSISTA,,PRP / PRTB,ELEITO POR MÉDIA,APTO,PATRIOTA,
2018,DF,deputado distrital,1,40456,LUZIA DE PAULA,LUZIA DE LOURDES MOREIRA DE PAULA,PSB,40,PARTIDO SOCIALISTA BRASILEIRO,,PSB,ELEITO POR MÉDIA,APTO,PSB,
2018,DF,deputado distrital,1,40193,ROOSEVELT VILELA,ROOSEVELT VILELA PIRES,PSB,40,PARTIDO SOCIALISTA BRASILEIRO,,PSB,ELEITO POR QP,APTO,PSB,
2018,DF,deputado distrital,1,20000,IOLANDO,IOLANDO ALMEIDA DE SOUZA,PSC,20,PARTIDO SOCIAL CRISTÃO,,PSC,ELEITO POR MÉDIA,APTO,PSC,
2018,DF,deputado distrital,1,55000,ROBÉRIO NEGREIROS,ROBÉRIO BANDEIRA DE NEGREIROS FILHO,PSD,55,PARTIDO SOCIAL DEMOCRÁTICO,,PSD / PODE,ELEITO POR QP,APTO,PSD,
2018,DF,deputado distrital,1,50123,FÁBIO FELIX,FÁBIO FELIX SILVEIRA,PSOL,50,PARTIDO SOCIALISMO E LIBERDADE,,PSOL / PCB,ELEITO POR MÉDIA,APTO,PSOL,
2018,DF,deputado distrital,1,13131,ARLETE SAMPAIO,ARLETE AVELAR SAMPAIO,PT,13,PARTIDO DOS TRABALHADORES,,PT,ELEITO POR MÉDIA,APTO,PT,
2018,DF,deputado distrital,1,13100,CHICO VIGILANTE,FRANCISCO DOMINGOS DOS SANTOS,PT,13,PARTIDO DOS TRABALHADORES,,PT,ELEITO POR QP,APTO,PT,
2018,DF,deputado distrital,1,14900,JAQUELINE SILVA,JAQUELINE ANGELA DA SILVA,PTB,14,PARTIDO TRABALHISTA BRASILEIRO,,PTB,ELEITO POR MÉDIA,APTO,PTB,
2018,DF,deputado distrital,1,36000,EDUARDO PEDROSA,EDUARDO WEYNE PEDROSA,PTC,36,PARTIDO TRABALHISTA CRISTÃO,,PMN / PTC,ELEITO POR QP,APTO,AGIR,
2018,DF,deputado distrital,1,18061,LEANDRO GRASS,LEANDRO ANTONIO GRASS PEIXOTO,REDE,18,REDE SUSTENTABILIDADE,,PC do B / REDE,ELEITO POR MÉDIA,APTO,REDE,
2022,AC,governador,1,11,GLADSON CAMELI,GLADSON DE LIMA CAMELI,PP,11,PROGRESSISTAS,,PP / PDT / Federação PSDB Cidadania (PSDB / CIDADANIA) / PODE / SOLIDARIEDADE / PATRIOTA / DC / PMN / PMB,ELEITO,APTO,PP,
2022,AL,governador,2,15,PAULO DANTAS,PAULO SURUAGY DO AMARAL DANTAS,MDB,15,MOVIMENTO DEMOCRÁTICO BRASILEIRO,,MDB / Federação Brasil da Esperança - FE BRASIL (PT / PC do B / PV) / PDT / PSC / PODE / SOLIDARIEDADE,ELEITO,APTO,MDB,
2022,AM,governador,2,44,WILSON LIMA,WILSON MIRANDA LIMA,UNIÃO,44,UNIÃO BRASIL,,REPUBLICANOS / PP / PTB / PSC / PL / PRTB / PMN / UNIÃO / PATRIOTA / AVANTE,ELEITO,APTO,UNIÃO,
2022,AP,governador,1,77,CLÉCIO,CLÉCIO LUÍS VILHENA VIEIRA,SOLIDARIEDADE,77,SOLIDARIEDADE,,Federação PSDB Cidadania (PSDB / CIDADANIA) / REPUBLICANOS / PP / PL / PDT / UNIÃO / SOLIDARIEDADE,ELEITO,APTO,SOLIDARIEDADE,
2022,BA,governador,2,13,JERÔNIMO,JERÔNIMO RODRIGUES SOUZA,PT,13,PARTIDO DOS TRABALHADORES,PT/PC do B/PV,Federação Brasil da Esperança - FE BRASIL (PT / PC do B / PV) / PSB / PSD / AVANTE / MDB,ELEITO,APTO,PT,
2022,CE,governador,1,13,ELMANO DE FREITAS,ELMANO DE FREITAS DA COSTA,PT,13,PARTIDO DOS TRABALHADORES,PT/PC do B/PV,Federação Brasil da Esperança - FE BRASIL (PT / PC do B / PV) / PP / MDB / PRTB / Federação PSOL REDE (PSOL / REDE) / SOLIDARIEDADE,ELEITO,APTO,PT,
2022,DF,governador,1,15,IBANEIS ROCHA,IBANEIS ROCHA BARROS JÚNIOR,MDB,15,MOVIMENTO DEMOCRÁTICO BRASILEIRO,,PTB / AVANTE / PROS / AGIR / PP / SOLIDARIEDADE / MDB / PL / PATRIOTA,ELEITO,APTO,MDB,
2022,ES,governador,2,40,RENATO CASAGRANDE,JOSÉ RENATO CASAGRANDE,PSB,40,PARTIDO SOCIALISTA BRASILEIRO,,MDB / PP / PROS / PSB / PODE / Federação Brasil da Esperança - FE BRASIL (PT / PC do B / PV) / Federação PSDB Cidadania (PSDB / CIDADANIA) / PDT,ELEITO,APTO,PSB,
2022,GO,governador,1,44,RONALDO CAIADO,RONALDO RAMOS CAIADO,UNIÃO,44,UNIÃO BRASIL,,MDB / UNIÃO / PODE / PTB / PSC / PSD / AVANTE / PRTB / PP / SOLIDARIEDADE / PROS / PDT,ELEITO,APTO,UNIÃO,
2022,MA,governador,1,40,CARLOS BRANDÃO,CARLOS ORLEANS BRANDÃO JÚNIOR,PSB,40,PARTIDO SOCIALISTA BRASILEIRO,,PSB / MDB / PP / PATRIOTA / PODE / Federação Brasil da Esperança - FE BRASIL (PT / PC do B / PV) / Federação PSDB Cidadania (PSDB / CIDADANIA),ELEITO,APTO,PSB,
2022,MG,governador,1,30,ZEMA,ROMEU ZEMA NETO,NOVO,30,PARTIDO NOVO,,PP / PODE / SOLIDARIEDADE / PATRIOTA / AVANTE / PMN / AGIR / DC / MDB / NOVO,ELEITO,APTO,NOVO,
2022,MS,governador,2,45,EDUARDO RIEDEL,EDUARDO CORREA RIEDEL,PSDB,45,PARTIDO DA SOCIAL DEMOCRACIA BRASILEIRA,PSDB/CIDADANIA,Federação PSDB Cidadania (PSDB / CIDADANIA) / REPUBLICANOS / PP / PSB / PL / PDT,ELEITO,APTO,PSDB,
2022,MT,governador,1,44,MAURO MENDES,MAURO MENDES FERREIRA,UNIÃO,44,UNIÃO BRASIL,,Federação PSDB Cidadania (PSDB / CIDADANIA) / UNIÃO / REPUBLICANOS / PL / MDB / PODE / PSB / PROS,ELEITO,APTO,UNIÃO,
2022,PA,governador,1,15,HELDER,HELDER ZAHLUTH BARBALHO,MDB,15,MOVIMENTO DEMOCRÁTICO BRASILEIRO,,MDB / Federação PSDB Cidadania (PSDB / CIDADANIA) / Federação Brasil da Esperança - FE BRASIL (PT / PC do B / PV) / PP / PSD / PDT / REPUBLICANOS / AVANTE / PODE / UNIÃO / DC / PTB / PSB,ELEITO,APTO,MDB,
2022,PB,governador,2,40,JOÃO,JOÃO AZEVEDO LINS FILHO,PSB,40,PARTIDO SOCIALISTA BRASILEIRO,,PSB / AGIR / PP / AVANTE / PMN / PSD / SOLIDARIEDADE / PODE / REPUBLICANOS / PATRIOTA / PROS,ELEITO,APTO,PSB,
2022,PE,governador,2,45,RAQUEL LYRA,RAQUEL TEIXEIRA LYRA LUCENA,PSDB,45,PARTIDO DA SOCIAL DEMOCRACIA BRASILEIRA,PSDB/CIDADANIA,Federação PSDB Cidadania (PSDB / CIDADANIA) / PRTB,ELEITO,APTO,PSDB,
2022,PI,governador,1,13,RAFAEL FONTELES,RAFAEL TAJRA FONTELES,PT,13,PARTIDO DOS TRABALHADORES,PT/PC do B/PV,Federação Brasil da Esperança - FE BRASIL (PT / PC do B / PV) / MDB / PSD / SOLIDARIEDADE / PSB / PROS / AGIR,ELEITO,APTO,PT,
2022,PR,governador,1,55,CARLOS MASSA RATINHO JUNIOR,CARLOS ROBERTO MASSA JUNIOR,PSD,55,PARTIDO SOCIAL DEMOCRÁTICO,,REPUBLICANOS / MDB / SOLIDARIEDADE / PL / PSD / UNIÃO / PMB / PP / AGIR / PROS / PTB,ELEITO,APTO,PSD,
2022,RJ,governador,1,22,CLÁUDIO CASTRO,CLÁUDIO BOMFIM DE CASTRO E SILVA,PL,22,PARTIDO LIBERAL,,AVANTE / DC / MDB / PL / PMN / PODE / PP / PROS / PRTB / PSC / PTB / REPUBLICANOS / SOLIDARIEDADE / UNIÃO,ELEITO,INAPTO,PL,"Consta como eleito na base do TSE, com a candidatura registrada hoje como inapta."
2022,RN,governador,1,13,FATIMA BEZERRA,MARIA DE FATIMA BEZERRA,PT,13,PARTIDO DOS TRABALHADORES,PT/PC do B/PV,Federação Brasil da Esperança - FE BRASIL (PT / PC do B / PV) / PDT / MDB / PROS / REPUBLICANOS,ELEITO,APTO,PT,
2022,RO,governador,2,44,CORONEL MARCOS ROCHA,MARCOS JOSÉ ROCHA DOS SANTOS,UNIÃO,44,UNIÃO BRASIL,,UNIÃO / REPUBLICANOS / AVANTE / MDB / PATRIOTA / PSC / Federação PSDB Cidadania (PSDB / CIDADANIA),ELEITO,APTO,UNIÃO,
2022,RR,governador,1,11,ANTONIO DENARIUM,ANTONIO OLIVERIO GARCIA DE ALMEIDA,PP,11,PROGRESSISTAS,,PSD / PP / PRTB / REPUBLICANOS / UNIÃO / Federação PSDB Cidadania (PSDB / CIDADANIA),ELEITO,APTO,PP,
2022,RS,governador,2,45,EDUARDO LEITE,EDUARDO FIGUEIREDO CAVALHEIRO LEITE,PSDB,45,PARTIDO DA SOCIAL DEMOCRACIA BRASILEIRA,PSDB/CIDADANIA,Federação PSDB Cidadania (PSDB / CIDADANIA) / MDB / PSD / PODE / UNIÃO,ELEITO,APTO,PSDB,
2022,SC,governador,2,22,JORGINHO MELLO,JORGINHO DOS SANTOS MELLO,PL,22,PARTIDO LIBERAL,,PL,ELEITO,APTO,PL,
2022,SE,governador,2,55,FÁBIO,FÁBIO CRUZ MITIDIERI,PSD,55,PARTIDO SOCIAL DEMOCRÁTICO,,PDT / PSC / UNIÃO / REPUBLICANOS / PP / PSD / AVANTE,ELEITO,APTO,PSD,
2022,SP,governador,2,10,TARCÍSIO,TARCISIO GOMES DE FREITAS,REPUBLICANOS,10,REPUBLICANOS,,REPUBLICANOS / PL / PSD / PTB / PSC / PMN,ELEITO,APTO,REPUBLICANOS,
2022,TO,governador,1,10,WANDERLEI BARBOSA,WANDERLEI BARBOSA CASTRO,REPUBLICANOS,10,REPUBLICANOS,,Federação PSDB Cidadania (PSDB / CIDADANIA) / UNIÃO / PDT / SOLIDARIEDADE / PTB / REPUBLICANOS / PSC,ELEITO,APTO,REPUBLICANOS,
2022,AC,senador,1,444,ALAN RICK,ALAN RICK MIRANDA,UNIÃO,44,UNIÃO BRASIL,,UNIÃO,ELEITO,APTO,UNIÃO,
2022,AL,senador,1,151,RENAN FILHO,JOSÉ RENAN VASCONCELOS CALHEIROS FILHO,MDB,15,MOVIMENTO DEMOCRÁTICO BRASILEIRO,,MDB / Federação Brasil da Esperança - FE BRASIL (PT / PC do B / PV) / PSC / PODE / SOLIDARIEDADE / PDT,ELEITO,APTO,MDB,
2022,AM,senador,1,555,OMAR AZIZ,OMAR JOSÉ ABDEL AZIZ,PSD,55,PARTIDO SOCIAL DEMOCRÁTICO,,Federação Brasil da Esperança - FE BRASIL (PT / PC do B / PV) / PSD / MDB,ELEITO,APTO,PSD,
2022,AP,senador,1,444,DAVI,DAVID SAMUEL ALCOLUMBRE TOBELEM,UNIÃO,44,UNIÃO BRASIL,,SOLIDARIEDADE / UNIÃO / PP / PL / Federação PSDB Cidadania (PSDB / CIDADANIA) / PDT / REPUBLICANOS,ELEITO,APTO,UNIÃO,
2022,BA,senador,1,555,OTTO ALENCAR,OTTO ROBERTO MENDONCA DE ALENCAR,PSD,55,PARTIDO SOCIAL DEMOCRÁTICO,,Federação Brasil da Esperança - FE BRASIL (PT / PC do B / PV) / MDB / PSB / AVANTE / PSD,ELEITO,APTO,PSD,
2022,CE,senador,1,131,CAMILO,CAMILO SOBREIRA DE SANTANA,PT,13,PARTIDO DOS TRABALHADORES,PT/PC do B/PV,Federação Brasil da Esperança - FE BRASIL (PT / PC do B / PV) / MDB / PRTB / Federação PSOL REDE (PSOL / REDE) / SOLIDARIEDADE / PP,ELEITO,APTO,PT,
2022,DF,senador,1,100,DAMARES ALVES,DAMARES REGINA ALVES,REPUBLICANOS,10,REPUBLICANOS,,UNIÃO / REPUBLICANOS,ELEITO,APTO,REPUBLICANOS,
2022,ES,senador,1,222,MAGNO MALTA,MAGNO PEREIRA MALTA,PL,22,PARTIDO LIBERAL,,PL / PTB,ELEITO,APTO,PL,
2022,GO,senador,1,222,WILDER MORAIS,WILDER PEDRO DE MORAIS,PL,22,PARTIDO LIBERAL,,PL,ELEITO,APTO,PL,
2022,MA,senador,1,400,FLÁVIO DINO,FLÁVIO DINO DE CASTRO E COSTA,PSB,40,PARTIDO SOCIALISTA BRASILEIRO,,Federação PSDB Cidadania (PSDB / CIDADANIA) / Federação Brasil da Esperança - FE BRASIL (PT / PC do B / PV) / PP / MDB / PODE / PSB / PATRIOTA,ELEITO,APTO,PSB,
2022,MG,senador,1,200,CLEITINHO,CLEITON GONTIJO DE AZEVEDO,PSC,20,PARTIDO SOCIAL CRISTÃO,,PSC,ELEITO,APTO,PSC,
2022,MS,senador,1,111,TEREZA CRISTINA,TEREZA CRISTINA CORREA DA COSTA DIAS,PP,11,PROGRESSISTAS,,PDT / Federação PSDB Cidadania (PSDB / CIDADANIA) / REPUBLICANOS / PL / PSB / PP,ELEITO,APTO,PP,
2022,MT,senador,1,222,WELLINGTON FAGUNDES,WELLINGTON ANTÔNIO FAGUNDES,PL,22,PARTIDO LIBERAL,,Federação PSDB Cidadania (PSDB / CIDADANIA) / UNIÃO / REPUBLICANOS / PROS / PL / PODE / MDB / PSB,ELEITO,APTO,PL,
2022,PA,senador,1,131,BETO FARO,JOSÉ ROBERTO OLIVEIRA FARO,PT,13,PARTIDO DOS TRABALHADORES,PT/PC do B/PV,Federação Brasil da Esperança - FE BRASIL (PT / PC do B / PV),ELEITO,APTO,PT,
2022,PB,senador,1,444,EFRAIM FILHO,EFRAIM DE ARAÚJO MORAIS FILHO,UNIÃO,44,UNIÃO BRASIL,,Federação PSDB Cidadania (PSDB / CIDADANIA) / PSC / PTB / UNIÃO / PROS / PMB,ELEITO,APTO,UNIÃO,
2022,PE,senador,1,130,TERESA LEITÃO,MARIA TERESA LEITÃO DE MELO,PT,13,PARTIDO DOS TRABALHADORES,PT/PC do B/PV,Federação Brasil da Esperança - FE BRASIL (PT / PC do B / PV) / REPUBLICANOS / MDB / PP / PDT / PSB,ELEITO,APTO,PT,
2022,PI,senador,1,131,WELLINGTON DIAS,JOSE WELLINGTON BARROSO DE ARAUJO DIAS,PT,13,PARTIDO DOS TRABALHADORES,PT/PC do B/PV,Federação Brasil da Esperança - FE BRASIL (PT / PC do B / PV) / MDB / AGIR / PSB / PSD / SOLIDARIEDADE / PROS,ELEITO,APTO,PT,
2022,PR,senador,1,444,SERGIO MORO,SERGIO FERNANDO MORO,UNIÃO,44,UNIÃO BRASIL,,UNIÃO,ELEITO,APTO,UNIÃO,
2022,RJ,senador,1,222,ROMÁRIO,ROMÁRIO DE SOUZA FARIA,PL,22,PARTIDO LIBERAL,,PL,ELEITO,APTO,PL,
2022,RN,senador,1,222,ROGÉRIO MARINHO,ROGÉRIO SIMONETTI MARINHO,PL,22,PARTIDO LIBERAL,,PP / PL / UNIÃO / PSD / SOLIDARIEDADE / PSC,ELEITO,APTO,PL,
2022,RO,senador,1,222,JAIME BAGATTOLI,JAIME MAXIMINO BAGATTOLI,PL,22,PARTIDO LIBERAL,,PL / DC / PTB,ELEITO,APTO,PL,
2022,RR,senador,1,111,DR. HIRAN,HIRAN MANUEL GONÇALVES DA SILVA,PP,11,PROGRESSISTAS,,PP / REPUBLICANOS / PRTB / UNIÃO / PSD / Federação PSDB Cidadania (PSDB / CIDADANIA),ELEITO,APTO,PP,
2022,RS,senador,1,100,HAMILTON MOURÃO,ANTONIO HAMILTON MARTINS MOURÃO,REPUBLICANOS,10,REPUBLICANOS,,PATRIOTA / PL / PROS / REPUBLICANOS,ELEITO,APTO,REPUBLICANOS,
2022,SC,senador,1,222,JORGE SEIF,JORGE SEIF JUNIOR,PL,22,PARTIDO LIBERAL,,PL,ELEITO,APTO,PL,
2022,SE,senador,1,111,LAÉRCIO,LAERCIO JOSE DE OLIVEIRA,PP,11,PROGRESSISTAS,,PDT / PSC / UNIÃO / AVANTE / PSD / REPUBLICANOS / PP,ELEITO,APTO,PP,
2022,SP,senador,1,222,ASTRONAUTA MARCOS PONTES,MARCOS CESAR PONTES,PL,22,PARTIDO LIBERAL,,PTB / PSD / PSC / PMN / PL / REPUBLICANOS,ELEITO,APTO,PL,
2022,TO,senador,1,444,PROFESSORA DORINHA,MARIA AUXILIADORA SEABRA REZENDE,UNIÃO,44,UNIÃO BRASIL,,PTB / PSC / PDT / UNIÃO / Federação PSDB Cidadania (PSDB / CIDADANIA) / REPUBLICANOS / SOLIDARIEDADE,ELEITO,APTO,UNIÃO,
2022,AC,deputado federal,1,1111,GERLEN DINIZ,GEHLEN DINIZ ANDRADE,PP,11,PROGRESSISTAS,,PP,ELEITO POR MÉDIA,APTO,PP,
2022,AC,deputado federal,1,1101,SOCORRO NERI,MARIA DO SOCORRO NERI MEDEIROS DE SOUZA,PP,11,PROGRESSISTAS,,PP,ELEITO POR QP,APTO,PP,
2022,AC,deputado federal,1,1122,ZEZINHO BARBARY,JOSÉ ESTEPHAN BARBARY FILHO,PP,11,PROGRESSISTAS,,PP,ELEITO POR MÉDIA,APTO,PP,
2022,AC,deputado federal,1,1000,ANTÔNIA LUCIA,ANTÔNIA LUCILEIA CRUZ RAMOS CAMARA,REPUBLICANOS,10,REPUBLICANOS,,REPUBLICANOS,ELEITO POR QP,APTO,REPUBLICANOS,
2022,AC,deputado federal,1,1010,ROBERTO DUARTE,ROBERTO DUARTE JUNIOR,REPUBLICANOS,10,REPUBLICANOS,,REPUBLICANOS,ELEITO POR MÉDIA,APTO,REPUBLICANOS,
2022,AC,deputado federal,1,4422,CORONEL ULYSSES,ULYSSES FREITAS PEREIRA DE ARAUJO,UNIÃO,44,UNIÃO BRASIL,,UNIÃO,ELEITO POR MÉDIA,APTO,UNIÃO,
2022,AC,deputado federal,1,4488,DR EDUARDO VELLOSO,EDUARDO OVIDIO BORGES DE VELLOSO VIANNA,UNIÃO,44,UNIÃO BRASIL,,UNIÃO,ELEITO POR MÉDIA,APTO,UNIÃO,
2022,AC,deputado federal,1,4455,MEIRE SERAFIM,ROZIMEIRE RIBEIRO ANDRADE,UNIÃO,44,UNIÃO BRASIL,,UNIÃO,ELEITO POR QP,APTO,UNIÃO,
2022,AL,deputado federal,1,1515,ISNALDO BULHÕES JR,ISNALDO BULHÕES BARROS JÚNIOR,MDB,15,MOVIMENTO DEMOCRÁTICO BRASILEIRO,,MDB,ELEITO POR QP,APTO,MDB,
2022,AL,deputado federal,1,1510,RAFAEL BRITO (TIO RAFA),RAFAEL DE GOES BRITO,MDB,15,MOVIMENTO DEMOCRÁTICO BRASILEIRO,,MDB,ELEITO POR MÉDIA,APTO,MDB,
2022,AL,deputado federal,1,1111,ARTHUR LIRA,ARTHUR CESAR PEREIRA DE LIRA,PP,11,PROGRESSISTAS,,PP,ELEITO POR QP,APTO,PP,
2022,AL,deputado federal,1,1155,DANIEL BARBOSA,DANIEL BARBOSA DE ALMEIDA SILVA,PP,11,PROGRESSISTAS,,PP,ELEITO POR MÉDIA,APTO,PP,
2022,AL,deputado federal,1,1190,DELEGADO FABIO COSTA,FABIO MICHEY COSTA DA SILVA,PP,11,PROGRESSISTAS,,PP,ELEITO POR MÉDIA,APTO,PP,
2022,AL,deputado federal,1,1199,MARX BELTRÃO,MARX BELTRÃO LIMA SIQUEIRA,PP,11,PROGRESSISTAS,,PP,ELEITO POR QP,APTO,PP,
2022,AL,deputado federal,1,1313,PAULÃO,PAULO FERNANDO DOS SANTOS,PT,13,PARTIDO DOS TRABALHADORES,PT/PC do B/PV,Federação Brasil da Esperança - FE BRASIL (PT / PC do B / PV),ELEITO POR MÉDIA,APTO,PT,
2022,AL,deputado federal,1,4343,LUCIANO AMARAL,LUCIANO SURUAGY DO AMARAL FILHO,PV,43,PARTIDO VERDE,PT/PC do B/PV,Federação Brasil da Esperança - FE BRASIL (PT / PC do B / PV),ELEITO POR QP,APTO,PV,
2022,AL,deputado federal,1,4444,ALFREDO GASPAR,ALFREDO GASPAR DE MENDONÇA NETO,UNIÃO,44,UNIÃO BRASIL,,UNIÃO,ELEITO POR MÉDIA,APTO,UNIÃO,
2022,AM,deputado federal,1,2323,AMOM MANDEL,AMOM MANDEL LINS FILHO,CIDADANIA,23,CIDADANIA,PSDB/CIDADANIA,Federação PSDB Cidadania (PSDB / CIDADANIA),ELEITO POR QP,APTO,CIDADANIA,
2022,AM,deputado federal,1,2210,CAPITÃO ALBERTO NETO,ALBERTO BARROS CAVALCANTE NETO,PL,22,PARTIDO LIBERAL,,PL,ELEITO POR MÉDIA,APTO,PL,
2022,AM,deputado federal,1,5525,ATILA LINS,ATILA SIDNEY LINS DE ALBUQUERQUE,PSD,55,PARTIDO SOCIAL DEMOCRÁTICO,,PSD,ELEITO POR QP,APTO,PSD,
2022,AM,deputado federal,1,5555,SIDNEY LEITE,SIDNEY RICARDO DE OLIVEIRA LEITE,PSD,55,PARTIDO SOCIAL DEMOCRÁTICO,,PSD,ELEITO POR MÉDIA,APTO,PSD,
2022,AM,deputado federal,1,1000,ADAIL FILHO,ADAIL JOSÉ FIGUEIREDO PINHEIRO,REPUBLICANOS,10,REPUBLICANOS,,REPUBLICANOS,ELEITO POR MÉDIA,APTO,REPUBLICANOS,
2022,AM,deputado federal,1,1010,SILAS CÂMARA,SILAS CÂMARA,REPUBLICANOS,10,REPUBLICANOS,,REPUBLICANOS,ELEITO POR QP,APTO,REPUBLICANOS,
2022,AM,deputado federal,1,4477,FAUSTO SANTOS JR,FAUSTO VIEIRA DOS SANTOS JÚNIOR,UNIÃO,44,UNIÃO BRASIL,,UNIÃO,ELEITO POR MÉDIA,APTO,UNIÃO,
2022,AM,deputado federal,1,4455,SAULLO VIANNA,SAULLO VELAME VIANNA,UNIÃO,44,UNIÃO BRASIL,,UNIÃO,ELEITO POR QP,APTO,UNIÃO,
2022,AP,deputado federal,1,1515,ACÁCIO FAVACHO,ACÁCIO DA SILVA FAVACHO NETO,MDB,15,MOVIMENTO DEMOCRÁTICO BRASILEIRO,,MDB,ELEITO POR MÉDIA,APTO,MDB,
2022,AP,deputado federal,1,6565,PROFESSORA MARCIVANIA,MARCIVANIA DO SOCORRO DA ROCHA FLEXA,PC do B,65,PARTIDO COMUNISTA DO BRASIL,PT/PC do B/PV,Federação Brasil da Esperança - FE BRASIL (PT / PC do B / PV),ELEITO POR MÉDIA,APTO,PC do B,
2022,AP,deputado federal,1,1222,DORINALDO MALAFAIA,DORINALDO BARBOSA MALAFAIA,PDT,12,PARTIDO DEMOCRÁTICO TRABALHISTA,,PDT,ELEITO POR MÉDIA,APTO,PDT,
2022,AP,deputado federal,1,1212,JOSENILDO,JOSENILDO SANTOS ABRANTES,PDT,12,PARTIDO DEMOCRÁTICO TRABALHISTA,,PDT,ELEITO POR QP,APTO,PDT,
2022,AP,deputado federal,1,2222,VINICIUS GURGEL,VINICIUS DE AZEVEDO GURGEL,PL,22,PARTIDO LIBERAL,,PL,ELEITO POR MÉDIA,APTO,PL,
2022,AP,deputado federal,1,1111,ANDRÉ ABDON,ANDRÉ DOS SANTOS ABDON,PP,11,PROGRESSISTAS,,PP,ELEITO POR MÉDIA,APTO,PP,
2022,AP,deputado federal,1,5050,PAULO LEMOS,PAULO CESAR LEMOS DE OLIVEIRA,PSOL,50,PARTIDO SOCIALISMO E LIBERDADE,PSOL/REDE,Federação PSOL REDE (PSOL / REDE),ELEITO POR MÉDIA,APTO,PSOL,
2022,AP,deputado federal,1,1000,ALINE GURGEL,ALINE PARANHOS VARONIL GURGEL,REPUBLICANOS,10,REPUBLICANOS,,REPUBLICANOS,ELEITO POR MÉDIA,APTO,REPUBLICANOS,
2022,BA,deputado federal,1,7000,PASTOR SARGENTO ISIDÓRIO,MANOEL ISIDÓRIO DE SANTANA JÚNIOR,AVANTE,70,AVANTE,,AVANTE,ELEITO POR QP,APTO,AVANTE,
2022,BA,deputado federal,1,1555,RICARDO MAIA,RICARDO MAIA CHAVES DE SOUZA,MDB,15,MOVIMENTO DEMOCRÁTICO BRASILEIRO,,MDB,ELEITO POR QP,APTO,MDB,
2022,BA,deputado federal,1,6522,ALICE PORTUGAL,ALICE MAZZUCO PORTUGAL,PC do B,65,PARTIDO COMUNISTA DO BRASIL,PT/PC do B/PV,Federação Brasil da Esperança - FE BRASIL (PT / PC do B / PV),ELEITO POR QP,APTO,PC do B,
2022,BA,deputado federal,1,6565,DANIEL,DANIEL GOMES DE ALMEIDA,PC do B,65,PARTIDO COMUNISTA DO BRASIL,PT/PC do B/PV,Federação Brasil da Esperança - FE BRASIL (PT / PC do B / PV),ELEITO POR QP,APTO,PC do B,
2022,BA,deputado federal,1,1234,FELIX  MENDONÇA,FELIX DE ALMEIDA MENDONCA JUNIOR,PDT,12,PARTIDO DEMOCRÁTICO TRABALHISTA,,PDT,ELEITO POR MÉDIA,APTO,PDT,
2022,BA,deputado federal,1,1244,LÉO PRATES,LEONARDO SILVA PRATES,PDT,12,PARTIDO DEMOCRÁTICO TRABALHISTA,,PDT,ELEITO POR QP,APTO,PDT,
2022,BA,deputado federal,1,2238,CAPITÃO ALDEN,ALDEN JOSÉ LÁZARO DA SILVA,PL,22,PARTIDO LIBERAL,,PL,ELEITO POR QP,APTO,PL,
2022,BA,deputado federal,1,2288,JOÃO CARLOS BACELAR,JOÃO CARLOS PAOLILO BACELAR FILHO,PL,22,PARTIDO LIBERAL,,PL,ELEITO POR QP,APTO,PL,
2022,BA,deputado federal,1,2222,ROBERTA ROMA,ROBERTA DE ARAÚJO COSTA ROMA,PL,22,PARTIDO LIBERAL,,PL,ELEITO POR QP,APTO,PL,
2022,BA,deputado federal,1,1919,RAIMUNDO COSTA,RAIMUNDO MAGALHÃES COSTA,PODE,19,PODEMOS,,PODE,ELEITO POR MÉDIA,APTO,PODE,
2022,BA,deputado federal,1,1122,CLAUDIO CAJADO,CLAUDIO CAJADO SAMPAIO,PP,11,PROGRESSISTAS,,PP,ELEITO POR QP,APTO,PP,
2022,BA,deputado federal,1,1115,JOÃO LEÃO,JOÃO FELIPE DE SOUZA LEÃO,PP,11,PROGRESSISTAS,,PP,ELEITO POR MÉDIA,APTO,PP,
2022,BA,deputado federal,1,1111,MÁRIO NEGROMONTE JR,MÁRIO SÍLVIO MENDES NEGROMONTE JÚNIOR,PP,11,PROGRESSISTAS,,PP,ELEITO POR QP,APTO,PP,
2022,BA,deputado federal,1,1144,NETO CARLETTO,ORLANDO SULZ DE ALMEIDA NETO,PP,11,PROGRESSISTAS,,PP,ELEITO POR QP,APTO,PP,
2022,BA,deputado federal,1,4040,LÍDICE DA MATA,LÍDICE DA MATA E SOUZA,PSB,40,PARTIDO SOCIALISTA BRASILEIRO,,PSB,ELEITO POR MÉDIA,APTO,PSB,
2022,BA,deputado federal,1,5510,ANTONIO BRITO,ANTONIO LUIZ PARANHOS RIBEIRO LEITE DE BRITO,PSD,55,PARTIDO SOCIAL DEMOCRÁTICO,,PSD,ELEITO POR QP,APTO,PSD,
2022,BA,deputado federal,1,5500,DIEGO CORONEL,DIEGO HENRIQUE SILVA CERQUEIRA MARTINS,PSD,55,PARTIDO SOCIAL DEMOCRÁTICO,,PSD,ELEITO POR QP,APTO,PSD,
2022,BA,deputado federal,1,5577,GABRIEL NUNES,GABRIEL JOSE MOURA NUNES SOARES,PSD,55,PARTIDO SOCIAL DEMOCRÁTICO,,PSD,ELEITO POR QP,APTO,PSD,
2022,BA,deputado federal,1,5588,OTTO FILHO,OTTO ROBERTO MENDONCA DE ALENCAR FILHO,PSD,55,PARTIDO SOCIAL DEMOCRÁTICO,,PSD,ELEITO POR QP,APTO,PSD,
2022,BA,deputado federal,1,5529,PAULO MAGALHÃES,PAULO SÉRGIO PARANHOS DE MAGALHÃES,PSD,55,PARTIDO SOCIAL DEMOCRÁTICO,,PSD,ELEITO POR MÉDIA,APTO,PSD,
2022,BA,deputado federal,1,5580,SÉRGIO BRITO,SÉRGIO LUÍS LACERDA BRITO,PSD,55,PARTIDO SOCIAL DEMOCRÁTICO,,PSD,ELEITO POR QP,APTO,PSD,
2022,BA,deputado federal,1,4545,ADOLFO VIANA,ADOLFO VIANA DE CASTRO NETO,PSDB,45,PARTIDO DA SOCIAL DEMOCRACIA BRASILEIRA,PSDB/CIDADANIA,Federação PSDB Cidadania (PSDB / CIDADANIA),ELEITO POR QP,APTO,PSDB,
2022,BA,deputado federal,1,1301,AFONSO FLORENCE,AFONSO BANDEIRA FLORENCE,PT,13,PARTIDO DOS TRABALHADORES,PT/PC do B/PV,Federação Brasil da Esperança - FE BRASIL (PT / PC do B / PV),ELEITO POR QP,APTO,PT,
2022,BA,deputado federal,1,1300,IVONEIDE CAETANO,IVONEIDE SOUZA CAETANO,PT,13,PARTIDO DOS TRABALHADORES,PT/PC do B/PV,Federação Brasil da Esperança - FE BRASIL (PT / PC do B / PV),ELEITO POR QP,APTO,PT,
2022,BA,deputado federal,1,1313,JORGE SOLLA,JORGE JOSE SANTOS PEREIRA SOLLA,PT,13,PARTIDO DOS TRABALHADORES,PT/PC do B/PV,Federação Brasil da Esperança - FE BRASIL (PT / PC do B / PV),ELEITO POR QP,APTO,PT,
2022,BA,deputado federal,1,1361,JOSEILDO RAMOS,JOSEILDO RIBEIRO RAMOS,PT,13,PARTIDO DOS TRABALHADORES,PT/PC do B/PV,Federação Brasil da Esperança - FE BRASIL (PT / PC do B / PV),ELEITO POR MÉDIA,APTO,PT,
2022,BA,deputado federal,1,1310,VALMIR ASSUNÇÃO,VALMIR CARLOS DA ASSUNÇÃO,PT,13,PARTIDO DOS TRABALHADORES,PT/PC do B/PV,Federação Brasil da Esperança - FE BRASIL (PT / PC do B / PV),ELEITO POR MÉDIA,APTO,PT,
2022,BA,deputado federal,1,1322,WALDENOR PEREIRA,WALDENOR ALVES PEREIRA FILHO,PT,13,PARTIDO DOS TRABALHADORES,PT/PC do B/PV,Federação Brasil da Esperança - FE BRASIL (PT / PC do B / PV),ELEITO POR QP,APTO,PT,
2022,BA,deputado federal,1,1323,ZÉ NETO,JOSÉ CERQUEIRA DE SANTANA NETO,PT,13,PARTIDO DOS TRABALHADORES,PT/PC do B/PV,Federação Brasil da Esperança - FE BRASIL (PT / PC do B / PV),ELEITO POR QP,APTO,PT,
2022,BA,deputado federal,1,4343,BACELAR,JOÃO CARLOS BACELAR BATISTA,PV,43,PARTIDO VERDE,PT/PC do B/PV,Federação Brasil da Esperança - FE BRASIL (PT / PC do B / PV),ELEITO POR QP,APTO,PV,
2022,BA,deputado federal,1,1023,ALEX SANTANA,ALEX MARCO SANTANA SOUSA,REPUBLICANOS,10,REPUBLICANOS,,REPUBLICANOS,ELEITO POR QP,APTO,REPUBLICANOS,
2022,BA,deputado federal,1,1010,MARCIO MARINHO,MARCIO CARLOS MARINHO,REPUBLICANOS,10,REPUBLICANOS,,REPUBLICANOS,ELEITO POR QP,APTO,REPUBLICANOS,
2022,BA,deputado federal,1,1000,ROGERIA SANTOS,ROGERIA DE ALMEIDA PEREIRA DOS SANTOS,REPUBLICANOS,10,REPUBLICANOS,,REPUBLICANOS,ELEITO POR MÉDIA,APTO,REPUBLICANOS,
2022,BA,deputado federal,1,4412,ARTHUR MAIA,ARTHUR DE OLIVEIRA MAIA DA SILVA,UNIÃO,44,UNIÃO BRASIL,,UNIÃO,ELEITO POR QP,APTO,UNIÃO,
2022,BA,deputado federal,1,4488,DEPUTADO DAL,ADALBERTO ROSA BARRETO,UNIÃO,44,UNIÃO BRASIL,,UNIÃO,ELEITO POR QP,APTO,UNIÃO,
2022,BA,deputado federal,1,4433,ELMAR NASCIMENTO,ELMAR JOSE VIEIRA NASCIMENTO,UNIÃO,44,UNIÃO BRASIL,,UNIÃO,ELEITO POR QP,APTO,UNIÃO,
2022,BA,deputado federal,1,4422,JOSÉ ROCHA,JOSÉ ALVES ROCHA,UNIÃO,44,UNIÃO BRASIL,,UNIÃO,ELEITO POR MÉDIA,APTO,UNIÃO,
2022,BA,deputado federal,1,4411,LEUR LOMANTO JR,LEUR ANTONIO DE BRITTO LOMANTO JUNIOR,UNIÃO,44,UNIÃO BRASIL,,UNIÃO,ELEITO POR QP,APTO,UNIÃO,
2022,BA,deputado federal,1,4400,PAULO AZI,PAULO VELLOSO DANTAS AZI,UNIÃO,44,UNIÃO BRASIL,,UNIÃO,ELEITO POR QP,APTO,UNIÃO,
2022,CE,deputado federal,1,1533,EUNÍCIO,EUNÍCIO LOPES DE OLIVEIRA,MDB,15,MOVIMENTO DEMOCRÁTICO BRASILEIRO,,MDB,ELEITO POR QP,APTO,MDB,
2022,CE,deputado federal,1,1234,ANDRÉ FIGUEIREDO,ANDRÉ PEIXOTO FIGUEIREDO LIMA,PDT,12,PARTIDO DEMOCRÁTICO TRABALHISTA,,PDT,ELEITO POR QP,APTO,PDT,
2022,CE,deputado federal,1,1214,EDUARDO BISMARCK,EDUARDO HENRIQUE MAIA BISMARCK,PDT,12,PARTIDO DEMOCRÁTICO TRABALHISTA,,PDT,ELEITO POR MÉDIA,APTO,PDT,
2022,CE,deputado federal,1,1213,IDILVAN,ANTONIO IDILVAN DE LIMA ALENCAR,PDT,12,PARTIDO DEMOCRÁTICO TRABALHISTA,,PDT,ELEITO POR QP,APTO,PDT,
2022,CE,deputado federal,1,1221,MAURO FILHO,CARLOS MAURO BENEVIDES FILHO,PDT,12,PARTIDO DEMOCRÁTICO TRABALHISTA,,PDT,ELEITO POR QP,APTO,PDT,
2022,CE,deputado federal,1,1233,ROBÉRIO MONTEIRO,MARCOS ROBÉRIO RIBEIRO MONTEIRO,PDT,12,PARTIDO DEMOCRÁTICO TRABALHISTA,,PDT,ELEITO POR QP,APTO,PDT,
2022,CE,deputado federal,1,2222,ANDRÉ FERNANDES,ANDRÉ FERNANDES DE MOURA,PL,22,PARTIDO LIBERAL,,PL,ELEITO POR QP,APTO,PL,
2022,CE,deputado federal,1,2277,DR JAZIEL,JAZIEL PEREIRA DE SOUSA,PL,22,PARTIDO LIBERAL,,PL,ELEITO POR MÉDIA,APTO,PL,
2022,CE,deputado federal,1,2255,JÚNIOR MANO,ANTONIO LUIZ RODRIGUES MANO JUNIOR,PL,22,PARTIDO LIBERAL,,PL,ELEITO POR QP,APTO,PL,
2022,CE,deputado federal,1,2299,MATHEUS NORONHA,MATHEUS SOARES NORONHA,PL,22,PARTIDO LIBERAL,,PL,ELEITO POR QP,APTO,PL,
2022,CE,deputado federal,1,2288,PRISCILA COSTA,PRISCILA BEZERRA DA COSTA,PL,22,PARTIDO LIBERAL,,PL,ELEITO POR MÉDIA,APTO,PL,
2022,CE,deputado federal,1,2211,YURY DO PAREDÃO,YURY BRUNO ALENCAR ARAÚJO,PL,22,PARTIDO LIBERAL,,PL,ELEITO POR QP,APTO,PL,
2022,CE,deputado federal,1,1111,AJ ALBUQUERQUE,ANTONIO JOSÉ AGUIAR ALBUQUERQUE,PP,11,PROGRESSISTAS,,PP,ELEITO POR MÉDIA,APTO,PP,
2022,CE,deputado federal,1,5511,CÉLIO STUDART,CÉLIO STUDART BARBOSA,PSD,55,PARTIDO SOCIAL DEMOCRÁTICO,,PSD,ELEITO POR QP,APTO,PSD,
2022,CE,deputado federal,1,5555,DOMINGOS NETO,DOMINGOS GOMES DE AGUIAR NETO,PSD,55,PARTIDO SOCIAL DEMOCRÁTICO,,PSD,ELEITO POR QP,APTO,PSD,
2022,CE,deputado federal,1,5533,LUIZ GASTÃO,LUIZ GASTÃO BITTENCOURT DA SILVA,PSD,55,PARTIDO SOCIAL DEMOCRÁTICO,,PSD,ELEITO POR MÉDIA,APTO,PSD,
2022,CE,deputado federal,1,1322,GUIMARÃES DO PT,JOSE NOBRE GUIMARAES,PT,13,PARTIDO DOS TRABALHADORES,PT/PC do B/PV,Federação Brasil da Esperança - FE BRASIL (PT / PC do B / PV),ELEITO POR QP,APTO,PT,
2022,CE,deputado federal,1,1333,JOSE AIRTON,JOSE AIRTON FELIX CIRILO DA SILVA,PT,13,PARTIDO DOS TRABALHADORES,PT/PC do B/PV,Federação Brasil da Esperança - FE BRASIL (PT / PC do B / PV),ELEITO POR MÉDIA,APTO,PT,
2022,CE,deputado federal,1,1313,LUIZIANNE LINS,LUIZIANNE DE OLIVEIRA LINS,PT,13,PARTIDO DOS TRABALHADORES,PT/PC do B/PV,Federação Brasil da Esperança - FE BRASIL (PT / PC do B / PV),ELEITO POR QP,APTO,PT,
2022,CE,deputado federal,1,4447,DANILO FORTE,FRANCISCO DANILO BASTOS FORTE,UNIÃO,44,UNIÃO BRASIL,,UNIÃO,ELEITO POR MÉDIA,APTO,UNIÃO,
2022,CE,deputado federal,1,4477,FERNANDA PESSOA,FERNANDA ENEIDA PESSOA CARACAS DE SOUZA,UNIÃO,44,UNIÃO BRASIL,,UNIÃO,ELEITO POR QP,APTO,UNIÃO,
2022,CE,deputado federal,1,4488,MOSES RODRIGUES,MOSES HAENDEL MELO RODRIGUES,UNIÃO,44,UNIÃO BRASIL,,UNIÃO,ELEITO POR QP,APTO,UNIÃO,
2022,DF,deputado federal,1,1515,RAFAEL PRUDENTE,RAFAEL CAVALCANTI PRUDENTE,MDB,15,MOVIMENTO DEMOCRÁTICO BRASILEIRO,,MDB,ELEITO POR MÉDIA,APTO,MDB,
2022,DF,deputado federal,1,2222,BIA KICIS,BEATRIZ KICIS TORRENTS DE SORDI,PL,22,PARTIDO LIBERAL,,PL,ELEITO POR QP,APTO,PL,
2022,DF,deputado federal,1,2225,FRAGA,JOÃO ALBERTO FRAGA SILVA,PL,22,PARTIDO LIBERAL,,PL,ELEITO POR MÉDIA,APTO,PL,
2022,DF,deputado federal,1,4040,RODRIGO ROLLEMBERG,RODRIGO SOBRAL ROLLEMBERG,PSB,40,PARTIDO SOCIALISTA BRASILEIRO,,PSB,ELEITO POR MÉDIA,APTO,PSB,
2022,DF,deputado federal,1,1331,ERIKA KOKAY,ERIKA JUCÁ KOKAY,PT,13,PARTIDO DOS TRABALHADORES,PT/PC do B/PV,Federação Brasil da Esperança - FE BRASIL (PT / PC do B / PV),ELEITO POR QP,APTO,PT,
2022,DF,deputado federal,1,4343,PROFESSOR REGINALDO VERAS,REGINALDO VERAS COELHO,PV,43,PARTIDO VERDE,PT/PC do B/PV,Federação Brasil da Esperança - FE BRASIL (PT / PC do B / PV),ELEITO POR MÉDIA,APTO,PV,
2022,DF,deputado federal,1,1020,FRED LINHARES,DAVYS FREDERICO TEIXEIRA LINHARES,REPUBLICANOS,10,REPUBLICANOS,,REPUBLICANOS,ELEITO POR QP,APTO,REPUBLICANOS,
2022,DF,deputado federal,1,1010,JULIO CESAR,JULIO CESAR RIBEIRO,REPUBLICANOS,10,REPUBLICANOS,,REPUBLICANOS,ELEITO POR MÉDIA,APTO,REPUBLICANOS,
2022,ES,deputado federal,1,2222,GILVAN O FEDERAL DA DIREITA,GILVAN AGUIAR COSTA,PL,22,PARTIDO LIBERAL,,PL,ELEITO POR QP,APTO,PL,
2022,ES,deputado federal,1,1900,DR. VICTOR,VICTOR GAROZI LINHALIS,PODE,19,PODEMOS,,PODE,ELEITO POR MÉDIA,APTO,PODE,
2022,ES,deputado federal,1,1919,GILSON DANIEL,GILSON DANIEL BATISTA,PODE,19,PODEMOS,,PODE,ELEITO POR MÉDIA,APTO,PODE,
2022,ES,deputado federal,1,1111,DA VITÓRIA,JOSIAS MARIO DA VITÓRIA,PP,11,PROGRESSISTAS,,PP,ELEITO POR MÉDIA,APTO,PP,
2022,ES,deputado federal,1,1122,EVAIR DE MELO,EVAIR VIEIRA DE MELO,PP,11,PROGRESSISTAS,,PP,ELEITO POR QP,APTO,PP,
2022,ES,deputado federal,1,4040,PAULO FOLETTO,PAULO ROBERTO FOLETTO,PSB,40,PARTIDO SOCIALISTA BRASILEIRO,,PSB,ELEITO POR MÉDIA,APTO,PSB,
2022,ES,deputado federal,1,1350,HELDER SALOMÃO,HELDER IGNÁCIO SALOMÃO,PT,13,PARTIDO DOS TRABALHADORES,PT/PC do B/PV,Federação Brasil da Esperança - FE BRASIL (PT / PC do B / PV),ELEITO POR QP,APTO,PT,
2022,ES,deputado federal,1,1300,JACK ROCHA,JACKELINE OLIVEIRA ROCHA,PT,13,PARTIDO DOS TRABALHADORES,PT/PC do B/PV,Federação Brasil da Esperança - FE BRASIL (PT / PC do B / PV),ELEITO POR MÉDIA,APTO,PT,
2022,ES,deputado federal,1,1010,AMARO NETO,AMARO ROCHA NASCIMENTO NETO,REPUBLICANOS,10,REPUBLICANOS,,REPUBLICANOS,ELEITO POR MÉDIA,APTO,REPUBLICANOS,
2022,ES,deputado federal,1,1044,MESSIAS DONATO,MANOEL MESSIAS DONATO BEZERRA,REPUBLICANOS,10,REPUBLICANOS,,REPUBLICANOS,ELEITO POR MÉDIA,APTO,REPUBLICANOS,
2022,GO,deputado federal,1,1599,CÉLIO SILVEIRA,CÉLIO ANTÔNIO DA SILVEIRA,MDB,15,MOVIMENTO DEMOCRÁTICO BRASILEIRO,,MDB,ELEITO POR QP,APTO,MDB,
2022,GO,deputado federal,1,1555,MARUSSA BOLDRIN,MARUSSA CASSIA FAVARO BOLDRIN,MDB,15,MOVIMENTO DEMOCRÁTICO BRASILEIRO,,MDB,ELEITO POR MÉDIA,APTO,MDB,
2022,GO,deputado federal,1,1212,FLAVIA MORAIS,FLÁVIA CARREIRO ALBUQUERQUE MORAIS,PDT,12,PARTIDO DEMOCRÁTICO TRABALHISTA,,PDT,ELEITO POR MÉDIA,APTO,PDT,
2022,GO,deputado federal,1,2255,DANIEL AGROBOM,DANIEL VIEIRA RAMOS,PL,22,PARTIDO LIBERAL,,PL,ELEITO POR MÉDIA,APTO,PL,
2022,GO,deputado federal,1,2210,GUSTAVO GAYER,GUSTAVO GAYER MACHADO DE ARAUJO,PL,22,PARTIDO LIBERAL,,PL,ELEITO POR QP,APTO,PL,
2022,GO,deputado federal,1,2222,MAGDA MOFATTO,MAGDA MOFATTO HON,PL,22,PARTIDO LIBERAL,,PL,ELEITO POR MÉDIA,APTO,PL,
2022,GO,deputado federal,1,2250,PROFESSOR ALCIDES,ALCIDES RIBEIRO FILHO,PL,22,PARTIDO LIBERAL,,PL,ELEITO POR QP,APTO,PL,
2022,GO,deputado federal,1,1111,ADRIANO DO BALDY,ADRIANO ANTONIO AVELAR,PP,11,PROGRESSISTAS,,PP,ELEITO POR MÉDIA,APTO,PP,
2022,GO,deputado federal,1,1123,JOSÉ NELTO,JOSÉ NELTO LAGARES DAS MERCÊZ,PP,11,PROGRESSISTAS,,PP,ELEITO POR QP,APTO,PP,
2022,GO,deputado federal,1,2022,GLAUSTIN DA FOKUS,GLAUSKSTON BATISTA RIOS,PSC,20,PARTIDO SOCIAL CRISTÃO,,PSC,ELEITO POR MÉDIA,APTO,PSC,
2022,GO,deputado federal,1,5500,DR ISMAEL ALEXANDRINO ,ISMAEL ALEXANDRINO JUNIOR,PSD,55,PARTIDO SOCIAL DEMOCRÁTICO,,PSD,ELEITO POR MÉDIA,APTO,PSD,
2022,GO,deputado federal,1,4545,LÊDA BORGES,LÊDA BORGES DE MOURA,PSDB,45,PARTIDO DA SOCIAL DEMOCRACIA BRASILEIRA,PSDB/CIDADANIA,Federação PSDB Cidadania (PSDB / CIDADANIA),ELEITO POR MÉDIA,APTO,PSDB,
2022,GO,deputado federal,1,1331,DELEGADA ADRIANA ACCORSI,ADRIANA SAUTHIER ACCORSI,PT,13,PARTIDO DOS TRABALHADORES,PT/PC do B/PV,Federação Brasil da Esperança - FE BRASIL (PT / PC do B / PV),ELEITO POR QP,APTO,PT,
2022,GO,deputado federal,1,1313,RUBENS OTONI,RUBENS OTONI GOMIDE,PT,13,PARTIDO DOS TRABALHADORES,PT/PC do B/PV,Federação Brasil da Esperança - FE BRASIL (PT / PC do B / PV),ELEITO POR MÉDIA,APTO,PT,
2022,GO,deputado federal,1,1010,JEFERSON RODRIGUES,JEFERSON RODRIGUES LEMOS,REPUBLICANOS,10,REPUBLICANOS,,REPUBLICANOS,ELEITO POR QP,APTO,REPUBLICANOS,
2022,GO,deputado federal,1,4480,DR ZACHARIAS CALIL,ZACARIAS CALIL HAMU,UNIÃO,44,UNIÃO BRASIL,,UNIÃO,ELEITO POR MÉDIA,APTO,UNIÃO,
2022,GO,deputado federal,1,4444,SILVYE ALVES,SILVYE ALVES DA SILVA,UNIÃO,44,UNIÃO BRASIL,,UNIÃO,ELEITO POR QP,APTO,UNIÃO,
2022,MA,deputado federal,1,1515,ROSEANA SARNEY,ROSEANA SARNEY MURAD,MDB,15,MOVIMENTO DEMOCRÁTICO BRASILEIRO,,MDB,ELEITO POR QP,APTO,MDB,
2022,MA,deputado federal,1,5122,MARRECA FILHO,ANTONIO DA CRUZ FILGUEIRA NETO,PATRIOTA,51,PATRIOTA,,PATRIOTA,ELEITO POR QP,APTO,PATRIOTA,
2022,MA,deputado federal,1,6513,MARCIO JERRY,MARCIO JERRY SARAIVA BARROSO,PC do B,65,PARTIDO COMUNISTA DO BRASIL,PT/PC do B/PV,Federação Brasil da Esperança - FE BRASIL (PT / PC do B / PV),ELEITO POR QP,APTO,PC do B,
2022,MA,deputado federal,1,1212,MÁRCIO HONAISER,MARCIO JOSE HONAISER,PDT,12,PARTIDO DEMOCRÁTICO TRABALHISTA,,PDT,ELEITO POR MÉDIA,APTO,PDT,
2022,MA,deputado federal,1,2233,DETINHA,MARIA DEUSDETE LIMA CUNHA RODRIGUES,PL,22,PARTIDO LIBERAL,,PL,ELEITO POR QP,APTO,PL,
2022,MA,deputado federal,1,2222,JOSIMAR MARANHÃOZINHO,JOSIMAR CUNHA RODRIGUES,PL,22,PARTIDO LIBERAL,,PL,ELEITO POR QP,APTO,PL,
2022,MA,deputado federal,1,2200,JÚNIOR LOURENÇO,JOSÉ LOURENÇO BONFIM JÚNIOR,PL,22,PARTIDO LIBERAL,,PL,ELEITO POR QP,APTO,PL,
2022,MA,deputado federal,1,2244,PASTOR  GIL,GILDENEMIR DE LIMA SOUSA,PL,22,PARTIDO LIBERAL,,PL,ELEITO POR MÉDIA,APTO,PL,
2022,MA,deputado federal,1,1919,FÁBIO MACEDO,FÁBIO HENRIQUE DIAS DE MACEDO,PODE,19,PODEMOS,,PODE,ELEITO POR QP,APTO,PODE,
2022,MA,deputado federal,1,1100,AMANDA GENTIL ,AMANDA KELLY GENTIL GUIMARÃES ROSA,PP,11,PROGRESSISTAS,,PP,ELEITO POR MÉDIA,APTO,PP,
2022,MA,deputado federal,1,1111,ANDRÉ FUFUCA,ANDRÉ LUIZ CARVALHO RIBEIRO,PP,11,PROGRESSISTAS,,PP,ELEITO POR QP,APTO,PP,
2022,MA,deputado federal,1,4010,DUARTE,HILDELIS SILVA DUARTE JUNIOR,PSB,40,PARTIDO SOCIALISTA BRASILEIRO,,PSB,ELEITO POR QP,APTO,PSB,
2022,MA,deputado federal,1,2020,ALUISIO MENDES,ALUISIO GUIMARAES MENDES FILHO,PSC,20,PARTIDO SOCIAL CRISTÃO,,PSC,ELEITO POR QP,APTO,PSC,
2022,MA,deputado federal,1,5511,JOSIVALDO JP,JOSIVALDO DOS SANTOS MELO,PSD,55,PARTIDO SOCIAL DEMOCRÁTICO,,PSD,ELEITO POR QP,APTO,PSD,
2022,MA,deputado federal,1,1340,RUBENS PEREIRA JR,RUBENS PEREIRA E SILVA JUNIOR,PT,13,PARTIDO DOS TRABALHADORES,PT/PC do B/PV,Federação Brasil da Esperança - FE BRASIL (PT / PC do B / PV),ELEITO POR MÉDIA,APTO,PT,
2022,MA,deputado federal,1,1010,CLEBER VERDE,CLEBER VERDE CORDEIRO MENDES,REPUBLICANOS,10,REPUBLICANOS,,REPUBLICANOS,ELEITO POR MÉDIA,APTO,REPUBLICANOS,
2022,MA,deputado federal,1,4410,JUSCELINO FILHO,JOSÉ JUSCELINO DOS SANTOS REZENDE FILHO,UNIÃO,44,UNIÃO BRASIL,,UNIÃO,ELEITO POR MÉDIA,APTO,UNIÃO,
2022,MA,deputado federal,1,4444,PEDRO LUCAS FERNANDES,PEDRO LUCAS ANDRADE FERNANDES RIBEIRO,UNIÃO,44,UNIÃO BRASIL,,UNIÃO,ELEITO POR QP,APTO,UNIÃO,
2022,MG,deputado federal,1,7040,ANDRÉ JANONES,ANDRE LUIS GASPAR JANONES,AVANTE,70,AVANTE,,AVANTE,ELEITO POR QP,APTO,AVANTE,
2022,MG,deputado federal,1,7077,BRUNO FARIAS,BRUNO SOUZA FARIAS,AVANTE,70,AVANTE,,AVANTE,ELEITO POR QP,APTO,AVANTE,
2022,MG,deputado federal,1,7010,DELEGADA IONE BARBOSA,IONE MARIA MOREIRA DIAS BARBOSA,AVANTE,70,AVANTE,,AVANTE,ELEITO POR MÉDIA,APTO,AVANTE,
2022,MG,deputado federal,1,7011,GREYCE ELIAS,GREYCE DE QUEIROZ ELIAS,AVANTE,70,AVANTE,,AVANTE,ELEITO POR QP,APTO,AVANTE,
2022,MG,deputado federal,1,7070,LUIS TIBÉ,LUIS HENRIQUE DE OLIVEIRA RESENDE,AVANTE,70,AVANTE,,AVANTE,ELEITO POR QP,APTO,AVANTE,
2022,MG,deputado federal,1,1515,HERCILIO COELHO DINIZ,HERCILIO ARAUJO DINIZ FILHO,MDB,15,MOVIMENTO DEMOCRÁTICO BRASILEIRO,,MDB,ELEITO POR QP,APTO,MDB,
2022,MG,deputado federal,1,1510,NEWTON CARDOSO JR,NEWTON CARDOSO JÚNIOR,MDB,15,MOVIMENTO DEMOCRÁTICO BRASILEIRO,,MDB,ELEITO POR MÉDIA,APTO,MDB,
2022,MG,deputado federal,1,5152,DR. FREDERICO,FREDERICO DE CASTRO ESCALEIRA,PATRIOTA,51,PATRIOTA,,PATRIOTA,ELEITO POR MÉDIA,APTO,PATRIOTA,
2022,MG,deputado federal,1,5133,FRED COSTA,FREDERICO BORGES DA COSTA,PATRIOTA,51,PATRIOTA,,PATRIOTA,ELEITO POR QP,APTO,PATRIOTA,
2022,MG,deputado federal,1,5193,PEDRO AIHARA,PEDRO DOSHIKAZU PIANCHAO AIHARA,PATRIOTA,51,PATRIOTA,,PATRIOTA,ELEITO POR QP,APTO,PATRIOTA,
2022,MG,deputado federal,1,1234,DR MÁRIO HERINGER,MÁRIO LÚCIO HERINGER,PDT,12,PARTIDO DEMOCRÁTICO TRABALHISTA,,PDT,ELEITO POR QP,APTO,PDT,
2022,MG,deputado federal,1,1212,DUDA SALABERT,DUDA SALABERT ROSA,PDT,12,PARTIDO DEMOCRÁTICO TRABALHISTA,,PDT,ELEITO POR QP,APTO,PDT,
2022,MG,deputado federal,1,2260,DOMINGOS SÁVIO,DOMINGOS SÁVIO CAMPOS RESENDE,PL,22,PARTIDO LIBERAL,,PL,ELEITO POR QP,APTO,PL,
2022,MG,deputado federal,1,2240,EMIDINHO MADEIRA,EMIDIO ALVES MADEIRA JUNIOR,PL,22,PARTIDO LIBERAL,,PL,ELEITO POR QP,APTO,PL,
2022,MG,deputado federal,1,2277,EROS BIONDINI,EROS FERREIRA BIONDINI,PL,22,PARTIDO LIBERAL,,PL,ELEITO POR QP,APTO,PL,
2022,MG,deputado federal,1,2238,JUNIO AMARAL,GERALDO JUNIO DO AMARAL,PL,22,PARTIDO LIBERAL,,PL,ELEITO POR QP,APTO,PL,
2022,MG,deputado federal,1,2233,LINCOLN PORTELA,LINCOLN DINIZ PORTELA,PL,22,PARTIDO LIBERAL,,PL,ELEITO POR QP,APTO,PL,
2022,MG,deputado federal,1,2217,MARCELO ÁLVARO ANTÔNIO,MARCELO HENRIQUE TEIXEIRA DIAS,PL,22,PARTIDO LIBERAL,,PL,ELEITO POR QP,APTO,PL,
2022,MG,deputado federal,1,2210,MAURICIO DO VOLEI,MAURICIO LUIZ DE SOUZA,PL,22,PARTIDO LIBERAL,,PL,ELEITO POR QP,APTO,PL,
2022,MG,deputado federal,1,2222,NIKOLAS FERREIRA,NIKOLAS FERREIRA DE OLIVEIRA,PL,22,PARTIDO LIBERAL,,PL,ELEITO POR QP,APTO,PL,
2022,MG,deputado federal,1,2215,ROSÂNGELA REIS,ROSÂNGELA DE OLIVEIRA CAMPOS REIS,PL,22,PARTIDO LIBERAL,,PL,ELEITO POR QP,APTO,PL,
2022,MG,deputado federal,1,2244,SAMUEL VIANA,SAMUEL JOSÉ RODRIGUES DE VIANA,PL,22,PARTIDO LIBERAL,,PL,ELEITO POR QP,APTO,PL,
2022,MG,deputado federal,1,2200,ZÉ VITOR,JOSÉ VITOR DE RESENDE AGUIAR,PL,22,PARTIDO LIBERAL,,PL,ELEITO POR QP,APTO,PL,
2022,MG,deputado federal,1,1999,IGOR TIMO,IGOR TARCIANO TIMO,PODE,19,PODEMOS,,PODE,ELEITO POR QP,APTO,PODE,
2022,MG,deputado federal,1,1919,NELY AQUINO,NELI PEREIRA DE AQUINO,PODE,19,PODEMOS,,PODE,ELEITO POR MÉDIA,APTO,PODE,
2022,MG,deputado federal,1,1199,ANA PAULA JUNQUEIRA LEAO,ANA PAULA PROCOPIO JUNQUEIRA,PP,11,PROGRESSISTAS,,PP,ELEITO POR QP,APTO,PP,
2022,MG,deputado federal,1,1111,DIMAS FABIANO,DIMAS FABIANO TOLEDO JUNIOR,PP,11,PROGRESSISTAS,,PP,ELEITO POR QP,APTO,PP,
2022,MG,deputado federal,1,1122,PINHEIRINHO,ANTONIO PINHEIRO NETO,PP,11,PROGRESSISTAS,,PP,ELEITO POR QP,APTO,PP,
2022,MG,deputado federal,1,9090,WELITON PRADO,WELITON FERNANDES PRADO,PROS,90,PARTIDO REPUBLICANO DA ORDEM SOCIAL,,PROS,ELEITO POR MÉDIA,APTO,PROS,
2022,MG,deputado federal,1,2015,EUCLYDES PETTERSEN,EUCLYDES MARCOS PETTERSEN NETO,PSC,20,PARTIDO SOCIAL CRISTÃO,,PSC,ELEITO POR QP,APTO,PSC,
2022,MG,deputado federal,1,5555,DIEGO ANDRADE,DIEGO LEONARDO DE ANDRADE CARVALHO,PSD,55,PARTIDO SOCIAL DEMOCRÁTICO,,PSD,ELEITO POR QP,APTO,PSD,
2022,MG,deputado federal,1,5500,LUIZ FERNANDO,LUIZ FERNANDO RAMOS FARIA,PSD,55,PARTIDO SOCIAL DEMOCRÁTICO,,PSD,ELEITO POR MÉDIA,APTO,PSD,
2022,MG,deputado federal,1,5505,MISAEL VARELLA,MISAEL ARTUR FERREIRA VARELLA,PSD,55,PARTIDO SOCIAL DEMOCRÁTICO,,PSD,ELEITO POR QP,APTO,PSD,
2022,MG,deputado federal,1,5544,STEFANO AGUIAR,STEFANO AGUIAR DOS SANTOS,PSD,55,PARTIDO SOCIAL DEMOCRÁTICO,,PSD,ELEITO POR QP,APTO,PSD,
2022,MG,deputado federal,1,4500,AÉCIO NEVES,AÉCIO NEVES DA CUNHA,PSDB,45,PARTIDO DA SOCIAL DEMOCRACIA BRASILEIRA,PSDB/CIDADANIA,Federação PSDB Cidadania (PSDB / CIDADANIA),ELEITO POR MÉDIA,APTO,PSDB,
2022,MG,deputado federal,1,4545,PAULO ABI-ACKEL,PAULO ABI-ACKEL,PSDB,45,PARTIDO DA SOCIAL DEMOCRACIA BRASILEIRA,PSDB/CIDADANIA,Federação PSDB Cidadania (PSDB / CIDADANIA),ELEITO POR QP,APTO,PSDB,
2022,MG,deputado federal,1,5088,CÉLIA XAKRIABÁ,CÉLIA NUNES CORREA,PSOL,50,PARTIDO SOCIALISMO E LIBERDADE,PSOL/REDE,Federação PSOL REDE (PSOL / REDE),ELEITO POR QP,APTO,PSOL,
2022,MG,deputado federal,1,1314,ANA PIMENTEL,ANA CRISTINA DE LIMA PIMENTEL,PT,13,PARTIDO DOS TRABALHADORES,PT/PC do B/PV,Federação Brasil da Esperança - FE BRASIL (PT / PC do B / PV),ELEITO POR MÉDIA,APTO,PT,
2022,MG,deputado federal,1,1334,DANDARA,DANDARA TONANTZIN SILVA CASTRO,PT,13,PARTIDO DOS TRABALHADORES,PT/PC do B/PV,Federação Brasil da Esperança - FE BRASIL (PT / PC do B / PV),ELEITO POR QP,APTO,PT,
2022,MG,deputado federal,1,1363,LEONARDO MONTEIRO,JOSÉ LEONARDO COSTA MONTEIRO,PT,13,PARTIDO DOS TRABALHADORES,PT/PC do B/PV,Federação Brasil da Esperança - FE BRASIL (PT / PC do B / PV),ELEITO POR MÉDIA,APTO,PT,
2022,MG,deputado federal,1,1339,MIGUEL ÂNGELO,MIGUEL ÂNGELO MONTEIRO ANDRADE,PT,13,PARTIDO DOS TRABALHADORES,PT/PC do B/PV,Federação Brasil da Esperança - FE BRASIL (PT / PC do B / PV),ELEITO POR QP,APTO,PT,
2022,MG,deputado federal,1,1307,ODAIR CUNHA,ODAIR JOSÉ DA CUNHA,PT,13,PARTIDO DOS TRABALHADORES,PT/PC do B/PV,Federação Brasil da Esperança - FE BRASIL (PT / PC do B / PV),ELEITO POR QP,APTO,PT,
2022,MG,deputado federal,1,1315,PADRE JOÃO,JOÃO CARLOS SIQUEIRA,PT,13,PARTIDO DOS TRABALHADORES,PT/PC do B/PV,Federação Brasil da Esperança - FE BRASIL (PT / PC do B / PV),ELEITO POR QP,APTO,PT,
2022,MG,deputado federal,1,1333,PATRUS ANANIAS,PATRUS ANANIAS DE SOUSA,PT,13,PARTIDO DOS TRABALHADORES,PT/PC do B/PV,Federação Brasil da Esperança - FE BRASIL (PT / PC do B / PV),ELEITO POR QP,APTO,PT,
2022,MG,deputado federal,1,1378,PAULO GUEDES,PAULO JOSÉ CARLOS GUEDES,PT,13,PARTIDO DOS TRABALHADORES,PT/PC do B/PV,Federação Brasil da Esperança - FE BRASIL (PT / PC do B / PV),ELEITO POR QP,APTO,PT,
2022,MG,deputado federal,1,1312,REGINALDO LOPES,REGINALDO LÁZARO DE OLIVEIRA LOPES,PT,13,PARTIDO DOS TRABALHADORES,PT/PC do B/PV,Federação Brasil da Esperança - FE BRASIL (PT / PC do B / PV),ELEITO POR QP,APTO,PT,
2022,MG,deputado federal,1,1313,ROGÉRIO CORREIA,ROGÉRIO CORREIA DE MOURA BAPTISTA,PT,13,PARTIDO DOS TRABALHADORES,PT/PC do B/PV,Federação Brasil da Esperança - FE BRASIL (PT / PC do B / PV),ELEITO POR QP,APTO,PT,
2022,MG,deputado federal,1,1010,GILBERTO ABRAMO,GILBERTO APARECIDO ABRAMO,REPUBLICANOS,10,REPUBLICANOS,,REPUBLICANOS,ELEITO POR QP,APTO,REPUBLICANOS,
2022,MG,deputado federal,1,1080,LAFAYETTE ANDRADA,LAFAYETTE LUIZ DOORGAL DE ANDRADA,REPUBLICANOS,10,REPUBLICANOS,,REPUBLICANOS,ELEITO POR MÉDIA,APTO,REPUBLICANOS,
2022,MG,deputado federal,1,7777,ZÉ SILVA,JOSÉ SILVA SOARES,SOLIDARIEDADE,77,SOLIDARIEDADE,,SOLIDARIEDADE,ELEITO POR MÉDIA,APTO,SOLIDARIEDADE,
2022,MG,deputado federal,1,4444,DELEGADO MARCELO FREITAS,MARCELO EDUARDO FREITAS,UNIÃO,44,UNIÃO BRASIL,,UNIÃO,ELEITO POR QP,APTO,UNIÃO,
2022,MG,deputado federal,1,4445,RAFAEL SIMOES,RAFAEL TADEU SIMÕES,UNIÃO,44,UNIÃO BRASIL,,UNIÃO,ELEITO POR QP,APTO,UNIÃO,
2022,MG,deputado federal,1,4450,RODRIGO DE CASTRO,RODRIGO BATISTA DE CASTRO,UNIÃO,44,UNIÃO BRASIL,,UNIÃO,ELEITO POR QP,APTO,UNIÃO,
2022,MS,deputado federal,1,2222,MARCOS POLLON,MARCOS SBOROWSKI POLLON,PL,22,PARTIDO LIBERAL,,PL,ELEITO POR QP,APTO,PL,
2022,MS,deputado federal,1,2211,RODOLFO NOGUEIRA,RODOLFO OLIVEIRA NOGUEIRA,PL,22,PARTIDO LIBERAL,,PL,ELEITO POR MÉDIA,APTO,PL,
2022,MS,deputado federal,1,1122,DR. LUIZ OVANDO,LUIZ ALBERTO OVANDO,PP,11,PROGRESSISTAS,,PP,ELEITO POR MÉDIA,APTO,PP,
2022,MS,deputado federal,1,4545,BETO PEREIRA,HUMBERTO REZENDE PEREIRA,PSDB,45,PARTIDO DA SOCIAL DEMOCRACIA BRASILEIRA,PSDB/CIDADANIA,Federação PSDB Cidadania (PSDB / CIDADANIA),ELEITO POR QP,APTO,PSDB,
2022,MS,deputado federal,1,4512,DAGOBERTO,DAGOBERTO NOGUEIRA FILHO,PSDB,45,PARTIDO DA SOCIAL DEMOCRACIA BRASILEIRA,PSDB/CIDADANIA,Federação PSDB Cidadania (PSDB / CIDADANIA),ELEITO POR MÉDIA,APTO,PSDB,
2022,MS,deputado federal,1,4567,DR. GERALDO RESENDE,GERALDO RESENDE PEREIRA,PSDB,45,PARTIDO DA SOCIAL DEMOCRACIA BRASILEIRA,PSDB/CIDADANIA,Federação PSDB Cidadania (PSDB / CIDADANIA),ELEITO POR MÉDIA,APTO,PSDB,
2022,MS,deputado federal,1,1367,CAMILA JARA,CAMILA BAZACHI JARA MARZOCHI,PT,13,PARTIDO DOS TRABALHADORES,PT/PC do B/PV,Federação Brasil da Esperança - FE BRASIL (PT / PC do B / PV),ELEITO POR MÉDIA,APTO,PT,
2022,MS,deputado federal,1,1331,VANDER LOUBET,VANDER LUIZ DOS SANTOS LOUBET,PT,13,PARTIDO DOS TRABALHADORES,PT/PC do B/PV,Federação Brasil da Esperança - FE BRASIL (PT / PC do B / PV),ELEITO POR QP,APTO,PT,
2022,MT,deputado federal,1,1555,EMANUELZINHO,EMANUEL PINHEIRO DA SILVA PRIMO TEIXEIRA,MDB,15,MOVIMENTO DEMOCRÁTICO BRASILEIRO,,MDB,ELEITO POR MÉDIA,APTO,MDB,
2022,MT,deputado federal,1,1520,JUAREZ COSTA,JUAREZ ALVES DA COSTA,MDB,15,MOVIMENTO DEMOCRÁTICO BRASILEIRO,,MDB,ELEITO POR QP,APTO,MDB,
2022,MT,deputado federal,1,2230,ABÍLIO,ABILIO JACQUES BRUNINI MOUMER,PL,22,PARTIDO LIBERAL,,PL,ELEITO POR QP,APTO,PL,
2022,MT,deputado federal,1,2202,AMÁLIA BARROS,AMÁLIA SCUDELER DE BARROS SANTOS,PL,22,PARTIDO LIBERAL,,PL,ELEITO POR MÉDIA,APTO,PL,
2022,MT,deputado federal,1,2222,CORONEL FERNANDA,RUBIA FERNANDA DINIZ ROBSON SANTOS DE SIQUEIRA,PL,22,PARTIDO LIBERAL,,PL,ELEITO POR MÉDIA,APTO,PL,
2022,MT,deputado federal,1,2210,JOSÉ MEDEIROS,JOSÉ ANTÔNIO DOS SANTOS MEDEIROS,PL,22,PARTIDO LIBERAL,,PL,ELEITO POR MÉDIA,APTO,PL,
2022,MT,deputado federal,1,4422,CORONEL ASSIS,JONILDO JOSÉ DE ASSIS,UNIÃO,44,UNIÃO BRASIL,,UNIÃO,ELEITO POR MÉDIA,APTO,UNIÃO,
2022,MT,deputado federal,1,4400,FÁBIO GARCIA,FÁBIO PAULINO GARCIA,UNIÃO,44,UNIÃO BRASIL,,UNIÃO,ELEITO POR QP,APTO,UNIÃO,
2022,PA,deputado federal,1,1510,ANDREIA SIQUEIRA,ANDREIA BRITO GONÇALVES SIQUEIRA,MDB,15,MOVIMENTO DEMOCRÁTICO BRASILEIRO,,MDB,ELEITO POR MÉDIA,APTO,MDB,
2022,PA,deputado federal,1,1511,ANTONIO DOIDO,ANTONIO LEOCADIO DOS SANTOS,MDB,15,MOVIMENTO DEMOCRÁTICO BRASILEIRO,,MDB,ELEITO POR QP,APTO,MDB,
2022,PA,deputado federal,1,1567,DRA ALESSANDRA HABER,ALESSANDRA HABER CARVALHO SANTOS,MDB,15,MOVIMENTO DEMOCRÁTICO BRASILEIRO,,MDB,ELEITO POR QP,APTO,MDB,
2022,PA,deputado federal,1,1515,ELCIONE,ELCIONE THEREZINHA ZAHLUTH BARBALHO,MDB,15,MOVIMENTO DEMOCRÁTICO BRASILEIRO,,MDB,ELEITO POR QP,APTO,MDB,
2022,PA,deputado federal,1,1522,HENDERSON PINTO,HENDERSON LIRA PINTO,MDB,15,MOVIMENTO DEMOCRÁTICO BRASILEIRO,,MDB,ELEITO POR MÉDIA,APTO,MDB,
2022,PA,deputado federal,1,1512,KENISTON,KENISTON DE JESUS REGO BRAGA,MDB,15,MOVIMENTO DEMOCRÁTICO BRASILEIRO,,MDB,ELEITO POR MÉDIA,APTO,MDB,
2022,PA,deputado federal,1,1500,OLIVAL MARQUES,OLIVAL HENRIQUE MARQUES DE SOUZA,MDB,15,MOVIMENTO DEMOCRÁTICO BRASILEIRO,,MDB,ELEITO POR MÉDIA,APTO,MDB,
2022,PA,deputado federal,1,1555,PRIANTE,JOSE BENITO PRIANTE JUNIOR,MDB,15,MOVIMENTO DEMOCRÁTICO BRASILEIRO,,MDB,ELEITO POR QP,APTO,MDB,
2022,PA,deputado federal,1,1577,RENILCE NICODEMOS,RENILCE CONCEIÇÃO NICODEMOS DE ALBUQUERQUE,MDB,15,MOVIMENTO DEMOCRÁTICO BRASILEIRO,,MDB,ELEITO POR QP,APTO,MDB,
2022,PA,deputado federal,1,2217,DELEGADO CAVEIRA,LENILDO MENDES DOS SANTOS SERTÃO,PL,22,PARTIDO LIBERAL,,PL,ELEITO POR MÉDIA,APTO,PL,
2022,PA,deputado federal,1,2222,DELEGADO EDER MAURO,EDER MAURO CARDOSO BARRA,PL,22,PARTIDO LIBERAL,,PL,ELEITO POR QP,APTO,PL,
2022,PA,deputado federal,1,2200,JOAQUIM PASSARINHO,JOAQUIM PASSARINHO PINTO DE SOUZA PORTO,PL,22,PARTIDO LIBERAL,,PL,ELEITO POR QP,APTO,PL,
2022,PA,deputado federal,1,5588,JÚNIOR FERRARI,JOÃO FERRARI JÚNIOR,PSD,55,PARTIDO SOCIAL DEMOCRÁTICO,,PSD,ELEITO POR QP,APTO,PSD,
2022,PA,deputado federal,1,5522,RAIMUNDO SANTOS,RAIMUNDO JOSE PEREIRA DOS SANTOS,PSD,55,PARTIDO SOCIAL DEMOCRÁTICO,,PSD,ELEITO POR MÉDIA,APTO,PSD,
2022,PA,deputado federal,1,1321,AIRTON FALEIRO,AIRTON LUIZ FALEIRO,PT,13,PARTIDO DOS TRABALHADORES,PT/PC do B/PV,Federação Brasil da Esperança - FE BRASIL (PT / PC do B / PV),ELEITO POR MÉDIA,APTO,PT,
2022,PA,deputado federal,1,1313,DILVANDA FARO,DILVANDA FURTADO FARO,PT,13,PARTIDO DOS TRABALHADORES,PT/PC do B/PV,Federação Brasil da Esperança - FE BRASIL (PT / PC do B / PV),ELEITO POR QP,APTO,PT,
2022,PA,deputado federal,1,4444,CELSO SABINO,CELSO SABINO DE OLIVEIRA,UNIÃO,44,UNIÃO BRASIL,,UNIÃO,ELEITO POR QP,APTO,UNIÃO,
2022,PB,deputado federal,1,2210,CABO GILBERTO SILVA,GILBERTO GOMES DA SILVA,PL,22,PARTIDO LIBERAL,,PL,ELEITO POR QP,APTO,PL,
2022,PB,deputado federal,1,2222,WELLINGTON ROBERTO,JOSÉ WELLINGTON ROBERTO,PL,22,PARTIDO LIBERAL,,PL,ELEITO POR MÉDIA,APTO,PL,
2022,PB,deputado federal,1,1111,AGUINALDO RIBEIRO,AGUINALDO VELLOSO BORGES RIBEIRO,PP,11,PROGRESSISTAS,,PP,ELEITO POR QP,APTO,PP,
2022,PB,deputado federal,1,1144,MERSINHO LUCENA,FRANCISCO EMERSON ASSIS DE LUCENA,PP,11,PROGRESSISTAS,,PP,ELEITO POR MÉDIA,APTO,PP,
2022,PB,deputado federal,1,4040,GERVASIO MAIA,GERVASIO AGRIPINO MAIA,PSB,40,PARTIDO SOCIALISTA BRASILEIRO,,PSB,ELEITO POR QP,APTO,PSB,
2022,PB,deputado federal,1,2011,ROMERO RODRIGUES,ROMERO RODRIGUES VEIGA,PSC,20,PARTIDO SOCIAL CRISTÃO,,PSC,ELEITO POR QP,APTO,PSC,
2022,PB,deputado federal,1,2030,RUY CARNEIRO,RUY MANUEL CARNEIRO BARBOSA DE AÇA BELCHIOR,PSC,20,PARTIDO SOCIAL CRISTÃO,,PSC,ELEITO POR MÉDIA,APTO,PSC,
2022,PB,deputado federal,1,1312,LUIZ COUTO,LUIZ ALBUQUERQUE COUTO,PT,13,PARTIDO DOS TRABALHADORES,PT/PC do B/PV,Federação Brasil da Esperança - FE BRASIL (PT / PC do B / PV),ELEITO POR QP,APTO,PT,
2022,PB,deputado federal,1,1011,HUGO MOTTA,HUGO MOTTA WANDERLEY DA NOBREGA,REPUBLICANOS,10,REPUBLICANOS,,REPUBLICANOS,ELEITO POR QP,APTO,REPUBLICANOS,
2022,PB,deputado federal,1,1044,MURILO GALDINO,CÁSSIO MURILO GALDINO DE ARAÚJO,REPUBLICANOS,10,REPUBLICANOS,,REPUBLICANOS,ELEITO POR QP,APTO,REPUBLICANOS,
2022,PB,deputado federal,1,1010,WILSON SANTIAGO,JOSÉ WILSON SANTIAGO,REPUBLICANOS,10,REPUBLICANOS,,REPUBLICANOS,ELEITO POR MÉDIA,APTO,REPUBLICANOS,
2022,PB,deputado federal,1,4412,DR. DAMIÃO,DAMIÃO FELICIANO DA SILVA,UNIÃO,44,UNIÃO BRASIL,,UNIÃO,ELEITO POR QP,APTO,UNIÃO,
2022,PE,deputado federal,1,7070,WALDEMAR OLIVEIRA,WALDEMAR DE ANDRADA IGNÁCIO DE OLIVEIRA,AVANTE,70,AVANTE,,AVANTE,ELEITO POR QP,APTO,AVANTE,
2022,PE,deputado federal,1,1555,IZA ARRUDA,IZA PAULA DE DEUS E MELLO ALBUQUERQUE ARRUDA,MDB,15,MOVIMENTO DEMOCRÁTICO BRASILEIRO,,MDB,ELEITO POR QP,APTO,MDB,
2022,PE,deputado federal,1,6513,RENILDO CALHEIROS,RENILDO VASCONCELOS CALHEIROS,PC do B,65,PARTIDO COMUNISTA DO BRASIL,PT/PC do B/PV,Federação Brasil da Esperança - FE BRASIL (PT / PC do B / PV),ELEITO POR MÉDIA,APTO,PC do B,
2022,PE,deputado federal,1,2222,ANDRÉ FERREIRA,ANDRÉ FERREIRA RODRIGUES,PL,22,PARTIDO LIBERAL,,PL,ELEITO POR QP,APTO,PL,
2022,PE,deputado federal,1,2210,CORONEL MEIRA,LUIZ DE FRANÇA E SILVA MEIRA,PL,22,PARTIDO LIBERAL,,PL,ELEITO POR QP,APTO,PL,
2022,PE,deputado federal,1,2233,FERNANDO RODOLFO,FERNANDO RODOLFO TENÓRIO DE VASCONCELOS,PL,22,PARTIDO LIBERAL,,PL,ELEITO POR MÉDIA,APTO,PL,
2022,PE,deputado federal,1,2200,PASTOR EURICO,FRANCISCO EURICO DA SILVA,PL,22,PARTIDO LIBERAL,,PL,ELEITO POR QP,APTO,PL,
2022,PE,deputado federal,1,1122,CLARISSA TÉRCIO,ERICA CLARISSA BORBA CORDEIRO DE MOURA,PP,11,PROGRESSISTAS,,PP,ELEITO POR QP,APTO,PP,
2022,PE,deputado federal,1,1111,EDUARDO DA FONTE,EDUARDO HENRIQUE DA FONTE DE ALBUQUERQUE SILVA,PP,11,PROGRESSISTAS,,PP,ELEITO POR QP,APTO,PP,
2022,PE,deputado federal,1,1190,FERNANDO MONTEIRO,FERNANDO MONTEIRO DE ALBUQUERQUE,PP,11,PROGRESSISTAS,,PP,ELEITO POR QP,APTO,PP,
2022,PE,deputado federal,1,1100,LULA DA FONTE,LUIZ EDUARDO DE QUEIROZ CAMPOS DA FONTE ALBUQUERQUE,PP,11,PROGRESSISTAS,,PP,ELEITO POR MÉDIA,APTO,PP,
2022,PE,deputado federal,1,4044,ERIBERTO MEDEIROS,JOSE ERIBERTO MEDEIROS DE OLIVEIRA,PSB,40,PARTIDO SOCIALISTA BRASILEIRO,,PSB,ELEITO POR QP,APTO,PSB,
2022,PE,deputado federal,1,4004,FELIPE  CARRERAS,FELIPE AUGUSTO LYRA CARRERAS,PSB,40,PARTIDO SOCIALISTA BRASILEIRO,,PSB,ELEITO POR MÉDIA,APTO,PSB,
2022,PE,deputado federal,1,4019,GUILHERME UCHOA JUNIOR,GUILHERME ARISTOTELES UCHOA CAVALCANTI PESSOA DE MELO JUNIOR,PSB,40,PARTIDO SOCIALISTA BRASILEIRO,,PSB,ELEITO POR MÉDIA,APTO,PSB,
2022,PE,deputado federal,1,4011,LUCAS RAMOS,LUCAS CAVALCANTI RAMOS,PSB,40,PARTIDO SOCIALISTA BRASILEIRO,,PSB,ELEITO POR QP,APTO,PSB,
2022,PE,deputado federal,1,4040,PEDRO CAMPOS,PEDRO HENRIQUE DE ANDRADE LIMA CARNEIRO CAMPOS,PSB,40,PARTIDO SOCIALISTA BRASILEIRO,,PSB,ELEITO POR QP,APTO,PSB,
2022,PE,deputado federal,1,1314,CARLOS VERAS,JOSÉ CARLOS VERAS DOS SANTOS,PT,13,PARTIDO DOS TRABALHADORES,PT/PC do B/PV,Federação Brasil da Esperança - FE BRASIL (PT / PC do B / PV),ELEITO POR QP,APTO,PT,
2022,PE,deputado federal,1,4333,CLODOALDO MAGALHÃES,CLODOALDO MAGALHÃES OLIVEIRA LYRA,PV,43,PARTIDO VERDE,PT/PC do B/PV,Federação Brasil da Esperança - FE BRASIL (PT / PC do B / PV),ELEITO POR QP,APTO,PV,
2022,PE,deputado federal,1,1818,TÚLIO GADELHA,TÚLIO GADELHA SALES DE MELO,REDE,18,REDE SUSTENTABILIDADE,PSOL/REDE,Federação PSOL REDE (PSOL / REDE),ELEITO POR QP,APTO,REDE,
2022,PE,deputado federal,1,1000,AUGUSTO COUTINHO,AUGUSTO RODRIGUES COUTINHO DE MELO,REPUBLICANOS,10,REPUBLICANOS,,REPUBLICANOS,ELEITO POR QP,APTO,REPUBLICANOS,
2022,PE,deputado federal,1,1010,SILVIO COSTA FILHO,SILVIO SERAFIM COSTA FILHO,REPUBLICANOS,10,REPUBLICANOS,,REPUBLICANOS,ELEITO POR QP,APTO,REPUBLICANOS,
2022,PE,deputado federal,1,7713,MARIA ARRAES,MARIA LEAL ARRAES DE ALENCAR,SOLIDARIEDADE,77,SOLIDARIEDADE,,SOLIDARIEDADE,ELEITO POR MÉDIA,APTO,SOLIDARIEDADE,
2022,PE,deputado federal,1,4401,FERNANDO FILHO,FERNANDO BEZERRA DE SOUZA COELHO FILHO,UNIÃO,44,UNIÃO BRASIL,,UNIÃO,ELEITO POR QP,APTO,UNIÃO,
2022,PE,deputado federal,1,4444,LUCIANO BIVAR,LUCIANO CALDAS BIVAR,UNIÃO,44,UNIÃO BRASIL,,UNIÃO,ELEITO POR MÉDIA,APTO,UNIÃO,
2022,PE,deputado federal,1,4433,MENDONÇA FILHO,JOSÉ MENDONÇA BEZERRA FILHO,UNIÃO,44,UNIÃO BRASIL,,UNIÃO,ELEITO POR QP,APTO,UNIÃO,
2022,PI,deputado federal,1,1110,ATILA,ÁTILA DE MELO LIRA,PP,11,PROGRESSISTAS,,PP,ELEITO POR QP,APTO,PP,
2022,PI,deputado federal,1,1111,JULIO ARCOVERDE,JULIO FERRAZ ARCOVERDE,PP,11,PROGRESSISTAS,,PP,ELEITO POR QP,APTO,PP,
2022,PI,deputado federal,1,5510,CASTRO NETO,JOSÉ DIAS DE CASTRO NETO,PSD,55,PARTIDO SOCIAL DEMOCRÁTICO,,PSD,ELEITO POR QP,APTO,PSD,
2022,PI,deputado federal,1,5555,JULIO CÉSAR,JULIO CÉSAR DE CARVALHO LIMA,PSD,55,PARTIDO SOCIAL DEMOCRÁTICO,,PSD,ELEITO POR QP,APTO,PSD,
2022,PI,deputado federal,1,5515,MARCOS AURELIO SAMPAIO,MARCOS AURELIO PADUA RIBEIRO GONÇALVES DE SAMPAIO,PSD,55,PARTIDO SOCIAL DEMOCRÁTICO,,PSD,ELEITO POR MÉDIA,APTO,PSD,
2022,PI,deputado federal,1,1313,DR. FRANCISCO,FRANCISCO DE ASSIS DE OLIVEIRA COSTA,PT,13,PARTIDO DOS TRABALHADORES,PT/PC do B/PV,Federação Brasil da Esperança - FE BRASIL (PT / PC do B / PV),ELEITO POR QP,APTO,PT,
2022,PI,deputado federal,1,1312,FLAVIO NOGUEIRA,FLAVIO RODRIGUES NOGUEIRA,PT,13,PARTIDO DOS TRABALHADORES,PT/PC do B/PV,Federação Brasil da Esperança - FE BRASIL (PT / PC do B / PV),ELEITO POR MÉDIA,APTO,PT,
2022,PI,deputado federal,1,1310,FLORENTINO NETO,FLORENTINO ALVES VERAS NETO,PT,13,PARTIDO DOS TRABALHADORES,PT/PC do B/PV,Federação Brasil da Esperança - FE BRASIL (PT / PC do B / PV),ELEITO POR QP,APTO,PT,
2022,PI,deputado federal,1,1311,REJANE DIAS,REJANE RIBEIRO SOUSA DIAS,PT,13,PARTIDO DOS TRABALHADORES,PT/PC do B/PV,Federação Brasil da Esperança - FE BRASIL (PT / PC do B / PV),ELEITO POR QP,APTO,PT,
2022,PI,deputado federal,1,4333,JADYEL DA JUPI,JADYEL SILVA ALENCAR,PV,43,PARTIDO VERDE,PT/PC do B/PV,Federação Brasil da Esperança - FE BRASIL (PT / PC do B / PV),ELEITO POR MÉDIA,APTO,PV,
2022,PR,deputado federal,1,1512,SÉRGIO SOUZA,SERGIO DE SOUZA,MDB,15,MOVIMENTO DEMOCRÁTICO BRASILEIRO,,MDB,ELEITO POR QP,APTO,MDB,
2022,PR,deputado federal,1,2201,FILIPE BARROS,FILIPE BARROS BAPTISTA DE TOLEDO RIBEIRO,PL,22,PARTIDO LIBERAL,,PL,ELEITO POR QP,APTO,PL,
2022,PR,deputado federal,1,2222,GIACOBO,FERNANDO LUCIO GIACOBO,PL,22,PARTIDO LIBERAL,,PL,ELEITO POR QP,APTO,PL,
2022,PR,deputado federal,1,2277,VERMELHO,NELSI COGUETTO MARIA,PL,22,PARTIDO LIBERAL,,PL,ELEITO POR MÉDIA,APTO,PL,
2022,PR,deputado federal,1,1919,DELTAN DALLAGNOL,DELTAN MARTINAZZO DALLAGNOL,PODE,19,PODEMOS,,PODE,ELEITO POR QP,INAPTO,PODE,"Consta como eleito na base do TSE, com a candidatura registrada hoje como inapta."
2022,PR,deputado federal,1,1122,DILCEU SPERAFICO,DILCEU JOÃO SPERAFICO,PP,11,PROGRESSISTAS,,PP,ELEITO POR MÉDIA,APTO,PP,
2022,PR,deputado federal,1,1111,PEDRO LUPION,PEDRO DEBONI LUPION MELLO,PP,11,PROGRESSISTAS,,PP,ELEITO POR QP,APTO,PP,
2022,PR,deputado federal,1,1151,RICARDO BARROS,RICARDO JOSÉ MAGALHÃES BARROS,PP,11,PROGRESSISTAS,,PP,ELEITO POR QP,APTO,PP,
2022,PR,deputado federal,1,1199,TIÃO MEDEIROS,SEBASTIÃO HENRIQUE DE MEDEIROS,PP,11,PROGRESSISTAS,,PP,ELEITO POR QP,APTO,PP,
2022,PR,deputado federal,1,9090,TONINHO WANDSCHEER,ANTONIO WANDSCHEER,PROS,90,PARTIDO REPUBLICANO DA ORDEM SOCIAL,,PROS,ELEITO POR QP,APTO,PROS,
2022,PR,deputado federal,1,4040,LUCIANO DUCCI,LUCIANO DUCCI,PSB,40,PARTIDO SOCIALISTA BRASILEIRO,,PSB,ELEITO POR MÉDIA,APTO,PSB,
2022,PR,deputado federal,1,5501,BETO PRETO,CARLOS ALBERTO GEBRIM PRETO,PSD,55,PARTIDO SOCIAL DEMOCRÁTICO,,PSD,ELEITO POR QP,APTO,PSD,
2022,PR,deputado federal,1,5500,LEANDRE,LEANDRE DAL PONTE,PSD,55,PARTIDO SOCIAL DEMOCRÁTICO,,PSD,ELEITO POR QP,APTO,PSD,
2022,PR,deputado federal,1,5522,LUIZ NISHIMORI,LUIZ HILOSHI NISHIMORI,PSD,55,PARTIDO SOCIAL DEMOCRÁTICO,,PSD,ELEITO POR MÉDIA,APTO,PSD,
2022,PR,deputado federal,1,5511,LUÍSA CANZIANI,LUÍSA CANZIANI DOS SANTOS SILVEIRA,PSD,55,PARTIDO SOCIAL DEMOCRÁTICO,,PSD,ELEITO POR MÉDIA,APTO,PSD,
2022,PR,deputado federal,1,5512,PAULO LITRO,PAULO HENRIQUE COLETTI FERNANDES,PSD,55,PARTIDO SOCIAL DEMOCRÁTICO,,PSD,ELEITO POR QP,APTO,PSD,
2022,PR,deputado federal,1,5555,SANDRO ALEX,SANDRO ALEX CRUZ DE OLIVEIRA,PSD,55,PARTIDO SOCIAL DEMOCRÁTICO,,PSD,ELEITO POR QP,APTO,PSD,
2022,PR,deputado federal,1,5590,SARGENTO FAHUR,GILSON CARDOSO FAHUR,PSD,55,PARTIDO SOCIAL DEMOCRÁTICO,,PSD,ELEITO POR QP,APTO,PSD,
2022,PR,deputado federal,1,4545,BETO RICHA,CARLOS ALBERTO RICHA,PSDB,45,PARTIDO DA SOCIAL DEMOCRACIA BRASILEIRA,PSDB/CIDADANIA,Federação PSDB Cidadania (PSDB / CIDADANIA),ELEITO POR MÉDIA,APTO,PSDB,
2022,PR,deputado federal,1,1363,CAROL DARTORA,ANA CAROLINA MOURA MELO DARTORA,PT,13,PARTIDO DOS TRABALHADORES,PT/PC do B/PV,Federação Brasil da Esperança - FE BRASIL (PT / PC do B / PV),ELEITO POR QP,APTO,PT,
2022,PR,deputado federal,1,1330,ENIO VERRI,ENIO JOSÉ VERRI,PT,13,PARTIDO DOS TRABALHADORES,PT/PC do B/PV,Federação Brasil da Esperança - FE BRASIL (PT / PC do B / PV),ELEITO POR QP,APTO,PT,
2022,PR,deputado federal,1,1313,GLEISI,GLEISI HELENA HOFFMANN,PT,13,PARTIDO DOS TRABALHADORES,PT/PC do B/PV,Federação Brasil da Esperança - FE BRASIL (PT / PC do B / PV),ELEITO POR QP,APTO,PT,
2022,PR,deputado federal,1,1331,TADEU VENERI,ANTONIO TADEU VENERI,PT,13,PARTIDO DOS TRABALHADORES,PT/PC do B/PV,Federação Brasil da Esperança - FE BRASIL (PT / PC do B / PV),ELEITO POR MÉDIA,APTO,PT,
2022,PR,deputado federal,1,1310,ZECA DIRCEU,JOSE CARLOS BECKER DE OLIVEIRA E SILVA,PT,13,PARTIDO DOS TRABALHADORES,PT/PC do B/PV,Federação Brasil da Esperança - FE BRASIL (PT / PC do B / PV),ELEITO POR QP,APTO,PT,
2022,PR,deputado federal,1,4343,ALIEL MACHADO,ALIEL MACHADO BARK,PV,43,PARTIDO VERDE,PT/PC do B/PV,Federação Brasil da Esperança - FE BRASIL (PT / PC do B / PV),ELEITO POR MÉDIA,APTO,PV,
2022,PR,deputado federal,1,1000,DIEGO GARCIA,DIEGO ALEXSANDER GONÇALO PAULA GARCIA,REPUBLICANOS,10,REPUBLICANOS,,REPUBLICANOS,ELEITO POR QP,APTO,REPUBLICANOS,
2022,PR,deputado federal,1,4411,DELEGADO MATHEUS LAIOLA,MATHEUS ARAUJO LAIOLA,UNIÃO,44,UNIÃO BRASIL,,UNIÃO,ELEITO POR QP,APTO,UNIÃO,
2022,PR,deputado federal,1,4444,FELIPE FRANCISCHINI,LUIS FELIPE BONATTO FRANCISCHINI,UNIÃO,44,UNIÃO BRASIL,,UNIÃO,ELEITO POR QP,APTO,UNIÃO,
2022,PR,deputado federal,1,4455,GERALDO MENDES,GERALDO GABRIEL MENDES,UNIÃO,44,UNIÃO BRASIL,,UNIÃO,ELEITO POR QP,APTO,UNIÃO,
2022,PR,deputado federal,1,4433,PADOVANI,NELSON FERNANDO PADOVANI,UNIÃO,44,UNIÃO BRASIL,,UNIÃO,ELEITO POR MÉDIA,APTO,UNIÃO,
2022,RJ,deputado federal,1,1516,GUTEMBERG REIS,GUTEMBERG REIS DE OLIVEIRA,MDB,15,MOVIMENTO DEMOCRÁTICO BRASILEIRO,,MDB,ELEITO POR QP,APTO,MDB,
2022,RJ,deputado federal,1,1522,OTONI DE PAULA,OTONI MOURA DE PAULO JUNIOR,MDB,15,MOVIMENTO DEMOCRÁTICO BRASILEIRO,,MDB,ELEITO POR QP,APTO,MDB,
2022,RJ,deputado federal,1,6565,JANDIRA FEGHALI,JANDIRA FEGHALI,PC do B,65,PARTIDO COMUNISTA DO BRASIL,PT/PC do B/PV,Federação Brasil da Esperança - FE BRASIL (PT / PC do B / PV),ELEITO POR QP,APTO,PC do B,
2022,RJ,deputado federal,1,1216,MARCOS TAVARES,MARCOS PAULO BARBOSA TAVARES,PDT,12,PARTIDO DEMOCRÁTICO TRABALHISTA,,PDT,ELEITO POR QP,APTO,PDT,
2022,RJ,deputado federal,1,2269,ALTINEU CORTES,ALTINEU CORTES FREITAS COUTINHO,PL,22,PARTIDO LIBERAL,,PL,ELEITO POR QP,APTO,PL,
2022,RJ,deputado federal,1,2211,CARLOS JORDY,CARLOS ROBERTO COELHO DE MATTOS JUNIOR,PL,22,PARTIDO LIBERAL,,PL,ELEITO POR QP,APTO,PL,
2022,RJ,deputado federal,1,2214,CHRIS TONIETTO,CHRISTINE NOGUEIRA DOS REIS TONIETTO,PL,22,PARTIDO LIBERAL,,PL,ELEITO POR MÉDIA,APTO,PL,
2022,RJ,deputado federal,1,2217,DELEGADO RAMAGEM,ALEXANDRE RAMAGEM RODRIGUES,PL,22,PARTIDO LIBERAL,,PL,ELEITO POR MÉDIA,APTO,PL,
2022,RJ,deputado federal,1,2212,GENERAL  PAZUELLO,EDUARDO PAZUELLO,PL,22,PARTIDO LIBERAL,,PL,ELEITO POR QP,APTO,PL,
2022,RJ,deputado federal,1,2220,HELIO FERNANDO BARBOSA LOPES,HELIO FERNANDO BARBOSA LOPES,PL,22,PARTIDO LIBERAL,,PL,ELEITO POR QP,APTO,PL,
2022,RJ,deputado federal,1,2256,LUCIANO VIEIRA,LUCIANO VIEIRA MENDES,PL,22,PARTIDO LIBERAL,,PL,ELEITO POR QP,APTO,PL,
2022,RJ,deputado federal,1,2233,LUIZ LIMA,LUIZ EDUARDO CARNEIRO DA SILVA DE SOUZA LIMA,PL,22,PARTIDO LIBERAL,,PL,ELEITO POR QP,APTO,PL,
2022,RJ,deputado federal,1,2282,ROBERTO MONTEIRO PAI,ROBERTO LUIZ RODRIGUES DE OLIVEIRA,PL,22,PARTIDO LIBERAL,,PL,ELEITO POR QP,APTO,PL,
2022,RJ,deputado federal,1,2222,SORAYA SANTOS,SORAYA ALENCAR DOS SANTOS,PL,22,PARTIDO LIBERAL,,PL,ELEITO POR QP,APTO,PL,
2022,RJ,deputado federal,1,2277,SÓSTENES CAVALCANTE,SÓSTENES SILVA CAVALCANTE,PL,22,PARTIDO LIBERAL,,PL,ELEITO POR QP,APTO,PL,
2022,RJ,deputado federal,1,1911,SARGENTO PORTUGAL,JOSE PORTUGAL NETO,PODE,19,PODEMOS,,PODE,ELEITO POR QP,APTO,PODE,
2022,RJ,deputado federal,1,1177,DOUTOR LUIZINHO,LUIZ ANTONIO DE SOUZA TEIXEIRA JUNIOR,PP,11,PROGRESSISTAS,,PP,ELEITO POR QP,APTO,PP,
2022,RJ,deputado federal,1,1111,JULIO LOPES,JULIO LUIZ BAPTISTA LOPES,PP,11,PROGRESSISTAS,,PP,ELEITO POR QP,APTO,PP,
2022,RJ,deputado federal,1,1100,MARCELO QUEIROZ,MARCELO ANDRÉ CID HERÁCLITO DO PORTO QUEIROZ,PP,11,PROGRESSISTAS,,PP,ELEITO POR QP,APTO,PP,
2022,RJ,deputado federal,1,9090,MAX,MAX RODRIGUES LEMOS,PROS,90,PARTIDO REPUBLICANO DA ORDEM SOCIAL,,PROS,ELEITO POR QP,APTO,PROS,
2022,RJ,deputado federal,1,4000,BANDEIRA DE MELLO,EDUARDO CARVALHO BANDEIRA DE MELLO,PSB,40,PARTIDO SOCIALISTA BRASILEIRO,,PSB,ELEITO POR QP,APTO,PSB,
2022,RJ,deputado federal,1,5588,DANIEL SORANZ,DANIEL RICARDO SORANZ PINTO,PSD,55,PARTIDO SOCIAL DEMOCRÁTICO,,PSD,ELEITO POR QP,APTO,PSD,
2022,RJ,deputado federal,1,5510,HUGO LEAL,HUGO LEAL MELO DA SILVA,PSD,55,PARTIDO SOCIAL DEMOCRÁTICO,,PSD,ELEITO POR QP,APTO,PSD,
2022,RJ,deputado federal,1,5566,LAURA CARNEIRO,MARIA LAURA MONTEZA DE SOUZA CARNEIRO,PSD,55,PARTIDO SOCIAL DEMOCRÁTICO,,PSD,ELEITO POR MÉDIA,APTO,PSD,
2022,RJ,deputado federal,1,5555,PEDRO PAULO,PEDRO PAULO CARVALHO TEIXEIRA,PSD,55,PARTIDO SOCIAL DEMOCRÁTICO,,PSD,ELEITO POR QP,APTO,PSD,
2022,RJ,deputado federal,1,5050,CHICO ALENCAR,FRANCISCO RODRIGUES DE ALENCAR FILHO,PSOL,50,PARTIDO SOCIALISMO E LIBERDADE,PSOL/REDE,Federação PSOL REDE (PSOL / REDE),ELEITO POR QP,APTO,PSOL,
2022,RJ,deputado federal,1,5080,GLAUBER,GLAUBER DE MEDEIROS BRAGA,PSOL,50,PARTIDO SOCIALISMO E LIBERDADE,PSOL/REDE,Federação PSOL REDE (PSOL / REDE),ELEITO POR MÉDIA,APTO,PSOL,
2022,RJ,deputado federal,1,5033,PASTOR HENRIQUE VIEIRA,HENRIQUE DOS SANTOS VIEIRA LIMA,PSOL,50,PARTIDO SOCIALISMO E LIBERDADE,PSOL/REDE,Federação PSOL REDE (PSOL / REDE),ELEITO POR MÉDIA,APTO,PSOL,
2022,RJ,deputado federal,1,5077,TALIRIA PETRONE,TALÍRIA PETRONE SOARES,PSOL,50,PARTIDO SOCIALISMO E LIBERDADE,PSOL/REDE,Federação PSOL REDE (PSOL / REDE),ELEITO POR QP,APTO,PSOL,
2022,RJ,deputado federal,1,5000,TARCÍSIO MOTTA,TARCÍSIO MOTTA DE CARVALHO,PSOL,50,PARTIDO SOCIALISMO E LIBERDADE,PSOL/REDE,Federação PSOL REDE (PSOL / REDE),ELEITO POR QP,APTO,PSOL,
2022,RJ,deputado federal,1,1377,BENEDITA DA SILVA,BENEDITA SOUZA DA SILVA SAMPAIO,PT,13,PARTIDO DOS TRABALHADORES,PT/PC do B/PV,Federação Brasil da Esperança - FE BRASIL (PT / PC do B / PV),ELEITO POR QP,APTO,PT,
2022,RJ,deputado federal,1,1301,DIMAS GADELHA,DIMAS DE PAIVA GADELHA JUNIOR,PT,13,PARTIDO DOS TRABALHADORES,PT/PC do B/PV,Federação Brasil da Esperança - FE BRASIL (PT / PC do B / PV),ELEITO POR MÉDIA,APTO,PT,
2022,RJ,deputado federal,1,1300,LINDBERGH FARIAS,LUIZ LINDBERGH FARIAS FILHO,PT,13,PARTIDO DOS TRABALHADORES,PT/PC do B/PV,Federação Brasil da Esperança - FE BRASIL (PT / PC do B / PV),ELEITO POR QP,APTO,PT,
2022,RJ,deputado federal,1,1333,REIMONT,REIMONT LUIZ OTONI SANTA BÁRBARA,PT,13,PARTIDO DOS TRABALHADORES,PT/PC do B/PV,Federação Brasil da Esperança - FE BRASIL (PT / PC do B / PV),ELEITO POR MÉDIA,APTO,PT,
2022,RJ,deputado federal,1,1313,WASHINGTON QUAQUÁ,WASHINGTON LUIZ CARDOSO SIQUEIRA,PT,13,PARTIDO DOS TRABALHADORES,PT/PC do B/PV,Federação Brasil da Esperança - FE BRASIL (PT / PC do B / PV),ELEITO POR QP,APTO,PT,
2022,RJ,deputado federal,1,1433,BEBETO,CARLOS ROBERTO RODRIGUES,PTB,14,PARTIDO TRABALHISTA BRASILEIRO,,PTB,ELEITO POR MÉDIA,APTO,PTB,
2022,RJ,deputado federal,1,1011,JORGE BRAZ,JORGE BRAZ DE OLIVEIRA,REPUBLICANOS,10,REPUBLICANOS,,REPUBLICANOS,ELEITO POR MÉDIA,APTO,REPUBLICANOS,
2022,RJ,deputado federal,1,1000,MARCELO CRIVELLA,MARCELO BEZERRA CRIVELLA,REPUBLICANOS,10,REPUBLICANOS,,REPUBLICANOS,ELEITO POR QP,APTO,REPUBLICANOS,
2022,RJ,deputado federal,1,1033,ROSANGELA GOMES,ROSANGELA DE SOUZA GOMES,REPUBLICANOS,10,REPUBLICANOS,,REPUBLICANOS,ELEITO POR QP,APTO,REPUBLICANOS,
2022,RJ,deputado federal,1,7733,AUREO RIBEIRO,AUREO LIDIO MOREIRA RIBEIRO,SOLIDARIEDADE,77,SOLIDARIEDADE,,SOLIDARIEDADE,ELEITO POR QP,APTO,SOLIDARIEDADE,
2022,RJ,deputado federal,1,4401,CHIQUINHO BRAZÃO,JOÃO FRANCISCO INÁCIO BRAZÃO,UNIÃO,44,UNIÃO BRASIL,,UNIÃO,ELEITO POR QP,APTO,UNIÃO,
2022,RJ,deputado federal,1,4477,DANI CUNHA,DANIELLE DYTZ DA CUNHA,UNIÃO,44,UNIÃO BRASIL,,UNIÃO,ELEITO POR QP,APTO,UNIÃO,
2022,RJ,deputado federal,1,4412,DANIELA DO WAGUINHO,DANIELA MOTÉ DE SOUZA CARNEIRO,UNIÃO,44,UNIÃO BRASIL,,UNIÃO,ELEITO POR QP,APTO,UNIÃO,
2022,RJ,deputado federal,1,4400,JUNINHO DO PNEU,ROGÉRIO TEIXEIRA JUNIOR,UNIÃO,44,UNIÃO BRASIL,,UNIÃO,ELEITO POR QP,APTO,UNIÃO,
2022,RJ,deputado federal,1,4444,MARCOS RR SOARES,MARCOS BEZERRA RIBEIRO SOARES,UNIÃO,44,UNIÃO BRASIL,,UNIÃO,ELEITO POR MÉDIA,APTO,UNIÃO,
2022,RJ,deputado federal,1,4452,MURILLO GOUVEA,MURILLO GOUVÊA RODRIGUES,UNIÃO,44,UNIÃO BRASIL,,UNIÃO,ELEITO POR QP,APTO,UNIÃO,
2022,RN,deputado federal,1,2210,GENERAL GIRÃO,ELIESER GIRÃO MONTEIRO FILHO,PL,22,PARTIDO LIBERAL,,PL,ELEITO POR MÉDIA,APTO,PL,
2022,RN,deputado federal,1,2222,JOÃO MAIA,JOÃO DA SILVA MAIA,PL,22,PARTIDO LIBERAL,,PL,ELEITO POR QP,APTO,PL,
2022,RN,deputado federal,1,2255,ROBINSON FARIA,ROBINSON MESQUITA DE FARIA,PL,22,PARTIDO LIBERAL,,PL,ELEITO POR MÉDIA,APTO,PL,
2022,RN,deputado federal,1,2238,SARGENTO GONÇALVES,EVANDRO GONÇALVES DA SILVA JUNIOR,PL,22,PARTIDO LIBERAL,,PL,ELEITO POR MÉDIA,APTO,PL,
2022,RN,deputado federal,1,1333,MINEIRO,FERNANDO WANDERLEY VARGAS DA SILVA,PT,13,PARTIDO DOS TRABALHADORES,PT/PC do B/PV,Federação Brasil da Esperança - FE BRASIL (PT / PC do B / PV),ELEITO POR MÉDIA,APTO,PT,
2022,RN,deputado federal,1,1311,NATÁLIA BONAVIDES,NATÁLIA BASTOS BONAVIDES,PT,13,PARTIDO DOS TRABALHADORES,PT/PC do B/PV,Federação Brasil da Esperança - FE BRASIL (PT / PC do B / PV),ELEITO POR QP,APTO,PT,
2022,RN,deputado federal,1,4444,BENES LEOCÁDIO,LUIZ BENES LEOCÁDIO DE ARAÚJO,UNIÃO,44,UNIÃO BRASIL,,UNIÃO,ELEITO POR QP,APTO,UNIÃO,
2022,RN,deputado federal,1,4488,PAULINHO FREIRE,PAULO EDUARDO DA COSTA FREIRE,UNIÃO,44,UNIÃO BRASIL,,UNIÃO,ELEITO POR MÉDIA,APTO,UNIÃO,
2022,RO,deputado federal,1,1555,LUCIO MOSQUINI,LUCIO ANTONIO MOSQUINI,MDB,15,MOVIMENTO DEMOCRÁTICO BRASILEIRO,,MDB,ELEITO POR MÉDIA,APTO,MDB,
2022,RO,deputado federal,1,1522,THIAGO FLORES,THIAGO LEITE FLORES PEREIRA,MDB,15,MOVIMENTO DEMOCRÁTICO BRASILEIRO,,MDB,ELEITO POR MÉDIA,APTO,MDB,
2022,RO,deputado federal,1,2210,CORONEL CHRISÓSTOMO,JOÃO CHRISÓSTOMO DE MOURA,PL,22,PARTIDO LIBERAL,,PL,ELEITO POR MÉDIA,APTO,PL,
2022,RO,deputado federal,1,2200,SILVIA CRISTINA,SÍLVIA CRISTINA AMANCIO CHAGAS,PL,22,PARTIDO LIBERAL,,PL,ELEITO POR QP,APTO,PL,
2022,RO,deputado federal,1,1990,RAFAEL FERA O FISCAL DO POVO,RAFAEL BENTO PEREIRA,PODE,19,PODEMOS,,PODE,ELEITO POR MÉDIA,APTO,PODE,
2022,RO,deputado federal,1,4412,CRISTIANE LOPES,CRISTIANE LOPES DA LUZ BENARROSH,UNIÃO,44,UNIÃO BRASIL,,UNIÃO,ELEITO POR MÉDIA,APTO,UNIÃO,
2022,RO,deputado federal,1,4422,DR FERNANDO MÁXIMO,FERNANDO RODRIGUES MÁXIMO,UNIÃO,44,UNIÃO BRASIL,,UNIÃO,ELEITO POR QP,APTO,UNIÃO,
2022,RO,deputado federal,1,4444,MAURÍCIO CARVALHO,MAURÍCIO FONSECA RIBEIRO CARVALHO DE MORAES,UNIÃO,44,UNIÃO BRASIL,,UNIÃO,ELEITO POR MÉDIA,APTO,UNIÃO,
2022,RR,deputado federal,1,1510,DUDA RAMOS,DUDA BRITO RAMOS,MDB,15,MOVIMENTO DEMOCRÁTICO BRASILEIRO,,MDB,ELEITO POR MÉDIA,APTO,MDB,
2022,RR,deputado federal,1,1515,HELENA DA ASATUR,MARIA HELENA TEIXEIRA LIMA,MDB,15,MOVIMENTO DEMOCRÁTICO BRASILEIRO,,MDB,ELEITO POR QP,APTO,MDB,
2022,RR,deputado federal,1,5555,ZÉ HAROLDO CATHEDRAL,JOSÉ HAROLDO FIGUEIREDO CAMPOS,PSD,55,PARTIDO SOCIAL DEMOCRÁTICO,,PSD,ELEITO POR MÉDIA,APTO,PSD,
2022,RR,deputado federal,1,1099,ALBUQUERQUE,JOSÉ FRANCISCO LOPES DE ALBUQUERQUE,REPUBLICANOS,10,REPUBLICANOS,,REPUBLICANOS,ELEITO POR MÉDIA,APTO,REPUBLICANOS,
2022,RR,deputado federal,1,1077,DEFENSOR STÉLIO DENER,STÉLIO DENER DE SOUZA CRUZ,REPUBLICANOS,10,REPUBLICANOS,,REPUBLICANOS,ELEITO POR MÉDIA,APTO,REPUBLICANOS,
2022,RR,deputado federal,1,1011,JHONATAN DE JESUS,JOHNATHAN PEREIRA DE JESUS,REPUBLICANOS,10,REPUBLICANOS,,REPUBLICANOS,ELEITO POR QP,APTO,REPUBLICANOS,
2022,RR,deputado federal,1,4444,NICOLETTI,ANTONIO CARLOS NICOLETTI,UNIÃO,44,UNIÃO BRASIL,,UNIÃO,ELEITO POR QP,APTO,UNIÃO,
2022,RR,deputado federal,1,4420,PASTOR DINIZ,RAIMUNDO DINIZ ARAÚJO,UNIÃO,44,UNIÃO BRASIL,,UNIÃO,ELEITO POR MÉDIA,APTO,UNIÃO,
2022,RS,deputado federal,1,2323,ANY ORTIZ,ANY MACHADO ORTIZ,CIDADANIA,23,CIDADANIA,PSDB/CIDADANIA,Federação PSDB Cidadania (PSDB / CIDADANIA),ELEITO POR QP,APTO,CIDADANIA,
2022,RS,deputado federal,1,1500,ALCEU MOREIRA,ALCEU MOREIRA DA SILVA,MDB,15,MOVIMENTO DEMOCRÁTICO BRASILEIRO,,MDB,ELEITO POR QP,APTO,MDB,
2022,RS,deputado federal,1,1520,MARCIO BIOLCHI,MARCIO DELLA VALLE BIOLCHI,MDB,15,MOVIMENTO DEMOCRÁTICO BRASILEIRO,,MDB,ELEITO POR MÉDIA,APTO,MDB,
2022,RS,deputado federal,1,1522,OSMAR TERRA,OSMAR GASPARINI TERRA,MDB,15,MOVIMENTO DEMOCRÁTICO BRASILEIRO,,MDB,ELEITO POR QP,APTO,MDB,
2022,RS,deputado federal,1,3030,MARCEL VAN HATTEM,MARCEL VAN HATTEM,NOVO,30,PARTIDO NOVO,,NOVO,ELEITO POR QP,APTO,NOVO,
2022,RS,deputado federal,1,6565,DAIANA SANTOS,DAIANA SILVA DOS SANTOS,PC do B,65,PARTIDO COMUNISTA DO BRASIL,PT/PC do B/PV,Federação Brasil da Esperança - FE BRASIL (PT / PC do B / PV),ELEITO POR MÉDIA,APTO,PC do B,
2022,RS,deputado federal,1,1200,AFONSO MOTTA,AFONSO ANTUNES DA MOTTA,PDT,12,PARTIDO DEMOCRÁTICO TRABALHISTA,,PDT,ELEITO POR MÉDIA,APTO,PDT,
2022,RS,deputado federal,1,1212,POMPEO DE MATTOS,DARCI POMPEO DE MATTOS,PDT,12,PARTIDO DEMOCRÁTICO TRABALHISTA,,PDT,ELEITO POR QP,APTO,PDT,
2022,RS,deputado federal,1,2200,BIBO NUNES,ALCIBIO MESQUITA BIBO NUNES,PL,22,PARTIDO LIBERAL,,PL,ELEITO POR MÉDIA,APTO,PL,
2022,RS,deputado federal,1,2222,GIOVANI CHERINI,GIOVANI CHERINI,PL,22,PARTIDO LIBERAL,,PL,ELEITO POR QP,APTO,PL,
2022,RS,deputado federal,1,2214,MARCELO MORAES,MARCELO PIRES MORAES,PL,22,PARTIDO LIBERAL,,PL,ELEITO POR QP,APTO,PL,
2022,RS,deputado federal,1,2210,SANDERSON,UBIRATAN ANTUNES SANDERSON,PL,22,PARTIDO LIBERAL,,PL,ELEITO POR QP,APTO,PL,
2022,RS,deputado federal,1,1922,MAURICIO MARCON,MAURICIO BEDIN MARCON,PODE,19,PODEMOS,,PODE,ELEITO POR QP,APTO,PODE,
2022,RS,deputado federal,1,1166,AFONSO HAMM,JOSÉ ALFONSO EBERT HAMM,PP,11,PROGRESSISTAS,,PP,ELEITO POR MÉDIA,APTO,PP,
2022,RS,deputado federal,1,1111,COVATTI FILHO,LUIS ANTONIO FRANCISCATTO COVATTI,PP,11,PROGRESSISTAS,,PP,ELEITO POR QP,APTO,PP,
2022,RS,deputado federal,1,1144,PEDRO WESTPHALEN,PEDRO BANDARRA WESTPHALEN,PP,11,PROGRESSISTAS,,PP,ELEITO POR QP,APTO,PP,
2022,RS,deputado federal,1,4012,HEITOR SCHUCH,HEITOR JOSÉ SCHUCH,PSB,40,PARTIDO SOCIALISTA BRASILEIRO,,PSB,ELEITO POR MÉDIA,APTO,PSB,
2022,RS,deputado federal,1,5501,DANRLEI DE DEUS GOLEIRO,DANRLEI DE DEUS HINTERHOLZ,PSD,55,PARTIDO SOCIAL DEMOCRÁTICO,,PSD,ELEITO POR QP,APTO,PSD,
2022,RS,deputado federal,1,4500,DANIEL TRZECIAK  DANIEL DA TV ,DANIEL TRZECIAK DUARTE,PSDB,45,PARTIDO DA SOCIAL DEMOCRACIA BRASILEIRA,PSDB/CIDADANIA,Federação PSDB Cidadania (PSDB / CIDADANIA),ELEITO POR MÉDIA,APTO,PSDB,
2022,RS,deputado federal,1,4511,LUCAS REDECKER,LUCAS BELLO REDECKER,PSDB,45,PARTIDO DA SOCIAL DEMOCRACIA BRASILEIRA,PSDB/CIDADANIA,Federação PSDB Cidadania (PSDB / CIDADANIA),ELEITO POR QP,APTO,PSDB,
2022,RS,deputado federal,1,5050,FERNANDA MELCHIONNA,FERNANDA MELCHIONNA E SILVA,PSOL,50,PARTIDO SOCIALISMO E LIBERDADE,PSOL/REDE,Federação PSOL REDE (PSOL / REDE),ELEITO POR QP,APTO,PSOL,
2022,RS,deputado federal,1,1311,ALEXANDRE LINDENMEYER,ALEXANDRE DUARTE LINDENMEYER,PT,13,PARTIDO DOS TRABALHADORES,PT/PC do B/PV,Federação Brasil da Esperança - FE BRASIL (PT / PC do B / PV),ELEITO POR QP,APTO,PT,
2022,RS,deputado federal,1,1320,BOHN GASS,ELVINO JOSÉ BOHN GASS,PT,13,PARTIDO DOS TRABALHADORES,PT/PC do B/PV,Federação Brasil da Esperança - FE BRASIL (PT / PC do B / PV),ELEITO POR QP,APTO,PT,
2022,RS,deputado federal,1,1333,DENISE PESSÔA,DENISE DA SILVA PESSÔA,PT,13,PARTIDO DOS TRABALHADORES,PT/PC do B/PV,Federação Brasil da Esperança - FE BRASIL (PT / PC do B / PV),ELEITO POR MÉDIA,APTO,PT,
2022,RS,deputado federal,1,1355,MARCON,DIONILSO MATEUS MARCON,PT,13,PARTIDO DOS TRABALHADORES,PT/PC do B/PV,Federação Brasil da Esperança - FE BRASIL (PT / PC do B / PV),ELEITO POR QP,APTO,PT,
2022,RS,deputado federal,1,1370,MARIA DO ROSÁRIO,MARIA DO ROSÁRIO NUNES,PT,13,PARTIDO DOS TRABALHADORES,PT/PC do B/PV,Federação Brasil da Esperança - FE BRASIL (PT / PC do B / PV),ELEITO POR QP,APTO,PT,
2022,RS,deputado federal,1,1307,PAULO PIMENTA,PAULO ROBERTO SEVERO PIMENTA,PT,13,PARTIDO DOS TRABALHADORES,PT/PC do B/PV,Federação Brasil da Esperança - FE BRASIL (PT / PC do B / PV),ELEITO POR QP,APTO,PT,
2022,RS,deputado federal,1,1010,CARLOS GOMES,ANTONIO CARLOS GOMES DA SILVA,REPUBLICANOS,10,REPUBLICANOS,,REPUBLICANOS,ELEITO POR QP,APTO,REPUBLICANOS,
2022,RS,deputado federal,1,1012,FRANCIANE BAYER,FRANCIANE ABADE BAYER MULLER,REPUBLICANOS,10,REPUBLICANOS,,REPUBLICANOS,ELEITO POR MÉDIA,APTO,REPUBLICANOS,
2022,RS,deputado federal,1,1022,TENENTE CORONEL ZUCCO,LUCIANO LORENZINI ZUCCO,REPUBLICANOS,10,REPUBLICANOS,,REPUBLICANOS,ELEITO POR QP,APTO,REPUBLICANOS,
2022,RS,deputado federal,1,4444,BUSATO,LUIZ CARLOS GHIORZZI BUSATO,UNIÃO,44,UNIÃO BRASIL,,UNIÃO,ELEITO POR QP,APTO,UNIÃO,
2022,SC,deputado federal,1,2323,CARMEN ZANOTTO,CARMEN EMÍLIA BONFÁ ZANOTTO,CIDADANIA,23,CIDADANIA,PSDB/CIDADANIA,Federação PSDB Cidadania (PSDB / CIDADANIA),ELEITO POR QP,APTO,CIDADANIA,
2022,SC,deputado federal,1,1570,CARLOS CHIODINI,CARLOS ALBERTO CHIODINI,MDB,15,MOVIMENTO DEMOCRÁTICO BRASILEIRO,,MDB,ELEITO POR MÉDIA,APTO,MDB,
2022,SC,deputado federal,1,1560,COBALCHINI,VALDIR VITAL COBALCHINI,MDB,15,MOVIMENTO DEMOCRÁTICO BRASILEIRO,,MDB,ELEITO POR QP,APTO,MDB,
2022,SC,deputado federal,1,1510,RAFAEL PEZENTI,RAFAEL PEZENTI,MDB,15,MOVIMENTO DEMOCRÁTICO BRASILEIRO,,MDB,ELEITO POR MÉDIA,APTO,MDB,
2022,SC,deputado federal,1,3050,GILSON MARQUES,GILSON MARQUES VIEIRA,NOVO,30,PARTIDO NOVO,,NOVO,ELEITO POR MÉDIA,APTO,NOVO,
2022,SC,deputado federal,1,2200,CAROL DE TONI,CAROLINE RODRIGUES DE TONI,PL,22,PARTIDO LIBERAL,,PL,ELEITO POR QP,APTO,PL,
2022,SC,deputado federal,1,2211,DANIEL FREITAS,DANIEL COSTA DE FREITAS,PL,22,PARTIDO LIBERAL,,PL,ELEITO POR MÉDIA,APTO,PL,
2022,SC,deputado federal,1,2210,DANIELA REINEHR,DANIELA CRISTINA REINEHR,PL,22,PARTIDO LIBERAL,,PL,ELEITO POR MÉDIA,APTO,PL,
2022,SC,deputado federal,1,2222,JORGE GOETTEN,JORGE GOETTEN DE LIMA,PL,22,PARTIDO LIBERAL,,PL,ELEITO POR QP,APTO,PL,
2022,SC,deputado federal,1,2233,JULIA ZANATTA,JULIA PEDROSO ZANATTA,PL,22,PARTIDO LIBERAL,,PL,ELEITO POR QP,APTO,PL,
2022,SC,deputado federal,1,2220,ZÉ TROVÃO,MARCOS ANTONIO PEREIRA GOMES,PL,22,PARTIDO LIBERAL,,PL,ELEITO POR MÉDIA,APTO,PL,
2022,SC,deputado federal,1,5577,ISMAEL,ISMAEL DOS SANTOS,PSD,55,PARTIDO SOCIAL DEMOCRÁTICO,,PSD,ELEITO POR QP,APTO,PSD,
2022,SC,deputado federal,1,5511,RICARDO GUIDI,RICARDO ZANATTA GUIDI,PSD,55,PARTIDO SOCIAL DEMOCRÁTICO,,PSD,ELEITO POR MÉDIA,APTO,PSD,
2022,SC,deputado federal,1,1313,ANA PAULA LIMA,ANA PAULA DE SOUZA LIMA,PT,13,PARTIDO DOS TRABALHADORES,PT/PC do B/PV,Federação Brasil da Esperança - FE BRASIL (PT / PC do B / PV),ELEITO POR QP,APTO,PT,
2022,SC,deputado federal,1,1350,PROFESSOR PEDRO UCZAI,PEDRO FRANCISCO UCZAI,PT,13,PARTIDO DOS TRABALHADORES,PT/PC do B/PV,Federação Brasil da Esperança - FE BRASIL (PT / PC do B / PV),ELEITO POR QP,APTO,PT,
2022,SC,deputado federal,1,4444,FABIO SCHIOCHET,FABIO LUIZ SCHIOCHET FILHO,UNIÃO,44,UNIÃO BRASIL,,UNIÃO,ELEITO POR QP,APTO,UNIÃO,
2022,SE,deputado federal,1,2244,ICARO DE VALMIR,ICARO BARBOSA COSTA,PL,22,PARTIDO LIBERAL,,PL,ELEITO POR MÉDIA,APTO,PL,
2022,SE,deputado federal,1,1133,THIAGO DE JOALDO,JOSE THIAGO ALVES DE CARVALHO,PP,11,PROGRESSISTAS,,PP,ELEITO POR MÉDIA,APTO,PP,
2022,SE,deputado federal,1,5505,DELEGADA KATARINA,KATARINA FEITOZA LIMA SANTANA,PSD,55,PARTIDO SOCIAL DEMOCRÁTICO,,PSD,ELEITO POR MÉDIA,APTO,PSD,
2022,SE,deputado federal,1,5555,FABIO REIS,FABIO DE ALMEIDA REIS,PSD,55,PARTIDO SOCIAL DEMOCRÁTICO,,PSD,ELEITO POR QP,APTO,PSD,
2022,SE,deputado federal,1,1311,JOAO DANIEL,JOAO SOMARIVA DANIEL,PT,13,PARTIDO DOS TRABALHADORES,PT/PC do B/PV,Federação Brasil da Esperança - FE BRASIL (PT / PC do B / PV),ELEITO POR QP,APTO,PT,
2022,SE,deputado federal,1,1077,GUSTINHO RIBEIRO,LUIZ AUGUSTO CARVALHO RIBEIRO FILHO,REPUBLICANOS,10,REPUBLICANOS,,REPUBLICANOS,ELEITO POR QP,APTO,REPUBLICANOS,
2022,SE,deputado federal,1,4477,RODRIGO VALADARES,RODRIGO SANTANA VALADARES,UNIÃO,44,UNIÃO BRASIL,,UNIÃO,ELEITO POR MÉDIA,APTO,UNIÃO,
2022,SE,deputado federal,1,4444,YANDRA DE ANDRÉ,YANDRA BARRETO FERREIRA,UNIÃO,44,UNIÃO BRASIL,,UNIÃO,ELEITO POR QP,APTO,UNIÃO,
2022,SP,deputado federal,1,2323,ALEX MANENTE,ALEX SPINELLI MANENTE,CIDADANIA,23,CIDADANIA,PSDB/CIDADANIA,Federação PSDB Cidadania (PSDB / CIDADANIA),ELEITO POR QP,APTO,CIDADANIA,
2022,SP,deputado federal,1,2345,ARNALDO JARDIM,ARNALDO CALIL PEREIRA JARDIM,CIDADANIA,23,CIDADANIA,PSDB/CIDADANIA,Federação PSDB Cidadania (PSDB / CIDADANIA),ELEITO POR QP,APTO,CIDADANIA,
2022,SP,deputado federal,1,1599,ALBERTO MOURÃO,ALBERTO PEREIRA MOURÃO,MDB,15,MOVIMENTO DEMOCRÁTICO BRASILEIRO,,MDB,ELEITO POR QP,APTO,MDB,
2022,SP,deputado federal,1,1515,BALEIA ROSSI,LUIZ FELIPE BALEIA TENUTO ROSSI,MDB,15,MOVIMENTO DEMOCRÁTICO BRASILEIRO,,MDB,ELEITO POR QP,APTO,MDB,
2022,SP,deputado federal,1,1500,DELEGADO PALUMBO,MARIO PALUMBO JUNIOR,MDB,15,MOVIMENTO DEMOCRÁTICO BRASILEIRO,,MDB,ELEITO POR QP,APTO,MDB,
2022,SP,deputado federal,1,1580,FABIO TERUEL,FÁBIO EDUARDO DE OLIVEIRA TERUEL,MDB,15,MOVIMENTO DEMOCRÁTICO BRASILEIRO,,MDB,ELEITO POR QP,APTO,MDB,
2022,SP,deputado federal,1,1520,SIMONE MARQUETTO,SIMONE APARECIDA CURRALADAS DOS SANTOS,MDB,15,MOVIMENTO DEMOCRÁTICO BRASILEIRO,,MDB,ELEITO POR MÉDIA,APTO,MDB,
2022,SP,deputado federal,1,3030,ADRIANA VENTURA,ADRIANA MIGUEL VENTURA,NOVO,30,PARTIDO NOVO,,NOVO,ELEITO POR QP,APTO,NOVO,
2022,SP,deputado federal,1,2211,ANTONIO CARLOS RODRIGUES,ANTONIO CARLOS RODRIGUES,PL,22,PARTIDO LIBERAL,,PL,ELEITO POR QP,APTO,PL,
2022,SP,deputado federal,1,2200,CAPITÃO AUGUSTO,JOSÉ AUGUSTO ROSA,PL,22,PARTIDO LIBERAL,,PL,ELEITO POR QP,APTO,PL,
2022,SP,deputado federal,1,2290,CAPITÃO DERRITE,GUILHERME MURARO DERRITE,PL,22,PARTIDO LIBERAL,,PL,ELEITO POR QP,APTO,PL,
2022,SP,deputado federal,1,2210,CARLA ZAMBELLI,CARLA ZAMBELLI SALGADO DE OLIVEIRA,PL,22,PARTIDO LIBERAL,,PL,ELEITO POR QP,APTO,PL,
2022,SP,deputado federal,1,2247,DELEGADO PAULO BILYNSKYJ,PAULO FRANCISCO MUNIZ BILYNSKYJ,PL,22,PARTIDO LIBERAL,,PL,ELEITO POR QP,APTO,PL,
2022,SP,deputado federal,1,2222,EDUARDO BOLSONARO,EDUARDO NANTES BOLSONARO,PL,22,PARTIDO LIBERAL,,PL,ELEITO POR QP,APTO,PL,
2022,SP,deputado federal,1,2274,JEFFERSON CAMPOS,JEFFERSON ALVES DE CAMPOS,PL,22,PARTIDO LIBERAL,,PL,ELEITO POR QP,APTO,PL,
2022,SP,deputado federal,1,2243,LUIZ PHILIPPE DE O BRAGANÇA,LUIZ PHILIPPE DE ORLEANS E BRAGANÇA,PL,22,PARTIDO LIBERAL,,PL,ELEITO POR QP,APTO,PL,
2022,SP,deputado federal,1,2299,MARCIO ALVINO,MARCIO LUIZ ALVINO DE SOUZA,PL,22,PARTIDO LIBERAL,,PL,ELEITO POR QP,APTO,PL,
2022,SP,deputado federal,1,2208,MARIO FRIAS,MARIO LUIS FRIAS,PL,22,PARTIDO LIBERAL,,PL,ELEITO POR QP,APTO,PL,
2022,SP,deputado federal,1,2277,MIGUEL LOMBARDI,MIGUEL LOMBARDI,PL,22,PARTIDO LIBERAL,,PL,ELEITO POR QP,APTO,PL,
2022,SP,deputado federal,1,2244,MOTTA,LUIZ CARLOS MOTTA,PL,22,PARTIDO LIBERAL,,PL,ELEITO POR QP,APTO,PL,
2022,SP,deputado federal,1,2270,PASTOR MARCO FELICIANO,MARCO ANTONIO FELICIANO,PL,22,PARTIDO LIBERAL,,PL,ELEITO POR QP,APTO,PL,
2022,SP,deputado federal,1,2233,PAULO FREIRE DA COSTA,PAULO ROBERTO FREIRE DA COSTA,PL,22,PARTIDO LIBERAL,,PL,ELEITO POR QP,APTO,PL,
2022,SP,deputado federal,1,2250,RICARDO SALLES,RICARDO DE AQUINO SALLES,PL,22,PARTIDO LIBERAL,,PL,ELEITO POR QP,APTO,PL,
2022,SP,deputado federal,1,2227,ROSANA VALLE,ROSANA DE OLIVEIRA VALLE,PL,22,PARTIDO LIBERAL,,PL,ELEITO POR QP,APTO,PL,
2022,SP,deputado federal,1,2255,TIRIRICA,FRANCISCO EVERARDO TIRIRICA OLIVEIRA SILVA,PL,22,PARTIDO LIBERAL,,PL,ELEITO POR MÉDIA,APTO,PL,
2022,SP,deputado federal,1,1910,BRUNO GANEM,BRUNO AREVALO GANEM,PODE,19,PODEMOS,,PODE,ELEITO POR QP,APTO,PODE,
2022,SP,deputado federal,1,1919,RENATA ABREU,RENATA HELLMEISTER DE ABREU MELO,PODE,19,PODEMOS,,PODE,ELEITO POR QP,APTO,PODE,
2022,SP,deputado federal,1,1977,RODRIGO GAMBALE,RODRIGO GAMBALE VIEIRA,PODE,19,PODEMOS,,PODE,ELEITO POR MÉDIA,APTO,PODE,
2022,SP,deputado federal,1,1111,DELEGADO BRUNO LIMA,BRUNO MARCELLO DE OLIVEIRA LIMA,PP,11,PROGRESSISTAS,,PP,ELEITO POR QP,APTO,PP,
2022,SP,deputado federal,1,1122,DELEGADO DA CUNHA,CARLOS ALBERTO DA CUNHA,PP,11,PROGRESSISTAS,,PP,ELEITO POR QP,APTO,PP,
2022,SP,deputado federal,1,1123,FAUSTO PINATO,FAUSTO RUY PINATO,PP,11,PROGRESSISTAS,,PP,ELEITO POR MÉDIA,APTO,PP,
2022,SP,deputado federal,1,1100,MAURICIO NEVES,MANOEL MAURICIO SILVA NEVES,PP,11,PROGRESSISTAS,,PP,ELEITO POR QP,APTO,PP,
2022,SP,deputado federal,1,4000,JONAS DONIZETTE,JONAS DONIZETTE FERREIRA,PSB,40,PARTIDO SOCIALISTA BRASILEIRO,,PSB,ELEITO POR QP,APTO,PSB,
2022,SP,deputado federal,1,4040,TABATA AMARAL,TABATA CLAUDIA AMARAL DE PONTES,PSB,40,PARTIDO SOCIALISTA BRASILEIRO,,PSB,ELEITO POR QP,APTO,PSB,
2022,SP,deputado federal,1,2020,GILBERTO NASCIMENTO,GILBERTO NASCIMENTO SILVA,PSC,20,PARTIDO SOCIAL CRISTÃO,,PSC,ELEITO POR MÉDIA,APTO,PSC,
2022,SP,deputado federal,1,5577,CEZINHA DE MADUREIRA,ANTONIO CEZAR CORREIA FREIRE,PSD,55,PARTIDO SOCIAL DEMOCRÁTICO,,PSD,ELEITO POR QP,APTO,PSD,
2022,SP,deputado federal,1,5500,MARCO BERTAIOLLI,MARCO AURELIO BERTAIOLLI,PSD,55,PARTIDO SOCIAL DEMOCRÁTICO,,PSD,ELEITO POR QP,APTO,PSD,
2022,SP,deputado federal,1,5512,RICARDO SILVA,RICARDO AUGUSTO MACHADO DA SILVA,PSD,55,PARTIDO SOCIAL DEMOCRÁTICO,,PSD,ELEITO POR QP,APTO,PSD,
2022,SP,deputado federal,1,4500,CARLOS SAMPAIO,CARLOS HENRIQUE FOCESI SAMPAIO,PSDB,45,PARTIDO DA SOCIAL DEMOCRACIA BRASILEIRA,PSDB/CIDADANIA,Federação PSDB Cidadania (PSDB / CIDADANIA),ELEITO POR MÉDIA,APTO,PSDB,
2022,SP,deputado federal,1,4533,PAULO ALEXANDRE BARBOSA,PAULO ALEXANDRE PEREIRA BARBOSA,PSDB,45,PARTIDO DA SOCIAL DEMOCRACIA BRASILEIRA,PSDB/CIDADANIA,Federação PSDB Cidadania (PSDB / CIDADANIA),ELEITO POR QP,APTO,PSDB,
2022,SP,deputado federal,1,4510,VITOR LIPPI,VITOR LIPPI,PSDB,45,PARTIDO DA SOCIAL DEMOCRACIA BRASILEIRA,PSDB/CIDADANIA,Federação PSDB Cidadania (PSDB / CIDADANIA),ELEITO POR QP,APTO,PSDB,
2022,SP,deputado federal,1,5070,ERIKA HILTON,ERIKA SANTOS SILVA,PSOL,50,PARTIDO SOCIALISMO E LIBERDADE,PSOL/REDE,Federação PSOL REDE (PSOL / REDE),ELEITO POR QP,APTO,PSOL,
2022,SP,deputado federal,1,5010,GUILHERME BOULOS,GUILHERME CASTRO BOULOS,PSOL,50,PARTIDO SOCIALISMO E LIBERDADE,PSOL/REDE,Federação PSOL REDE (PSOL / REDE),ELEITO POR QP,APTO,PSOL,
2022,SP,deputado federal,1,5021,LUIZA ERUNDINA,LUIZA ERUNDINA DE SOUSA,PSOL,50,PARTIDO SOCIALISMO E LIBERDADE,PSOL/REDE,Federação PSOL REDE (PSOL / REDE),ELEITO POR QP,APTO,PSOL,
2022,SP,deputado federal,1,5000,SÂMIA BOMFIM,SÂMIA DE SOUZA BOMFIM,PSOL,50,PARTIDO SOCIALISMO E LIBERDADE,PSOL/REDE,Federação PSOL REDE (PSOL / REDE),ELEITO POR QP,APTO,PSOL,
2022,SP,deputado federal,1,5088,SÔNIA GUAJAJARA,SÔNIA BONE DE SOUSA SILVA SANTOS,PSOL,50,PARTIDO SOCIALISMO E LIBERDADE,PSOL/REDE,Federação PSOL REDE (PSOL / REDE),ELEITO POR QP,APTO,PSOL,
2022,SP,deputado federal,1,1358,ALENCAR SANTANA,ALENCAR SANTANA BRAGA,PT,13,PARTIDO DOS TRABALHADORES,PT/PC do B/PV,Federação Brasil da Esperança - FE BRASIL (PT / PC do B / PV),ELEITO POR QP,APTO,PT,
2022,SP,deputado federal,1,1354,ALEXANDRE PADILHA,ALEXANDRE ROCHA SANTOS PADILHA,PT,13,PARTIDO DOS TRABALHADORES,PT/PC do B/PV,Federação Brasil da Esperança - FE BRASIL (PT / PC do B / PV),ELEITO POR QP,APTO,PT,
2022,SP,deputado federal,1,1322,ARLINDO CHINAGLIA,ARLINDO CHIGNALIA JUNIOR,PT,13,PARTIDO DOS TRABALHADORES,PT/PC do B/PV,Federação Brasil da Esperança - FE BRASIL (PT / PC do B / PV),ELEITO POR QP,APTO,PT,
2022,SP,deputado federal,1,1370,CARLOS ZARATTINI,CARLOS ALBERTO ROLIM ZARATTINI,PT,13,PARTIDO DOS TRABALHADORES,PT/PC do B/PV,Federação Brasil da Esperança - FE BRASIL (PT / PC do B / PV),ELEITO POR QP,APTO,PT,
2022,SP,deputado federal,1,1380,JILMAR TATTO,JILMAR AUGUSTINHO TATTO,PT,13,PARTIDO DOS TRABALHADORES,PT/PC do B/PV,Federação Brasil da Esperança - FE BRASIL (PT / PC do B / PV),ELEITO POR QP,APTO,PT,
2022,SP,deputado federal,1,1333,JULIANA CARDOSO,JULIANA CARDOSO,PT,13,PARTIDO DOS TRABALHADORES,PT/PC do B/PV,Federação Brasil da Esperança - FE BRASIL (PT / PC do B / PV),ELEITO POR MÉDIA,APTO,PT,
2022,SP,deputado federal,1,1301,KIKO CELEGUIM,FRANCISCO DANIEL CELEGUIM DE MORAIS,PT,13,PARTIDO DOS TRABALHADORES,PT/PC do B/PV,Federação Brasil da Esperança - FE BRASIL (PT / PC do B / PV),ELEITO POR QP,APTO,PT,
2022,SP,deputado federal,1,1355,LUIZ MARINHO,LUIZ MARINHO,PT,13,PARTIDO DOS TRABALHADORES,PT/PC do B/PV,Federação Brasil da Esperança - FE BRASIL (PT / PC do B / PV),ELEITO POR QP,APTO,PT,
2022,SP,deputado federal,1,1353,NILTO TATTO,NILTO IGNÁCIO TATTO,PT,13,PARTIDO DOS TRABALHADORES,PT/PC do B/PV,Federação Brasil da Esperança - FE BRASIL (PT / PC do B / PV),ELEITO POR QP,APTO,PT,
2022,SP,deputado federal,1,1398,PAULO TEIXEIRA,LUIZ PAULO TEIXEIRA FERREIRA,PT,13,PARTIDO DOS TRABALHADORES,PT/PC do B/PV,Federação Brasil da Esperança - FE BRASIL (PT / PC do B / PV),ELEITO POR MÉDIA,APTO,PT,
2022,SP,deputado federal,1,1313,RUI FALCÃO,RUI GOETHE DA COSTA FALCÃO,PT,13,PARTIDO DOS TRABALHADORES,PT/PC do B/PV,Federação Brasil da Esperança - FE BRASIL (PT / PC do B / PV),ELEITO POR QP,APTO,PT,
2022,SP,deputado federal,1,1818,MARINA SILVA,MARIA OSMARINA MARINA DA SILVA VAZ DE LIMA,REDE,18,REDE SUSTENTABILIDADE,PSOL/REDE,Federação PSOL REDE (PSOL / REDE),ELEITO POR QP,APTO,REDE,
2022,SP,deputado federal,1,1000,CELSO RUSSOMANNO,CELSO UBIRAJARA RUSSOMANNO,REPUBLICANOS,10,REPUBLICANOS,,REPUBLICANOS,ELEITO POR QP,APTO,REPUBLICANOS,
2022,SP,deputado federal,1,1010,MARCOS PEREIRA,MARCOS ANTONIO PEREIRA,REPUBLICANOS,10,REPUBLICANOS,,REPUBLICANOS,ELEITO POR QP,APTO,REPUBLICANOS,
2022,SP,deputado federal,1,1022,MARIA ROSAS,MARIA DO PARTO MENDES ROSAS,REPUBLICANOS,10,REPUBLICANOS,,REPUBLICANOS,ELEITO POR MÉDIA,APTO,REPUBLICANOS,
2022,SP,deputado federal,1,1055,MILTON VIEIRA,MILTON VIEIRA PINTO,REPUBLICANOS,10,REPUBLICANOS,,REPUBLICANOS,ELEITO POR QP,APTO,REPUBLICANOS,
2022,SP,deputado federal,1,1085,VINICIUS CARVALHO,VINICIUS RAPOZO DE CARVALHO,REPUBLICANOS,10,REPUBLICANOS,,REPUBLICANOS,ELEITO POR QP,APTO,REPUBLICANOS,
2022,SP,deputado federal,1,7780,MARCELO LIMA,MARCELO DE LIMA FERNANDES,SOLIDARIEDADE,77,SOLIDARIEDADE,,SOLIDARIEDADE,ELEITO POR QP,APTO,SOLIDARIEDADE,
2022,SP,deputado federal,1,4425,ALEXANDRE LEITE,ALEXANDRE LEITE DA SILVA,UNIÃO,44,UNIÃO BRASIL,,UNIÃO,ELEITO POR QP,APTO,UNIÃO,
2022,SP,deputado federal,1,4411,DAVID SOARES,DAVID BEZERRA RIBEIRO SOARES,UNIÃO,44,UNIÃO BRASIL,,UNIÃO,ELEITO POR QP,APTO,UNIÃO,
2022,SP,deputado federal,1,4407,FELIPE BECARI,FELIPE BECARI COMENALE,UNIÃO,44,UNIÃO BRASIL,,UNIÃO,ELEITO POR QP,APTO,UNIÃO,
2022,SP,deputado federal,1,4433,KIM KATAGUIRI,KIM PATROCA KATAGUIRI,UNIÃO,44,UNIÃO BRASIL,,UNIÃO,ELEITO POR QP,APTO,UNIÃO,
2022,SP,deputado federal,1,4440,MARANGONI,FERNANDO JOSE DE SOUZA MARANGONI,UNIÃO,44,UNIÃO BRASIL,,UNIÃO,ELEITO POR MÉDIA,APTO,UNIÃO,
2022,SP,deputado federal,1,4400,ROSÂNGELA MORO,ROSANGELA MARIA WOLFF DE QUADROS MORO,UNIÃO,44,UNIÃO BRASIL,,UNIÃO,ELEITO POR QP,APTO,UNIÃO,
2022,TO,deputado federal,1,2200,ELI BORGES,ELI DIAS BORGES,PL,22,PARTIDO LIBERAL,,PL,ELEITO POR MÉDIA,APTO,PL,
2022,TO,deputado federal,1,2222,FILIPE MARTINS,FILIPE MARTINS DOS SANTOS,PL,22,PARTIDO LIBERAL,,PL,ELEITO POR MÉDIA,APTO,PL,
2022,TO,deputado federal,1,1988,TIAGO DIMAS,TIAGO DIMAS BRAGA PEREIRA,PODE,19,PODEMOS,,PODE,ELEITO POR MÉDIA,APTO,PODE,
2022,TO,deputado federal,1,1111,VICENTINHO JUNIOR,VICENTE ALVES DE OLIVEIRA JUNIOR,PP,11,PROGRESSISTAS,,PP,ELEITO POR MÉDIA,APTO,PP,
2022,TO,deputado federal,1,1088,ALEXANDRE GUIMARÃES,JOSÉ ALEXANDRE DOMINGUES GUIMARÃES,REPUBLICANOS,10,REPUBLICANOS,,REPUBLICANOS,ELEITO POR MÉDIA,APTO,REPUBLICANOS,
2022,TO,deputado federal,1,1000,RICARDO AYRES,RICARDO AYRES DE CARVALHO,REPUBLICANOS,10,REPUBLICANOS,,REPUBLICANOS,ELEITO POR MÉDIA,APTO,REPUBLICANOS,
2022,TO,deputado federal,1,1011,TOINHO ANDRADE,ANTONIO POINCARE ANDRADE FILHO,REPUBLICANOS,10,REPUBLICANOS,,REPUBLICANOS,ELEITO POR QP,APTO,REPUBLICANOS,
2022,TO,deputado federal,1,4444,CARLOS GAGUIM,CARLOS HENRIQUE AMORIM,UNIÃO,44,UNIÃO BRASIL,,UNIÃO,ELEITO POR QP,APTO,UNIÃO,
2022,AC,deputado estadual,1,15122,ANTONIA SALES,ANTONIA ROJAS SALES,MDB,15,MOVIMENTO DEMOCRÁTICO BRASILEIRO,,MDB,ELEITO POR QP,APTO,MDB,
2022,AC,deputado estadual,1,15000,EMERSON JARUDE,EMERSON OLIVEIRA JARUDE THOMAZ,MDB,15,MOVIMENTO DEMOCRÁTICO BRASILEIRO,,MDB,ELEITO POR QP,APTO,MDB,
2022,AC,deputado estadual,1,15555,TANIZIO SÁ,JOSÉ ALTANIZIO TAUMATURGO SÁ,MDB,15,MOVIMENTO DEMOCRÁTICO BRASILEIRO,,MDB,ELEITO POR MÉDIA,APTO,MDB,
2022,AC,deputado estadual,1,65123,EDVALDO MAGALHÃES,EDVALDO SOARES DE MAGALHÃES,PC do B,65,PARTIDO COMUNISTA DO BRASIL,PT/PC do B/PV,Federação Brasil da Esperança - FE BRASIL (PT / PC do B / PV),ELEITO POR QP,APTO,PC do B,
2022,AC,deputado estadual,1,12456,CHICO VIGA,FRANCISCO DE OLIVEIRA VIGA,PDT,12,PARTIDO DEMOCRÁTICO TRABALHISTA,,PDT,ELEITO POR MÉDIA,APTO,PDT,
2022,AC,deputado estadual,1,12555,DR. MICHELLE MELO,MICHELLE DE OLIVEIRA MELO WICIUK,PDT,12,PARTIDO DEMOCRÁTICO TRABALHISTA,,PDT,ELEITO POR QP,APTO,PDT,
2022,AC,deputado estadual,1,12333,PEDRO LONGO,PEDRO LUÍS LONGO,PDT,12,PARTIDO DEMOCRÁTICO TRABALHISTA,,PDT,ELEITO POR QP,APTO,PDT,
2022,AC,deputado estadual,1,12123,TCHÊ,JOSÉ LUIS SCHAFER,PDT,12,PARTIDO DEMOCRÁTICO TRABALHISTA,,PDT,ELEITO POR QP,APTO,PDT,
2022,AC,deputado estadual,1,22223,AFONSO FERNANDES,JOSÉ AFONSO VASCONCELOS FERNANDES,PL,22,PARTIDO LIBERAL,,PL,ELEITO POR QP,APTO,PL,
2022,AC,deputado estadual,1,22333,ARLENILSON CUNHA,ARLENILSON BARBOSA CUNHA,PL,22,PARTIDO LIBERAL,,PL,ELEITO POR QP,APTO,PL,
2022,AC,deputado estadual,1,19444,ANDRÉ DA DROGA VALE,ANDRÉ ROBERTO ROGÉRIO VALE DOS SANTOS,PODE,19,PODEMOS,,PODE,ELEITO POR QP,APTO,PODE,
2022,AC,deputado estadual,1,19999,FAGNER CALEGÁRIO,FAGNER CALEGARIO DO NASCIMENTO,PODE,19,PODEMOS,,PODE,ELEITO POR MÉDIA,APTO,PODE,
2022,AC,deputado estadual,1,11234,MANOEL MORAES,MANOEL MORAES DE SALES,PP,11,PROGRESSISTAS,,PP,ELEITO POR MÉDIA,APTO,PP,
2022,AC,deputado estadual,1,11133,MARIA ANTÔNIA,MARIA ANTÔNIA PINHEIRO BARBOSA,PP,11,PROGRESSISTAS,,PP,ELEITO POR QP,APTO,PP,
2022,AC,deputado estadual,1,11122,NICOLAU JUNIOR,NICOLAU CANDIDO DA SILVA JUNIOR,PP,11,PROGRESSISTAS,,PP,ELEITO POR QP,APTO,PP,
2022,AC,deputado estadual,1,40222,ADAILTON CRUZ,JOSÉ ADAILTON CRUZ PEREIRA,PSB,40,PARTIDO SOCIALISTA BRASILEIRO,,PSB,ELEITO POR QP,APTO,PSB,
2022,AC,deputado estadual,1,55888,EDUARDO RIBEIRO,EDUARDO AMBROS RIBEIRO,PSD,55,PARTIDO SOCIAL DEMOCRÁTICO,,PSD,ELEITO POR MÉDIA,APTO,PSD,
2022,AC,deputado estadual,1,55777,PABLO BREGENSE,PABLO THYAGO BREGENSE DE SOUZA,PSD,55,PARTIDO SOCIAL DEMOCRÁTICO,,PSD,ELEITO POR QP,APTO,PSD,
2022,AC,deputado estadual,1,45121,LUIZ GONZAGA,LUIZ GONZAGA ALVES FILHO,PSDB,45,PARTIDO DA SOCIAL DEMOCRACIA BRASILEIRA,PSDB/CIDADANIA,Federação PSDB Cidadania (PSDB / CIDADANIA),ELEITO POR QP,APTO,PSDB,
2022,AC,deputado estadual,1,10555,CLODOALDO RODRIGUES,FRANCISCO CLODOALDO DE SOUZA RODRIGUES,REPUBLICANOS,10,REPUBLICANOS,,REPUBLICANOS,ELEITO POR QP,APTO,REPUBLICANOS,
2022,AC,deputado estadual,1,10111,GENE DINIZ,GENE GLENN DINIZ ANDRADE,REPUBLICANOS,10,REPUBLICANOS,,REPUBLICANOS,ELEITO POR MÉDIA,APTO,REPUBLICANOS,
2022,AC,deputado estadual,1,10456,TADEU HASSEM,LICURGO TADEU DE SOUZA HASSEM,REPUBLICANOS,10,REPUBLICANOS,,REPUBLICANOS,ELEITO POR QP,APTO,REPUBLICANOS,
2022,AC,deputado estadual,1,44444,GILBERTO LIRA,GILBERTO LIRA DE ALMEIDA,UNIÃO,44,UNIÃO BRASIL,,UNIÃO,ELEITO POR QP,APTO,UNIÃO,
2022,AC,deputado estadual,1,44555,WHENDY LIMA,WHENDY SNANKY PRAXEDES PONCIANO DA SILVA LIMA,UNIÃO,44,UNIÃO BRASIL,,UNIÃO,ELEITO POR QP,APTO,UNIÃO,
2022,AL,deputado estadual,1,70000,MARCOS BARBOSA,MARCOS ANTONIO DE OLIVEIRA BARBOSA,AVANTE,70,AVANTE,,AVANTE,ELEITO POR QP,APTO,AVANTE,
2022,AL,deputado estadual,1,15151,ALEXANDRE AYRES,CLAUDIO ALEXANDRE AYRES DA COSTA,MDB,15,MOVIMENTO DEMOCRÁTICO BRASILEIRO,,MDB,ELEITO POR QP,APTO,MDB,
2022,AL,deputado estadual,1,15777,BRENO ALBUQUERQUE,BRENO COUTO DE ALBUQUERQUE MELO,MDB,15,MOVIMENTO DEMOCRÁTICO BRASILEIRO,,MDB,ELEITO POR MÉDIA,APTO,MDB,
2022,AL,deputado estadual,1,15155,BRUNO TOLEDO,BRUNO ALBUQUERQUE TOLEDO,MDB,15,MOVIMENTO DEMOCRÁTICO BRASILEIRO,,MDB,ELEITO POR QP,APTO,MDB,
2022,AL,deputado estadual,1,15100,CARLA DANTAS,CARLA DANTAS LIMA E SILVA,MDB,15,MOVIMENTO DEMOCRÁTICO BRASILEIRO,,MDB,ELEITO POR QP,APTO,MDB,
2022,AL,deputado estadual,1,15000,CIBELE MOURA,CIBELE CORADO DE MOURA,MDB,15,MOVIMENTO DEMOCRÁTICO BRASILEIRO,,MDB,ELEITO POR QP,APTO,MDB,
2022,AL,deputado estadual,1,15678,DR WANDERLEY,JOSÉ WANDERLEY NETO,MDB,15,MOVIMENTO DEMOCRÁTICO BRASILEIRO,,MDB,ELEITO POR QP,APTO,MDB,
2022,AL,deputado estadual,1,15333,DUDU RONALSA,JOÃO EDUARDO MARTINS COELHO DA PAZ,MDB,15,MOVIMENTO DEMOCRÁTICO BRASILEIRO,,MDB,ELEITO POR QP,APTO,MDB,
2022,AL,deputado estadual,1,15555,FLÁVIA CAVALCANTE,FLÁVIA MARIA SILVA CAVALCANTE DE OLIVEIRA,MDB,15,MOVIMENTO DEMOCRÁTICO BRASILEIRO,,MDB,ELEITO POR QP,APTO,MDB,
2022,AL,deputado estadual,1,15500,FÁTIMA CANUTO,MARIA DE FÁTIMA MOREIRA CANUTO ROCHA,MDB,15,MOVIMENTO DEMOCRÁTICO BRASILEIRO,,MDB,ELEITO POR QP,APTO,MDB,
2022,AL,deputado estadual,1,15222,GILVAN FILHO,GILVAN GOMES BARROS FILHO,MDB,15,MOVIMENTO DEMOCRÁTICO BRASILEIRO,,MDB,ELEITO POR MÉDIA,APTO,MDB,
2022,AL,deputado estadual,1,15345,INÁCIO LOIOLA,INÁCIO LOIOLA DAMASCENO FREITAS,MDB,15,MOVIMENTO DEMOCRÁTICO BRASILEIRO,,MDB,ELEITO POR QP,APTO,MDB,
2022,AL,deputado estadual,1,15789,MARCELO VICTOR,MARCELO VICTOR CORREIA DOS SANTOS,MDB,15,MOVIMENTO DEMOCRÁTICO BRASILEIRO,,MDB,ELEITO POR QP,APTO,MDB,
2022,AL,deputado estadual,1,15456,REMI CALHEIROS,REMI VASCONCELOS CALHEIROS,MDB,15,MOVIMENTO DEMOCRÁTICO BRASILEIRO,,MDB,ELEITO POR QP,APTO,MDB,
2022,AL,deputado estadual,1,15111,RICARDO NEZINHO,RICARDO PEREIRA MELO,MDB,15,MOVIMENTO DEMOCRÁTICO BRASILEIRO,,MDB,ELEITO POR QP,APTO,MDB,
2022,AL,deputado estadual,1,22222,CABO BEBETO,LUIZ ALBERTO ALVES TEIXEIRA,PL,22,PARTIDO LIBERAL,,PL,ELEITO POR QP,APTO,PL,
2022,AL,deputado estadual,1,11000,FERNANDO PEREIRA,FERNANDO SOARES PEREIRA,PP,11,PROGRESSISTAS,,PP,ELEITO POR QP,APTO,PP,
2022,AL,deputado estadual,1,11333,FRANCISCO TENORIO,JOSE FRANCISCO CERQUEIRA TENORIO,PP,11,PROGRESSISTAS,,PP,ELEITO POR QP,APTO,PP,
2022,AL,deputado estadual,1,11789,GABI GONCALVES,GABRIELA CRISTINA GONCALVES DA SILVA CORDEIRO,PP,11,PROGRESSISTAS,,PP,ELEITO POR MÉDIA,APTO,PP,
2022,AL,deputado estadual,1,11222,ROSE DAVINO,ROSEMARY MIRANDA DAVINO,PP,11,PROGRESSISTAS,,PP,ELEITO POR QP,APTO,PP,
2022,AL,deputado estadual,1,13000,RONALDO MEDEIROS,JOSÉ RONALDO MEDEIROS,PT,13,PARTIDO DOS TRABALHADORES,PT/PC do B/PV,Federação Brasil da Esperança - FE BRASIL (PT / PC do B / PV),ELEITO POR QP,APTO,PT,
2022,AL,deputado estadual,1,43123,SILVIO CAMELO,SILVIO ROGERIO DIAS CAMELO,PV,43,PARTIDO VERDE,PT/PC do B/PV,Federação Brasil da Esperança - FE BRASIL (PT / PC do B / PV),ELEITO POR MÉDIA,APTO,PV,
2022,AL,deputado estadual,1,10456,ANDRE SILVA,ANDRE LUIZ PEREIRA DA SILVA FILHO,REPUBLICANOS,10,REPUBLICANOS,,REPUBLICANOS,ELEITO POR QP,APTO,REPUBLICANOS,
2022,AL,deputado estadual,1,10000,ANTONIO ALBUQUERQUE,ANTONIO RIBEIRO DE ALBUQUERQUE,REPUBLICANOS,10,REPUBLICANOS,,REPUBLICANOS,ELEITO POR QP,APTO,REPUBLICANOS,
2022,AL,deputado estadual,1,44444,DELEGADO LEONAM,LEONAM PINHEIRO RODRIGUES,UNIÃO,44,UNIÃO BRASIL,,UNIÃO,ELEITO POR QP,APTO,UNIÃO,
2022,AL,deputado estadual,1,44123,LELO MAIA,GEORGE RAPOSO MAIA NETO,UNIÃO,44,UNIÃO BRASIL,,UNIÃO,ELEITO POR QP,APTO,UNIÃO,
2022,AL,deputado estadual,1,44555,MESAQUE PADILHA,MESAQUE DA SILVA PADILHA,UNIÃO,44,UNIÃO BRASIL,,UNIÃO,ELEITO POR QP,APTO,UNIÃO,
2022,AM,deputado estadual,1,70000,ABDALA FRAXE,ABDALA HABIB FRAXE JUNIOR,AVANTE,70,AVANTE,,AVANTE,ELEITO POR QP,APTO,AVANTE,
2022,AM,deputado estadual,1,70070,DANIEL ALMEIDA,DANIEL DJUDÁ PEREIRA DE ALMEIDA,AVANTE,70,AVANTE,,AVANTE,ELEITO POR QP,APTO,AVANTE,
2022,AM,deputado estadual,1,70125,MAYRA DIAS,MAYRA BENITA ALVES DIAS,AVANTE,70,AVANTE,,AVANTE,ELEITO POR QP,APTO,AVANTE,
2022,AM,deputado estadual,1,70456,WANDERLEY MONTEIRO,WANDERLEY CALDEIRA MONTEIRO,AVANTE,70,AVANTE,,AVANTE,ELEITO POR MÉDIA,APTO,AVANTE,
2022,AM,deputado estadual,1,23111,WILKER BARRETO,MAURICIO WILKER DE AZEVEDO BARRETO,CIDADANIA,23,CIDADANIA,PSDB/CIDADANIA,Federação PSDB Cidadania (PSDB / CIDADANIA),ELEITO POR MÉDIA,APTO,CIDADANIA,
2022,AM,deputado estadual,1,15222,CRISTIANO DANGELO,CRISTIANO DA SILVA DANGELO,MDB,15,MOVIMENTO DEMOCRÁTICO BRASILEIRO,,MDB,ELEITO POR QP,APTO,MDB,
2022,AM,deputado estadual,1,51000,FELIPE SOUZA,LUIS FELIPE SILVA DE SOUZA,PATRIOTA,51,PATRIOTA,,PATRIOTA,ELEITO POR QP,APTO,PATRIOTA,
2022,AM,deputado estadual,1,22333,CABO MACIEL,ALCIMAR MACIEL PEREIRA,PL,22,PARTIDO LIBERAL,,PL,ELEITO POR QP,APTO,PL,
2022,AM,deputado estadual,1,22122,DEBORA MENEZES,DEBORA SALGUEIRO DE MENEZES,PL,22,PARTIDO LIBERAL,,PL,ELEITO POR QP,APTO,PL,
2022,AM,deputado estadual,1,22777,DELEGADO PERICLES,PERICLES RODRIGUES DO NASCIMENTO,PL,22,PARTIDO LIBERAL,,PL,ELEITO POR MÉDIA,APTO,PL,
2022,AM,deputado estadual,1,35007,ROZENHA,EDNAILSON LEITE ROZENHA,PMB,35,PARTIDO DA MULHER BRASILEIRA,,PMB,ELEITO POR QP,APTO,PMB,
2022,AM,deputado estadual,1,20123,ALESSANDRA CAMPELO,ALESSANDRA CAMPELO DA SILVA,PSC,20,PARTIDO SOCIAL CRISTÃO,,PSC,ELEITO POR QP,APTO,PSC,
2022,AM,deputado estadual,1,20022,COMANDANTE DAN,DAN CÂMARA,PSC,20,PARTIDO SOCIAL CRISTÃO,,PSC,ELEITO POR MÉDIA,APTO,PSC,
2022,AM,deputado estadual,1,20777,DR GOMES,FRANCISCO DO NASCIMENTO GOMES,PSC,20,PARTIDO SOCIAL CRISTÃO,,PSC,ELEITO POR QP,APTO,PSC,
2022,AM,deputado estadual,1,13633,PROFESSOR SINÉSIO,SINÉSIO DA SILVA CAMPOS,PT,13,PARTIDO DOS TRABALHADORES,PT/PC do B/PV,Federação Brasil da Esperança - FE BRASIL (PT / PC do B / PV),ELEITO POR QP,APTO,PT,
2022,AM,deputado estadual,1,43433,CARLINHOS BESSA ,CARLOS EDUARDO BESSA DE SA,PV,43,PARTIDO VERDE,PT/PC do B/PV,Federação Brasil da Esperança - FE BRASIL (PT / PC do B / PV),ELEITO POR MÉDIA,APTO,PV,
2022,AM,deputado estadual,1,10000,DRA MAYARA,MAYARA MONIQUE FIGUEIREDO PINHEIRO REIS,REPUBLICANOS,10,REPUBLICANOS,,REPUBLICANOS,ELEITO POR MÉDIA,APTO,REPUBLICANOS,
2022,AM,deputado estadual,1,10123,JOÃO LUIZ,JOÃO LUIZ ALMEIDA DA SILVA,REPUBLICANOS,10,REPUBLICANOS,,REPUBLICANOS,ELEITO POR QP,APTO,REPUBLICANOS,
2022,AM,deputado estadual,1,44111,ADJUTO AFONSO,ADJUTO RODRIGUES AFONSO,UNIÃO,44,UNIÃO BRASIL,,UNIÃO,ELEITO POR MÉDIA,APTO,UNIÃO,
2022,AM,deputado estadual,1,44666,DR GEORGE LINS,GEORGE AUGUSTO MONTEIRO LINS DE ALBUQUERQUE,UNIÃO,44,UNIÃO BRASIL,,UNIÃO,ELEITO POR QP,APTO,UNIÃO,
2022,AM,deputado estadual,1,44123,JOANA DARC,JOANA DARC CORDEIRO DE LIMA,UNIÃO,44,UNIÃO BRASIL,,UNIÃO,ELEITO POR QP,APTO,UNIÃO,
2022,AM,deputado estadual,1,44777,MÁRIO CÉSAR FILHO,MÁRIO CÉSAR RODRIGUES BALDUINO,UNIÃO,44,UNIÃO BRASIL,,UNIÃO,ELEITO POR MÉDIA,APTO,UNIÃO,
2022,AM,deputado estadual,1,44555,ROBERTO CIDADE,ROBERTO MAIA CIDADE FILHO,UNIÃO,44,UNIÃO BRASIL,,UNIÃO,ELEITO POR QP,APTO,UNIÃO,
2022,AM,deputado estadual,1,44789,THIAGO ABRAHIM,JORGE THIAGO CARVALHO ABRAHIM,UNIÃO,44,UNIÃO BRASIL,,UNIÃO,ELEITO POR QP,APTO,UNIÃO,
2022,AP,deputado estadual,1,23000,TELMA NERY,TELMA ADRIANA NERY PAIVA,CIDADANIA,23,CIDADANIA,PSDB/CIDADANIA,Federação PSDB Cidadania (PSDB / CIDADANIA),ELEITO POR QP,APTO,CIDADANIA,
2022,AP,deputado estadual,1,15123,DIOGO SENIOR,DIOGO WENCESLAU VILHENA SENIOR,MDB,15,MOVIMENTO DEMOCRÁTICO BRASILEIRO,,MDB,ELEITO POR MÉDIA,APTO,MDB,
2022,AP,deputado estadual,1,15699,JUNIOR FAVACHO,AMIRALDO DA SILVA FAVACHO JUNIOR,MDB,15,MOVIMENTO DEMOCRÁTICO BRASILEIRO,,MDB,ELEITO POR QP,APTO,MDB,
2022,AP,deputado estadual,1,12456,ALDILENE SOUZA,ALDILENE MATOS DE SOUZA,PDT,12,PARTIDO DEMOCRÁTICO TRABALHISTA,,PDT,ELEITO POR MÉDIA,APTO,PDT,
2022,AP,deputado estadual,1,12123,DELEGADO INACIO,INACIO MONTEIRO MACIEL,PDT,12,PARTIDO DEMOCRÁTICO TRABALHISTA,,PDT,ELEITO POR QP,APTO,PDT,
2022,AP,deputado estadual,1,12369,JESUS PONTES,RUZIELY DE JESUS PONTES DA SILVA,PDT,12,PARTIDO DEMOCRÁTICO TRABALHISTA,,PDT,ELEITO POR QP,APTO,PDT,
2022,AP,deputado estadual,1,22193,R NELSON,ERRINELSON VIEIRA PIMENTEL,PL,22,PARTIDO LIBERAL,,PL,ELEITO POR QP,APTO,PL,
2022,AP,deputado estadual,1,19500,CEL FLEXA,ARNÓBIO FLEXA NASCIMENTO,PODE,19,PODEMOS,,PODE,ELEITO POR MÉDIA,APTO,PODE,
2022,AP,deputado estadual,1,19000,ZENEIDE COSTA,ZENEIDE DA SILVA COSTA,PODE,19,PODEMOS,,PODE,ELEITO POR QP,APTO,PODE,
2022,AP,deputado estadual,1,11300,JORY OEIRAS,JORYOSVALDO QUEIROZ OEIRAS,PP,11,PROGRESSISTAS,,PP,ELEITO POR QP,APTO,PP,
2022,AP,deputado estadual,1,90678,RAYFRAN BEIRÃO,RAYFRAN MACEDO BARROSO,PROS,90,PARTIDO REPUBLICANO DA ORDEM SOCIAL,,PROS,ELEITO POR MÉDIA,APTO,PROS,
2022,AP,deputado estadual,1,55123,EDNA AUZIER,EDNA AUZIER,PSD,55,PARTIDO SOCIAL DEMOCRÁTICO,,PSD,ELEITO POR QP,APTO,PSD,
2022,AP,deputado estadual,1,55000,LORRAN BARRETO,LORRAN DAMASCENO BARRETO,PSD,55,PARTIDO SOCIAL DEMOCRÁTICO,,PSD,ELEITO POR MÉDIA,APTO,PSD,
2022,AP,deputado estadual,1,13123,PAULO NOGUEIRA,FRANCISCO PAULO NOGUEIRA DE SOUZA,PT,13,PARTIDO DOS TRABALHADORES,PT/PC do B/PV,Federação Brasil da Esperança - FE BRASIL (PT / PC do B / PV),ELEITO POR MÉDIA,APTO,PT,
2022,AP,deputado estadual,1,14999,JAIME PEREZ,JAIME DA SILVA PEREZ,PTB,14,PARTIDO TRABALHISTA BRASILEIRO,,PTB,ELEITO POR MÉDIA,APTO,PTB,
2022,AP,deputado estadual,1,43456,LILIANE ABREU,LILIANE CORDEIRO DE ABREU,PV,43,PARTIDO VERDE,PT/PC do B/PV,Federação Brasil da Esperança - FE BRASIL (PT / PC do B / PV),ELEITO POR QP,APTO,PV,
2022,AP,deputado estadual,1,18001,DR VICTOR AMORAS,VICTOR ANDRE DE FREITAS AMORAS,REDE,18,REDE SUSTENTABILIDADE,PSOL/REDE,Federação PSOL REDE (PSOL / REDE),ELEITO POR QP,APTO,REDE,
2022,AP,deputado estadual,1,18000,FABRICIO FURLAN,FABRICIO BEVILACQUA FURLAN,REDE,18,REDE SUSTENTABILIDADE,PSOL/REDE,Federação PSOL REDE (PSOL / REDE),ELEITO POR MÉDIA,APTO,REDE,
2022,AP,deputado estadual,1,10147,PASTOR OLIVEIRA,CARLOS ANTONIO OLIVEIRA SANTOS,REPUBLICANOS,10,REPUBLICANOS,,REPUBLICANOS,ELEITO POR MÉDIA,APTO,REPUBLICANOS,
2022,AP,deputado estadual,1,77789,DAYSE MARQUES,DAYSE MARQUES,SOLIDARIEDADE,77,SOLIDARIEDADE,,SOLIDARIEDADE,ELEITO POR MÉDIA,APTO,SOLIDARIEDADE,
2022,AP,deputado estadual,1,77123,JACK JK,JACK HOUAT HARB,SOLIDARIEDADE,77,SOLIDARIEDADE,,SOLIDARIEDADE,ELEITO POR QP,APTO,SOLIDARIEDADE,
2022,AP,deputado estadual,1,44123,ALLINY SERRÃO,ALLINY SOUSA DA ROCHA SERRAO,UNIÃO,44,UNIÃO BRASIL,,UNIÃO,ELEITO POR QP,APTO,UNIÃO,
2022,AP,deputado estadual,1,44000,HILDEGARD,HILDEGARD DE AZEVEDO GURGEL,UNIÃO,44,UNIÃO BRASIL,,UNIÃO,ELEITO POR MÉDIA,APTO,UNIÃO,
2022,AP,deputado estadual,1,44111,ROBERTO,ANTONIO ROBERTO RODRIGUES GOES DA SILVA,UNIÃO,44,UNIÃO BRASIL,,UNIÃO,ELEITO POR QP,APTO,UNIÃO,
2022,BA,deputado estadual,1,70123,PATRICK LOPES,PATRICK GILBERTO RODRIGUES LOPES,AVANTE,70,AVANTE,,AVANTE,ELEITO POR MÉDIA,APTO,AVANTE,
2022,BA,deputado estadual,1,15777,MATHEUS DE GERALDO JÚNIOR,MATHEUS DE OLIVEIRA FERREIRA,MDB,15,MOVIMENTO DEMOCRÁTICO BRASILEIRO,,MDB,ELEITO POR MÉDIA,APTO,MDB,
2022,BA,deputado estadual,1,15444,ROGÉRIO ANDRADE,ANDRE ROGERIO DE ARAUJO ANDRADE,MDB,15,MOVIMENTO DEMOCRÁTICO BRASILEIRO,,MDB,ELEITO POR QP,APTO,MDB,
2022,BA,deputado estadual,1,51000,BINHO GALINHA,KLEBER CRISTIAN ESCOLANO DE ALMEIDA,PATRIOTA,51,PATRIOTA,,PATRIOTA,ELEITO POR MÉDIA,APTO,PATRIOTA,
2022,BA,deputado estadual,1,65888,BOBÔ,RAIMUNDO NONATO TAVARES DA SILVA,PC do B,65,PARTIDO COMUNISTA DO BRASIL,PT/PC do B/PV,Federação Brasil da Esperança - FE BRASIL (PT / PC do B / PV),ELEITO POR QP,APTO,PC do B,
2022,BA,deputado estadual,1,65333,FABRÍCIO,JEAN FABRÍCIO FALCÃO,PC do B,65,PARTIDO COMUNISTA DO BRASIL,PT/PC do B/PV,Federação Brasil da Esperança - FE BRASIL (PT / PC do B / PV),ELEITO POR QP,APTO,PC do B,
2022,BA,deputado estadual,1,65500,OLIVIA SANTANA,MARIA OLIVIA SANTANA,PC do B,65,PARTIDO COMUNISTA DO BRASIL,PT/PC do B/PV,Federação Brasil da Esperança - FE BRASIL (PT / PC do B / PV),ELEITO POR QP,APTO,PC do B,
2022,BA,deputado estadual,1,65456,ZÓ,CRISOSTOMO ANTONIO LIMA,PC do B,65,PARTIDO COMUNISTA DO BRASIL,PT/PC do B/PV,Federação Brasil da Esperança - FE BRASIL (PT / PC do B / PV),ELEITO POR QP,APTO,PC do B,
2022,BA,deputado estadual,1,12123,EMERSON PENALVA,EMERSON PENALVA LOPES DOS SANTOS,PDT,12,PARTIDO DEMOCRÁTICO TRABALHISTA,,PDT,ELEITO POR QP,APTO,PDT,
2022,BA,deputado estadual,1,22380,DR. DIEGO CASTRO,DIEGO CASTRO BARBOSA,PL,22,PARTIDO LIBERAL,,PL,ELEITO POR MÉDIA,APTO,PL,
2022,BA,deputado estadual,1,22333,LEANDRO DE JESUS,LEANDRO SILVA DE JESUS,PL,22,PARTIDO LIBERAL,,PL,ELEITO POR QP,APTO,PL,
2022,BA,deputado estadual,1,22522,RAIMUNDINHO DA JR,RAIMUNDO RAMOS DE ANDRADE,PL,22,PARTIDO LIBERAL,,PL,ELEITO POR QP,APTO,PL,
2022,BA,deputado estadual,1,22222,VITOR AZEVEDO,VITOR VIANA PARANHOS DE AZEVEDO,PL,22,PARTIDO LIBERAL,,PL,ELEITO POR QP,APTO,PL,
2022,BA,deputado estadual,1,11011,ANTÔNIO HENRIQUE JR.,ANTÔNIO HENRIQUE DE SOUSA MOREIRA JUNIOR,PP,11,PROGRESSISTAS,,PP,ELEITO POR MÉDIA,APTO,PP,
2022,BA,deputado estadual,1,11222,EDUARDO SALLES,EDUARDO SEIXAS DE SALLES,PP,11,PROGRESSISTAS,,PP,ELEITO POR QP,APTO,PP,
2022,BA,deputado estadual,1,11111,FELIPE DUARTE,FELIPE GABRIEL DUARTE,PP,11,PROGRESSISTAS,,PP,ELEITO POR QP,APTO,PP,
2022,BA,deputado estadual,1,11122,HASSAN DE ZÉ COCÁ,HASSAN ANDRADE IOSSEF,PP,11,PROGRESSISTAS,,PP,ELEITO POR QP,APTO,PP,
2022,BA,deputado estadual,1,11555,NELSON LEAL,NELSON SOUZA LEAL,PP,11,PROGRESSISTAS,,PP,ELEITO POR QP,APTO,PP,
2022,BA,deputado estadual,1,11777,NILTINHO,NILTON SILVA BASTOS JUNIOR,PP,11,PROGRESSISTAS,,PP,ELEITO POR QP,APTO,PP,
2022,BA,deputado estadual,1,40100,ANGELO ALMEIDA,ANGELO MARIO CERQUEIRA DE ALMEIDA,PSB,40,PARTIDO SOCIALISTA BRASILEIRO,,PSB,ELEITO POR QP,APTO,PSB,
2022,BA,deputado estadual,1,40123,SOANE GALVÃO,SOANE GALVÃO BARBOSA,PSB,40,PARTIDO SOCIALISTA BRASILEIRO,,PSB,ELEITO POR QP,APTO,PSB,
2022,BA,deputado estadual,1,20777,LAERTE DO VANDO,LAERTE LEANDRO DE ARAUJO FERNANDES,PSC,20,PARTIDO SOCIAL CRISTÃO,,PSC,ELEITO POR QP,APTO,PSC,
2022,BA,deputado estadual,1,55111,ADOLFO MENEZES,ADOLFO EMANUEL MONTEIRO DE MENEZES,PSD,55,PARTIDO SOCIAL DEMOCRÁTICO,,PSD,ELEITO POR QP,APTO,PSD,
2022,BA,deputado estadual,1,55000,ALEX DA PIATÃ,ALEX LOPES DA SILVA,PSD,55,PARTIDO SOCIAL DEMOCRÁTICO,,PSD,ELEITO POR QP,APTO,PSD,
2022,BA,deputado estadual,1,55255,ANGELO CORONEL FILHO,ANGELO MARIO CORONEL DE AZEVEDO MARTINS II,PSD,55,PARTIDO SOCIAL DEMOCRÁTICO,,PSD,ELEITO POR QP,APTO,PSD,
2022,BA,deputado estadual,1,55888,CAFU BARRETO,EDICLEY SOUZA BARRETO,PSD,55,PARTIDO SOCIAL DEMOCRÁTICO,,PSD,ELEITO POR QP,APTO,PSD,
2022,BA,deputado estadual,1,55789,CLAUDIA OLIVEIRA,CLAUDIA SILVA SANTOS OLIVEIRA,PSD,55,PARTIDO SOCIAL DEMOCRÁTICO,,PSD,ELEITO POR MÉDIA,APTO,PSD,
2022,BA,deputado estadual,1,55333,EDUARDO ALENCAR,JOSE EDUARDO MENDONCA DE ALENCAR,PSD,55,PARTIDO SOCIAL DEMOCRÁTICO,,PSD,ELEITO POR QP,APTO,PSD,
2022,BA,deputado estadual,1,55444,EURES RIBEIRO,EURES RIBEIRO PEREIRA,PSD,55,PARTIDO SOCIAL DEMOCRÁTICO,,PSD,ELEITO POR QP,APTO,PSD,
2022,BA,deputado estadual,1,55456,IVANA BASTOS,IVANA TEIXEIRA BASTOS,PSD,55,PARTIDO SOCIAL DEMOCRÁTICO,,PSD,ELEITO POR QP,APTO,PSD,
2022,BA,deputado estadual,1,55777,RICARDO RODRIGUES,JOSE RICARDO RODRIGUES BARBOSA,PSD,55,PARTIDO SOCIAL DEMOCRÁTICO,,PSD,ELEITO POR QP,APTO,PSD,
2022,BA,deputado estadual,1,45555,JORDAVIO RAMOS,JORDAVIO ALEXANDRE ESPINOLA RAMOS,PSDB,45,PARTIDO DA SOCIAL DEMOCRACIA BRASILEIRA,PSDB/CIDADANIA,Federação PSDB Cidadania (PSDB / CIDADANIA),ELEITO POR QP,APTO,PSDB,
2022,BA,deputado estadual,1,45100,PABLO ROBERTO ,PABLO ROBERTO GONÇALVES DA SILVA,PSDB,45,PARTIDO DA SOCIAL DEMOCRACIA BRASILEIRA,PSDB/CIDADANIA,Federação PSDB Cidadania (PSDB / CIDADANIA),ELEITO POR QP,APTO,PSDB,
2022,BA,deputado estadual,1,45556,TIAGO CORREIA,TIAGO BRANDAO CORREIA,PSDB,45,PARTIDO DA SOCIAL DEMOCRACIA BRASILEIRA,PSDB/CIDADANIA,Federação PSDB Cidadania (PSDB / CIDADANIA),ELEITO POR QP,APTO,PSDB,
2022,BA,deputado estadual,1,50150,HILTON COELHO,HILTON BARROS COELHO,PSOL,50,PARTIDO SOCIALISMO E LIBERDADE,PSOL/REDE,Federação PSOL REDE (PSOL / REDE),ELEITO POR QP,APTO,PSOL,
2022,BA,deputado estadual,1,13123,EUCLIDES FERNANDES,EUCLIDES NUNES FERNANDES,PT,13,PARTIDO DOS TRABALHADORES,PT/PC do B/PV,Federação Brasil da Esperança - FE BRASIL (PT / PC do B / PV),ELEITO POR QP,APTO,PT,
2022,BA,deputado estadual,1,13567,FATIMA NUNES,MARIA DE FATIMA NUNES DOS ANJOS,PT,13,PARTIDO DOS TRABALHADORES,PT/PC do B/PV,Federação Brasil da Esperança - FE BRASIL (PT / PC do B / PV),ELEITO POR QP,APTO,PT,
2022,BA,deputado estadual,1,13000,JUNIOR MUNIZ,DENIVALDO MUNIZ LOPES JUNIOR,PT,13,PARTIDO DOS TRABALHADORES,PT/PC do B/PV,Federação Brasil da Esperança - FE BRASIL (PT / PC do B / PV),ELEITO POR QP,APTO,PT,
2022,BA,deputado estadual,1,13131,MARIA DEL CARMEN,MARIA DEL CARMEN FIDALGO SANCHEZ PUGA,PT,13,PARTIDO DOS TRABALHADORES,PT/PC do B/PV,Federação Brasil da Esperança - FE BRASIL (PT / PC do B / PV),ELEITO POR MÉDIA,APTO,PT,
2022,BA,deputado estadual,1,13013,OSNI,OSNI CARDOSO DE ARAÚJO,PT,13,PARTIDO DOS TRABALHADORES,PT/PC do B/PV,Federação Brasil da Esperança - FE BRASIL (PT / PC do B / PV),ELEITO POR QP,APTO,PT,
2022,BA,deputado estadual,1,13113,PAULO RANGEL,PAULO FERNANDO RANGEL DE LIMA,PT,13,PARTIDO DOS TRABALHADORES,PT/PC do B/PV,Federação Brasil da Esperança - FE BRASIL (PT / PC do B / PV),ELEITO POR MÉDIA,APTO,PT,
2022,BA,deputado estadual,1,13500,ROBINSON,ROBINSON SANTOS ALMEIDA,PT,13,PARTIDO DOS TRABALHADORES,PT/PC do B/PV,Federação Brasil da Esperança - FE BRASIL (PT / PC do B / PV),ELEITO POR QP,APTO,PT,
2022,BA,deputado estadual,1,13444,ROSEMBERG,ROSEMBERG EVANGELISTA PINTO,PT,13,PARTIDO DOS TRABALHADORES,PT/PC do B/PV,Federação Brasil da Esperança - FE BRASIL (PT / PC do B / PV),ELEITO POR QP,APTO,PT,
2022,BA,deputado estadual,1,13222,ZÉ RAIMUNDO FONTES,JOSÉ RAIMUNDO FONTES,PT,13,PARTIDO DOS TRABALHADORES,PT/PC do B/PV,Federação Brasil da Esperança - FE BRASIL (PT / PC do B / PV),ELEITO POR QP,APTO,PT,
2022,BA,deputado estadual,1,43444,LUDMILLA FISCINA,LUDMILLA FONSECA FISCINA,PV,43,PARTIDO VERDE,PT/PC do B/PV,Federação Brasil da Esperança - FE BRASIL (PT / PC do B / PV),ELEITO POR QP,APTO,PV,
2022,BA,deputado estadual,1,43888,MARQUINHO VIANA,MARCOS AGUIAR VIANA,PV,43,PARTIDO VERDE,PT/PC do B/PV,Federação Brasil da Esperança - FE BRASIL (PT / PC do B / PV),ELEITO POR QP,APTO,PV,
2022,BA,deputado estadual,1,43333,ROBERTO CARLOS,ROBERTO CARLOS ALMEIDA LEAL,PV,43,PARTIDO VERDE,PT/PC do B/PV,Federação Brasil da Esperança - FE BRASIL (PT / PC do B / PV),ELEITO POR QP,APTO,PV,
2022,BA,deputado estadual,1,43700,VITOR BONFIM,JOÃO VITOR DE CASTRO LINO BONFIM,PV,43,PARTIDO VERDE,PT/PC do B/PV,Federação Brasil da Esperança - FE BRASIL (PT / PC do B / PV),ELEITO POR QP,APTO,PV,
2022,BA,deputado estadual,1,10456,JOSE DE ARIMATEIA,JOSE DE ARIMATEIA CORIOLANO DE PAIVA,REPUBLICANOS,10,REPUBLICANOS,,REPUBLICANOS,ELEITO POR QP,APTO,REPUBLICANOS,
2022,BA,deputado estadual,1,10123,JURAILTON SANTOS,JURAILTON DE SOUSA SANTOS,REPUBLICANOS,10,REPUBLICANOS,,REPUBLICANOS,ELEITO POR QP,APTO,REPUBLICANOS,
2022,BA,deputado estadual,1,10133,SAMUEL JUNIOR,SAMUEL SANTANA COUTO JUNIOR,REPUBLICANOS,10,REPUBLICANOS,,REPUBLICANOS,ELEITO POR QP,APTO,REPUBLICANOS,
2022,BA,deputado estadual,1,77777,LUCIANO ARAUJO,LUCIANO ARAUJO DE OLIVEIRA,SOLIDARIEDADE,77,SOLIDARIEDADE,,SOLIDARIEDADE,ELEITO POR QP,APTO,SOLIDARIEDADE,
2022,BA,deputado estadual,1,77044,PANCADINHA,FABRICIO DIAS NUNES DA SILVA,SOLIDARIEDADE,77,SOLIDARIEDADE,,SOLIDARIEDADE,ELEITO POR QP,APTO,SOLIDARIEDADE,
2022,BA,deputado estadual,1,44100,ALAN SANCHES,ALAN EDUARDO SANCHES DOS SANTOS,UNIÃO,44,UNIÃO BRASIL,,UNIÃO,ELEITO POR QP,APTO,UNIÃO,
2022,BA,deputado estadual,1,44333,JUNIOR NASCIMENTO,ANTÔNIO CARLOS NASCIMENTO JUNIOR,UNIÃO,44,UNIÃO BRASIL,,UNIÃO,ELEITO POR MÉDIA,APTO,UNIÃO,
2022,BA,deputado estadual,1,44686,KATIA OLIVEIRA,KATIA CRISTINA CERQUEIRA OLIVEIRA,UNIÃO,44,UNIÃO BRASIL,,UNIÃO,ELEITO POR QP,APTO,UNIÃO,
2022,BA,deputado estadual,1,44123,LUCIANO SIMÕES,LUCIANO SIMOES DE CASTRO BARBOSA FILHO,UNIÃO,44,UNIÃO BRASIL,,UNIÃO,ELEITO POR QP,APTO,UNIÃO,
2022,BA,deputado estadual,1,44222,MANUEL ROCHA,MANUEL AZEVEDO ROCHA,UNIÃO,44,UNIÃO BRASIL,,UNIÃO,ELEITO POR QP,APTO,UNIÃO,
2022,BA,deputado estadual,1,44111,MARCELINHO VEIGA,MARCELO DANTAS VEIGA,UNIÃO,44,UNIÃO BRASIL,,UNIÃO,ELEITO POR QP,APTO,UNIÃO,
2022,BA,deputado estadual,1,44777,MARCINHO OLIVEIRA,MARCIO EVANGELISTA DE OLIVEIRA,UNIÃO,44,UNIÃO BRASIL,,UNIÃO,ELEITO POR QP,APTO,UNIÃO,
2022,BA,deputado estadual,1,44000,PEDRO TAVARES,PEDRO PAULO TAVARES BATISTA DE MELLO E SILVA,UNIÃO,44,UNIÃO BRASIL,,UNIÃO,ELEITO POR QP,APTO,UNIÃO,
2022,BA,deputado estadual,1,44144,ROBINHO,CARLOS ROBSON RODRIGUES DA SILVA,UNIÃO,44,UNIÃO BRASIL,,UNIÃO,ELEITO POR QP,APTO,UNIÃO,
2022,BA,deputado estadual,1,44444,SANDRO RÉGIS,SANDRO DE OLIVEIRA RÉGIS,UNIÃO,44,UNIÃO BRASIL,,UNIÃO,ELEITO POR QP,APTO,UNIÃO,
2022,CE,deputado estadual,1,70222,STUART CASTRO,STUART CASTRO FARIAS LIMA,AVANTE,70,AVANTE,,AVANTE,ELEITO POR QP,APTO,AVANTE,
2022,CE,deputado estadual,1,23123,LUANA RIBEIRO,LUANA RÉGIA DE FREITAS LIMA,CIDADANIA,23,CIDADANIA,PSDB/CIDADANIA,Federação PSDB Cidadania (PSDB / CIDADANIA),ELEITO POR QP,APTO,CIDADANIA,
2022,CE,deputado estadual,1,15888,AGENOR NETO,AGENOR GOMES DE ARAUJO NETO,MDB,15,MOVIMENTO DEMOCRÁTICO BRASILEIRO,,MDB,ELEITO POR QP,APTO,MDB,
2022,CE,deputado estadual,1,15333,DANNIEL OLIVEIRA,DANNIEL LOPES DE OLIVEIRA SOUSA,MDB,15,MOVIMENTO DEMOCRÁTICO BRASILEIRO,,MDB,ELEITO POR QP,APTO,MDB,
2022,CE,deputado estadual,1,15222,DAVI DE RAIMUNDÃO,DAVID NEY GONÇALVES DE MACÊDO,MDB,15,MOVIMENTO DEMOCRÁTICO BRASILEIRO,,MDB,ELEITO POR QP,APTO,MDB,
2022,CE,deputado estadual,1,65700,ALYSSON AGUIAR,ANTONIO ALYSSON DE AGUIAR PAULA,PC do B,65,PARTIDO COMUNISTA DO BRASIL,PT/PC do B/PV,Federação Brasil da Esperança - FE BRASIL (PT / PC do B / PV),ELEITO POR QP,APTO,PC do B,
2022,CE,deputado estadual,1,12111,ANTONIO HENRIQUE,ANTONIO HENRIQUE DA SILVA,PDT,12,PARTIDO DEMOCRÁTICO TRABALHISTA,,PDT,ELEITO POR QP,APTO,PDT,
2022,CE,deputado estadual,1,12123,CLÁUDIO PINHO,FRANCISCO CLAUDIO PINTO PINHO,PDT,12,PARTIDO DEMOCRÁTICO TRABALHISTA,,PDT,ELEITO POR QP,APTO,PDT,
2022,CE,deputado estadual,1,12000,EVANDRO LEITÃO,EVANDRO SÁ BARRETO LEITÃO,PDT,12,PARTIDO DEMOCRÁTICO TRABALHISTA,,PDT,ELEITO POR QP,APTO,PDT,
2022,CE,deputado estadual,1,12114,GUILHERME LANDIM,GUILHERME SAMPAIO LANDIM,PDT,12,PARTIDO DEMOCRÁTICO TRABALHISTA,,PDT,ELEITO POR QP,APTO,PDT,
2022,CE,deputado estadual,1,12444,JEOVÁ MOTA,JOSÉ JEOVÁ SOUTO MOTA,PDT,12,PARTIDO DEMOCRÁTICO TRABALHISTA,,PDT,ELEITO POR QP,APTO,PDT,
2022,CE,deputado estadual,1,12345,LIA GOMES,LIA FERREIRA GOMES,PDT,12,PARTIDO DEMOCRÁTICO TRABALHISTA,,PDT,ELEITO POR QP,APTO,PDT,
2022,CE,deputado estadual,1,12333,MARCOS SOBREIRA,MARCOS MARCEL RODRIGUES SOBREIRA,PDT,12,PARTIDO DEMOCRÁTICO TRABALHISTA,,PDT,ELEITO POR QP,APTO,PDT,
2022,CE,deputado estadual,1,12555,ORIEL FILHO,ORIEL GUIMARAES NUNES FILHO,PDT,12,PARTIDO DEMOCRÁTICO TRABALHISTA,,PDT,ELEITO POR MÉDIA,APTO,PDT,
2022,CE,deputado estadual,1,12222,OSMAR BAQUIT,FRANCISCO OSMAR DIÓGENES BAQUIT,PDT,12,PARTIDO DEMOCRÁTICO TRABALHISTA,,PDT,ELEITO POR QP,APTO,PDT,
2022,CE,deputado estadual,1,12300,QUEIROZ FILHO,FRANCISCO JOSE QUEIROZ MAIA FILHO,PDT,12,PARTIDO DEMOCRÁTICO TRABALHISTA,,PDT,ELEITO POR QP,APTO,PDT,
2022,CE,deputado estadual,1,12456,ROMEU ALDIGUERI,ROMEU ALDIGUERI DE ARRUDA COELHO,PDT,12,PARTIDO DEMOCRÁTICO TRABALHISTA,,PDT,ELEITO POR QP,APTO,PDT,
2022,CE,deputado estadual,1,12500,SALMITO,JOÃO SALMITO FILHO,PDT,12,PARTIDO DEMOCRÁTICO TRABALHISTA,,PDT,ELEITO POR MÉDIA,APTO,PDT,
2022,CE,deputado estadual,1,12888,SERGIO AGUIAR,SERGIO DE ARAÚJO LIMA AGUIAR,PDT,12,PARTIDO DEMOCRÁTICO TRABALHISTA,,PDT,ELEITO POR QP,APTO,PDT,
2022,CE,deputado estadual,1,22022,CARMELO NETO,CARMELO SILVEIRA CARNEIRO LEÃO NETO,PL,22,PARTIDO LIBERAL,,PL,ELEITO POR QP,APTO,PL,
2022,CE,deputado estadual,1,22777,DRA SILVANA,SILVANA OLIVEIRA DE SOUSA,PL,22,PARTIDO LIBERAL,,PL,ELEITO POR QP,APTO,PL,
2022,CE,deputado estadual,1,22555,MARTA GONÇALVES,MARTA MARIA DO SOCORRO LIMA BARROS GONÇALVES,PL,22,PARTIDO LIBERAL,,PL,ELEITO POR QP,APTO,PL,
2022,CE,deputado estadual,1,22222,PR.ALCIDES FERNANDES,ALCIDES FERNANDES DA SILVA,PL,22,PARTIDO LIBERAL,,PL,ELEITO POR QP,APTO,PL,
2022,CE,deputado estadual,1,33789,LUCINILDO FROTA,LUCINILDO DA FROTA BRITO,PMN,33,PARTIDO DA MOBILIZAÇÃO NACIONAL,,PMN,ELEITO POR QP,APTO,PMN,
2022,CE,deputado estadual,1,11000,JOÃO JAIME,JOÃO JAIME GOMES MARINHO DE ANDRADE,PP,11,PROGRESSISTAS,,PP,ELEITO POR QP,APTO,PP,
2022,CE,deputado estadual,1,11444,LEONARDO PINHEIRO,LEONARDO FRANKLIN NOGUEIRA PINHEIRO,PP,11,PROGRESSISTAS,,PP,ELEITO POR MÉDIA,APTO,PP,
2022,CE,deputado estadual,1,11111,ZEZINHO ALBUQUERQUE,JOSE JACOME CARNEIRO ALBUQUERQUE,PP,11,PROGRESSISTAS,,PP,ELEITO POR QP,APTO,PP,
2022,CE,deputado estadual,1,55678,DEP FERNANDO HUGO - DR HUGO,FERNANDO HUGO DA SILVA COLARES,PSD,55,PARTIDO SOCIAL DEMOCRÁTICO,,PSD,ELEITO POR QP,APTO,PSD,
2022,CE,deputado estadual,1,55234,DR. LUCÍLVIO GIRÃO,LUCÍLVIO GIRÃO SALES,PSD,55,PARTIDO SOCIAL DEMOCRÁTICO,,PSD,ELEITO POR QP,APTO,PSD,
2022,CE,deputado estadual,1,55555,GABRIELLA AGUIAR,GABRIELLA PEQUENO COSTA GOMES DE AGUIAR,PSD,55,PARTIDO SOCIAL DEMOCRÁTICO,,PSD,ELEITO POR QP,APTO,PSD,
2022,CE,deputado estadual,1,45123,EMILIA PESSOA,MARIA EMILIA PESSOA DE LIMA CARNEIRO,PSDB,45,PARTIDO DA SOCIAL DEMOCRACIA BRASILEIRA,PSDB/CIDADANIA,Federação PSDB Cidadania (PSDB / CIDADANIA),ELEITO POR QP,APTO,PSDB,
2022,CE,deputado estadual,1,50500,RENATO ROSENO,RENATO ROSENO DE OLIVEIRA,PSOL,50,PARTIDO SOCIALISMO E LIBERDADE,PSOL/REDE,Federação PSOL REDE (PSOL / REDE),ELEITO POR QP,APTO,PSOL,
2022,CE,deputado estadual,1,13456,DE ASSIS DINIZ,FRANCISCO DE ASSIS DINIZ,PT,13,PARTIDO DOS TRABALHADORES,PT/PC do B/PV,Federação Brasil da Esperança - FE BRASIL (PT / PC do B / PV),ELEITO POR QP,APTO,PT,
2022,CE,deputado estadual,1,13222,FERNANDO SANTANA,FERNANDO MATOS SANTANA,PT,13,PARTIDO DOS TRABALHADORES,PT/PC do B/PV,Federação Brasil da Esperança - FE BRASIL (PT / PC do B / PV),ELEITO POR QP,APTO,PT,
2022,CE,deputado estadual,1,13555,JULIANA LUCENA,JULIANA DE HOLANDA LUCENA RODRIGUES,PT,13,PARTIDO DOS TRABALHADORES,PT/PC do B/PV,Federação Brasil da Esperança - FE BRASIL (PT / PC do B / PV),ELEITO POR QP,APTO,PT,
2022,CE,deputado estadual,1,13789,JULINHO,JULIO CESAR COSTA LIMA JUNIOR,PT,13,PARTIDO DOS TRABALHADORES,PT/PC do B/PV,Federação Brasil da Esperança - FE BRASIL (PT / PC do B / PV),ELEITO POR QP,APTO,PT,
2022,CE,deputado estadual,1,13258,JÔ FARIAS,JOSEFA MEDEIROS FARIAS,PT,13,PARTIDO DOS TRABALHADORES,PT/PC do B/PV,Federação Brasil da Esperança - FE BRASIL (PT / PC do B / PV),ELEITO POR QP,APTO,PT,
2022,CE,deputado estadual,1,13133,LARISSA GASPAR,LARISSA MARIA FERNANDES GASPAR DA COSTA,PT,13,PARTIDO DOS TRABALHADORES,PT/PC do B/PV,Federação Brasil da Esperança - FE BRASIL (PT / PC do B / PV),ELEITO POR MÉDIA,APTO,PT,
2022,CE,deputado estadual,1,13123,MISSIAS DO MST,MANOEL MISSIAS BEZERRA,PT,13,PARTIDO DOS TRABALHADORES,PT/PC do B/PV,Federação Brasil da Esperança - FE BRASIL (PT / PC do B / PV),ELEITO POR QP,APTO,PT,
2022,CE,deputado estadual,1,13333,MOISES BRAZ,MOISES BRAZ RICARDO,PT,13,PARTIDO DOS TRABALHADORES,PT/PC do B/PV,Federação Brasil da Esperança - FE BRASIL (PT / PC do B / PV),ELEITO POR QP,APTO,PT,
2022,CE,deputado estadual,1,10000,APÓSTOLO LUIZ HENRIQUE,LUIZ HENRIQUE CASTELO LIMA,REPUBLICANOS,10,REPUBLICANOS,,REPUBLICANOS,ELEITO POR MÉDIA,APTO,REPUBLICANOS,
2022,CE,deputado estadual,1,10123,DAVID DURAND,DAVID DE ALBUQUERQUE DURAND,REPUBLICANOS,10,REPUBLICANOS,,REPUBLICANOS,ELEITO POR QP,APTO,REPUBLICANOS,
2022,CE,deputado estadual,1,44888,DR. OSCAR RODRIGUES,OSCAR SPINDOLA RODRIGUES JUNIOR,UNIÃO,44,UNIÃO BRASIL,,UNIÃO,ELEITO POR QP,APTO,UNIÃO,
2022,CE,deputado estadual,1,44111,FELIPE MOTA,FELIPE AGUIAR FONSECA DA MOTA,UNIÃO,44,UNIÃO BRASIL,,UNIÃO,ELEITO POR MÉDIA,APTO,UNIÃO,
2022,CE,deputado estadual,1,44777,FIRMO CAMURÇA,JOSÉ FIRMO CAMURÇA NETO,UNIÃO,44,UNIÃO BRASIL,,UNIÃO,ELEITO POR QP,APTO,UNIÃO,
2022,CE,deputado estadual,1,44190,SARGENTO REGINAURO,REGINAURO SOUSA NASCIMENTO,UNIÃO,44,UNIÃO BRASIL,,UNIÃO,ELEITO POR QP,APTO,UNIÃO,
2022,ES,deputado estadual,1,23123,FABRÍCIO GANDINI,FABRÍCIO GANDINE AQUINO,CIDADANIA,23,CIDADANIA,PSDB/CIDADANIA,Federação PSDB Cidadania (PSDB / CIDADANIA),ELEITO POR MÉDIA,APTO,CIDADANIA,
2022,ES,deputado estadual,1,51555,PABLO MURIBECA,PABLO AURINO RAMOS ARAÚJO,PATRIOTA,51,PATRIOTA,,PATRIOTA,ELEITO POR QP,APTO,PATRIOTA,
2022,ES,deputado estadual,1,12333,ADILSON ESPINDULA,ADILSON ESPINDULA,PDT,12,PARTIDO DEMOCRÁTICO TRABALHISTA,,PDT,ELEITO POR QP,APTO,PDT,
2022,ES,deputado estadual,1,12222,JOSE ESMERALDO,JOSE ESMERALDO DE FREITAS,PDT,12,PARTIDO DEMOCRÁTICO TRABALHISTA,,PDT,ELEITO POR MÉDIA,APTO,PDT,
2022,ES,deputado estadual,1,22004,CALLEGARI,WELLINGTON CALLEGARI,PL,22,PARTIDO LIBERAL,,PL,ELEITO POR MÉDIA,APTO,PL,
2022,ES,deputado estadual,1,22190,CAPITÃO ASSUMÇÃO,LUCINIO CASTELO DE ASSUMÇAO,PL,22,PARTIDO LIBERAL,,PL,ELEITO POR QP,APTO,PL,
2022,ES,deputado estadual,1,22222,DELEGADO DANILO BAHIENSE,DANILO BAHIENSE MOREIRA,PL,22,PARTIDO LIBERAL,,PL,ELEITO POR QP,APTO,PL,
2022,ES,deputado estadual,1,22122,LUCAS POLESE,LUCAS DA RE POLESE,PL,22,PARTIDO LIBERAL,,PL,ELEITO POR QP,APTO,PL,
2022,ES,deputado estadual,1,22500,ZÉ PRETO,ADEMIR JOSÉ GOMES PEREIRA,PL,22,PARTIDO LIBERAL,,PL,ELEITO POR MÉDIA,APTO,PL,
2022,ES,deputado estadual,1,19000,LUCAS SCARAMUSSA,LUCAS SCARAMUSSA,PODE,19,PODEMOS,,PODE,ELEITO POR QP,APTO,PODE,
2022,ES,deputado estadual,1,19123,MARCELO SANTOS,ALEXANDRE MARCELO COUTINHO SANTOS,PODE,19,PODEMOS,,PODE,ELEITO POR QP,APTO,PODE,
2022,ES,deputado estadual,1,11100,FERRAÇO,THEODORICO DE ASSIS FERRAÇO,PP,11,PROGRESSISTAS,,PP,ELEITO POR MÉDIA,APTO,PP,
2022,ES,deputado estadual,1,11333,RAQUEL LESSA,RAQUEL FERREIRA MAGESTE LESSA,PP,11,PROGRESSISTAS,,PP,ELEITO POR QP,APTO,PP,
2022,ES,deputado estadual,1,40569,DARY PAGUNG,DARY ALVES PAGUNG,PSB,40,PARTIDO SOCIALISTA BRASILEIRO,,PSB,ELEITO POR MÉDIA,APTO,PSB,
2022,ES,deputado estadual,1,40800,JANETE DE SÁ,JANETE SANTOS DE SA,PSB,40,PARTIDO SOCIALISTA BRASILEIRO,,PSB,ELEITO POR QP,APTO,PSB,
2022,ES,deputado estadual,1,40456,TYAGO HOFFMANN,TYAGO RIBEIRO HOFFMANN,PSB,40,PARTIDO SOCIALISTA BRASILEIRO,,PSB,ELEITO POR QP,APTO,PSB,
2022,ES,deputado estadual,1,20789,ALEXANDRE XAMBINHO,ALEXANDRE ARAUJO MARÇAL,PSC,20,PARTIDO SOCIAL CRISTÃO,,PSC,ELEITO POR QP,APTO,PSC,
2022,ES,deputado estadual,1,45123,MAZINHO DOS ANJOS,EDMAR LORENCINI DOS ANJOS,PSDB,45,PARTIDO DA SOCIAL DEMOCRACIA BRASILEIRA,PSDB/CIDADANIA,Federação PSDB Cidadania (PSDB / CIDADANIA),ELEITO POR QP,APTO,PSDB,
2022,ES,deputado estadual,1,45678,VANDINHO LEITE,VANDERSON ALONSO LEITE,PSDB,45,PARTIDO DA SOCIAL DEMOCRACIA BRASILEIRA,PSDB/CIDADANIA,Federação PSDB Cidadania (PSDB / CIDADANIA),ELEITO POR QP,APTO,PSDB,
2022,ES,deputado estadual,1,50180,CAMILA VALADAO,CAMILA COSTA VALADÃO,PSOL,50,PARTIDO SOCIALISMO E LIBERDADE,PSOL/REDE,Federação PSOL REDE (PSOL / REDE),ELEITO POR QP,APTO,PSOL,
2022,ES,deputado estadual,1,13133,IRINY LOPES,IRINY NICOLAU CORRES LOPES,PT,13,PARTIDO DOS TRABALHADORES,PT/PC do B/PV,Federação Brasil da Esperança - FE BRASIL (PT / PC do B / PV),ELEITO POR QP,APTO,PT,
2022,ES,deputado estadual,1,13113,JOÃO COSER,JOÃO CARLOS COSER,PT,13,PARTIDO DOS TRABALHADORES,PT/PC do B/PV,Federação Brasil da Esperança - FE BRASIL (PT / PC do B / PV),ELEITO POR QP,APTO,PT,
2022,ES,deputado estadual,1,14190,CORONEL WELITON,WELITON VIRGILIO PEREIRA,PTB,14,PARTIDO TRABALHISTA BRASILEIRO,,PTB,ELEITO POR QP,APTO,PTB,
2022,ES,deputado estadual,1,18123,FABIO DUARTE,FABIO DUARTE DE ALMEIDA,REDE,18,REDE SUSTENTABILIDADE,PSOL/REDE,Federação PSOL REDE (PSOL / REDE),ELEITO POR MÉDIA,APTO,REDE,
2022,ES,deputado estadual,1,10100,ALCÂNTARO,ALCÂNTARO VICTOR LAZZARINI CAMPOS,REPUBLICANOS,10,REPUBLICANOS,,REPUBLICANOS,ELEITO POR QP,APTO,REPUBLICANOS,
2022,ES,deputado estadual,1,10123,BISPO ALVES,BENEDITO ALVES COSTA,REPUBLICANOS,10,REPUBLICANOS,,REPUBLICANOS,ELEITO POR MÉDIA,APTO,REPUBLICANOS,
2022,ES,deputado estadual,1,10300,HUDSON LEAL,HUDSON SOARES LEAL,REPUBLICANOS,10,REPUBLICANOS,,REPUBLICANOS,ELEITO POR QP,APTO,REPUBLICANOS,
2022,ES,deputado estadual,1,10456,SERGIO MENEGUELLI,SERGIO MENEGUELLI,REPUBLICANOS,10,REPUBLICANOS,,REPUBLICANOS,ELEITO POR QP,APTO,REPUBLICANOS,
2022,ES,deputado estadual,1,44444,DENNINHO SILVA,DENNER JANUÁRIO DA SILVA,UNIÃO,44,UNIÃO BRASIL,,UNIÃO,ELEITO POR QP,APTO,UNIÃO,
2022,ES,deputado estadual,1,44000,DR BRUNO RESENDE,BRUNO DA COSTA RESENDE,UNIÃO,44,UNIÃO BRASIL,,UNIÃO,ELEITO POR QP,APTO,UNIÃO,
2022,GO,deputado estadual,1,36999,GUGU NADER,RUBENS AUGUSTO NADER,AGIR,36,AGIR,,AGIR,ELEITO POR QP,APTO,AGIR,
2022,GO,deputado estadual,1,36456,ROSANGELA REZENDE,ROSANGELA DE REZENDE AMORIM,AGIR,36,AGIR,,AGIR,ELEITO POR MÉDIA,APTO,AGIR,
2022,GO,deputado estadual,1,70789,ANDERSON TEODORO,ANDERSON TEODORO DA CUNHA,AVANTE,70,AVANTE,,AVANTE,ELEITO POR MÉDIA,APTO,AVANTE,
2022,GO,deputado estadual,1,70123,ANDRE DO PREMIUM,ANDRE LUIZ GOMES GONTIJO,AVANTE,70,AVANTE,,AVANTE,ELEITO POR QP,APTO,AVANTE,
2022,GO,deputado estadual,1,15100,AMILTON FILHO,AMILTON BATISTA DE FARIA FILHO,MDB,15,MOVIMENTO DEMOCRÁTICO BRASILEIRO,,MDB,ELEITO POR QP,APTO,MDB,
2022,GO,deputado estadual,1,15600,CHARLES BENTO,CHARLES BENTO EVANGELISTA,MDB,15,MOVIMENTO DEMOCRÁTICO BRASILEIRO,,MDB,ELEITO POR QP,APTO,MDB,
2022,GO,deputado estadual,1,15900,ISSY QUINAN,ISSY QUINAN JUNIOR,MDB,15,MOVIMENTO DEMOCRÁTICO BRASILEIRO,,MDB,ELEITO POR QP,APTO,MDB,
2022,GO,deputado estadual,1,15044,LINEU OLIMPIO,LINEU OLIMPIO DE SOUZA,MDB,15,MOVIMENTO DEMOCRÁTICO BRASILEIRO,,MDB,ELEITO POR MÉDIA,APTO,MDB,
2022,GO,deputado estadual,1,15333,LUCAS CALIL,LUCAS PINHEIRO BRANDÃO CALIL,MDB,15,MOVIMENTO DEMOCRÁTICO BRASILEIRO,,MDB,ELEITO POR QP,APTO,MDB,
2022,GO,deputado estadual,1,15123,LUCAS DO VALE,LUCAS MARTINS DO VALE,MDB,15,MOVIMENTO DEMOCRÁTICO BRASILEIRO,,MDB,ELEITO POR QP,APTO,MDB,
2022,GO,deputado estadual,1,51333,CRISTÓVÃO,CRISTÓVÃO VAZ TORMIN,PATRIOTA,51,PATRIOTA,,PATRIOTA,ELEITO POR MÉDIA,APTO,PATRIOTA,
2022,GO,deputado estadual,1,51234,VETER MARTINS,VETER MARTINS MORAIS,PATRIOTA,51,PATRIOTA,,PATRIOTA,ELEITO POR QP,APTO,PATRIOTA,
2022,GO,deputado estadual,1,12345,DR GEORGE MORAIS,GEORGE MORAIS FERREIRA,PDT,12,PARTIDO DEMOCRÁTICO TRABALHISTA,,PDT,ELEITO POR QP,APTO,PDT,
2022,GO,deputado estadual,1,22123,DELEGADO EDUARDO PRADO,EDUARDO JOSE DO PRADO,PL,22,PARTIDO LIBERAL,,PL,ELEITO POR MÉDIA,APTO,PL,
2022,GO,deputado estadual,1,22190,MAJOR ARAÚJO,JUNIO ALVES ARAÚJO,PL,22,PARTIDO LIBERAL,,PL,ELEITO POR QP,APTO,PL,
2022,GO,deputado estadual,1,22601,PAULO CEZAR MARTINS,PAULO CEZAR MARTINS,PL,22,PARTIDO LIBERAL,,PL,ELEITO POR QP,APTO,PL,
2022,GO,deputado estadual,1,11789,ALESSANDRO MOREIRA,ALESSANDRO MOREIRA DOS SANTOS,PP,11,PROGRESSISTAS,,PP,ELEITO POR MÉDIA,APTO,PP,
2022,GO,deputado estadual,1,11000,JAMIL CALIFE,JAMIL SEBBA CALIFE,PP,11,PROGRESSISTAS,,PP,ELEITO POR QP,APTO,PP,
2022,GO,deputado estadual,1,11111,VIVIAN NAVES,VIVIAN CRISTINA ALBERNAZ TANUS NAVES,PP,11,PROGRESSISTAS,,PP,ELEITO POR QP,APTO,PP,
2022,GO,deputado estadual,1,28190,CORONEL ADAILTON,ADAILTON FLORENTINO DO NASCIMENTO,PRTB,28,PARTIDO RENOVADOR TRABALHISTA BRASILEIRO,,PRTB,ELEITO POR QP,APTO,PRTB,
2022,GO,deputado estadual,1,28028,JULIO PINA,JULIO PINA NETO,PRTB,28,PARTIDO RENOVADOR TRABALHISTA BRASILEIRO,,PRTB,ELEITO POR QP,APTO,PRTB,
2022,GO,deputado estadual,1,28123,WAGNER NETO,WAGNER CAMARGO NETO,PRTB,28,PARTIDO RENOVADOR TRABALHISTA BRASILEIRO,,PRTB,ELEITO POR QP,APTO,PRTB,
2022,GO,deputado estadual,1,28044,ZELI,ZELI FRITSCHE,PRTB,28,PARTIDO RENOVADOR TRABALHISTA BRASILEIRO,,PRTB,ELEITO POR MÉDIA,APTO,PRTB,
2022,GO,deputado estadual,1,40456,KARLOS CABRAL,KARLOS MÁRCIO VIEIRA CABRAL,PSB,40,PARTIDO SOCIALISTA BRASILEIRO,,PSB,ELEITO POR QP,APTO,PSB,
2022,GO,deputado estadual,1,20100,HENRIQUE CÉSAR,HENRIQUE CÉSAR PEREIRA,PSC,20,PARTIDO SOCIAL CRISTÃO,,PSC,ELEITO POR QP,APTO,PSC,
2022,GO,deputado estadual,1,55100,CAIRO SALIM,CAIRO SALIM MARCELINO LOPES,PSD,55,PARTIDO SOCIAL DEMOCRÁTICO,,PSD,ELEITO POR QP,APTO,PSD,
2022,GO,deputado estadual,1,55555,WILDE CAMBÃO,WILDE LOPES RORIZ,PSD,55,PARTIDO SOCIAL DEMOCRÁTICO,,PSD,ELEITO POR MÉDIA,APTO,PSD,
2022,GO,deputado estadual,1,45678,DR. JOSÉ MACHADO,JOSÉ MACHADO DOS SANTOS,PSDB,45,PARTIDO DA SOCIAL DEMOCRACIA BRASILEIRA,PSDB/CIDADANIA,Federação PSDB Cidadania (PSDB / CIDADANIA),ELEITO POR MÉDIA,APTO,PSDB,
2022,GO,deputado estadual,1,45222,GUSTAVO SEBBA,GUSTAVO KOPPAN FAIAD SEBBA,PSDB,45,PARTIDO DA SOCIAL DEMOCRACIA BRASILEIRA,PSDB/CIDADANIA,Federação PSDB Cidadania (PSDB / CIDADANIA),ELEITO POR QP,APTO,PSDB,
2022,GO,deputado estadual,1,13456,ANTÔNIO GOMIDE,ANTONIO ROBERTO OTONI GOMIDE,PT,13,PARTIDO DOS TRABALHADORES,PT/PC do B/PV,Federação Brasil da Esperança - FE BRASIL (PT / PC do B / PV),ELEITO POR QP,APTO,PT,
2022,GO,deputado estadual,1,13123,BIA DE LIMA,MARIA EUZEBIA DE LIMA,PT,13,PARTIDO DOS TRABALHADORES,PT/PC do B/PV,Federação Brasil da Esperança - FE BRASIL (PT / PC do B / PV),ELEITO POR QP,APTO,PT,
2022,GO,deputado estadual,1,13789,MAURO RUBEM,MAURO RUBEM DE MENEZES JONAS,PT,13,PARTIDO DOS TRABALHADORES,PT/PC do B/PV,Federação Brasil da Esperança - FE BRASIL (PT / PC do B / PV),ELEITO POR QP,APTO,PT,
2022,GO,deputado estadual,1,10111,CLECIO ALVES,CLECIO ANTONIO ALVES,REPUBLICANOS,10,REPUBLICANOS,,REPUBLICANOS,ELEITO POR MÉDIA,APTO,REPUBLICANOS,
2022,GO,deputado estadual,1,10123,QUIRINO,RICARDO QUIRINO DOS SANTOS,REPUBLICANOS,10,REPUBLICANOS,,REPUBLICANOS,ELEITO POR QP,APTO,REPUBLICANOS,
2022,GO,deputado estadual,1,77099,CRISTIANO GALINDO,CRISTIANO GALINDO DE CARVALHO,SOLIDARIEDADE,77,SOLIDARIEDADE,,SOLIDARIEDADE,ELEITO POR MÉDIA,APTO,SOLIDARIEDADE,
2022,GO,deputado estadual,1,44000,AMAURI RIBEIRO,AMAURI RIBEIRO,UNIÃO,44,UNIÃO BRASIL,,UNIÃO,ELEITO POR QP,APTO,UNIÃO,
2022,GO,deputado estadual,1,44700,BRUNO PEIXOTO,BRUNO REGIANY PEIXOTO PIMENTA,UNIÃO,44,UNIÃO BRASIL,,UNIÃO,ELEITO POR QP,APTO,UNIÃO,
2022,GO,deputado estadual,1,44789,LINCOLN TEJOTA,LINCOLN GRAZIANI PEREIRA DA ROCHA TEJOTA,UNIÃO,44,UNIÃO BRASIL,,UNIÃO,ELEITO POR QP,APTO,UNIÃO,
2022,GO,deputado estadual,1,44500,RENATO DE CASTRO,RENATO MENEZES DE CASTRO,UNIÃO,44,UNIÃO BRASIL,,UNIÃO,ELEITO POR QP,APTO,UNIÃO,
2022,GO,deputado estadual,1,44123,TALLES BARRETO,TALLES ALVES BARRETO,UNIÃO,44,UNIÃO BRASIL,,UNIÃO,ELEITO POR MÉDIA,APTO,UNIÃO,
2022,GO,deputado estadual,1,44321,VIRMONDES CRUVINEL,VIRMONDES BORGES CRUVINEL FILHO,UNIÃO,44,UNIÃO BRASIL,,UNIÃO,ELEITO POR QP,APTO,UNIÃO,
2022,MA,deputado estadual,1,15000,RICARDO ARRUDA,RICARDO JOSÉ SÁ FORTES DE ARRUDA,MDB,15,MOVIMENTO DEMOCRÁTICO BRASILEIRO,,MDB,ELEITO POR QP,APTO,MDB,
2022,MA,deputado estadual,1,15789,ROBERTO COSTA,JOSÉ ROBERTO COSTA SANTOS,MDB,15,MOVIMENTO DEMOCRÁTICO BRASILEIRO,,MDB,ELEITO POR QP,APTO,MDB,
2022,MA,deputado estadual,1,51222,EDNA SILVA,EDNA SANTOS SILVA,PATRIOTA,51,PATRIOTA,,PATRIOTA,ELEITO POR QP,APTO,PATRIOTA,
2022,MA,deputado estadual,1,51000,GUILHERME PAZ,GUILHERME FONSECA PAZ,PATRIOTA,51,PATRIOTA,,PATRIOTA,ELEITO POR QP,APTO,PATRIOTA,
2022,MA,deputado estadual,1,51444,JUSCELINO MARRECA,JUSCELINO DA CRUZ FILGUEIRA JUNIOR,PATRIOTA,51,PATRIOTA,,PATRIOTA,ELEITO POR MÉDIA,APTO,PATRIOTA,
2022,MA,deputado estadual,1,65000,ANA DO GÁS,ANA DE NAZARÉ PEREIRA SILVA MACEDO MENDONÇA,PC do B,65,PARTIDO COMUNISTA DO BRASIL,PT/PC do B/PV,Federação Brasil da Esperança - FE BRASIL (PT / PC do B / PV),ELEITO POR MÉDIA,APTO,PC do B,
2022,MA,deputado estadual,1,65777,JÚLIO MENDONÇA,JULIO CESAR MENDONCA CORREA,PC do B,65,PARTIDO COMUNISTA DO BRASIL,PT/PC do B/PV,Federação Brasil da Esperança - FE BRASIL (PT / PC do B / PV),ELEITO POR QP,APTO,PC do B,
2022,MA,deputado estadual,1,65065,OTHELINO NETO,OTHELINO NOVA ALVES NETO,PC do B,65,PARTIDO COMUNISTA DO BRASIL,PT/PC do B/PV,Federação Brasil da Esperança - FE BRASIL (PT / PC do B / PV),ELEITO POR QP,APTO,PC do B,
2022,MA,deputado estadual,1,65123,RICARDO RIOS,RICARDO TADEU RIBEIRO PEARCE,PC do B,65,PARTIDO COMUNISTA DO BRASIL,PT/PC do B/PV,Federação Brasil da Esperança - FE BRASIL (PT / PC do B / PV),ELEITO POR QP,APTO,PC do B,
2022,MA,deputado estadual,1,65400,RODRIGO LAGO,RODRIGO PIRES FERREIRA LAGO,PC do B,65,PARTIDO COMUNISTA DO BRASIL,PT/PC do B/PV,Federação Brasil da Esperança - FE BRASIL (PT / PC do B / PV),ELEITO POR QP,APTO,PC do B,
2022,MA,deputado estadual,1,12345,CLAUDIA COUTINHO,CLAUDIA FABIANA VIEIRA SILVA,PDT,12,PARTIDO DEMOCRÁTICO TRABALHISTA,,PDT,ELEITO POR MÉDIA,APTO,PDT,
2022,MA,deputado estadual,1,12456,DRA VIVIANNE,VIVIANNE MARTINS COELHO E SILVA,PDT,12,PARTIDO DEMOCRÁTICO TRABALHISTA,,PDT,ELEITO POR QP,APTO,PDT,
2022,MA,deputado estadual,1,12123,GLALBERT CUTRIM ,GLALBERT NASCIMENTO CUTRIM,PDT,12,PARTIDO DEMOCRÁTICO TRABALHISTA,,PDT,ELEITO POR QP,APTO,PDT,
2022,MA,deputado estadual,1,12012,OSMAR FILHO,OSMAR GOMES DOS SANTOS FILHO,PDT,12,PARTIDO DEMOCRÁTICO TRABALHISTA,,PDT,ELEITO POR QP,APTO,PDT,
2022,MA,deputado estadual,1,22200,ABIGAIL,ABIGAIL CUNHA DE ALMEIDA SOUSA,PL,22,PARTIDO LIBERAL,,PL,ELEITO POR QP,APTO,PL,
2022,MA,deputado estadual,1,22123,ALUIZIO SANTOS,ALUIZIO DE SOUZA SANTOS,PL,22,PARTIDO LIBERAL,,PL,ELEITO POR QP,APTO,PL,
2022,MA,deputado estadual,1,22555,CLAUDIO CUNHA,CLAUDIO LUIZ LIMA CUNHA,PL,22,PARTIDO LIBERAL,,PL,ELEITO POR MÉDIA,APTO,PL,
2022,MA,deputado estadual,1,22000,FABIANA VILAR,FABIANA VILAR RODRIGUES,PL,22,PARTIDO LIBERAL,,PL,ELEITO POR QP,APTO,PL,
2022,MA,deputado estadual,1,22345,SOLANGE ALMEIDA,SOLANGE DE ARAUJO SOUSA,PL,22,PARTIDO LIBERAL,,PL,ELEITO POR QP,APTO,PL,
2022,MA,deputado estadual,1,19888,JÚNIOR CASCARIA,AUGUSTO INÁCIO PINHEIRO JUNIOR,PODE,19,PODEMOS,,PODE,ELEITO POR QP,APTO,PODE,
2022,MA,deputado estadual,1,19456,LEANDRO BELLO,LEANDRO BELLO DE SÁ ROSAS COSTA,PODE,19,PODEMOS,,PODE,ELEITO POR QP,APTO,PODE,
2022,MA,deputado estadual,1,11222,ARNALDO MELO,ANTONIO ARNALDO ALVES DE MELO,PP,11,PROGRESSISTAS,,PP,ELEITO POR QP,APTO,PP,
2022,MA,deputado estadual,1,11000,HEMETERIO WEBA,HEMETERIO WEBA FILHO,PP,11,PROGRESSISTAS,,PP,ELEITO POR QP,APTO,PP,
2022,MA,deputado estadual,1,11444,JUNIOR FRANÇA,JOSE GEOVANI LOPES DE QUEIROZ JUNIOR,PP,11,PROGRESSISTAS,,PP,ELEITO POR MÉDIA,APTO,PP,
2022,MA,deputado estadual,1,11111,RILDO AMARAL,RILDO DE OLIVEIRA AMARAL,PP,11,PROGRESSISTAS,,PP,ELEITO POR QP,APTO,PP,
2022,MA,deputado estadual,1,40123,ANDREIA MARTINS REZENDE,ANDREIA LOPES MARTINS REZENDE,PSB,40,PARTIDO SOCIALISTA BRASILEIRO,,PSB,ELEITO POR QP,APTO,PSB,
2022,MA,deputado estadual,1,40333,ANTÔNIO PEREIRA,ANTONIO PEREIRA FILHO,PSB,40,PARTIDO SOCIALISTA BRASILEIRO,,PSB,ELEITO POR MÉDIA,APTO,PSB,
2022,MA,deputado estadual,1,40233,ARISTON GONÇALO,ARISTON RIBEIRO DE SOUSA,PSB,40,PARTIDO SOCIALISTA BRASILEIRO,,PSB,ELEITO POR MÉDIA,APTO,PSB,
2022,MA,deputado estadual,1,40789,CARLOS LULA,CARLOS EDUARDO DE OLIVEIRA LULA,PSB,40,PARTIDO SOCIALISTA BRASILEIRO,,PSB,ELEITO POR QP,APTO,PSB,
2022,MA,deputado estadual,1,40258,DANIELLA,DANIELLA JADÃO MENESES,PSB,40,PARTIDO SOCIALISTA BRASILEIRO,,PSB,ELEITO POR QP,APTO,PSB,
2022,MA,deputado estadual,1,40456,DAVI BRANDÃO,DAVI BRANDÃO FARIAS,PSB,40,PARTIDO SOCIALISTA BRASILEIRO,,PSB,ELEITO POR QP,APTO,PSB,
2022,MA,deputado estadual,1,40321,DR. YGLÉSIO,YGLESIO LUCIANO MOYSES SILVA DE SOUZA,PSB,40,PARTIDO SOCIALISTA BRASILEIRO,,PSB,ELEITO POR QP,APTO,PSB,
2022,MA,deputado estadual,1,40222,FLORÊNCIO NETO,RAIMUNDO FLORÊNCIO MONTEIRO NETO,PSB,40,PARTIDO SOCIALISTA BRASILEIRO,,PSB,ELEITO POR QP,APTO,PSB,
2022,MA,deputado estadual,1,40400,FRANCISCO NAGIB,FRANCISCO NAGIB BUZAR DE OLIVEIRA,PSB,40,PARTIDO SOCIALISTA BRASILEIRO,,PSB,ELEITO POR QP,APTO,PSB,
2022,MA,deputado estadual,1,40444,IRACEMA VALE,IRACEMA CRISTINA VALE LIMA,PSB,40,PARTIDO SOCIALISTA BRASILEIRO,,PSB,ELEITO POR QP,APTO,PSB,
2022,MA,deputado estadual,1,40212,RAFAEL LEITOA,RAFAEL DE BRITO SOUSA,PSB,40,PARTIDO SOCIALISTA BRASILEIRO,,PSB,ELEITO POR QP,APTO,PSB,
2022,MA,deputado estadual,1,20000,FERNANDO BRAIDE,FERNANDO SALIM BRAIDE,PSC,20,PARTIDO SOCIAL CRISTÃO,,PSC,ELEITO POR QP,APTO,PSC,
2022,MA,deputado estadual,1,20123,WELLINGTON DO CURSO,CARLOS WELLINGTON DE CASTRO BEZERRA,PSC,20,PARTIDO SOCIAL CRISTÃO,,PSC,ELEITO POR MÉDIA,APTO,PSC,
2022,MA,deputado estadual,1,55800,ERIC COSTA,WELLRYK OLIVEIRA COSTA DA SILVA,PSD,55,PARTIDO SOCIAL DEMOCRÁTICO,,PSD,ELEITO POR QP,APTO,PSD,
2022,MA,deputado estadual,1,55456,MICAL DAMASCENO,MICAL SILVA DAMASCENO,PSD,55,PARTIDO SOCIAL DEMOCRÁTICO,,PSD,ELEITO POR QP,APTO,PSD,
2022,MA,deputado estadual,1,10789,JANAINA RAMOS,JANAINA LIMA ARAÚJO RAMOS,REPUBLICANOS,10,REPUBLICANOS,,REPUBLICANOS,ELEITO POR QP,APTO,REPUBLICANOS,
2022,MA,deputado estadual,1,44678,NETO EVANGELISTA,JOSÉ ARIMATEA LIMA NETO EVANGELISTA,UNIÃO,44,UNIÃO BRASIL,,UNIÃO,ELEITO POR MÉDIA,APTO,UNIÃO,
2022,MG,deputado estadual,1,70111,ARLEN SANTIAGO,ARLEN DE PAULO SANTIAGO FILHO,AVANTE,70,AVANTE,,AVANTE,ELEITO POR QP,APTO,AVANTE,
2022,MG,deputado estadual,1,70193,BIM DA AMBULÂNCIA,RUBENS GONÇALVES DE BRITO,AVANTE,70,AVANTE,,AVANTE,ELEITO POR QP,APTO,AVANTE,
2022,MG,deputado estadual,1,70123,FÁBIO AVELAR,FABIO JOSE DE OLIVEIRA,AVANTE,70,AVANTE,,AVANTE,ELEITO POR QP,APTO,AVANTE,
2022,MG,deputado estadual,1,23100,BOSCO,JOÃO BOSCO,CIDADANIA,23,CIDADANIA,PSDB/CIDADANIA,Federação PSDB Cidadania (PSDB / CIDADANIA),ELEITO POR QP,APTO,CIDADANIA,
2022,MG,deputado estadual,1,23200,JOÃO VITOR XAVIER,JOÃO VITOR XAVIER FAUSTINO,CIDADANIA,23,CIDADANIA,PSDB/CIDADANIA,Federação PSDB Cidadania (PSDB / CIDADANIA),ELEITO POR MÉDIA,APTO,CIDADANIA,
2022,MG,deputado estadual,1,23700,RAUL BELÉM,RAUL JOSE DE BELEM,CIDADANIA,23,CIDADANIA,PSDB/CIDADANIA,Federação PSDB Cidadania (PSDB / CIDADANIA),ELEITO POR QP,APTO,CIDADANIA,
2022,MG,deputado estadual,1,27100,MARIA CLARA MARRA,MARIA CLARA MATOS MARRA,DC,27,DEMOCRACIA CRISTÃ,,DC,ELEITO POR QP,APTO,DC,
2022,MG,deputado estadual,1,15133,JOÃO MAGALHÃES,JOÃO LÚCIO MAGALHÃES BIFANO,MDB,15,MOVIMENTO DEMOCRÁTICO BRASILEIRO,,MDB,ELEITO POR QP,APTO,MDB,
2022,MG,deputado estadual,1,15300,TADEUZINHO,LUIZ TADEU MARTINS LEITE,MDB,15,MOVIMENTO DEMOCRÁTICO BRASILEIRO,,MDB,ELEITO POR QP,APTO,MDB,
2022,MG,deputado estadual,1,30230,DR MAURÍCIO,MAURÍCIO LEMES DE CARVALHO,NOVO,30,PARTIDO NOVO,,NOVO,ELEITO POR QP,APTO,NOVO,
2022,MG,deputado estadual,1,30011,ZÉ LAVIOLA,JOSÉ LAVIOLA NETO DE LIRA,NOVO,30,PARTIDO NOVO,,NOVO,ELEITO POR QP,APTO,NOVO,
2022,MG,deputado estadual,1,51300,DOORGAL ANDRADA,DOORGAL GUSTAVO SAD LAFAYETTE DE ANDRADA,PATRIOTA,51,PATRIOTA,,PATRIOTA,ELEITO POR QP,APTO,PATRIOTA,
2022,MG,deputado estadual,1,51051,DR. PAULO,PAULO VALDIR FERREIRA,PATRIOTA,51,PATRIOTA,,PATRIOTA,ELEITO POR QP,APTO,PATRIOTA,
2022,MG,deputado estadual,1,51222,ROBERTO ANDRADE,ROBERTO DIAS DE ANDRADE,PATRIOTA,51,PATRIOTA,,PATRIOTA,ELEITO POR MÉDIA,APTO,PATRIOTA,
2022,MG,deputado estadual,1,65112,CELINHO SINTROCEL,JOSÉ CÉLIO DE ALVARENGA,PC do B,65,PARTIDO COMUNISTA DO BRASIL,PT/PC do B/PV,Federação Brasil da Esperança - FE BRASIL (PT / PC do B / PV),ELEITO POR MÉDIA,APTO,PC do B,
2022,MG,deputado estadual,1,12212,ALENCAR DA SILVEIRA JR,ALENCAR MAGALHAES DA SILVEIRA JÚNIOR,PDT,12,PARTIDO DEMOCRÁTICO TRABALHISTA,,PDT,ELEITO POR QP,APTO,PDT,
2022,MG,deputado estadual,1,12000,THIAGO COTA,THIAGO FELLIPE MOTTA COTA,PDT,12,PARTIDO DEMOCRÁTICO TRABALHISTA,,PDT,ELEITO POR QP,APTO,PDT,
2022,MG,deputado estadual,1,22333,ALÊ PORTELA,ALESSANDRA DINIZ PORTELA SILVEIRA,PL,22,PARTIDO LIBERAL,,PL,ELEITO POR QP,APTO,PL,
2022,MG,deputado estadual,1,22123,ANTONIO CARLOS ARANTES,ANTONIO CARLOS ARANTES,PL,22,PARTIDO LIBERAL,,PL,ELEITO POR QP,APTO,PL,
2022,MG,deputado estadual,1,22222,BRUNO ENGLER,BRUNO DE CASTRO ENGLER FLORENCIO DE ALMEIDA,PL,22,PARTIDO LIBERAL,,PL,ELEITO POR QP,APTO,PL,
2022,MG,deputado estadual,1,22038,CAPOREZZO,CRISTIANO CAPOREZZO ARAUJO PIRES FERREIRA,PL,22,PARTIDO LIBERAL,,PL,ELEITO POR QP,APTO,PL,
2022,MG,deputado estadual,1,22500,CORONEL HENRIQUE,CARLOS HENRIQUE COELHO DE CAMPOS,PL,22,PARTIDO LIBERAL,,PL,ELEITO POR QP,APTO,PL,
2022,MG,deputado estadual,1,22011,CORONEL SANDRO,SANDRO LÚCIO FONSECA,PL,22,PARTIDO LIBERAL,,PL,ELEITO POR QP,APTO,PL,
2022,MG,deputado estadual,1,22032,DELEGADA SHEILA,SHEILA APARECIDA PEDROSA DE MELLO OLIVEIRA,PL,22,PARTIDO LIBERAL,,PL,ELEITO POR QP,APTO,PL,
2022,MG,deputado estadual,1,22800,GUSTAVO SANTANA,GUSTAVO DE VASCONCELLOS MOREIRA,PL,22,PARTIDO LIBERAL,,PL,ELEITO POR QP,APTO,PL,
2022,MG,deputado estadual,1,22122,SARGENTO RODRIGUES,WASHINGTON FERNANDO RODRIGUES,PL,22,PARTIDO LIBERAL,,PL,ELEITO POR QP,APTO,PL,
2022,MG,deputado estadual,1,33500,ENES CANDIDO,ENES CANDIDO DAMACENA JUNIOR,PMN,33,PARTIDO DA MOBILIZAÇÃO NACIONAL,,PMN,ELEITO POR QP,APTO,PMN,
2022,MG,deputado estadual,1,33033,GREGO,IOANNIS KONSTANTINOS GRAMMATIKOPOULOS,PMN,33,PARTIDO DA MOBILIZAÇÃO NACIONAL,,PMN,ELEITO POR MÉDIA,APTO,PMN,
2022,MG,deputado estadual,1,33333,GUSTAVO VALADARES,GUSTAVO DA CUNHA PEREIRA VALADARES,PMN,33,PARTIDO DA MOBILIZAÇÃO NACIONAL,,PMN,ELEITO POR QP,APTO,PMN,
2022,MG,deputado estadual,1,19123,LUD FALCAO,LUDIMILA FONSECA AZEVEDO FALCAO,PODE,19,PODEMOS,,PODE,ELEITO POR QP,APTO,PODE,
2022,MG,deputado estadual,1,11123,ADRIANO ALVARENGA,ADRIANO DE ALMEIDA ALVARENGA,PP,11,PROGRESSISTAS,,PP,ELEITO POR QP,APTO,PP,
2022,MG,deputado estadual,1,11077,CHIARA BIONDINI,CHIARA TEIXEIRA BIONDINI,PP,11,PROGRESSISTAS,,PP,ELEITO POR MÉDIA,APTO,PP,
2022,MG,deputado estadual,1,11789,NAYARA ROCHA,NAYARA ROCHA PERDIGAO LARA,PP,11,PROGRESSISTAS,,PP,ELEITO POR QP,APTO,PP,
2022,MG,deputado estadual,1,11230,OSCAR TEIXEIRA,OSCAR LISANDRO TEIXEIRA,PP,11,PROGRESSISTAS,,PP,ELEITO POR QP,APTO,PP,
2022,MG,deputado estadual,1,11025,VITORIO JUNIOR,VITORIO FILHO RIBEIRO,PP,11,PROGRESSISTAS,,PP,ELEITO POR QP,APTO,PP,
2022,MG,deputado estadual,1,11111,ZÉ GUILHERME,JOSE GUILHERME FERREIRA FILHO,PP,11,PROGRESSISTAS,,PP,ELEITO POR QP,APTO,PP,
2022,MG,deputado estadual,1,90900,ELISMAR PRADO,ELISMAR FERNANDES PRADO,PROS,90,PARTIDO REPUBLICANO DA ORDEM SOCIAL,,PROS,ELEITO POR QP,APTO,PROS,
2022,MG,deputado estadual,1,40789,NEILANDO PIMENTA,NEILANDO ALVES PIMENTA,PSB,40,PARTIDO SOCIALISTA BRASILEIRO,,PSB,ELEITO POR QP,APTO,PSB,
2022,MG,deputado estadual,1,20200,EDUARDO AZEVEDO,EDUARDO HENRIQUE DE AZEVEDO,PSC,20,PARTIDO SOCIAL CRISTÃO,,PSC,ELEITO POR QP,APTO,PSC,
2022,MG,deputado estadual,1,20120,MARLI RIBEIRO,MARLI FERREIRA DA SILVA,PSC,20,PARTIDO SOCIAL CRISTÃO,,PSC,ELEITO POR QP,APTO,PSC,
2022,MG,deputado estadual,1,20123,NORALDINO JÚNIOR,NORALDINO LUCIO DIAS JUNIOR,PSC,20,PARTIDO SOCIAL CRISTÃO,,PSC,ELEITO POR QP,APTO,PSC,
2022,MG,deputado estadual,1,55555,CASSIO SOARES,CASSIO ANTONIO FERREIRA SOARES,PSD,55,PARTIDO SOCIAL DEMOCRÁTICO,,PSD,ELEITO POR QP,APTO,PSD,
2022,MG,deputado estadual,1,55333,DELEGADO CHRISTIANO XAVIER,CHRISTIANO AUGUSTO XAVIER FERREIRA,PSD,55,PARTIDO SOCIAL DEMOCRÁTICO,,PSD,ELEITO POR QP,APTO,PSD,
2022,MG,deputado estadual,1,55800,DOUGLAS MELO,JEFERSON DOUGLAS SOARES ESTANISLAU,PSD,55,PARTIDO SOCIAL DEMOCRÁTICO,,PSD,ELEITO POR MÉDIA,APTO,PSD,
2022,MG,deputado estadual,1,55123,DOUTOR WILSON BATISTA,WILSON ROBERTO BATISTA,PSD,55,PARTIDO SOCIAL DEMOCRÁTICO,,PSD,ELEITO POR QP,APTO,PSD,
2022,MG,deputado estadual,1,55789,DUARTE,NACIB DUARTE BECHIR,PSD,55,PARTIDO SOCIAL DEMOCRÁTICO,,PSD,ELEITO POR QP,APTO,PSD,
2022,MG,deputado estadual,1,55210,GIL PEREIRA,GILBERTO WAGNER MARTINS PEREIRA ANTUNES,PSD,55,PARTIDO SOCIAL DEMOCRÁTICO,,PSD,ELEITO POR QP,APTO,PSD,
2022,MG,deputado estadual,1,55444,LEANDRO GENARO,LEANDRO ANDRADE GENARO OLIVEIRA,PSD,55,PARTIDO SOCIAL DEMOCRÁTICO,,PSD,ELEITO POR QP,APTO,PSD,
2022,MG,deputado estadual,1,55031,RAFAEL MARTINS,RAFAEL MARTINS DE SOUZA,PSD,55,PARTIDO SOCIAL DEMOCRÁTICO,,PSD,ELEITO POR MÉDIA,APTO,PSD,
2022,MG,deputado estadual,1,55240,TITO TORRES,TITO BRUNO MIRANDA TORRES DUARTE,PSD,55,PARTIDO SOCIAL DEMOCRÁTICO,,PSD,ELEITO POR QP,APTO,PSD,
2022,MG,deputado estadual,1,45999,LEONÍDIO BOUÇAS,LEONÍDIO HENRIQUE CORREA BOUÇAS,PSDB,45,PARTIDO DA SOCIAL DEMOCRACIA BRASILEIRA,PSDB/CIDADANIA,Federação PSDB Cidadania (PSDB / CIDADANIA),ELEITO POR QP,APTO,PSDB,
2022,MG,deputado estadual,1,50500,BELLA GONÇALVES,ISABELLA GONÇALVES MIRANDA,PSOL,50,PARTIDO SOCIALISMO E LIBERDADE,PSOL/REDE,Federação PSOL REDE (PSOL / REDE),ELEITO POR QP,APTO,PSOL,
2022,MG,deputado estadual,1,13050,ANDREIA DE JESUS,ANDREIA DE JESUS SILVA,PT,13,PARTIDO DOS TRABALHADORES,PT/PC do B/PV,Federação Brasil da Esperança - FE BRASIL (PT / PC do B / PV),ELEITO POR QP,APTO,PT,
2022,MG,deputado estadual,1,13123,BEATRIZ CERQUEIRA,BEATRIZ DA SILVA CERQUEIRA,PT,13,PARTIDO DOS TRABALHADORES,PT/PC do B/PV,Federação Brasil da Esperança - FE BRASIL (PT / PC do B / PV),ELEITO POR QP,APTO,PT,
2022,MG,deputado estadual,1,13613,BETÃO,ROBERTO CUPOLILLO,PT,13,PARTIDO DOS TRABALHADORES,PT/PC do B/PV,Federação Brasil da Esperança - FE BRASIL (PT / PC do B / PV),ELEITO POR QP,APTO,PT,
2022,MG,deputado estadual,1,13120,CRISTIANO SILVEIRA,CRISTIANO TADEU DA SILVEIRA,PT,13,PARTIDO DOS TRABALHADORES,PT/PC do B/PV,Federação Brasil da Esperança - FE BRASIL (PT / PC do B / PV),ELEITO POR QP,APTO,PT,
2022,MG,deputado estadual,1,13100,DR. JEAN FREIRE,JEAN MARK FREIRE SILVA,PT,13,PARTIDO DOS TRABALHADORES,PT/PC do B/PV,Federação Brasil da Esperança - FE BRASIL (PT / PC do B / PV),ELEITO POR QP,APTO,PT,
2022,MG,deputado estadual,1,13579,LELECO PIMENTEL,WHELTON PIMENTEL DE FREITAS,PT,13,PARTIDO DOS TRABALHADORES,PT/PC do B/PV,Federação Brasil da Esperança - FE BRASIL (PT / PC do B / PV),ELEITO POR MÉDIA,APTO,PT,
2022,MG,deputado estadual,1,13456,LENINHA,MARILENE ALVES DE SOUZA,PT,13,PARTIDO DOS TRABALHADORES,PT/PC do B/PV,Federação Brasil da Esperança - FE BRASIL (PT / PC do B / PV),ELEITO POR QP,APTO,PT,
2022,MG,deputado estadual,1,13125,LUIZINHO,LUIZ ANTONIO DA SILVA,PT,13,PARTIDO DOS TRABALHADORES,PT/PC do B/PV,Federação Brasil da Esperança - FE BRASIL (PT / PC do B / PV),ELEITO POR QP,APTO,PT,
2022,MG,deputado estadual,1,13130,MACAÉ EVARISTO,MACAÉ MARIA EVARISTO DOS SANTOS,PT,13,PARTIDO DOS TRABALHADORES,PT/PC do B/PV,Federação Brasil da Esperança - FE BRASIL (PT / PC do B / PV),ELEITO POR QP,APTO,PT,
2022,MG,deputado estadual,1,13139,MARQUINHO LEMOS,MARCOS JOSERALDO LEMOS,PT,13,PARTIDO DOS TRABALHADORES,PT/PC do B/PV,Federação Brasil da Esperança - FE BRASIL (PT / PC do B / PV),ELEITO POR QP,APTO,PT,
2022,MG,deputado estadual,1,13789,RICARDO CAMPOS,RICARDO AUGUSTO DA COSTA CAMPOS,PT,13,PARTIDO DOS TRABALHADORES,PT/PC do B/PV,Federação Brasil da Esperança - FE BRASIL (PT / PC do B / PV),ELEITO POR MÉDIA,APTO,PT,
2022,MG,deputado estadual,1,13077,ULYSSES GOMES,ULYSSES GOMES DE OLIVEIRA NETO,PT,13,PARTIDO DOS TRABALHADORES,PT/PC do B/PV,Federação Brasil da Esperança - FE BRASIL (PT / PC do B / PV),ELEITO POR QP,APTO,PT,
2022,MG,deputado estadual,1,43111,BETINHO PINTO COELHO ALBERTO,ALBERTO PINTO COELHO NETO,PV,43,PARTIDO VERDE,PT/PC do B/PV,Federação Brasil da Esperança - FE BRASIL (PT / PC do B / PV),ELEITO POR QP,APTO,PV,
2022,MG,deputado estadual,1,43500,LOHANNA,LOHANNA SOUZA FRANÇA MOREIRA DE OLIVEIRA,PV,43,PARTIDO VERDE,PT/PC do B/PV,Federação Brasil da Esperança - FE BRASIL (PT / PC do B / PV),ELEITO POR QP,APTO,PV,
2022,MG,deputado estadual,1,43333,MÁRIO HENRIQUE CAIXA,MÁRIO HENRIQUE DA SILVA,PV,43,PARTIDO VERDE,PT/PC do B/PV,Federação Brasil da Esperança - FE BRASIL (PT / PC do B / PV),ELEITO POR QP,APTO,PV,
2022,MG,deputado estadual,1,43700,PROFESSOR CLEITON (CLEITINHO),CLEITON DE OLIVEIRA,PV,43,PARTIDO VERDE,PT/PC do B/PV,Federação Brasil da Esperança - FE BRASIL (PT / PC do B / PV),ELEITO POR QP,APTO,PV,
2022,MG,deputado estadual,1,18444,ANA PAULA SIQUEIRA,ANA PAULA SIQUEIRA,REDE,18,REDE SUSTENTABILIDADE,PSOL/REDE,Federação PSOL REDE (PSOL / REDE),ELEITO POR MÉDIA,APTO,REDE,
2022,MG,deputado estadual,1,18900,LUCAS LASMAR,LUCAS LASMAR DE MOURA COSTA RESENDE,REDE,18,REDE SUSTENTABILIDADE,PSOL/REDE,Federação PSOL REDE (PSOL / REDE),ELEITO POR QP,APTO,REDE,
2022,MG,deputado estadual,1,10123,CARLOS HENRIQUE,CARLOS HENRIQUE ALVES DA SILVA,REPUBLICANOS,10,REPUBLICANOS,,REPUBLICANOS,ELEITO POR QP,APTO,REPUBLICANOS,
2022,MG,deputado estadual,1,10100,CHARLES SANTOS,CHARLES DOS SANTOS,REPUBLICANOS,10,REPUBLICANOS,,REPUBLICANOS,ELEITO POR QP,APTO,REPUBLICANOS,
2022,MG,deputado estadual,1,10800,MAURO TRAMONTE,MAURO HENRIQUE TRAMONTE,REPUBLICANOS,10,REPUBLICANOS,,REPUBLICANOS,ELEITO POR QP,APTO,REPUBLICANOS,
2022,MG,deputado estadual,1,77777,PROFESSOR WENDEL MESQUITA,WENDEL CRISTIANO SOARES DE MESQUITA,SOLIDARIEDADE,77,SOLIDARIEDADE,,SOLIDARIEDADE,ELEITO POR QP,APTO,SOLIDARIEDADE,
2022,MG,deputado estadual,1,44444,ARNALDO,ARNALDO SILVA JÚNIOR,UNIÃO,44,UNIÃO BRASIL,,UNIÃO,ELEITO POR QP,APTO,UNIÃO,
2022,MG,deputado estadual,1,44141,IONE PINHEIRO,IONE MARIA PINHEIRO,UNIÃO,44,UNIÃO BRASIL,,UNIÃO,ELEITO POR QP,APTO,UNIÃO,
2022,MG,deputado estadual,1,44123,RODRIGO LOPES,RODRIGO APARECIDO LOPES,UNIÃO,44,UNIÃO BRASIL,,UNIÃO,ELEITO POR QP,APTO,UNIÃO,
2022,MS,deputado estadual,1,15555,JUNIOR MOCHI,OSWALDO MOCHI JUNIOR,MDB,15,MOVIMENTO DEMOCRÁTICO BRASILEIRO,,MDB,ELEITO POR QP,APTO,MDB,
2022,MS,deputado estadual,1,15000,MARCIO FERNANDES,MARCIO FERNANDES,MDB,15,MOVIMENTO DEMOCRÁTICO BRASILEIRO,,MDB,ELEITO POR MÉDIA,APTO,MDB,
2022,MS,deputado estadual,1,15150,RENATO CÂMARA,RENATO PIERETTI CÂMARA,MDB,15,MOVIMENTO DEMOCRÁTICO BRASILEIRO,,MDB,ELEITO POR QP,APTO,MDB,
2022,MS,deputado estadual,1,51777,LIDIO LOPES,LIDIO NOGUEIRA LOPES,PATRIOTA,51,PATRIOTA,,PATRIOTA,ELEITO POR MÉDIA,APTO,PATRIOTA,
2022,MS,deputado estadual,1,12000,LUCAS DE LIMA DO AMOR SEM FIM,LUIZ CARLOS CORREIA DE LIMA,PDT,12,PARTIDO DEMOCRÁTICO TRABALHISTA,,PDT,ELEITO POR QP,APTO,PDT,
2022,MS,deputado estadual,1,22800,CORONEL DAVID,CARLOS ALBERTO DAVID DOS SANTOS,PL,22,PARTIDO LIBERAL,,PL,ELEITO POR QP,APTO,PL,
2022,MS,deputado estadual,1,22222,JOÃO HENRIQUE,JOÃO HENRIQUE MIRANDA SOARES CATAN,PL,22,PARTIDO LIBERAL,,PL,ELEITO POR QP,APTO,PL,
2022,MS,deputado estadual,1,19019,PROFESSOR RINALDO MODESTO,RINALDO MODESTO DE OLIVEIRA,PODE,19,PODEMOS,,PODE,ELEITO POR QP,APTO,PODE,
2022,MS,deputado estadual,1,11111,GERSON CLARO,GERSON CLARO DINO,PP,11,PROGRESSISTAS,,PP,ELEITO POR QP,APTO,PP,
2022,MS,deputado estadual,1,11123,LONDRES MACHADO,LONDRES MACHADO,PP,11,PROGRESSISTAS,,PP,ELEITO POR QP,APTO,PP,
2022,MS,deputado estadual,1,40300,PAULO DUARTE,PAULO ROBERTO DUARTE,PSB,40,PARTIDO SOCIALISTA BRASILEIRO,,PSB,ELEITO POR MÉDIA,APTO,PSB,
2022,MS,deputado estadual,1,55000,PEDROSSIAN NETO,PEDRO PEDROSSIAN NETO,PSD,55,PARTIDO SOCIAL DEMOCRÁTICO,,PSD,ELEITO POR QP,APTO,PSD,
2022,MS,deputado estadual,1,45045,CARAVINA,PEDRO ARLEI CARAVINA,PSDB,45,PARTIDO DA SOCIAL DEMOCRACIA BRASILEIRA,PSDB/CIDADANIA,Federação PSDB Cidadania (PSDB / CIDADANIA),ELEITO POR QP,APTO,PSDB,
2022,MS,deputado estadual,1,45123,JAMILSON NAME,JAMILSON LOPES NAME,PSDB,45,PARTIDO DA SOCIAL DEMOCRACIA BRASILEIRA,PSDB/CIDADANIA,Federação PSDB Cidadania (PSDB / CIDADANIA),ELEITO POR QP,APTO,PSDB,
2022,MS,deputado estadual,1,45678,JOÃO CÉSAR MATTOGROSSO,JOÃO CÉSAR MATTO GROSSO PEREIRA,PSDB,45,PARTIDO DA SOCIAL DEMOCRACIA BRASILEIRA,PSDB/CIDADANIA,Federação PSDB Cidadania (PSDB / CIDADANIA),ELEITO POR MÉDIA,APTO,PSDB,
2022,MS,deputado estadual,1,45101,LIA NOGUEIRA,MARIA IMACULADA NOGUEIRA,PSDB,45,PARTIDO DA SOCIAL DEMOCRACIA BRASILEIRA,PSDB/CIDADANIA,Federação PSDB Cidadania (PSDB / CIDADANIA),ELEITO POR MÉDIA,APTO,PSDB,
2022,MS,deputado estadual,1,45000,MARA CASEIRO,MARA ELISA NAVACCHI CASEIRO,PSDB,45,PARTIDO DA SOCIAL DEMOCRACIA BRASILEIRA,PSDB/CIDADANIA,Federação PSDB Cidadania (PSDB / CIDADANIA),ELEITO POR QP,APTO,PSDB,
2022,MS,deputado estadual,1,45222,PAULO CORRÊA,PAULO JOSÉ ARAÚJO CORRÊA,PSDB,45,PARTIDO DA SOCIAL DEMOCRACIA BRASILEIRA,PSDB/CIDADANIA,Federação PSDB Cidadania (PSDB / CIDADANIA),ELEITO POR QP,APTO,PSDB,
2022,MS,deputado estadual,1,45121,ZÉ TEIXEIRA,JOSÉ ROBERTO TEIXEIRA,PSDB,45,PARTIDO DA SOCIAL DEMOCRACIA BRASILEIRA,PSDB/CIDADANIA,Federação PSDB Cidadania (PSDB / CIDADANIA),ELEITO POR QP,APTO,PSDB,
2022,MS,deputado estadual,1,13013,AMARILDO CRUZ,AMARILDO VALDO DA CRUZ,PT,13,PARTIDO DOS TRABALHADORES,PT/PC do B/PV,Federação Brasil da Esperança - FE BRASIL (PT / PC do B / PV),ELEITO POR MÉDIA,APTO,PT,
2022,MS,deputado estadual,1,13613,PEDRO KEMP,PEDRO CESAR KEMP GONÇALVES,PT,13,PARTIDO DOS TRABALHADORES,PT/PC do B/PV,Federação Brasil da Esperança - FE BRASIL (PT / PC do B / PV),ELEITO POR QP,APTO,PT,
2022,MS,deputado estadual,1,13111,ZECA DO PT,JOSÉ ORCÍRIO MIRANDA DOS SANTOS,PT,13,PARTIDO DOS TRABALHADORES,PT/PC do B/PV,Federação Brasil da Esperança - FE BRASIL (PT / PC do B / PV),ELEITO POR QP,APTO,PT,
2022,MS,deputado estadual,1,10123,ANTONIO VAZ,ANTONIO VAZ NETO,REPUBLICANOS,10,REPUBLICANOS,,REPUBLICANOS,ELEITO POR QP,APTO,REPUBLICANOS,
2022,MS,deputado estadual,1,44999,ROBERTO HASHIOKA,ROBERTO HASHIOKA SOLER,UNIÃO,44,UNIÃO BRASIL,,UNIÃO,ELEITO POR QP,APTO,UNIÃO,
2022,MT,deputado estadual,1,23444,FAISSAL,FAISSAL JORGE CALIL FILHO,CIDADANIA,23,CIDADANIA,PSDB/CIDADANIA,Federação PSDB Cidadania (PSDB / CIDADANIA),ELEITO POR QP,APTO,CIDADANIA,
2022,MT,deputado estadual,1,15678,DR. JOÃO,JOÃO JOSÉ DE MATOS,MDB,15,MOVIMENTO DEMOCRÁTICO BRASILEIRO,,MDB,ELEITO POR QP,APTO,MDB,
2022,MT,deputado estadual,1,15015,JANAÍNA RIVA,JANAÍNA GREYCE RIVA FAGUNDES,MDB,15,MOVIMENTO DEMOCRÁTICO BRASILEIRO,,MDB,ELEITO POR QP,APTO,MDB,
2022,MT,deputado estadual,1,15555,JUCA DO GUARANÁ FILHO,LÍDIO BARBOSA,MDB,15,MOVIMENTO DEMOCRÁTICO BRASILEIRO,,MDB,ELEITO POR MÉDIA,APTO,MDB,
2022,MT,deputado estadual,1,15152,THIAGO SILVA,THIAGO ALEXANDRE RODRIGUES DA SILVA,MDB,15,MOVIMENTO DEMOCRÁTICO BRASILEIRO,,MDB,ELEITO POR QP,APTO,MDB,
2022,MT,deputado estadual,1,22190,ELIZEU NASCIMENTO,ELIZEU FRANCISCO DO NASCIMENTO,PL,22,PARTIDO LIBERAL,,PL,ELEITO POR QP,APTO,PL,
2022,MT,deputado estadual,1,22222,GILBERTO CATTANI,GILBERTO MOACIR CATTANI,PL,22,PARTIDO LIBERAL,,PL,ELEITO POR QP,APTO,PL,
2022,MT,deputado estadual,1,11456,PAULO ARAUJO,PAULO ROBERTO ARAUJO,PP,11,PROGRESSISTAS,,PP,ELEITO POR QP,APTO,PP,
2022,MT,deputado estadual,1,40321,BETO DOIS A UM,ALBERTO MACHADO,PSB,40,PARTIDO SOCIALISTA BRASILEIRO,,PSB,ELEITO POR QP,APTO,PSB,
2022,MT,deputado estadual,1,40999,DR. EUGÊNIO,JOSÉ EUGENIO DE PAIVA,PSB,40,PARTIDO SOCIALISTA BRASILEIRO,,PSB,ELEITO POR MÉDIA,APTO,PSB,
2022,MT,deputado estadual,1,40222,FABINHO,FABIO JOSÉ TARDIN,PSB,40,PARTIDO SOCIALISTA BRASILEIRO,,PSB,ELEITO POR QP,APTO,PSB,
2022,MT,deputado estadual,1,40000,MAX RUSSI,MAX JOEL RUSSI,PSB,40,PARTIDO SOCIALISTA BRASILEIRO,,PSB,ELEITO POR QP,APTO,PSB,
2022,MT,deputado estadual,1,55123,NININHO,ONDANIR BORTOLINI,PSD,55,PARTIDO SOCIAL DEMOCRÁTICO,,PSD,ELEITO POR QP,APTO,PSD,
2022,MT,deputado estadual,1,55100,WILSON SANTOS,WILSON  PEREIRA DOS SANTOS,PSD,55,PARTIDO SOCIAL DEMOCRÁTICO,,PSD,ELEITO POR MÉDIA,APTO,PSD,
2022,MT,deputado estadual,1,45500,CARLOS AVALONE,CARLOS AVALONE JUNIOR,PSDB,45,PARTIDO DA SOCIAL DEMOCRACIA BRASILEIRA,PSDB/CIDADANIA,Federação PSDB Cidadania (PSDB / CIDADANIA),ELEITO POR MÉDIA,APTO,PSDB,
2022,MT,deputado estadual,1,13130,LÚDIO CABRAL,LUDIO FRANK MENDES CABRAL,PT,13,PARTIDO DOS TRABALHADORES,PT/PC do B/PV,Federação Brasil da Esperança - FE BRASIL (PT / PC do B / PV),ELEITO POR QP,APTO,PT,
2022,MT,deputado estadual,1,13123,VALDIR BARRANCO,VALDIR MENDES BARRANCO,PT,13,PARTIDO DOS TRABALHADORES,PT/PC do B/PV,Federação Brasil da Esperança - FE BRASIL (PT / PC do B / PV),ELEITO POR QP,APTO,PT,
2022,MT,deputado estadual,1,14100,CLAUDIO FERREIRA,CLAUDIO FERREIRA DE SOUZA,PTB,14,PARTIDO TRABALHISTA BRASILEIRO,,PTB,ELEITO POR MÉDIA,APTO,PTB,
2022,MT,deputado estadual,1,10444,DIEGO GUIMARÃES,DIEGO ARRUDA VAZ GUIMARÃES,REPUBLICANOS,10,REPUBLICANOS,,REPUBLICANOS,ELEITO POR QP,APTO,REPUBLICANOS,
2022,MT,deputado estadual,1,10000,VALMIR MORETTO,VALMIR LUIZ MORETTO,REPUBLICANOS,10,REPUBLICANOS,,REPUBLICANOS,ELEITO POR QP,APTO,REPUBLICANOS,
2022,MT,deputado estadual,1,44650,BOTELHO,JOSÉ EDUARDO BOTELHO,UNIÃO,44,UNIÃO BRASIL,,UNIÃO,ELEITO POR QP,APTO,UNIÃO,
2022,MT,deputado estadual,1,44125,DILMAR DAL BOSCO,DILMAR DAL BOSCO,UNIÃO,44,UNIÃO BRASIL,,UNIÃO,ELEITO POR QP,APTO,UNIÃO,
2022,MT,deputado estadual,1,44044,ENG. SEBASTIÃO MACHADO REZENDE,SEBASTIÃO MACHADO REZENDE,UNIÃO,44,UNIÃO BRASIL,,UNIÃO,ELEITO POR QP,APTO,UNIÃO,
2022,MT,deputado estadual,1,44123,JÚLIO CAMPOS,JÚLIO JOSÉ DE CAMPOS,UNIÃO,44,UNIÃO BRASIL,,UNIÃO,ELEITO POR MÉDIA,APTO,UNIÃO,
2022,PA,deputado estadual,1,23333,THIAGO ARAUJO,THIAGO ARAÚJO,CIDADANIA,23,CIDADANIA,PSDB/CIDADANIA,Federação PSDB Cidadania (PSDB / CIDADANIA),ELEITO POR MÉDIA,APTO,CIDADANIA,
2022,PA,deputado estadual,1,15123,ANDREIA XARÃO,ANDREIA SERRA MELO,MDB,15,MOVIMENTO DEMOCRÁTICO BRASILEIRO,,MDB,ELEITO POR MÉDIA,APTO,MDB,
2022,PA,deputado estadual,1,15500,ANGELO FERRARI,ANGELO AUGUSTO DE OLIVEIRA FERRARI,MDB,15,MOVIMENTO DEMOCRÁTICO BRASILEIRO,,MDB,ELEITO POR QP,APTO,MDB,
2022,PA,deputado estadual,1,15789,CARLOS VINICIOS,CARLOS VINICIOS DE MELO VIEIRA,MDB,15,MOVIMENTO DEMOCRÁTICO BRASILEIRO,,MDB,ELEITO POR QP,APTO,MDB,
2022,PA,deputado estadual,1,15100,CHAMONZINHO,WENDERSON AZEVEDO CHAMON,MDB,15,MOVIMENTO DEMOCRÁTICO BRASILEIRO,,MDB,ELEITO POR QP,APTO,MDB,
2022,PA,deputado estadual,1,15555,CHICÃO,FRANCISCO DAS CHAGAS SILVA MELO FILHO,MDB,15,MOVIMENTO DEMOCRÁTICO BRASILEIRO,,MDB,ELEITO POR QP,APTO,MDB,
2022,PA,deputado estadual,1,15999,DIANA BELO,ANTONIA DIANA MOTA DE OLIVEIRA,MDB,15,MOVIMENTO DEMOCRÁTICO BRASILEIRO,,MDB,ELEITO POR QP,APTO,MDB,
2022,PA,deputado estadual,1,15615,DR. WANDERLAN,WANDERLAN AUGUSTO BRANDAO QUARESMA,MDB,15,MOVIMENTO DEMOCRÁTICO BRASILEIRO,,MDB,ELEITO POR QP,APTO,MDB,
2022,PA,deputado estadual,1,15000,ERALDO PIMENTA,ERALDO SORGE SEBASTIAO PIMENTA,MDB,15,MOVIMENTO DEMOCRÁTICO BRASILEIRO,,MDB,ELEITO POR MÉDIA,APTO,MDB,
2022,PA,deputado estadual,1,15678,IRAN LIMA,IRAN ATAIDE DE LIMA,MDB,15,MOVIMENTO DEMOCRÁTICO BRASILEIRO,,MDB,ELEITO POR QP,APTO,MDB,
2022,PA,deputado estadual,1,15456,MARTINHO CARMONA,MARTINHO ARNALDO CAMPOS CARMONA,MDB,15,MOVIMENTO DEMOCRÁTICO BRASILEIRO,,MDB,ELEITO POR QP,APTO,MDB,
2022,PA,deputado estadual,1,15777,PAULA TITAN,PAULA CRISTINA TITAN REBELLO,MDB,15,MOVIMENTO DEMOCRÁTICO BRASILEIRO,,MDB,ELEITO POR QP,APTO,MDB,
2022,PA,deputado estadual,1,15111,RONIE SILVA,RONIE RUFINO DA SILVA,MDB,15,MOVIMENTO DEMOCRÁTICO BRASILEIRO,,MDB,ELEITO POR QP,APTO,MDB,
2022,PA,deputado estadual,1,15150,ZECA PIRAO,JOSE WILSON COSTA ARAUJO,MDB,15,MOVIMENTO DEMOCRÁTICO BRASILEIRO,,MDB,ELEITO POR QP,APTO,MDB,
2022,PA,deputado estadual,1,12000,ADRIANO COELHO,MARCO ADRIANO ALBUQUERQUE COELHO,PDT,12,PARTIDO DEMOCRÁTICO TRABALHISTA,,PDT,ELEITO POR QP,APTO,PDT,
2022,PA,deputado estadual,1,12500,BRAZ,IVANALDO BRAZ SILVA SIMPLÍCIO,PDT,12,PARTIDO DEMOCRÁTICO TRABALHISTA,,PDT,ELEITO POR MÉDIA,APTO,PDT,
2022,PA,deputado estadual,1,22244,AVEILTON SOUZA,AVEILTON SILVA DE SOUZA,PL,22,PARTIDO LIBERAL,,PL,ELEITO POR QP,APTO,PL,
2022,PA,deputado estadual,1,22000,CORONEL NEIL,NEIL DUARTE DE SOUZA,PL,22,PARTIDO LIBERAL,,PL,ELEITO POR MÉDIA,APTO,PL,
2022,PA,deputado estadual,1,22222,ROGERIO BARRA,HUGO ROGERIO SARMANHO BARRA,PL,22,PARTIDO LIBERAL,,PL,ELEITO POR QP,APTO,PL,
2022,PA,deputado estadual,1,19111,IGOR NORMANDO,IGOR WANDER CENTENO NORMANDO,PODE,19,PODEMOS,,PODE,ELEITO POR QP,APTO,PODE,
2022,PA,deputado estadual,1,19015,RENATO OLIVEIRA,RENATO PAIVA DE OLIVEIRA,PODE,19,PODEMOS,,PODE,ELEITO POR QP,APTO,PODE,
2022,PA,deputado estadual,1,11444,ANTONIO TONHEIRO,ANTONIO GOMES DE LIMA,PP,11,PROGRESSISTAS,,PP,ELEITO POR QP,APTO,PP,
2022,PA,deputado estadual,1,11011,LU OGAWA,JOSE LUCIO OGAWA RODRIGUES,PP,11,PROGRESSISTAS,,PP,ELEITO POR MÉDIA,APTO,PP,
2022,PA,deputado estadual,1,11222,LUTH REBELO,LUIZ FURTADO REBELO FILHO,PP,11,PROGRESSISTAS,,PP,ELEITO POR QP,APTO,PP,
2022,PA,deputado estadual,1,40999,FÁBIO FIGUEIRAS,FABIO DE MELO FIGUEIRAS,PSB,40,PARTIDO SOCIALISTA BRASILEIRO,,PSB,ELEITO POR QP,APTO,PSB,
2022,PA,deputado estadual,1,20000,DELEGADO TONI CUNHA,ANTONIO CARLOS CUNHA SÁ,PSC,20,PARTIDO SOCIAL CRISTÃO,,PSC,ELEITO POR QP,APTO,PSC,
2022,PA,deputado estadual,1,20200,WESCLEY TOMAZ,WESCLEY SILVA AGUIAR,PSC,20,PARTIDO SOCIAL CRISTÃO,,PSC,ELEITO POR QP,APTO,PSC,
2022,PA,deputado estadual,1,55100,DELEGADO NILTON NEVES,NILTON SILVA DAS NEVES,PSD,55,PARTIDO SOCIAL DEMOCRÁTICO,,PSD,ELEITO POR QP,APTO,PSD,
2022,PA,deputado estadual,1,55123,GUSTAVO SEFER,GUSTAVO BEMERGUY SEFER,PSD,55,PARTIDO SOCIAL DEMOCRÁTICO,,PSD,ELEITO POR QP,APTO,PSD,
2022,PA,deputado estadual,1,45130,ANA CUNHA,ANA MARIA DO SOCORRO MAGNO CUNHA,PSDB,45,PARTIDO DA SOCIAL DEMOCRACIA BRASILEIRA,PSDB/CIDADANIA,Federação PSDB Cidadania (PSDB / CIDADANIA),ELEITO POR QP,APTO,PSDB,
2022,PA,deputado estadual,1,45112,CILENE COUTO,CILENE LISBOA COUTO MARQUES,PSDB,45,PARTIDO DA SOCIAL DEMOCRACIA BRASILEIRA,PSDB/CIDADANIA,Federação PSDB Cidadania (PSDB / CIDADANIA),ELEITO POR QP,APTO,PSDB,
2022,PA,deputado estadual,1,45555,ERICK MONTEIRO,ERICK DA COSTA MONTEIRO,PSDB,45,PARTIDO DA SOCIAL DEMOCRACIA BRASILEIRA,PSDB/CIDADANIA,Federação PSDB Cidadania (PSDB / CIDADANIA),ELEITO POR QP,APTO,PSDB,
2022,PA,deputado estadual,1,50123,LÍVIA DUARTE,LÍVIA DUARTE PUTY,PSOL,50,PARTIDO SOCIALISMO E LIBERDADE,PSOL/REDE,Federação PSOL REDE (PSOL / REDE),ELEITO POR MÉDIA,APTO,PSOL,
2022,PA,deputado estadual,1,13130,BORDALO,CARLOS ALBERTO BARROS BORDALO,PT,13,PARTIDO DOS TRABALHADORES,PT/PC do B/PV,Federação Brasil da Esperança - FE BRASIL (PT / PC do B / PV),ELEITO POR MÉDIA,APTO,PT,
2022,PA,deputado estadual,1,13133,DIRCEU TEN CATEN,DIRCEU TEN CATEN PIES,PT,13,PARTIDO DOS TRABALHADORES,PT/PC do B/PV,Federação Brasil da Esperança - FE BRASIL (PT / PC do B / PV),ELEITO POR QP,APTO,PT,
2022,PA,deputado estadual,1,13011,ELIAS SANTIAGO,ELIAS GUIMARÃES SANTIAGO,PT,13,PARTIDO DOS TRABALHADORES,PT/PC do B/PV,Federação Brasil da Esperança - FE BRASIL (PT / PC do B / PV),ELEITO POR QP,APTO,PT,
2022,PA,deputado estadual,1,13123,MARIA,MARIA DO CARMO MARTINS LIMA,PT,13,PARTIDO DOS TRABALHADORES,PT/PC do B/PV,Federação Brasil da Esperança - FE BRASIL (PT / PC do B / PV),ELEITO POR QP,APTO,PT,
2022,PA,deputado estadual,1,14114,BOB FLLAY,FLAVIO HIGOR PANTOJA,PTB,14,PARTIDO TRABALHISTA BRASILEIRO,,PTB,ELEITO POR QP,APTO,PTB,
2022,PA,deputado estadual,1,10123,FÁBIO FREITAS,FÁBIO SOUSA DE FREITAS,REPUBLICANOS,10,REPUBLICANOS,,REPUBLICANOS,ELEITO POR QP,APTO,REPUBLICANOS,
2022,PA,deputado estadual,1,10500,JOSUÉ PAIVA,JOSUÉ VIEIRA DE ABREU,REPUBLICANOS,10,REPUBLICANOS,,REPUBLICANOS,ELEITO POR QP,APTO,REPUBLICANOS,
2022,PA,deputado estadual,1,44444,VICTOR DIAS,VICTOR ORENGEL DIAS,UNIÃO,44,UNIÃO BRASIL,,UNIÃO,ELEITO POR QP,APTO,UNIÃO,
2022,PB,deputado estadual,1,15147,ANDERSON MONTEIRO,ANDERSON MONTEIRO COSTA,MDB,15,MOVIMENTO DEMOCRÁTICO BRASILEIRO,,MDB,ELEITO POR QP,APTO,MDB,
2022,PB,deputado estadual,1,15555,DR ROMUALDO,ROMUALDO ANTONIO QUIRINO DE SOUSA,MDB,15,MOVIMENTO DEMOCRÁTICO BRASILEIRO,,MDB,ELEITO POR MÉDIA,APTO,MDB,
2022,PB,deputado estadual,1,65555,INÁCIO FALCÃO,INÁCIO JUSTINO FALCÃO PEREIRA,PC do B,65,PARTIDO COMUNISTA DO BRASIL,PT/PC do B/PV,Federação Brasil da Esperança - FE BRASIL (PT / PC do B / PV),ELEITO POR QP,APTO,PC do B,
2022,PB,deputado estadual,1,22222,CAIO ROBERTO,CAIO FIGUEIREDO ROBERTO,PL,22,PARTIDO LIBERAL,,PL,ELEITO POR QP,APTO,PL,
2022,PB,deputado estadual,1,22999,SARGENTO NETO,JOÃO GOMES DE SOUZA NETO,PL,22,PARTIDO LIBERAL,,PL,ELEITO POR QP,APTO,PL,
2022,PB,deputado estadual,1,22190,WALLBER VIRGOLINO,WALLBER VIRGOLINO DA SILVA FERREIRA,PL,22,PARTIDO LIBERAL,,PL,ELEITO POR QP,APTO,PL,
2022,PB,deputado estadual,1,11111,DR. JANE PANTA,EDJANE SILVA ALVINO PANTA,PP,11,PROGRESSISTAS,,PP,ELEITO POR QP,APTO,PP,
2022,PB,deputado estadual,1,11666,DR. PAULA ,PAULA FRANCINETE LACERDA CAVALCANTI DE ALMEIDA,PP,11,PROGRESSISTAS,,PP,ELEITO POR QP,APTO,PP,
2022,PB,deputado estadual,1,11222,GALEGO DE SOUZA ,JACI SEVERINO DE SOUZA,PP,11,PROGRESSISTAS,,PP,ELEITO POR MÉDIA,APTO,PP,
2022,PB,deputado estadual,1,11369,JOÃO PAULO,JOÃO PAULO BARBOSA LEAL SEGUNDO,PP,11,PROGRESSISTAS,,PP,ELEITO POR QP,APTO,PP,
2022,PB,deputado estadual,1,40456,CHICO MENDES,FRANCISCO MENDES CAMPOS,PSB,40,PARTIDO SOCIALISTA BRASILEIRO,,PSB,ELEITO POR QP,APTO,PSB,
2022,PB,deputado estadual,1,40123,HERVAZIO BEZERRA,ANTONIO HERVAZIO BEZERRA CAVALCANTI,PSB,40,PARTIDO SOCIALISTA BRASILEIRO,,PSB,ELEITO POR MÉDIA,APTO,PSB,
2022,PB,deputado estadual,1,40640,JOAO GONÇALVES,JOAO GONÇALVES DE AMORIM SOBRINHO,PSB,40,PARTIDO SOCIALISTA BRASILEIRO,,PSB,ELEITO POR QP,APTO,PSB,
2022,PB,deputado estadual,1,40777,JUNIOR ARAUJO,FRANCISCO GOMES DE ARAUJO JUNIOR,PSB,40,PARTIDO SOCIALISTA BRASILEIRO,,PSB,ELEITO POR QP,APTO,PSB,
2022,PB,deputado estadual,1,40222,TANILSON SOARES,TANILSON TARSO NOBREGA SOARES,PSB,40,PARTIDO SOCIALISTA BRASILEIRO,,PSB,ELEITO POR QP,APTO,PSB,
2022,PB,deputado estadual,1,40333,TIAO GOMES ,SEBASTIAO TIAO GOMES PEREIRA,PSB,40,PARTIDO SOCIALISTA BRASILEIRO,,PSB,ELEITO POR QP,APTO,PSB,
2022,PB,deputado estadual,1,55999,FELIPE LEITÃO,FELIPE MATOS LEITÃO,PSD,55,PARTIDO SOCIAL DEMOCRÁTICO,,PSD,ELEITO POR QP,APTO,PSD,
2022,PB,deputado estadual,1,45123,CAMILA TOSCANO,CAMILA ARAUJO TOSCANO,PSDB,45,PARTIDO DA SOCIAL DEMOCRACIA BRASILEIRA,PSDB/CIDADANIA,Federação PSDB Cidadania (PSDB / CIDADANIA),ELEITO POR QP,APTO,PSDB,
2022,PB,deputado estadual,1,45555,FABIO RAMALHO,FABIO RAMALHO DA SILVA,PSDB,45,PARTIDO DA SOCIAL DEMOCRACIA BRASILEIRA,PSDB/CIDADANIA,Federação PSDB Cidadania (PSDB / CIDADANIA),ELEITO POR QP,APTO,PSDB,
2022,PB,deputado estadual,1,45100,TOVAR,TOVAR ALVES CORREIA LIMA,PSDB,45,PARTIDO DA SOCIAL DEMOCRACIA BRASILEIRA,PSDB/CIDADANIA,Federação PSDB Cidadania (PSDB / CIDADANIA),ELEITO POR QP,APTO,PSDB,
2022,PB,deputado estadual,1,13400,CIDA RAMOS,MARIA APARECIDA RAMOS DE MENESES,PT,13,PARTIDO DOS TRABALHADORES,PT/PC do B/PV,Federação Brasil da Esperança - FE BRASIL (PT / PC do B / PV),ELEITO POR QP,APTO,PT,
2022,PB,deputado estadual,1,13660,LUCIANO CARTAXO,LUCIANO CARTAXO PIRES DE SÁ,PT,13,PARTIDO DOS TRABALHADORES,PT/PC do B/PV,Federação Brasil da Esperança - FE BRASIL (PT / PC do B / PV),ELEITO POR MÉDIA,APTO,PT,
2022,PB,deputado estadual,1,18789,CHIÓ,MELCHIOR NAELSON BATISTA DA SILVA,REDE,18,REDE SUSTENTABILIDADE,PSOL/REDE,Federação PSOL REDE (PSOL / REDE),ELEITO POR QP,APTO,REDE,
2022,PB,deputado estadual,1,10444,ADRIANO GALDINO,ADRIANO CEZAR GALDINO DE ARAÚJO,REPUBLICANOS,10,REPUBLICANOS,,REPUBLICANOS,ELEITO POR QP,APTO,REPUBLICANOS,
2022,PB,deputado estadual,1,10888,BRANCO MENDES,ATAÍDES MENDES PEDROSA,REPUBLICANOS,10,REPUBLICANOS,,REPUBLICANOS,ELEITO POR MÉDIA,APTO,REPUBLICANOS,
2022,PB,deputado estadual,1,10456,DANIELLE DO VALE,DANIELLE DO NASCIMENTO RODRIGUES PESSOA,REPUBLICANOS,10,REPUBLICANOS,,REPUBLICANOS,ELEITO POR QP,APTO,REPUBLICANOS,
2022,PB,deputado estadual,1,10111,FRANCISCA MOTTA,FRANCISCA GOMES ARAÚJO MOTA,REPUBLICANOS,10,REPUBLICANOS,,REPUBLICANOS,ELEITO POR QP,APTO,REPUBLICANOS,
2022,PB,deputado estadual,1,10123,JUTAY MENESES,JUTAY MENESES GOMES,REPUBLICANOS,10,REPUBLICANOS,,REPUBLICANOS,ELEITO POR MÉDIA,APTO,REPUBLICANOS,
2022,PB,deputado estadual,1,10234,MARCIO ROBERTO,MARCIO ROBERTO DA SILVA,REPUBLICANOS,10,REPUBLICANOS,,REPUBLICANOS,ELEITO POR QP,APTO,REPUBLICANOS,
2022,PB,deputado estadual,1,10000,MICHEL HENRIQUE,MICHEL SILVESTRE HENRIQUE,REPUBLICANOS,10,REPUBLICANOS,,REPUBLICANOS,ELEITO POR QP,APTO,REPUBLICANOS,
2022,PB,deputado estadual,1,10110,WILSON FILHO,JOSÉ WILSON SANTIAGO FILHO,REPUBLICANOS,10,REPUBLICANOS,,REPUBLICANOS,ELEITO POR QP,APTO,REPUBLICANOS,
2022,PB,deputado estadual,1,77000,DR. EDUARDO BRITO,EDUARDO CARNEIRO DE BRITO,SOLIDARIEDADE,77,SOLIDARIEDADE,,SOLIDARIEDADE,ELEITO POR QP,APTO,SOLIDARIEDADE,
2022,PB,deputado estadual,1,77222,EDUARDO CARNEIRO,EDUARDO JORGE SOARES CARNEIRO,SOLIDARIEDADE,77,SOLIDARIEDADE,,SOLIDARIEDADE,ELEITO POR QP,APTO,SOLIDARIEDADE,
2022,PB,deputado estadual,1,44123,GEORGE MORAIS,GEORGE VENTURA MORAIS,UNIÃO,44,UNIÃO BRASIL,,UNIÃO,ELEITO POR QP,APTO,UNIÃO,
2022,PB,deputado estadual,1,44555,GILBERTINHO,GILBERTO TOLENTINO LEITE JUNIOR,UNIÃO,44,UNIÃO BRASIL,,UNIÃO,ELEITO POR QP,APTO,UNIÃO,
2022,PB,deputado estadual,1,44444,TACIANO DINIZ,TACIANO LUIS BARBOSA DINIZ,UNIÃO,44,UNIÃO BRASIL,,UNIÃO,ELEITO POR QP,APTO,UNIÃO,
2022,PE,deputado estadual,1,51555,JOÃOZINHO TENÓRIO,JOÃO TENÓRIO VAZ CAVALCANTI JÚNIOR,PATRIOTA,51,PATRIOTA,,PATRIOTA,ELEITO POR QP,APTO,PATRIOTA,
2022,PE,deputado estadual,1,65123,JOÃO PAULO COSTA,JOÃO PAULO DA COSTA CAVALCANTI,PC do B,65,PARTIDO COMUNISTA DO BRASIL,PT/PC do B/PV,Federação Brasil da Esperança - FE BRASIL (PT / PC do B / PV),ELEITO POR QP,APTO,PC do B,
2022,PE,deputado estadual,1,22010,ABIMAEL SANTOS,ABIMAEL DOS SANTOS PEREIRA,PL,22,PARTIDO LIBERAL,,PL,ELEITO POR QP,APTO,PL,
2022,PE,deputado estadual,1,22222,CORONEL ALBERTO FEITOSA,ALBERTO JORGE DO NASCIMENTO FEITOSA,PL,22,PARTIDO LIBERAL,,PL,ELEITO POR QP,APTO,PL,
2022,PE,deputado estadual,1,22300,JOEL DA HARPA,JOEL MAURINO DO CARMO,PL,22,PARTIDO LIBERAL,,PL,ELEITO POR QP,APTO,PL,
2022,PE,deputado estadual,1,22700,NINO DE ENOQUE,ENOQUE FERREIRA DA COSTA JÚNIOR,PL,22,PARTIDO LIBERAL,,PL,ELEITO POR MÉDIA,APTO,PL,
2022,PE,deputado estadual,1,22622,RENATO ANTUNES,PAULO RENATO ANTUNES GUIMARÃES,PL,22,PARTIDO LIBERAL,,PL,ELEITO POR QP,APTO,PL,
2022,PE,deputado estadual,1,11000,ADALTO SANTOS,JOSÉ ADALTO DOS SANTOS,PP,11,PROGRESSISTAS,,PP,ELEITO POR QP,APTO,PP,
2022,PE,deputado estadual,1,11200,ANTONIO MORAES,ANTONIO DE MORAIS ANDRADE NETO,PP,11,PROGRESSISTAS,,PP,ELEITO POR QP,APTO,PP,
2022,PE,deputado estadual,1,11555,CLAUDIANO FILHO,CLAUDIANO FERREIRA MARTINS FILHO,PP,11,PROGRESSISTAS,,PP,ELEITO POR QP,APTO,PP,
2022,PE,deputado estadual,1,11777,HENRIQUE QUEIROZ FILHO,HENRIQUE JOSE QUEIROZ COSTA FILHO,PP,11,PROGRESSISTAS,,PP,ELEITO POR MÉDIA,APTO,PP,
2022,PE,deputado estadual,1,11011,JEFERSON TIMÓTEO,JEFERSON TIMÓTEO DE LIMA,PP,11,PROGRESSISTAS,,PP,ELEITO POR QP,APTO,PP,
2022,PE,deputado estadual,1,11444,KAIO MANIÇOBA,KAIO CESAR DE MOURA MANIÇOBA NOVAES FERRAZ,PP,11,PROGRESSISTAS,,PP,ELEITO POR QP,APTO,PP,
2022,PE,deputado estadual,1,11611,PASTOR CLEITON COLLINS,CLEITON GONÇALVES DA SILVA,PP,11,PROGRESSISTAS,,PP,ELEITO POR QP,APTO,PP,
2022,PE,deputado estadual,1,11222,PASTOR JUNIOR TERCIO,JOSÉ IVANILDO DE MOURA JUNIOR,PP,11,PROGRESSISTAS,,PP,ELEITO POR QP,APTO,PP,
2022,PE,deputado estadual,1,40123,AGLAILSON VICTOR,VICTOR MORAES QUERALVARES,PSB,40,PARTIDO SOCIALISTA BRASILEIRO,,PSB,ELEITO POR QP,APTO,PSB,
2022,PE,deputado estadual,1,40234,DANNILO GODOY,DANNILO CAVALCANTE VIEIRA,PSB,40,PARTIDO SOCIALISTA BRASILEIRO,,PSB,ELEITO POR QP,APTO,PSB,
2022,PE,deputado estadual,1,40190,DELEGADA GLEIDE ANGELO,GLEIDE NASCIMENTO ANGELO,PSB,40,PARTIDO SOCIALISTA BRASILEIRO,,PSB,ELEITO POR QP,APTO,PSB,
2022,PE,deputado estadual,1,40444,ERIBERTO FILHO,ERIBERTO GABRIEL ACIOLI MEDEIROS,PSB,40,PARTIDO SOCIALISTA BRASILEIRO,,PSB,ELEITO POR QP,APTO,PSB,
2022,PE,deputado estadual,1,40789,FRANCE HACKER,FRANZ ARAUJO HACKER,PSB,40,PARTIDO SOCIALISTA BRASILEIRO,,PSB,ELEITO POR QP,APTO,PSB,
2022,PE,deputado estadual,1,40654,FRANCISMAR,FRANCISMAR MENDES PONTES,PSB,40,PARTIDO SOCIALISTA BRASILEIRO,,PSB,ELEITO POR QP,APTO,PSB,
2022,PE,deputado estadual,1,40156,JARBAS FILHO,JARBAS DE ANDRADE VASCONCELOS FILHO,PSB,40,PARTIDO SOCIALISTA BRASILEIRO,,PSB,ELEITO POR QP,APTO,PSB,
2022,PE,deputado estadual,1,40413,JOSÉ PATRIOTA,JOSE COIMBRA PATRIOTA FILHO,PSB,40,PARTIDO SOCIALISTA BRASILEIRO,,PSB,ELEITO POR QP,APTO,PSB,
2022,PE,deputado estadual,1,40540,RODRIGO FARIAS,RODRIGO MOTA DE FARIAS,PSB,40,PARTIDO SOCIALISTA BRASILEIRO,,PSB,ELEITO POR QP,APTO,PSB,
2022,PE,deputado estadual,1,40555,RODRIGO NOVAES,RODRIGO CAVALCANTI NOVAES,PSB,40,PARTIDO SOCIALISTA BRASILEIRO,,PSB,ELEITO POR QP,APTO,PSB,
2022,PE,deputado estadual,1,40040,SILENO,SILENO SOUSA GUEDES,PSB,40,PARTIDO SOCIALISTA BRASILEIRO,,PSB,ELEITO POR MÉDIA,APTO,PSB,
2022,PE,deputado estadual,1,40456,SIMONE SANTANA,SIMONE ALICE DE OLIVEIRA SANTANA,PSB,40,PARTIDO SOCIALISTA BRASILEIRO,,PSB,ELEITO POR QP,APTO,PSB,
2022,PE,deputado estadual,1,40640,WALDEMAR BORGES,WALDEMAR ALBERTO BORGES RODRIGUES NETO,PSB,40,PARTIDO SOCIALISTA BRASILEIRO,,PSB,ELEITO POR QP,APTO,PSB,
2022,PE,deputado estadual,1,45000,ALVARO PORTO,ALVARO PORTO DE BARROS,PSDB,45,PARTIDO DA SOCIAL DEMOCRACIA BRASILEIRA,PSDB/CIDADANIA,Federação PSDB Cidadania (PSDB / CIDADANIA),ELEITO POR QP,APTO,PSDB,
2022,PE,deputado estadual,1,45555,DEBORA ALMEIDA,DEBORA LUZINETE DE ALMEIDA SEVERO,PSDB,45,PARTIDO DA SOCIAL DEMOCRACIA BRASILEIRA,PSDB/CIDADANIA,Federação PSDB Cidadania (PSDB / CIDADANIA),ELEITO POR QP,APTO,PSDB,
2022,PE,deputado estadual,1,45678,IZAIAS REGIS,IZAIAS REGIS NETO,PSDB,45,PARTIDO DA SOCIAL DEMOCRACIA BRASILEIRA,PSDB/CIDADANIA,Federação PSDB Cidadania (PSDB / CIDADANIA),ELEITO POR MÉDIA,APTO,PSDB,
2022,PE,deputado estadual,1,50000,DANI PORTELA,DANIELLE GONDIM PORTELA,PSOL,50,PARTIDO SOCIALISMO E LIBERDADE,PSOL/REDE,Federação PSOL REDE (PSOL / REDE),ELEITO POR QP,APTO,PSOL,
2022,PE,deputado estadual,1,13123,DORIEL,DORIEL SATURNINO DE BARROS,PT,13,PARTIDO DOS TRABALHADORES,PT/PC do B/PV,Federação Brasil da Esperança - FE BRASIL (PT / PC do B / PV),ELEITO POR QP,APTO,PT,
2022,PE,deputado estadual,1,13113,JOÃO PAULO,JOÃO PAULO LIMA E SILVA,PT,13,PARTIDO DOS TRABALHADORES,PT/PC do B/PV,Federação Brasil da Esperança - FE BRASIL (PT / PC do B / PV),ELEITO POR QP,APTO,PT,
2022,PE,deputado estadual,1,13100,ROSA AMORIM,ROSA KARINA SOUZA DE AMORIM,PT,13,PARTIDO DOS TRABALHADORES,PT/PC do B/PV,Federação Brasil da Esperança - FE BRASIL (PT / PC do B / PV),ELEITO POR QP,APTO,PT,
2022,PE,deputado estadual,1,43333,GILMAR JUNIOR,JOSÉ GILMAR COSTA DE SOUZA JUNIOR,PV,43,PARTIDO VERDE,PT/PC do B/PV,Federação Brasil da Esperança - FE BRASIL (PT / PC do B / PV),ELEITO POR QP,APTO,PV,
2022,PE,deputado estadual,1,43555,JOAQUIM LIRA,JOAQUIM ELIAS CARNEIRO DE LIRA,PV,43,PARTIDO VERDE,PT/PC do B/PV,Federação Brasil da Esperança - FE BRASIL (PT / PC do B / PV),ELEITO POR QP,APTO,PV,
2022,PE,deputado estadual,1,43643,JOÃO DE NADEGI,JOÃO VICTOR QUEIROZ DO NASCIMENTO,PV,43,PARTIDO VERDE,PT/PC do B/PV,Federação Brasil da Esperança - FE BRASIL (PT / PC do B / PV),ELEITO POR MÉDIA,APTO,PV,
2022,PE,deputado estadual,1,10610,MARIO RICARDO,MARIO RICARDO SANTOS DE LIMA,REPUBLICANOS,10,REPUBLICANOS,,REPUBLICANOS,ELEITO POR QP,APTO,REPUBLICANOS,
2022,PE,deputado estadual,1,10123,WILLIAM BRIGIDO,WILLIAM DOS SANTOS BRIGIDO,REPUBLICANOS,10,REPUBLICANOS,,REPUBLICANOS,ELEITO POR QP,APTO,REPUBLICANOS,
2022,PE,deputado estadual,1,77111,FABRIZIO FERRAZ,FABRIZIO DARIO DE SÁ FERRAZ,SOLIDARIEDADE,77,SOLIDARIEDADE,,SOLIDARIEDADE,ELEITO POR QP,APTO,SOLIDARIEDADE,
2022,PE,deputado estadual,1,77555,GUSTAVO GOUVEIA,GUSTAVO FUCHS CAMPOS GOUVEIA,SOLIDARIEDADE,77,SOLIDARIEDADE,,SOLIDARIEDADE,ELEITO POR QP,APTO,SOLIDARIEDADE,
2022,PE,deputado estadual,1,77123,LUCIANO DUQUE,LUCIANO DUQUE DE GODOY SOUSA,SOLIDARIEDADE,77,SOLIDARIEDADE,,SOLIDARIEDADE,ELEITO POR QP,APTO,SOLIDARIEDADE,
2022,PE,deputado estadual,1,77777,LULA CABRAL,LUIZ CABRAL DE OLIVEIRA FILHO,SOLIDARIEDADE,77,SOLIDARIEDADE,,SOLIDARIEDADE,ELEITO POR MÉDIA,APTO,SOLIDARIEDADE,
2022,PE,deputado estadual,1,44000,ANTONIO COELHO,ANTONIO DE SOUZA LEAO COELHO,UNIÃO,44,UNIÃO BRASIL,,UNIÃO,ELEITO POR QP,APTO,UNIÃO,
2022,PE,deputado estadual,1,44222,CHAPARRAL,CLÉBER JOSÉ DE AGUIAR DA SILVA,UNIÃO,44,UNIÃO BRASIL,,UNIÃO,ELEITO POR QP,APTO,UNIÃO,
2022,PE,deputado estadual,1,44444,ROMERO,ROMERO LIMA BEZERRA DE ALBUQUERQUE,UNIÃO,44,UNIÃO BRASIL,,UNIÃO,ELEITO POR QP,APTO,UNIÃO,
2022,PE,deputado estadual,1,44123,ROMERO SALES FILHO,ROMERO ANTONIO RAPOSO SALES FILHO,UNIÃO,44,UNIÃO BRASIL,,UNIÃO,ELEITO POR QP,APTO,UNIÃO,
2022,PE,deputado estadual,1,44111,SOCORRO PIMENTEL,MARIA DO SOCORRO HOLANDA MUNIZ FALCÃO DO ESPIRITO SANTO,UNIÃO,44,UNIÃO BRASIL,,UNIÃO,ELEITO POR MÉDIA,APTO,UNIÃO,
2022,PI,deputado estadual,1,15110,ANA PAULA,ANA PAULA MENDES DE ARAUJO SANTANA,MDB,15,MOVIMENTO DEMOCRÁTICO BRASILEIRO,,MDB,ELEITO POR QP,APTO,MDB,
2022,PI,deputado estadual,1,15444,CEL CARLOS AUGUSTO,CARLOS AUGUSTO GOMES DE SOUZA,MDB,15,MOVIMENTO DEMOCRÁTICO BRASILEIRO,,MDB,ELEITO POR MÉDIA,APTO,MDB,
2022,PI,deputado estadual,1,15111,DR FELIPE SAMPAIO,FELIPE DE SOUZA REZENDE SAMPAIO,MDB,15,MOVIMENTO DEMOCRÁTICO BRASILEIRO,,MDB,ELEITO POR QP,APTO,MDB,
2022,PI,deputado estadual,1,15199,DR PABLO SANTOS,PABLO DANTAS DE MOURA SANTOS,MDB,15,MOVIMENTO DEMOCRÁTICO BRASILEIRO,,MDB,ELEITO POR QP,APTO,MDB,
2022,PI,deputado estadual,1,15222,DR. HÉLIO,JOSE HELIO DE CARVALHO OLIVEIRA,MDB,15,MOVIMENTO DEMOCRÁTICO BRASILEIRO,,MDB,ELEITO POR QP,APTO,MDB,
2022,PI,deputado estadual,1,15789,GEORGIANO,GEORGIANO FERNANDES LIMA NETO,MDB,15,MOVIMENTO DEMOCRÁTICO BRASILEIRO,,MDB,ELEITO POR QP,APTO,MDB,
2022,PI,deputado estadual,1,15123,HENRIQUE PIRES,ANTONIO HENRIQUE DE CARVALHO PIRES,MDB,15,MOVIMENTO DEMOCRÁTICO BRASILEIRO,,MDB,ELEITO POR QP,APTO,MDB,
2022,PI,deputado estadual,1,15555,JOÃO MADISON,JOÃO MADISON NOGUEIRA,MDB,15,MOVIMENTO DEMOCRÁTICO BRASILEIRO,,MDB,ELEITO POR QP,APTO,MDB,
2022,PI,deputado estadual,1,15101,SEVERO EULÁLIO,SEVERO MARIA EULALIO NETO,MDB,15,MOVIMENTO DEMOCRÁTICO BRASILEIRO,,MDB,ELEITO POR QP,APTO,MDB,
2022,PI,deputado estadual,1,11222,ALDO GIL,ALDO GIL DE MEDEIROS,PP,11,PROGRESSISTAS,,PP,ELEITO POR MÉDIA,APTO,PP,
2022,PI,deputado estadual,1,11456,BARBARA DO FIRMINO,BARBARA CARVALHO DA SILVEIRA SOARES MACÊDO,PP,11,PROGRESSISTAS,,PP,ELEITO POR QP,APTO,PP,
2022,PI,deputado estadual,1,11333,DR. THALES,THALES COELHO PIMENTEL,PP,11,PROGRESSISTAS,,PP,ELEITO POR QP,APTO,PP,
2022,PI,deputado estadual,1,11130,GRACINHA MÃO SANTA,MARIA DAS GRACAS DE MORAES SOUZA NUNES,PP,11,PROGRESSISTAS,,PP,ELEITO POR QP,APTO,PP,
2022,PI,deputado estadual,1,11111,GUSTAVO NEIVA,GUSTAVO SOUSA DE NEIVA,PP,11,PROGRESSISTAS,,PP,ELEITO POR QP,APTO,PP,
2022,PI,deputado estadual,1,11555,MARDEN MENEZES,MARDEN LUIS BRITO CAVALCANTE E MENESES,PP,11,PROGRESSISTAS,,PP,ELEITO POR QP,APTO,PP,
2022,PI,deputado estadual,1,11140,WILSON BRANDÃO,WILSON NUNES BRANDÃO,PP,11,PROGRESSISTAS,,PP,ELEITO POR QP,APTO,PP,
2022,PI,deputado estadual,1,13555,DR. GIL CARLOS ,GIL CARLOS MODESTO ALVES,PT,13,PARTIDO DOS TRABALHADORES,PT/PC do B/PV,Federação Brasil da Esperança - FE BRASIL (PT / PC do B / PV),ELEITO POR MÉDIA,APTO,PT,
2022,PI,deputado estadual,1,13121,DR. VINICIUS,VINICIUS PONTES DO NASCIMENTO,PT,13,PARTIDO DOS TRABALHADORES,PT/PC do B/PV,Federação Brasil da Esperança - FE BRASIL (PT / PC do B / PV),ELEITO POR QP,APTO,PT,
2022,PI,deputado estadual,1,13777,FABIO XAVIER,FABIO HENRIQUE MENDONÇA XAVIER DE OLIVEIRA,PT,13,PARTIDO DOS TRABALHADORES,PT/PC do B/PV,Federação Brasil da Esperança - FE BRASIL (PT / PC do B / PV),ELEITO POR QP,APTO,PT,
2022,PI,deputado estadual,1,13789,FIRMINO PAULO,FIRMINO SOARES PAULO,PT,13,PARTIDO DOS TRABALHADORES,PT/PC do B/PV,Federação Brasil da Esperança - FE BRASIL (PT / PC do B / PV),ELEITO POR QP,APTO,PT,
2022,PI,deputado estadual,1,13258,FLÁVIO JÚNIOR,FLÁVIO RODRIGUES NOGUEIRA JÚNIOR,PT,13,PARTIDO DOS TRABALHADORES,PT/PC do B/PV,Federação Brasil da Esperança - FE BRASIL (PT / PC do B / PV),ELEITO POR QP,APTO,PT,
2022,PI,deputado estadual,1,13333,FRANZÉ SILVA,FRANCISCO JOSÉ ALVES DA SILVA,PT,13,PARTIDO DOS TRABALHADORES,PT/PC do B/PV,Federação Brasil da Esperança - FE BRASIL (PT / PC do B / PV),ELEITO POR QP,APTO,PT,
2022,PI,deputado estadual,1,13111,FÁBIO NOVO,FÁBIO NÚÑEZ NOVO,PT,13,PARTIDO DOS TRABALHADORES,PT/PC do B/PV,Federação Brasil da Esperança - FE BRASIL (PT / PC do B / PV),ELEITO POR QP,APTO,PT,
2022,PI,deputado estadual,1,13454,HÉLIO ISAIAS,HÉLIO ISAIAS DA SILVA,PT,13,PARTIDO DOS TRABALHADORES,PT/PC do B/PV,Federação Brasil da Esperança - FE BRASIL (PT / PC do B / PV),ELEITO POR QP,APTO,PT,
2022,PI,deputado estadual,1,13456,JANAINNA MARQUES,JANAINNA PINTO MARQUES TAVARES,PT,13,PARTIDO DOS TRABALHADORES,PT/PC do B/PV,Federação Brasil da Esperança - FE BRASIL (PT / PC do B / PV),ELEITO POR QP,APTO,PT,
2022,PI,deputado estadual,1,13123,LIMMA,FRANCISCO DAS CHAGAS LIMMA,PT,13,PARTIDO DOS TRABALHADORES,PT/PC do B/PV,Federação Brasil da Esperança - FE BRASIL (PT / PC do B / PV),ELEITO POR QP,APTO,PT,
2022,PI,deputado estadual,1,13000,NERINHO,JOSÉ ICEMAR LAVÔR NÉRI,PT,13,PARTIDO DOS TRABALHADORES,PT/PC do B/PV,Federação Brasil da Esperança - FE BRASIL (PT / PC do B / PV),ELEITO POR QP,APTO,PT,
2022,PI,deputado estadual,1,13888,RUBENS VIEIRA,RUBENS DE SOUSA VIEIRA,PT,13,PARTIDO DOS TRABALHADORES,PT/PC do B/PV,Federação Brasil da Esperança - FE BRASIL (PT / PC do B / PV),ELEITO POR QP,APTO,PT,
2022,PI,deputado estadual,1,10456,JEOVÁ ALENCAR,JEOVA BARBOSA DE CARVALHO ALENCAR,REPUBLICANOS,10,REPUBLICANOS,,REPUBLICANOS,ELEITO POR QP,APTO,REPUBLICANOS,
2022,PI,deputado estadual,1,77789,EVALDO GOMES,EVALDO GOMES DA SILVA,SOLIDARIEDADE,77,SOLIDARIEDADE,,SOLIDARIEDADE,ELEITO POR MÉDIA,APTO,SOLIDARIEDADE,
2022,PR,deputado estadual,1,23600,DOUGLAS FABRICIO,JOÃO DOUGLAS FABRÍCIO,CIDADANIA,23,CIDADANIA,PSDB/CIDADANIA,Federação PSDB Cidadania (PSDB / CIDADANIA),ELEITO POR MÉDIA,APTO,CIDADANIA,
2022,PR,deputado estadual,1,15190,ANIBELLI NETO,ANTONIO ANNIBELLI NETO,MDB,15,MOVIMENTO DEMOCRÁTICO BRASILEIRO,,MDB,ELEITO POR QP,APTO,MDB,
2022,PR,deputado estadual,1,15000,BATATINHA,OZIEL LUIZ DE SOUZA,MDB,15,MOVIMENTO DEMOCRÁTICO BRASILEIRO,,MDB,ELEITO POR QP,APTO,MDB,
2022,PR,deputado estadual,1,12108,GOURA,JORGE GOMES DE OLIVEIRA BRAND,PDT,12,PARTIDO DEMOCRÁTICO TRABALHISTA,,PDT,ELEITO POR QP,APTO,PDT,
2022,PR,deputado estadual,1,22038,DELEGADO JACOVOS,JOSE APARECIDO JACOVOS,PL,22,PARTIDO LIBERAL,,PL,ELEITO POR QP,APTO,PL,
2022,PR,deputado estadual,1,22222,GILBERTO RIBEIRO,JOSÉ GILBERTO DO CARMO ALVES RIBEIRO,PL,22,PARTIDO LIBERAL,,PL,ELEITO POR MÉDIA,APTO,PL,
2022,PR,deputado estadual,1,22422,GILSON DE SOUZA,GILSON DE SOUZA,PL,22,PARTIDO LIBERAL,,PL,ELEITO POR QP,APTO,PL,
2022,PR,deputado estadual,1,22000,MARCEL MICHELETTO,MARCEL HENRIQUE MICHELETTO,PL,22,PARTIDO LIBERAL,,PL,ELEITO POR QP,APTO,PL,
2022,PR,deputado estadual,1,22022,RICARDO ARRUDA,RICARDO ARRUDA NUNES,PL,22,PARTIDO LIBERAL,,PL,ELEITO POR QP,APTO,PL,
2022,PR,deputado estadual,1,19019,DENIAN COUTO,DENIAN COUTO COELHO,PODE,19,PODEMOS,,PODE,ELEITO POR MÉDIA,APTO,PODE,
2022,PR,deputado estadual,1,19190,FABIO OLIVEIRA,FABIO ALEX DE OLIVEIRA,PODE,19,PODEMOS,,PODE,ELEITO POR QP,APTO,PODE,
2022,PR,deputado estadual,1,11511,MARIA VICTORIA,MARIA VICTORIA BORGHETTI BARROS,PP,11,PROGRESSISTAS,,PP,ELEITO POR QP,APTO,PP,
2022,PR,deputado estadual,1,11888,MATHEUS VERMELHO,MATHEUS VELOSO MARIA,PP,11,PROGRESSISTAS,,PP,ELEITO POR QP,APTO,PP,
2022,PR,deputado estadual,1,11011,PAULO GOMES DA TV,PAULO ROBERTO MOREIRA GOMES JUNIOR,PP,11,PROGRESSISTAS,,PP,ELEITO POR QP,APTO,PP,
2022,PR,deputado estadual,1,11900,SOLDADO ADRIANO JOSÉ,ADRIANO JOSÉ DA SILVA,PP,11,PROGRESSISTAS,,PP,ELEITO POR QP,APTO,PP,
2022,PR,deputado estadual,1,90000,ALISSON WANDSCHEER,ALISSON ANTHONY WANDSCHEER,PROS,90,PARTIDO REPUBLICANO DA ORDEM SOCIAL,,PROS,ELEITO POR QP,APTO,PROS,
2022,PR,deputado estadual,1,90190,SAMUEL DANTAS,SAMUEL PEREIRA DA SILVA,PROS,90,PARTIDO REPUBLICANO DA ORDEM SOCIAL,,PROS,ELEITO POR MÉDIA,APTO,PROS,
2022,PR,deputado estadual,1,40123,LUIS CORTI,LUIS RAIMUNDO CORTI,PSB,40,PARTIDO SOCIALISTA BRASILEIRO,,PSB,ELEITO POR QP,APTO,PSB,
2022,PR,deputado estadual,1,55125,ADAO FERNANDES LITRO,ADAO FERNANDES DA SILVA,PSD,55,PARTIDO SOCIAL DEMOCRÁTICO,,PSD,ELEITO POR QP,APTO,PSD,
2022,PR,deputado estadual,1,55128,ALEXANDRE CURI,ALEXANDRE MARANHÃO KHURY,PSD,55,PARTIDO SOCIAL DEMOCRÁTICO,,PSD,ELEITO POR QP,APTO,PSD,
2022,PR,deputado estadual,1,55015,ARTAGÃO JÚNIOR,ARTAGÃO DE MATTOS LEÃO JÚNIOR,PSD,55,PARTIDO SOCIAL DEMOCRÁTICO,,PSD,ELEITO POR QP,APTO,PSD,
2022,PR,deputado estadual,1,55500,CLOARA PINHEIRO,CLOARA PINHEIRO LIMA,PSD,55,PARTIDO SOCIAL DEMOCRÁTICO,,PSD,ELEITO POR MÉDIA,APTO,PSD,
2022,PR,deputado estadual,1,55055,COBRA REPÓRTER,DEVANIL REGINALDO DA SILVA,PSD,55,PARTIDO SOCIAL DEMOCRÁTICO,,PSD,ELEITO POR QP,APTO,PSD,
2022,PR,deputado estadual,1,55120,EVANDRO ARAUJO,EVANDRO JOSE DA CRUZ ARAUJO,PSD,55,PARTIDO SOCIAL DEMOCRÁTICO,,PSD,ELEITO POR MÉDIA,APTO,PSD,
2022,PR,deputado estadual,1,55022,GUGU BUENO,ALDINO JORGE BUENO,PSD,55,PARTIDO SOCIAL DEMOCRÁTICO,,PSD,ELEITO POR QP,APTO,PSD,
2022,PR,deputado estadual,1,55888,HUSSEIN BAKRI,HUSSEIN BAKRI,PSD,55,PARTIDO SOCIAL DEMOCRÁTICO,,PSD,ELEITO POR QP,APTO,PSD,
2022,PR,deputado estadual,1,55100,MARCELO RANGEL,MARCELO RANGEL CRUZ DE OLIVEIRA,PSD,55,PARTIDO SOCIAL DEMOCRÁTICO,,PSD,ELEITO POR QP,APTO,PSD,
2022,PR,deputado estadual,1,55123,MARCIO NUNES,MARCIO FERNANDO NUNES,PSD,55,PARTIDO SOCIAL DEMOCRÁTICO,,PSD,ELEITO POR QP,APTO,PSD,
2022,PR,deputado estadual,1,55455,MOACYR FADEL,MOACYR ELIAS FADEL JUNIOR,PSD,55,PARTIDO SOCIAL DEMOCRÁTICO,,PSD,ELEITO POR QP,APTO,PSD,
2022,PR,deputado estadual,1,55678,ROMANELLI,LUIZ CLAUDIO ROMANELLI,PSD,55,PARTIDO SOCIAL DEMOCRÁTICO,,PSD,ELEITO POR QP,APTO,PSD,
2022,PR,deputado estadual,1,55555,SECRETÁRIA MÁRCIA,MARCIA CECILIA HUÇULAK,PSD,55,PARTIDO SOCIAL DEMOCRÁTICO,,PSD,ELEITO POR QP,APTO,PSD,
2022,PR,deputado estadual,1,55043,TERCILIO TURINI,TERCILIO LUIZ TURINI,PSD,55,PARTIDO SOCIAL DEMOCRÁTICO,,PSD,ELEITO POR MÉDIA,APTO,PSD,
2022,PR,deputado estadual,1,55155,TIAGO AMARAL,JOSÉ TIAGO CAMARGO DO AMARAL,PSD,55,PARTIDO SOCIAL DEMOCRÁTICO,,PSD,ELEITO POR QP,APTO,PSD,
2022,PR,deputado estadual,1,55789,TRAIANO,ADEMAR LUIZ TRAIANO,PSD,55,PARTIDO SOCIAL DEMOCRÁTICO,,PSD,ELEITO POR QP,APTO,PSD,
2022,PR,deputado estadual,1,45234,CRISTINA SILVESTRI,ISABEL CRISTINA RAUEN SILVESTRI,PSDB,45,PARTIDO DA SOCIAL DEMOCRACIA BRASILEIRA,PSDB/CIDADANIA,Federação PSDB Cidadania (PSDB / CIDADANIA),ELEITO POR QP,APTO,PSDB,
2022,PR,deputado estadual,1,45678,MABEL CANTO,MABEL CORÁ CANTO,PSDB,45,PARTIDO DA SOCIAL DEMOCRACIA BRASILEIRA,PSDB/CIDADANIA,Federação PSDB Cidadania (PSDB / CIDADANIA),ELEITO POR QP,APTO,PSDB,
2022,PR,deputado estadual,1,13213,ANA JÚLIA,ANA JÚLIA PIRES RIBEIRO,PT,13,PARTIDO DOS TRABALHADORES,PT/PC do B/PV,Federação Brasil da Esperança - FE BRASIL (PT / PC do B / PV),ELEITO POR QP,APTO,PT,
2022,PR,deputado estadual,1,13000,ARILSON CHIORATO,ARILSON MAROLDI CHIORATO,PT,13,PARTIDO DOS TRABALHADORES,PT/PC do B/PV,Federação Brasil da Esperança - FE BRASIL (PT / PC do B / PV),ELEITO POR QP,APTO,PT,
2022,PR,deputado estadual,1,13500,DR. ANTENOR,ANTENOR GOMES DE LIMA,PT,13,PARTIDO DOS TRABALHADORES,PT/PC do B/PV,Federação Brasil da Esperança - FE BRASIL (PT / PC do B / PV),ELEITO POR MÉDIA,APTO,PT,
2022,PR,deputado estadual,1,13233,LUCIANA RAFAGNIN,LUCIANA GUZELLA RAFAGNIN,PT,13,PARTIDO DOS TRABALHADORES,PT/PC do B/PV,Federação Brasil da Esperança - FE BRASIL (PT / PC do B / PV),ELEITO POR QP,APTO,PT,
2022,PR,deputado estadual,1,13013,PROFESSOR LEMOS,JOSÉ RODRIGUES LEMOS,PT,13,PARTIDO DOS TRABALHADORES,PT/PC do B/PV,Federação Brasil da Esperança - FE BRASIL (PT / PC do B / PV),ELEITO POR QP,APTO,PT,
2022,PR,deputado estadual,1,13123,RENATO FREITAS,RENATO DE ALMEIDA FREITAS JUNIOR,PT,13,PARTIDO DOS TRABALHADORES,PT/PC do B/PV,Federação Brasil da Esperança - FE BRASIL (PT / PC do B / PV),ELEITO POR QP,APTO,PT,
2022,PR,deputado estadual,1,13131,REQUIÃO FILHO,MAURICIO THADEU DE MELLO E SILVA,PT,13,PARTIDO DOS TRABALHADORES,PT/PC do B/PV,Federação Brasil da Esperança - FE BRASIL (PT / PC do B / PV),ELEITO POR QP,APTO,PT,
2022,PR,deputado estadual,1,10123,ALEXANDRE AMARO,ALEXANDRE AMARO,REPUBLICANOS,10,REPUBLICANOS,,REPUBLICANOS,ELEITO POR QP,APTO,REPUBLICANOS,
2022,PR,deputado estadual,1,10456,CANTORA MARA LIMA,MARILEI DE SOUZA LIMA,REPUBLICANOS,10,REPUBLICANOS,,REPUBLICANOS,ELEITO POR QP,APTO,REPUBLICANOS,
2022,PR,deputado estadual,1,10100,MARCIO PACHECO,MARCIO JOSE PACHECO RAMOS,REPUBLICANOS,10,REPUBLICANOS,,REPUBLICANOS,ELEITO POR QP,APTO,REPUBLICANOS,
2022,PR,deputado estadual,1,77500,MARLI PAULINO,MARLY PAULINO FAGUNDES,SOLIDARIEDADE,77,SOLIDARIEDADE,,SOLIDARIEDADE,ELEITO POR QP,APTO,SOLIDARIEDADE,
2022,PR,deputado estadual,1,44181,DELEGADO TITO BARICHELLO,TITO LIVIO BARICHELLO,UNIÃO,44,UNIÃO BRASIL,,UNIÃO,ELEITO POR QP,APTO,UNIÃO,
2022,PR,deputado estadual,1,44222,DO CARMO,PAULO ROGÉRIO DO CARMO,UNIÃO,44,UNIÃO BRASIL,,UNIÃO,ELEITO POR QP,APTO,UNIÃO,
2022,PR,deputado estadual,1,44444,FLAVIA FRANCISCHINI,FLÁVIA CAROLINA RESENDE JABER FRANCISCHINI,UNIÃO,44,UNIÃO BRASIL,,UNIÃO,ELEITO POR MÉDIA,APTO,UNIÃO,
2022,PR,deputado estadual,1,44044,LUIZ FERNANDO GUERRA,LUIZ FERNANDO GUERRA FILHO,UNIÃO,44,UNIÃO BRASIL,,UNIÃO,ELEITO POR QP,APTO,UNIÃO,
2022,PR,deputado estadual,1,44655,MAURO MORAES,MAURO RAFAEL MORAES E SILVA,UNIÃO,44,UNIÃO BRASIL,,UNIÃO,ELEITO POR QP,APTO,UNIÃO,
2022,PR,deputado estadual,1,44669,NEY LEPREVOST,NEY LEPREVOST NETO,UNIÃO,44,UNIÃO BRASIL,,UNIÃO,ELEITO POR QP,APTO,UNIÃO,
2022,PR,deputado estadual,1,44333,THIAGO BÜHRER,THIAGO FERNANDO BÜHRER,UNIÃO,44,UNIÃO BRASIL,,UNIÃO,ELEITO POR QP,APTO,UNIÃO,
2022,RJ,deputado estadual,1,36036,JULIO ROCHA,JULIO CESAR ALVES DA ROCHA,AGIR,36,AGIR,,AGIR,ELEITO POR QP,APTO,AGIR,
2022,RJ,deputado estadual,1,70800,JORGE FELIPPE NETO,JORGE MIGUEL FELIPPE POYARES BETHLEM,AVANTE,70,AVANTE,,AVANTE,ELEITO POR MÉDIA,APTO,AVANTE,
2022,RJ,deputado estadual,1,15022,OTONI DE PAULA PAI,OTONI MOURA DE PAULO,MDB,15,MOVIMENTO DEMOCRÁTICO BRASILEIRO,,MDB,ELEITO POR QP,APTO,MDB,
2022,RJ,deputado estadual,1,15016,ROSENVERG REIS,ROSENVERG REIS DE OLIVEIRA,MDB,15,MOVIMENTO DEMOCRÁTICO BRASILEIRO,,MDB,ELEITO POR QP,APTO,MDB,
2022,RJ,deputado estadual,1,51888,VAL CEASA,ROOSEVELT BARRETO BARCELOS,PATRIOTA,51,PATRIOTA,,PATRIOTA,ELEITO POR QP,APTO,PATRIOTA,
2022,RJ,deputado estadual,1,65123,DANI BALBI,DANIELI CHRISTOVÃO BALBI,PC do B,65,PARTIDO COMUNISTA DO BRASIL,PT/PC do B/PV,Federação Brasil da Esperança - FE BRASIL (PT / PC do B / PV),ELEITO POR QP,APTO,PC do B,
2022,RJ,deputado estadual,1,12040,DELEGADA MARTHA ROCHA,MARTHA MESQUITA DA ROCHA,PDT,12,PARTIDO DEMOCRÁTICO TRABALHISTA,,PDT,ELEITO POR QP,APTO,PDT,
2022,RJ,deputado estadual,1,12000,VITOR JUNIOR,JOSE VITOR VIEIRA BISSONHO JUNIOR,PDT,12,PARTIDO DEMOCRÁTICO TRABALHISTA,,PDT,ELEITO POR QP,APTO,PDT,
2022,RJ,deputado estadual,1,22377,ALAN LOPES,ALAN LOPES SANTANA,PL,22,PARTIDO LIBERAL,,PL,ELEITO POR MÉDIA,APTO,PL,
2022,RJ,deputado estadual,1,22120,ANDERSON MORAES,ANDERSON LUIS DE MORAES,PL,22,PARTIDO LIBERAL,,PL,ELEITO POR QP,APTO,PL,
2022,RJ,deputado estadual,1,22220,CÉLIA JORDÃO,CELIA CRISTINA AMORIM SILVA JORDÃO,PL,22,PARTIDO LIBERAL,,PL,ELEITO POR QP,APTO,PL,
2022,RJ,deputado estadual,1,22222,DELAROLI,GUILHERME JANDRE DELAROLI,PL,22,PARTIDO LIBERAL,,PL,ELEITO POR QP,APTO,PL,
2022,RJ,deputado estadual,1,22045,DELEGADO CARLOS AUGUSTO,CARLOS AUGUSTO NOGUEIRA PINTO,PL,22,PARTIDO LIBERAL,,PL,ELEITO POR MÉDIA,APTO,PL,
2022,RJ,deputado estadual,1,22022,DOUGLAS RUAS,DOUGLAS RUAS DOS SANTOS,PL,22,PARTIDO LIBERAL,,PL,ELEITO POR QP,APTO,PL,
2022,RJ,deputado estadual,1,22456,DR DEODALTO,DEODALTO JOSE FERREIRA,PL,22,PARTIDO LIBERAL,,PL,ELEITO POR MÉDIA,APTO,PL,
2022,RJ,deputado estadual,1,22122,DR SERGINHO,SÉRGIO LUIZ COSTA AZEVEDO FILHO,PL,22,PARTIDO LIBERAL,,PL,ELEITO POR QP,APTO,PL,
2022,RJ,deputado estadual,1,22622,FILIPPE POUBEL,FILIPPE MEDEIROS POUBEL,PL,22,PARTIDO LIBERAL,,PL,ELEITO POR QP,APTO,PL,
2022,RJ,deputado estadual,1,22822,GISELLE MONTEIRO,GISELLE LOUISE MONTEIRO DE OLIVEIRA,PL,22,PARTIDO LIBERAL,,PL,ELEITO POR QP,APTO,PL,
2022,RJ,deputado estadual,1,22300,JAIR BITTENCOURT,JAIR DE SIQUEIRA BITTENCOURT JUNIOR,PL,22,PARTIDO LIBERAL,,PL,ELEITO POR QP,APTO,PL,
2022,RJ,deputado estadual,1,22070,MÁRCIO GUALBERTO,MÁRCIO GUALBERTO DOS SANTOS,PL,22,PARTIDO LIBERAL,,PL,ELEITO POR QP,APTO,PL,
2022,RJ,deputado estadual,1,22345,RENATO MIRANDA,SERGIO RENATO FERREIRA MIRANDA,PL,22,PARTIDO LIBERAL,,PL,ELEITO POR QP,APTO,PL,
2022,RJ,deputado estadual,1,22777,SAMUEL MALAFAIA,SAMUEL LIMA MALAFAIA,PL,22,PARTIDO LIBERAL,,PL,ELEITO POR QP,APTO,PL,
2022,RJ,deputado estadual,1,22200,THIAGO GAGLIASSO,THIAGO GAGLIASSO ONOFRE FERREIRA,PL,22,PARTIDO LIBERAL,,PL,ELEITO POR QP,APTO,PL,
2022,RJ,deputado estadual,1,22615,VALDECY DA SAÚDE,VALDECIR DIAS DA SILVA,PL,22,PARTIDO LIBERAL,,PL,ELEITO POR QP,APTO,PL,
2022,RJ,deputado estadual,1,22322,ÍNDIA ARMELAU,AMANDA BRANDAO ARMELAU,PL,22,PARTIDO LIBERAL,,PL,ELEITO POR QP,APTO,PL,
2022,RJ,deputado estadual,1,33010,FRED PACHECO BANDA DOM,FREDERICO AUGUSTO CRUZ PACHECO,PMN,33,PARTIDO DA MOBILIZAÇÃO NACIONAL,,PMN,ELEITO POR QP,APTO,PMN,
2022,RJ,deputado estadual,1,19222,ARTHUR MONTEIRO,ARTHUR CARVALHO MONTEIRO,PODE,19,PODEMOS,,PODE,ELEITO POR QP,APTO,PODE,
2022,RJ,deputado estadual,1,19333,THIAGO RANGEL,THIAGO RANGEL LIMA,PODE,19,PODEMOS,,PODE,ELEITO POR QP,APTO,PODE,
2022,RJ,deputado estadual,1,11321,ANDRÉ CORREA,ANDRÉ GUSTAVO PEREIRA CORRÊA DA SILVA,PP,11,PROGRESSISTAS,,PP,ELEITO POR QP,APTO,PP,
2022,RJ,deputado estadual,1,11777,CARLINHOS BNH,CARLOS ALBERTO RIBEIRO DA SILVA,PP,11,PROGRESSISTAS,,PP,ELEITO POR MÉDIA,APTO,PP,
2022,RJ,deputado estadual,1,11111,DIONISIO LINS,DIONISIO DE SOUZA LINS,PP,11,PROGRESSISTAS,,PP,ELEITO POR QP,APTO,PP,
2022,RJ,deputado estadual,1,11212,GUSTAVO TUTUCA,GUSTAVO REIS FERREIRA,PP,11,PROGRESSISTAS,,PP,ELEITO POR QP,APTO,PP,
2022,RJ,deputado estadual,1,90456,DR. PEDRO RICARDO,PEDRO RICARDO DE CARVALHO OLIVEIRA,PROS,90,PARTIDO REPUBLICANO DA ORDEM SOCIAL,,PROS,ELEITO POR QP,APTO,PROS,
2022,RJ,deputado estadual,1,90111,TANDE VIEIRA,ALEXANDRE SERGIO ALVES VIEIRA,PROS,90,PARTIDO REPUBLICANO DA ORDEM SOCIAL,,PROS,ELEITO POR QP,APTO,PROS,
2022,RJ,deputado estadual,1,40000,CARLOS MINC,CARLOS MINC BAUMFELD,PSB,40,PARTIDO SOCIALISTA BRASILEIRO,,PSB,ELEITO POR QP,APTO,PSB,
2022,RJ,deputado estadual,1,40100,JARI,JARI SIMÃO DE OLIVEIRA JUNIOR,PSB,40,PARTIDO SOCIALISTA BRASILEIRO,,PSB,ELEITO POR MÉDIA,APTO,PSB,
2022,RJ,deputado estadual,1,20333,LEO VIEIRA,LEONARDO VIEIRA MENDES,PSC,20,PARTIDO SOCIAL CRISTÃO,,PSC,ELEITO POR QP,APTO,PSC,
2022,RJ,deputado estadual,1,55622,CLAUDIO CAIADO,CLAUDIO SOBRAL DE CAIADO CASTRO JUNIOR,PSD,55,PARTIDO SOCIAL DEMOCRÁTICO,,PSD,ELEITO POR QP,APTO,PSD,
2022,RJ,deputado estadual,1,55001,EDUARDO CAVALIERE,EDUARDO CAVALIERE GONÇALVES PINTO,PSD,55,PARTIDO SOCIAL DEMOCRÁTICO,,PSD,ELEITO POR MÉDIA,APTO,PSD,
2022,RJ,deputado estadual,1,55555,GUILHERME SCHLEDER,GUILHERME NOGUEIRA SCHLEDER,PSD,55,PARTIDO SOCIAL DEMOCRÁTICO,,PSD,ELEITO POR QP,APTO,PSD,
2022,RJ,deputado estadual,1,55620,LUCINHA,LUCIA HELENA PINTO DE BARROS,PSD,55,PARTIDO SOCIAL DEMOCRÁTICO,,PSD,ELEITO POR QP,APTO,PSD,
2022,RJ,deputado estadual,1,55678,LUIZ PAULO,LUIZ PAULO CORRÊA DA ROCHA,PSD,55,PARTIDO SOCIAL DEMOCRÁTICO,,PSD,ELEITO POR QP,APTO,PSD,
2022,RJ,deputado estadual,1,55777,MUNIR NETO,MUNIR FRANCISCO,PSD,55,PARTIDO SOCIAL DEMOCRÁTICO,,PSD,ELEITO POR QP,APTO,PSD,
2022,RJ,deputado estadual,1,50050,DANI MONTEIRO,DANIELLA MONTEIRO DA SILVA,PSOL,50,PARTIDO SOCIALISMO E LIBERDADE,PSOL/REDE,Federação PSOL REDE (PSOL / REDE),ELEITO POR QP,APTO,PSOL,
2022,RJ,deputado estadual,1,50123,FLAVIO SERAFINI,FLAVIO ALVES SERAFINI,PSOL,50,PARTIDO SOCIALISMO E LIBERDADE,PSOL/REDE,Federação PSOL REDE (PSOL / REDE),ELEITO POR QP,APTO,PSOL,
2022,RJ,deputado estadual,1,50500,PROF JOSEMAR,JOSEMAR PINHEIRO DE CARVALHO,PSOL,50,PARTIDO SOCIALISMO E LIBERDADE,PSOL/REDE,Federação PSOL REDE (PSOL / REDE),ELEITO POR QP,APTO,PSOL,
2022,RJ,deputado estadual,1,50007,RENATA SOUZA,RENATA DA SILVA SOUZA,PSOL,50,PARTIDO SOCIALISMO E LIBERDADE,PSOL/REDE,Federação PSOL REDE (PSOL / REDE),ELEITO POR QP,APTO,PSOL,
2022,RJ,deputado estadual,1,50700,YURI,YURI LUCAS CARIUS DE MOURA ALMEIDA,PSOL,50,PARTIDO SOCIALISMO E LIBERDADE,PSOL/REDE,Federação PSOL REDE (PSOL / REDE),ELEITO POR MÉDIA,APTO,PSOL,
2022,RJ,deputado estadual,1,13567,ANDREZINHO CECILIANO,ANDRE LUIZ RAMALHO CECILIANO,PT,13,PARTIDO DOS TRABALHADORES,PT/PC do B/PV,Federação Brasil da Esperança - FE BRASIL (PT / PC do B / PV),ELEITO POR QP,APTO,PT,
2022,RJ,deputado estadual,1,13321,CARLA MACHADO,CARLA MARIA MACHADO DOS SANTOS,PT,13,PARTIDO DOS TRABALHADORES,PT/PC do B/PV,Federação Brasil da Esperança - FE BRASIL (PT / PC do B / PV),ELEITO POR MÉDIA,APTO,PT,
2022,RJ,deputado estadual,1,13021,ELIKA TAKIMOTO,ELIKA TAKIMOTO,PT,13,PARTIDO DOS TRABALHADORES,PT/PC do B/PV,Federação Brasil da Esperança - FE BRASIL (PT / PC do B / PV),ELEITO POR QP,APTO,PT,
2022,RJ,deputado estadual,1,13713,MARINA DO MST,LUCIA MARINA DOS SANTOS,PT,13,PARTIDO DOS TRABALHADORES,PT/PC do B/PV,Federação Brasil da Esperança - FE BRASIL (PT / PC do B / PV),ELEITO POR QP,APTO,PT,
2022,RJ,deputado estadual,1,13444,RENATO MACHADO,RENATO DA COSTA MACHADO,PT,13,PARTIDO DOS TRABALHADORES,PT/PC do B/PV,Federação Brasil da Esperança - FE BRASIL (PT / PC do B / PV),ELEITO POR QP,APTO,PT,
2022,RJ,deputado estadual,1,13580,VERÔNICA LIMA,VERÔNICA DOS SANTOS LIMA,PT,13,PARTIDO DOS TRABALHADORES,PT/PC do B/PV,Federação Brasil da Esperança - FE BRASIL (PT / PC do B / PV),ELEITO POR QP,APTO,PT,
2022,RJ,deputado estadual,1,13103,ZEIDAN,ROSÂNGELA DE OLIVEIRA ZEIDAN,PT,13,PARTIDO DOS TRABALHADORES,PT/PC do B/PV,Federação Brasil da Esperança - FE BRASIL (PT / PC do B / PV),ELEITO POR QP,APTO,PT,
2022,RJ,deputado estadual,1,14222,RODRIGO AMORIM,RODRIGO MARTINS PIRES DE AMORIM,PTB,14,PARTIDO TRABALHISTA BRASILEIRO,,PTB,ELEITO POR QP,APTO,PTB,
2022,RJ,deputado estadual,1,10100,CARLOS MACEDO,WALCYSNEU CARLOS MACEDO DE OLIVEIRA,REPUBLICANOS,10,REPUBLICANOS,,REPUBLICANOS,ELEITO POR MÉDIA,APTO,REPUBLICANOS,
2022,RJ,deputado estadual,1,10000,DANNIEL LIBRELON,DANNIEL LIBRELON DIAS DE CASTRO,REPUBLICANOS,10,REPUBLICANOS,,REPUBLICANOS,ELEITO POR QP,APTO,REPUBLICANOS,
2022,RJ,deputado estadual,1,10123,TIA JU,JUCELIA OLIVEIRA FREITAS,REPUBLICANOS,10,REPUBLICANOS,,REPUBLICANOS,ELEITO POR QP,APTO,REPUBLICANOS,
2022,RJ,deputado estadual,1,77611,CHICO MACHADO,FRANCISCO ALVES MACHADO NETO,SOLIDARIEDADE,77,SOLIDARIEDADE,,SOLIDARIEDADE,ELEITO POR QP,APTO,SOLIDARIEDADE,
2022,RJ,deputado estadual,1,77200,FELIPINHO RAVIS,FELIPE RANGEL GARCIA,SOLIDARIEDADE,77,SOLIDARIEDADE,,SOLIDARIEDADE,ELEITO POR QP,APTO,SOLIDARIEDADE,
2022,RJ,deputado estadual,1,77000,GIOVANI RATINHO,GIOVANI LEITE DE ABREU,SOLIDARIEDADE,77,SOLIDARIEDADE,,SOLIDARIEDADE,ELEITO POR MÉDIA,APTO,SOLIDARIEDADE,
2022,RJ,deputado estadual,1,44101,BRAZÃO,MANOEL INACIO BRAZAO,UNIÃO,44,UNIÃO BRASIL,,UNIÃO,ELEITO POR QP,APTO,UNIÃO,
2022,RJ,deputado estadual,1,44888,BRUNO DAUAIRE,BRUNO FELGUEIRA DAUAIRE,UNIÃO,44,UNIÃO BRASIL,,UNIÃO,ELEITO POR QP,APTO,UNIÃO,
2022,RJ,deputado estadual,1,44300,FABIO SILVA ,FABIO FRANCISCO DA SILVA,UNIÃO,44,UNIÃO BRASIL,,UNIÃO,ELEITO POR QP,APTO,UNIÃO,
2022,RJ,deputado estadual,1,44444,FILIPE RR SOARES,FILIPE BEZERRA RIBEIRO SOARES,UNIÃO,44,UNIÃO BRASIL,,UNIÃO,ELEITO POR MÉDIA,APTO,UNIÃO,
2022,RJ,deputado estadual,1,44288,FRANCIANE MOTTA,FRANCIANE CONCEIÇÃO GAGO MOTTA,UNIÃO,44,UNIÃO BRASIL,,UNIÃO,ELEITO POR QP,APTO,UNIÃO,
2022,RJ,deputado estadual,1,44123,MÁRCIO CANELLA,MARCIO CORREIA DE OLIVEIRA,UNIÃO,44,UNIÃO BRASIL,,UNIÃO,ELEITO POR QP,APTO,UNIÃO,
2022,RJ,deputado estadual,1,44000,RAFAEL NOBRE,RAFAEL PEREIRA NOBRE,UNIÃO,44,UNIÃO BRASIL,,UNIÃO,ELEITO POR QP,APTO,UNIÃO,
2022,RJ,deputado estadual,1,44555,VINICIUS COZZOLINO,VINICIUS COZZOLINO ABRAHÃO,UNIÃO,44,UNIÃO BRASIL,,UNIÃO,ELEITO POR QP,APTO,UNIÃO,
2022,RN,deputado estadual,1,15222,ADJUTO DIAS,ADJUTO DIAS DE ARAUJO NETO,MDB,15,MOVIMENTO DEMOCRÁTICO BRASILEIRO,,MDB,ELEITO POR QP,APTO,MDB,
2022,RN,deputado estadual,1,22222,CORONEL AZEVEDO,ANDRÉ LUIZ VIEIRA DE AZEVEDO,PL,22,PARTIDO LIBERAL,,PL,ELEITO POR QP,APTO,PL,
2022,RN,deputado estadual,1,22111,NEILTON,NEILTON CARLOS DIOGENES MAGALHAES,PL,22,PARTIDO LIBERAL,,PL,ELEITO POR QP,APTO,PL,
2022,RN,deputado estadual,1,22123,TEREZINHA MAIA,TEREZINHA MAIA DE MEDEIROS,PL,22,PARTIDO LIBERAL,,PL,ELEITO POR QP,APTO,PL,
2022,RN,deputado estadual,1,45000,DR BERNARDO AMORIM,BERNARDO CÉSAR CARLOS BELARMINO DE AMORIM,PSDB,45,PARTIDO DA SOCIAL DEMOCRACIA BRASILEIRA,PSDB/CIDADANIA,Federação PSDB Cidadania (PSDB / CIDADANIA),ELEITO POR QP,APTO,PSDB,
2022,RN,deputado estadual,1,45100,DR KEGINALDO JACOME,KERGINALDO JACOME DA COSTA,PSDB,45,PARTIDO DA SOCIAL DEMOCRACIA BRASILEIRA,PSDB/CIDADANIA,Federação PSDB Cidadania (PSDB / CIDADANIA),ELEITO POR QP,APTO,PSDB,
2022,RN,deputado estadual,1,45678,EZEQUIEL FERREIRA,EZEQUIEL GALVÃO FERREIRA DE SOUZA,PSDB,45,PARTIDO DA SOCIAL DEMOCRACIA BRASILEIRA,PSDB/CIDADANIA,Federação PSDB Cidadania (PSDB / CIDADANIA),ELEITO POR QP,APTO,PSDB,
2022,RN,deputado estadual,1,45444,GALENO TORQUATO,JOSÉ GALENO DIÓGENES TORQUATO,PSDB,45,PARTIDO DA SOCIAL DEMOCRACIA BRASILEIRA,PSDB/CIDADANIA,Federação PSDB Cidadania (PSDB / CIDADANIA),ELEITO POR MÉDIA,APTO,PSDB,
2022,RN,deputado estadual,1,45888,GUSTAVO CARVALHO,GUSTAVO HENRIQUE LIMA DE CARVALHO,PSDB,45,PARTIDO DA SOCIAL DEMOCRACIA BRASILEIRA,PSDB/CIDADANIA,Federação PSDB Cidadania (PSDB / CIDADANIA),ELEITO POR QP,APTO,PSDB,
2022,RN,deputado estadual,1,45555,JOSÉ DIAS,JOSÉ DIAS DE SOUZA MARTINS,PSDB,45,PARTIDO DA SOCIAL DEMOCRACIA BRASILEIRA,PSDB/CIDADANIA,Federação PSDB Cidadania (PSDB / CIDADANIA),ELEITO POR QP,APTO,PSDB,
2022,RN,deputado estadual,1,45999,KLEBER RODRIGUES,KLEBER GEVERSON DE OLIVEIRA RODRIGUES,PSDB,45,PARTIDO DA SOCIAL DEMOCRACIA BRASILEIRA,PSDB/CIDADANIA,Federação PSDB Cidadania (PSDB / CIDADANIA),ELEITO POR QP,APTO,PSDB,
2022,RN,deputado estadual,1,45122,NELTER QUEIROZ,NELTER LULA DE QUEIROZ SANTOS,PSDB,45,PARTIDO DA SOCIAL DEMOCRACIA BRASILEIRA,PSDB/CIDADANIA,Federação PSDB Cidadania (PSDB / CIDADANIA),ELEITO POR MÉDIA,APTO,PSDB,
2022,RN,deputado estadual,1,45123,TOMBA FARIAS,LUIZ ANTÔNIO LOURENÇO DE FARIAS,PSDB,45,PARTIDO DA SOCIAL DEMOCRACIA BRASILEIRA,PSDB/CIDADANIA,Federação PSDB Cidadania (PSDB / CIDADANIA),ELEITO POR QP,APTO,PSDB,
2022,RN,deputado estadual,1,45222,UBALDO FERNANDES,UBALDO FERNANDES DA SILVA,PSDB,45,PARTIDO DA SOCIAL DEMOCRACIA BRASILEIRA,PSDB/CIDADANIA,Federação PSDB Cidadania (PSDB / CIDADANIA),ELEITO POR MÉDIA,APTO,PSDB,
2022,RN,deputado estadual,1,13613,DIVANEIDE,MARIA DIVANEIDE BASÍLIO,PT,13,PARTIDO DOS TRABALHADORES,PT/PC do B/PV,Federação Brasil da Esperança - FE BRASIL (PT / PC do B / PV),ELEITO POR QP,APTO,PT,
2022,RN,deputado estadual,1,13222,FRANCISCO DO PT,FRANCISCO ASSIS DE MEDEIROS,PT,13,PARTIDO DOS TRABALHADORES,PT/PC do B/PV,Federação Brasil da Esperança - FE BRASIL (PT / PC do B / PV),ELEITO POR QP,APTO,PT,
2022,RN,deputado estadual,1,13123,ISOLDA DANTAS,MARIA ISOLDA DANTAS DE MOURA,PT,13,PARTIDO DOS TRABALHADORES,PT/PC do B/PV,Federação Brasil da Esperança - FE BRASIL (PT / PC do B / PV),ELEITO POR QP,APTO,PT,
2022,RN,deputado estadual,1,43666,EUDIANE MACEDO,EUDIANE JANAINA DE MACEDO SILVA,PV,43,PARTIDO VERDE,PT/PC do B/PV,Federação Brasil da Esperança - FE BRASIL (PT / PC do B / PV),ELEITO POR MÉDIA,APTO,PV,
2022,RN,deputado estadual,1,43333,GEORGE SOARES,GEORGE MONTENEGRO SOARES,PV,43,PARTIDO VERDE,PT/PC do B/PV,Federação Brasil da Esperança - FE BRASIL (PT / PC do B / PV),ELEITO POR QP,APTO,PV,
2022,RN,deputado estadual,1,43100,HERMANO MORAIS,HERMANO DA COSTA MORAES,PV,43,PARTIDO VERDE,PT/PC do B/PV,Federação Brasil da Esperança - FE BRASIL (PT / PC do B / PV),ELEITO POR MÉDIA,APTO,PV,
2022,RN,deputado estadual,1,77777,CRISTIANE DANTAS,CRISTIANE BEZERRA DE SOUZA DANTAS,SOLIDARIEDADE,77,SOLIDARIEDADE,,SOLIDARIEDADE,ELEITO POR QP,APTO,SOLIDARIEDADE,
2022,RN,deputado estadual,1,77123,LUIZ EDUARDO,LUIS EDUARDO BENTO DA SILVA,SOLIDARIEDADE,77,SOLIDARIEDADE,,SOLIDARIEDADE,ELEITO POR QP,APTO,SOLIDARIEDADE,
2022,RN,deputado estadual,1,44444,IVANILSON OLIVEIRA,JOSÉ IVANILSON ALVES DE OLIVEIRA,UNIÃO,44,UNIÃO BRASIL,,UNIÃO,ELEITO POR QP,APTO,UNIÃO,
2022,RN,deputado estadual,1,44100,TAVEIRA JR,ROSANO TAVEIRA DA CUNHA JUNIOR,UNIÃO,44,UNIÃO BRASIL,,UNIÃO,ELEITO POR QP,APTO,UNIÃO,
2022,RO,deputado estadual,1,15000,DR LUIS DO HOSPITAL,LUIS EDUARDO SCHINCAGLIA,MDB,15,MOVIMENTO DEMOCRÁTICO BRASILEIRO,,MDB,ELEITO POR QP,APTO,MDB,
2022,RO,deputado estadual,1,15140,JEAN OLIVEIRA,JEAN CARLOS SCHEFFER OLIVEIRA,MDB,15,MOVIMENTO DEMOCRÁTICO BRASILEIRO,,MDB,ELEITO POR MÉDIA,APTO,MDB,
2022,RO,deputado estadual,1,51100,EDEVALDO NEVES,EDEVALDO MARCOLINO NEVES,PATRIOTA,51,PATRIOTA,,PATRIOTA,ELEITO POR MÉDIA,APTO,PATRIOTA,
2022,RO,deputado estadual,1,51500,MARCELO CRUZ,MARCELO CRUZ DA SILVA,PATRIOTA,51,PATRIOTA,,PATRIOTA,ELEITO POR QP,APTO,PATRIOTA,
2022,RO,deputado estadual,1,51197,RIBEIRO DO SINPOL,JOSÉ RIBEIRO PINTO FILHO,PATRIOTA,51,PATRIOTA,,PATRIOTA,ELEITO POR QP,APTO,PATRIOTA,
2022,RO,deputado estadual,1,22123,AFFONSO CANDIDO,AFFONSO ANTONIO CANDIDO,PL,22,PARTIDO LIBERAL,,PL,ELEITO POR QP,APTO,PL,
2022,RO,deputado estadual,1,22222,JEAN MENDONÇA,JEAN HENRIQUE GEROLOMO DE MENDONÇA,PL,22,PARTIDO LIBERAL,,PL,ELEITO POR QP,APTO,PL,
2022,RO,deputado estadual,1,19123,ALAN QUEIROZ,ALAN KUELSON QUEIROZ FEDER,PODE,19,PODEMOS,,PODE,ELEITO POR QP,APTO,PODE,
2022,RO,deputado estadual,1,11000,DELEGADO LUCAS TORRES,LUCAS TORRES RIBEIRO,PP,11,PROGRESSISTAS,,PP,ELEITO POR QP,APTO,PP,
2022,RO,deputado estadual,1,40777,ISMAEL CRISPIN,ISMAEL CRISPIN DIAS,PSB,40,PARTIDO SOCIALISTA BRASILEIRO,,PSB,ELEITO POR QP,APTO,PSB,
2022,RO,deputado estadual,1,20222,DR.. TAÍSSA SOUSA,TAÍSSA DA SILVA SOUSA,PSC,20,PARTIDO SOCIAL CRISTÃO,,PSC,ELEITO POR MÉDIA,APTO,PSC,
2022,RO,deputado estadual,1,20123,LUIZINHO GOEBEL,LUIZ ALBERTO GOEBEL,PSC,20,PARTIDO SOCIAL CRISTÃO,,PSC,ELEITO POR QP,APTO,PSC,
2022,RO,deputado estadual,1,55100,CÁSSIO GOIS,JOSÉ CASSIANO GOIS DE FREITAS,PSD,55,PARTIDO SOCIAL DEMOCRÁTICO,,PSD,ELEITO POR QP,APTO,PSD,
2022,RO,deputado estadual,1,55123,LAERTE GOMES,LAERTE GOMES,PSD,55,PARTIDO SOCIAL DEMOCRÁTICO,,PSD,ELEITO POR QP,APTO,PSD,
2022,RO,deputado estadual,1,55800,NIM BARROSO,ALEXANDRO BARROSO DUARTE SANTANA,PSD,55,PARTIDO SOCIAL DEMOCRÁTICO,,PSD,ELEITO POR MÉDIA,APTO,PSD,
2022,RO,deputado estadual,1,13123,CLÁUDIA DE JESUS,CLAUDIA REGINA ABREU,PT,13,PARTIDO DOS TRABALHADORES,PT/PC do B/PV,Federação Brasil da Esperança - FE BRASIL (PT / PC do B / PV),ELEITO POR QP,APTO,PT,
2022,RO,deputado estadual,1,14111,PEDRO FERNANDES,PEDRO MARCELO FERNANDES PEREIRA,PTB,14,PARTIDO TRABALHISTA BRASILEIRO,,PTB,ELEITO POR QP,APTO,PTB,
2022,RO,deputado estadual,1,10100,ALEX REDANO,ALEX MENDONÇA ALVES,REPUBLICANOS,10,REPUBLICANOS,,REPUBLICANOS,ELEITO POR QP,APTO,REPUBLICANOS,
2022,RO,deputado estadual,1,10222,DELEGADO RODRIGO CAMARGO,RODRIGO CAMARGO RIBEIRO,REPUBLICANOS,10,REPUBLICANOS,,REPUBLICANOS,ELEITO POR QP,APTO,REPUBLICANOS,
2022,RO,deputado estadual,1,44333,CIRONE DEIRÓ,ELCIRONE MOREIRA DEIRÓ,UNIÃO,44,UNIÃO BRASIL,,UNIÃO,ELEITO POR QP,APTO,UNIÃO,
2022,RO,deputado estadual,1,44789,EZEQUIEL NEIVA,ISEQUIEL NEIVA DE CARVALHO,UNIÃO,44,UNIÃO BRASIL,,UNIÃO,ELEITO POR QP,APTO,UNIÃO,
2022,RO,deputado estadual,1,44429,GISLAINE LEBRINHA,GISLAINE CLEMENTE,UNIÃO,44,UNIÃO BRASIL,,UNIÃO,ELEITO POR MÉDIA,APTO,UNIÃO,
2022,RO,deputado estadual,1,44123,IEDA CHAVES,IEDA PACHECO CHAVES,UNIÃO,44,UNIÃO BRASIL,,UNIÃO,ELEITO POR QP,APTO,UNIÃO,
2022,RO,deputado estadual,1,44321,ROSANGELA DONADON,ROSANGELA HENRIQUE PEREIRA DONADON,UNIÃO,44,UNIÃO BRASIL,,UNIÃO,ELEITO POR MÉDIA,APTO,UNIÃO,
2022,RR,deputado estadual,1,23234,MARCELO CABRAL,MARCELO MOTA DE MACEDO,CIDADANIA,23,CIDADANIA,PSDB/CIDADANIA,Federação PSDB Cidadania (PSDB / CIDADANIA),ELEITO POR MÉDIA,APTO,CIDADANIA,
2022,RR,deputado estadual,1,15123,DR METON,METON MELO MACIEL,MDB,15,MOVIMENTO DEMOCRÁTICO BRASILEIRO,,MDB,ELEITO POR QP,APTO,MDB,
2022,RR,deputado estadual,1,15111,IDAZIO DA PERFIL,IDAZIO CHAGAS DE LIMA,MDB,15,MOVIMENTO DEMOCRÁTICO BRASILEIRO,,MDB,ELEITO POR QP,APTO,MDB,
2022,RR,deputado estadual,1,22180,ARMANDO NETO,ARMANDO DO CARMO ARAUJO,PL,22,PARTIDO LIBERAL,,PL,ELEITO POR QP,APTO,PL,
2022,RR,deputado estadual,1,35123,NETO LOUREIRO,JOSÉ HAMILTON GOMES LOUREIRO NETO,PMB,35,PARTIDO DA MULHER BRASILEIRA,,PMB,ELEITO POR QP,APTO,PMB,
2022,RR,deputado estadual,1,35111,RÁRISON BARBOSA,RÁRISON FRANCISCO RODRIGUES BARBOSA,PMB,35,PARTIDO DA MULHER BRASILEIRA,,PMB,ELEITO POR QP,APTO,PMB,
2022,RR,deputado estadual,1,19123,JOILMA TEODORA,JOILMA TEODORA DE ARAÚJO SILVA,PODE,19,PODEMOS,,PODE,ELEITO POR QP,APTO,PODE,
2022,RR,deputado estadual,1,19111,ODILON,ANTÔNIO EDUARDO FILHO,PODE,19,PODEMOS,,PODE,ELEITO POR MÉDIA,APTO,PODE,
2022,RR,deputado estadual,1,11120,ANGELA ÁGUIDA PORTELLA,ANGELA AGUIDA PORTELLA ALVES,PP,11,PROGRESSISTAS,,PP,ELEITO POR MÉDIA,APTO,PP,
2022,RR,deputado estadual,1,11222,AURELINA MEDEIROS,FRANCISCA AURELINA DE MEDEIROS LIMA,PP,11,PROGRESSISTAS,,PP,ELEITO POR QP,APTO,PP,
2022,RR,deputado estadual,1,11111,CHICO MOZART,FRANCISCO MOZART HOLANDA PINHEIRO,PP,11,PROGRESSISTAS,,PP,ELEITO POR QP,APTO,PP,
2022,RR,deputado estadual,1,90011,LUCAS SOUZA,LUCAS DE SOUZA GONÇALVES,PROS,90,PARTIDO REPUBLICANO DA ORDEM SOCIAL,,PROS,ELEITO POR MÉDIA,APTO,PROS,
2022,RR,deputado estadual,1,90100,RENATO SILVA,RENATO DE SOUZA SILVA,PROS,90,PARTIDO REPUBLICANO DA ORDEM SOCIAL,,PROS,ELEITO POR QP,APTO,PROS,
2022,RR,deputado estadual,1,28028,CORONEL CHAGAS,GERSON CHAGAS,PRTB,28,PARTIDO RENOVADOR TRABALHISTA BRASILEIRO,,PRTB,ELEITO POR QP,APTO,PRTB,
2022,RR,deputado estadual,1,28999,MARCINHO BELOTA,MARCIO AGRA BELOTA,PRTB,28,PARTIDO RENOVADOR TRABALHISTA BRASILEIRO,,PRTB,ELEITO POR MÉDIA,APTO,PRTB,
2022,RR,deputado estadual,1,20000,ISAMAR JÚNIOR,ISAMAR PESSOA RAMALHO JÚNIOR,PSC,20,PARTIDO SOCIAL CRISTÃO,,PSC,ELEITO POR QP,APTO,PSC,
2022,RR,deputado estadual,1,55123,EDER LOURINHO,EDER BARCELOS BRANDÃO,PSD,55,PARTIDO SOCIAL DEMOCRÁTICO,,PSD,ELEITO POR MÉDIA,APTO,PSD,
2022,RR,deputado estadual,1,10111,GABRIEL PICANÇO,GABRIEL FIGUEIRA PESSOA PICANÇO,REPUBLICANOS,10,REPUBLICANOS,,REPUBLICANOS,ELEITO POR MÉDIA,APTO,REPUBLICANOS,
2022,RR,deputado estadual,1,10789,MARCOS JORGE,MARCOS JORGE DE LIMA,REPUBLICANOS,10,REPUBLICANOS,,REPUBLICANOS,ELEITO POR QP,APTO,REPUBLICANOS,
2022,RR,deputado estadual,1,10190,SOLDADO SAMPAIO,FRANCISCO DOS SANTOS SAMPAIO,REPUBLICANOS,10,REPUBLICANOS,,REPUBLICANOS,ELEITO POR QP,APTO,REPUBLICANOS,
2022,RR,deputado estadual,1,10007,TAYLA PERES,TAYLA RIBEIRO PERES SILVA,REPUBLICANOS,10,REPUBLICANOS,,REPUBLICANOS,ELEITO POR QP,APTO,REPUBLICANOS,
2022,RR,deputado estadual,1,44188,CATARINA GUERRA,CATARINA DE LIMA GUERRA DA SILVA,UNIÃO,44,UNIÃO BRASIL,,UNIÃO,ELEITO POR QP,APTO,UNIÃO,
2022,RR,deputado estadual,1,44111,DR CLAUDIO CIRURGIÃO,FRANCISCO CLÁUDIO LINHARES DE SÁ FILHO,UNIÃO,44,UNIÃO BRASIL,,UNIÃO,ELEITO POR MÉDIA,APTO,UNIÃO,
2022,RR,deputado estadual,1,44444,JORGE EVERTON,JORGE EVERTON BARRETO GUIMARÃES,UNIÃO,44,UNIÃO BRASIL,,UNIÃO,ELEITO POR QP,APTO,UNIÃO,
2022,RS,deputado estadual,1,15500,BETO FANTINEL,ROBERTO FANTINEL,MDB,15,MOVIMENTO DEMOCRÁTICO BRASILEIRO,,MDB,ELEITO POR QP,APTO,MDB,
2022,RS,deputado estadual,1,15234,COSTELLA,JUVIR COSTELLA,MDB,15,MOVIMENTO DEMOCRÁTICO BRASILEIRO,,MDB,ELEITO POR QP,APTO,MDB,
2022,RS,deputado estadual,1,15200,EDIVILSON BRUM,EDIVILSON MEURER BRUM,MDB,15,MOVIMENTO DEMOCRÁTICO BRASILEIRO,,MDB,ELEITO POR MÉDIA,APTO,MDB,
2022,RS,deputado estadual,1,15000,LUCIANO SILVEIRA,LUCIANO DA SILVA SILVEIRA,MDB,15,MOVIMENTO DEMOCRÁTICO BRASILEIRO,,MDB,ELEITO POR QP,APTO,MDB,
2022,RS,deputado estadual,1,15715,PATRICIA ALBA,PATRICIA BAZOTTI,MDB,15,MOVIMENTO DEMOCRÁTICO BRASILEIRO,,MDB,ELEITO POR QP,APTO,MDB,
2022,RS,deputado estadual,1,15444,VILMAR ZANCHIN,VILMAR PERIN ZANCHIN,MDB,15,MOVIMENTO DEMOCRÁTICO BRASILEIRO,,MDB,ELEITO POR QP,APTO,MDB,
2022,RS,deputado estadual,1,30000,FELIPE CAMOZZATO,FELIPE ZORTEA CAMOZZATO,NOVO,30,PARTIDO NOVO,,NOVO,ELEITO POR QP,APTO,NOVO,
2022,RS,deputado estadual,1,65651,BRUNA RODRIGUES,BRUNA LIEGE DA SILVA RODRIGUES,PC do B,65,PARTIDO COMUNISTA DO BRASIL,PT/PC do B/PV,Federação Brasil da Esperança - FE BRASIL (PT / PC do B / PV),ELEITO POR QP,APTO,PC do B,
2022,RS,deputado estadual,1,12412,EDUARDO LOUREIRO,EDUARDO DEBACCO LOUREIRO,PDT,12,PARTIDO DEMOCRÁTICO TRABALHISTA,,PDT,ELEITO POR QP,APTO,PDT,
2022,RS,deputado estadual,1,12312,GERSON BURMANN,GERSON BURMANN,PDT,12,PARTIDO DEMOCRÁTICO TRABALHISTA,,PDT,ELEITO POR QP,APTO,PDT,
2022,RS,deputado estadual,1,12220,LUIZ MARENCO,LUIS ROGÉRIO MARENCO FERRÂN,PDT,12,PARTIDO DEMOCRÁTICO TRABALHISTA,,PDT,ELEITO POR QP,APTO,PDT,
2022,RS,deputado estadual,1,12333,SOSSELLA,GILMAR SOSSELLA,PDT,12,PARTIDO DEMOCRÁTICO TRABALHISTA,,PDT,ELEITO POR QP,APTO,PDT,
2022,RS,deputado estadual,1,22789,ADRIANA LARA,ADRIANA VIEIRA LARA,PL,22,PARTIDO LIBERAL,,PL,ELEITO POR QP,APTO,PL,
2022,RS,deputado estadual,1,22034,CLAUDIO TATSCH,CLAUDIO GILNEI TATSCH,PL,22,PARTIDO LIBERAL,,PL,ELEITO POR MÉDIA,APTO,PL,
2022,RS,deputado estadual,1,22214,KELLY MORAES,NEIVA TERESINHA MARQUES,PL,22,PARTIDO LIBERAL,,PL,ELEITO POR QP,APTO,PL,
2022,RS,deputado estadual,1,22212,PAPARICO BACCHI,EDERILDO PAPARICO BACCHI,PL,22,PARTIDO LIBERAL,,PL,ELEITO POR QP,APTO,PL,
2022,RS,deputado estadual,1,22222,RODRIGO LORENZONI,RODRIGO MARQUES LORENZONI,PL,22,PARTIDO LIBERAL,,PL,ELEITO POR QP,APTO,PL,
2022,RS,deputado estadual,1,19222,PROFESSOR CLAUDIO,CLAUDIO MAXIMILIANO BRANCHIERI,PODE,19,PODEMOS,,PODE,ELEITO POR QP,APTO,PODE,
2022,RS,deputado estadual,1,19777,SANTINI,RONALDO SANTINI,PODE,19,PODEMOS,,PODE,ELEITO POR MÉDIA,APTO,PODE,
2022,RS,deputado estadual,1,11240,ADOLFO BRITO,ADOLFO JOSÉ BRITO,PP,11,PROGRESSISTAS,,PP,ELEITO POR MÉDIA,APTO,PP,
2022,RS,deputado estadual,1,11411,ERNANI POLO,ERNANI POLO,PP,11,PROGRESSISTAS,,PP,ELEITO POR QP,APTO,PP,
2022,RS,deputado estadual,1,11122,FREDERICO ANTUNES,FREDERICO CANTORI ANTUNES,PP,11,PROGRESSISTAS,,PP,ELEITO POR QP,APTO,PP,
2022,RS,deputado estadual,1,11333,GUILHERME PASIN,GUILHERME RECH PASIN,PP,11,PROGRESSISTAS,,PP,ELEITO POR QP,APTO,PP,
2022,RS,deputado estadual,1,11000,JOEL DE IGREJINHA,JOEL LEANDRO WILHELM,PP,11,PROGRESSISTAS,,PP,ELEITO POR QP,APTO,PP,
2022,RS,deputado estadual,1,11211,MARCUS VINÍCIUS,MARCUS VINÍCIUS VIEIRA DE ALMEIDA,PP,11,PROGRESSISTAS,,PP,ELEITO POR QP,APTO,PP,
2022,RS,deputado estadual,1,11111,SILVANA COVATTI,SILVANA MARIA FRANCISCATTO COVATTI,PP,11,PROGRESSISTAS,,PP,ELEITO POR QP,APTO,PP,
2022,RS,deputado estadual,1,40120,ELTON WEBER,ELTON ROBERTO WEBER,PSB,40,PARTIDO SOCIALISTA BRASILEIRO,,PSB,ELEITO POR QP,APTO,PSB,
2022,RS,deputado estadual,1,55555,GAÚCHO DA GERAL,JULIANO FRANCZAK,PSD,55,PARTIDO SOCIAL DEMOCRÁTICO,,PSD,ELEITO POR QP,APTO,PSD,
2022,RS,deputado estadual,1,45444, DELEGADA NADINE,NADINE TAGLIARI FARIAS ANFLOR,PSDB,45,PARTIDO DA SOCIAL DEMOCRACIA BRASILEIRA,PSDB/CIDADANIA,Federação PSDB Cidadania (PSDB / CIDADANIA),ELEITO POR QP,APTO,PSDB,
2022,RS,deputado estadual,1,45333,KAKÁ D ÁVILA,CARLOS HENRIQUE BASTOS D AVILA,PSDB,45,PARTIDO DA SOCIAL DEMOCRACIA BRASILEIRA,PSDB/CIDADANIA,Federação PSDB Cidadania (PSDB / CIDADANIA),ELEITO POR MÉDIA,APTO,PSDB,
2022,RS,deputado estadual,1,45123,NERI O CARTEIRO,NERI ANDRADE PEREIRA JUNIOR,PSDB,45,PARTIDO DA SOCIAL DEMOCRACIA BRASILEIRA,PSDB/CIDADANIA,Federação PSDB Cidadania (PSDB / CIDADANIA),ELEITO POR QP,APTO,PSDB,
2022,RS,deputado estadual,1,45600,PEDRO PEREIRA ,PEDRO OZORIO PEREIRA,PSDB,45,PARTIDO DA SOCIAL DEMOCRACIA BRASILEIRA,PSDB/CIDADANIA,Federação PSDB Cidadania (PSDB / CIDADANIA),ELEITO POR QP,APTO,PSDB,
2022,RS,deputado estadual,1,45888,PROFESSOR BONATTO,VALDIR BONATTO,PSDB,45,PARTIDO DA SOCIAL DEMOCRACIA BRASILEIRA,PSDB/CIDADANIA,Federação PSDB Cidadania (PSDB / CIDADANIA),ELEITO POR QP,APTO,PSDB,
2022,RS,deputado estadual,1,50000,LUCIANA GENRO,LUCIANA KREBS GENRO,PSOL,50,PARTIDO SOCIALISMO E LIBERDADE,PSOL/REDE,Federação PSOL REDE (PSOL / REDE),ELEITO POR QP,APTO,PSOL,
2022,RS,deputado estadual,1,50123,MATHEUS GOMES,MATHEUS PEREIRA GOMES,PSOL,50,PARTIDO SOCIALISMO E LIBERDADE,PSOL/REDE,Federação PSOL REDE (PSOL / REDE),ELEITO POR QP,APTO,PSOL,
2022,RS,deputado estadual,1,13655,ADÃO PRETTO,ADÃO PRETTO FILHO,PT,13,PARTIDO DOS TRABALHADORES,PT/PC do B/PV,Federação Brasil da Esperança - FE BRASIL (PT / PC do B / PV),ELEITO POR QP,APTO,PT,
2022,RS,deputado estadual,1,13120,JEFERSON FERNANDES,JEFERSON OLIVEIRA FERNANDES,PT,13,PARTIDO DOS TRABALHADORES,PT/PC do B/PV,Federação Brasil da Esperança - FE BRASIL (PT / PC do B / PV),ELEITO POR QP,APTO,PT,
2022,RS,deputado estadual,1,13300,LAURA SITO,LAURA SOARES SITO SILVEIRA,PT,13,PARTIDO DOS TRABALHADORES,PT/PC do B/PV,Federação Brasil da Esperança - FE BRASIL (PT / PC do B / PV),ELEITO POR MÉDIA,APTO,PT,
2022,RS,deputado estadual,1,13007,LEONEL RADDE,LEONEL GUTERRES RADDE,PT,13,PARTIDO DOS TRABALHADORES,PT/PC do B/PV,Federação Brasil da Esperança - FE BRASIL (PT / PC do B / PV),ELEITO POR QP,APTO,PT,
2022,RS,deputado estadual,1,13555,MAINARDI,LUIZ FERNANDO MAINARDI,PT,13,PARTIDO DOS TRABALHADORES,PT/PC do B/PV,Federação Brasil da Esperança - FE BRASIL (PT / PC do B / PV),ELEITO POR QP,APTO,PT,
2022,RS,deputado estadual,1,13000,MIGUEL ROSSETTO,MIGUEL SOLDATELLI ROSSETTO,PT,13,PARTIDO DOS TRABALHADORES,PT/PC do B/PV,Federação Brasil da Esperança - FE BRASIL (PT / PC do B / PV),ELEITO POR MÉDIA,APTO,PT,
2022,RS,deputado estadual,1,13001,PEPE VARGAS,GILBERTO JOSÉ SPIER VARGAS,PT,13,PARTIDO DOS TRABALHADORES,PT/PC do B/PV,Federação Brasil da Esperança - FE BRASIL (PT / PC do B / PV),ELEITO POR QP,APTO,PT,
2022,RS,deputado estadual,1,13400,SOFIA CAVEDON,SOFIA CAVEDON NUNES,PT,13,PARTIDO DOS TRABALHADORES,PT/PC do B/PV,Federação Brasil da Esperança - FE BRASIL (PT / PC do B / PV),ELEITO POR QP,APTO,PT,
2022,RS,deputado estadual,1,13113,STELA FARIAS,STELA BEATRIZ FARIAS LOPES,PT,13,PARTIDO DOS TRABALHADORES,PT/PC do B/PV,Federação Brasil da Esperança - FE BRASIL (PT / PC do B / PV),ELEITO POR QP,APTO,PT,
2022,RS,deputado estadual,1,13713,VALDECI OLIVEIRA,ANTONIO VALDECI OLIVEIRA DE OLIVEIRA,PT,13,PARTIDO DOS TRABALHADORES,PT/PC do B/PV,Federação Brasil da Esperança - FE BRASIL (PT / PC do B / PV),ELEITO POR QP,APTO,PT,
2022,RS,deputado estadual,1,13500,ZÉ NUNES,JOSÉ SIDNEY NUNES DE ALMEIDA,PT,13,PARTIDO DOS TRABALHADORES,PT/PC do B/PV,Federação Brasil da Esperança - FE BRASIL (PT / PC do B / PV),ELEITO POR QP,APTO,PT,
2022,RS,deputado estadual,1,14777,ELIZANDRO SABINO,ELIZANDRO SILVA DE FREITAS SABINO,PTB,14,PARTIDO TRABALHISTA BRASILEIRO,,PTB,ELEITO POR MÉDIA,APTO,PTB,
2022,RS,deputado estadual,1,10122,CAPITÃO MARTIM,MARTIM TODESCO ADREANI,REPUBLICANOS,10,REPUBLICANOS,,REPUBLICANOS,ELEITO POR MÉDIA,APTO,REPUBLICANOS,
2022,RS,deputado estadual,1,10222,DELEGADO ZUCCO,RODRIGO LORENZINI ZUCCO,REPUBLICANOS,10,REPUBLICANOS,,REPUBLICANOS,ELEITO POR QP,APTO,REPUBLICANOS,
2022,RS,deputado estadual,1,10120,ELIANA BAYER,ELIANA DO NASCIMENTO NARVAIS BAYER,REPUBLICANOS,10,REPUBLICANOS,,REPUBLICANOS,ELEITO POR QP,APTO,REPUBLICANOS,
2022,RS,deputado estadual,1,10022,GUSTAVO VICTORINO,GUSTAVO ADOLFO VICTORINO GREHS,REPUBLICANOS,10,REPUBLICANOS,,REPUBLICANOS,ELEITO POR QP,APTO,REPUBLICANOS,
2022,RS,deputado estadual,1,10300,SERGIO PERES,SERGIO PERES ALOS,REPUBLICANOS,10,REPUBLICANOS,,REPUBLICANOS,ELEITO POR QP,APTO,REPUBLICANOS,
2022,RS,deputado estadual,1,44200,CLASSMANN,ALOISIO TALSO CLASSMANN,UNIÃO,44,UNIÃO BRASIL,,UNIÃO,ELEITO POR QP,APTO,UNIÃO,
2022,RS,deputado estadual,1,44444,DIRCEU FRANCISCON,DIRCEU FRANCISCON,UNIÃO,44,UNIÃO BRASIL,,UNIÃO,ELEITO POR QP,APTO,UNIÃO,
2022,RS,deputado estadual,1,44555,DR THIAGO,THIAGO PEREIRA DUARTE,UNIÃO,44,UNIÃO BRASIL,,UNIÃO,ELEITO POR MÉDIA,APTO,UNIÃO,
2022,SC,deputado estadual,1,15222,ANTÍDIO LUNELLI,ANTIDIO ALEIXO LUNELLI,MDB,15,MOVIMENTO DEMOCRÁTICO BRASILEIRO,,MDB,ELEITO POR QP,APTO,MDB,
2022,SC,deputado estadual,1,15655,FERNANDO KRELLING,FERNANDO KRELLING,MDB,15,MOVIMENTO DEMOCRÁTICO BRASILEIRO,,MDB,ELEITO POR QP,APTO,MDB,
2022,SC,deputado estadual,1,15010,JERRY COMPER,JERRY EDSON COMPER,MDB,15,MOVIMENTO DEMOCRÁTICO BRASILEIRO,,MDB,ELEITO POR QP,APTO,MDB,
2022,SC,deputado estadual,1,15220,MAURO DE NADAL,MAURO DE NADAL,MDB,15,MOVIMENTO DEMOCRÁTICO BRASILEIRO,,MDB,ELEITO POR QP,APTO,MDB,
2022,SC,deputado estadual,1,15789,TIAGO ZILLI,TIAGO ZILLI,MDB,15,MOVIMENTO DEMOCRÁTICO BRASILEIRO,,MDB,ELEITO POR MÉDIA,APTO,MDB,
2022,SC,deputado estadual,1,15000,VOLNEI WEBER,VOLNEI WEBER,MDB,15,MOVIMENTO DEMOCRÁTICO BRASILEIRO,,MDB,ELEITO POR QP,APTO,MDB,
2022,SC,deputado estadual,1,30001,MATHEUS CADORIN,MATHEUS ANDREIS CADORIN,NOVO,30,PARTIDO NOVO,,NOVO,ELEITO POR QP,APTO,NOVO,
2022,SC,deputado estadual,1,12345,RODRIGO MINOTTO,RODRIGO MINOTTO,PDT,12,PARTIDO DEMOCRÁTICO TRABALHISTA,,PDT,ELEITO POR MÉDIA,APTO,PDT,
2022,SC,deputado estadual,1,22822,ANA CAMPAGNOLO,ANA CAROLINE CAMPAGNOLO GALVAO,PL,22,PARTIDO LIBERAL,,PL,ELEITO POR QP,APTO,PL,
2022,SC,deputado estadual,1,22022,BERLANDA,NILSO JOSE BERLANDA,PL,22,PARTIDO LIBERAL,,PL,ELEITO POR QP,APTO,PL,
2022,SC,deputado estadual,1,22444,CARLOS HUMBERTO,CARLOS HUMBERTO METZNER SILVA,PL,22,PARTIDO LIBERAL,,PL,ELEITO POR QP,APTO,PL,
2022,SC,deputado estadual,1,22555,IVAN NAATZ,IVAN NAATZ,PL,22,PARTIDO LIBERAL,,PL,ELEITO POR QP,APTO,PL,
2022,SC,deputado estadual,1,22456,JESSÉ LOPES,JESSÉ DE FARIA LOPES,PL,22,PARTIDO LIBERAL,,PL,ELEITO POR QP,APTO,PL,
2022,SC,deputado estadual,1,22123,MARCIUS MACHADO,MARCIUS DA SILVA MACHADO,PL,22,PARTIDO LIBERAL,,PL,ELEITO POR QP,APTO,PL,
2022,SC,deputado estadual,1,22150,MASSOCCO,EDILSON MASSOCCO,PL,22,PARTIDO LIBERAL,,PL,ELEITO POR MÉDIA,APTO,PL,
2022,SC,deputado estadual,1,22222,MAURICIO ESKUDLARK,MAURICIO JOSE ESKUDLARK,PL,22,PARTIDO LIBERAL,,PL,ELEITO POR QP,APTO,PL,
2022,SC,deputado estadual,1,22470,OSCAR GUTZ,OSCAR GUTZ,PL,22,PARTIDO LIBERAL,,PL,ELEITO POR MÉDIA,APTO,PL,
2022,SC,deputado estadual,1,22122,SARGENTO LIMA,CARLOS HENRIQUE DE LIMA,PL,22,PARTIDO LIBERAL,,PL,ELEITO POR QP,APTO,PL,
2022,SC,deputado estadual,1,22500,SORATTO,ESTENER SORATTO DA SILVA JUNIOR,PL,22,PARTIDO LIBERAL,,PL,ELEITO POR MÉDIA,APTO,PL,
2022,SC,deputado estadual,1,19369,CAMILO MARTINS,CAMILO NAZARENO PAGANI MARTINS,PODE,19,PODEMOS,,PODE,ELEITO POR QP,APTO,PODE,
2022,SC,deputado estadual,1,19282,LUCAS NEVES,LUCAS FELIPE MELO NEVES,PODE,19,PODEMOS,,PODE,ELEITO POR MÉDIA,APTO,PODE,
2022,SC,deputado estadual,1,19010,PAULINHA,ANA PAULA DA SILVA,PODE,19,PODEMOS,,PODE,ELEITO POR QP,APTO,PODE,
2022,SC,deputado estadual,1,11130,ALTAIR SILVA,ALTAIR DA SILVA,PP,11,PROGRESSISTAS,,PP,ELEITO POR QP,APTO,PP,
2022,SC,deputado estadual,1,11223,PEPÊ COLLAÇO,FELIPPE LUIZ COLLAÇO,PP,11,PROGRESSISTAS,,PP,ELEITO POR MÉDIA,APTO,PP,
2022,SC,deputado estadual,1,11234,ZÉ MILTON,JOSÉ MILTON SCHEFFER,PP,11,PROGRESSISTAS,,PP,ELEITO POR QP,APTO,PP,
2022,SC,deputado estadual,1,55111,JULIO GARCIA,JULIO CÉSAR GARCIA,PSD,55,PARTIDO SOCIAL DEMOCRÁTICO,,PSD,ELEITO POR QP,APTO,PSD,
2022,SC,deputado estadual,1,55555,MARIO MOTTA,MARIO PINTO DA MOTTA JUNIOR,PSD,55,PARTIDO SOCIAL DEMOCRÁTICO,,PSD,ELEITO POR QP,APTO,PSD,
2022,SC,deputado estadual,1,55777,NAPOLEÃO BERNARDES,NAPOLEÃO BERNARDES NETO,PSD,55,PARTIDO SOCIAL DEMOCRÁTICO,,PSD,ELEITO POR MÉDIA,APTO,PSD,
2022,SC,deputado estadual,1,45999,DR. VICENTE,VICENTE AUGUSTO CAROPRESO,PSDB,45,PARTIDO DA SOCIAL DEMOCRACIA BRASILEIRA,PSDB/CIDADANIA,Federação PSDB Cidadania (PSDB / CIDADANIA),ELEITO POR QP,APTO,PSDB,
2022,SC,deputado estadual,1,45699,MARCOS VIEIRA,MARCOS LUIZ VIEIRA,PSDB,45,PARTIDO DA SOCIAL DEMOCRACIA BRASILEIRA,PSDB/CIDADANIA,Federação PSDB Cidadania (PSDB / CIDADANIA),ELEITO POR QP,APTO,PSDB,
2022,SC,deputado estadual,1,50150,MARQUITO MARCOS JOSÉ ABREU,MARCOS JOSÉ DE ABREU,PSOL,50,PARTIDO SOCIALISMO E LIBERDADE,PSOL/REDE,Federação PSOL REDE (PSOL / REDE),ELEITO POR MÉDIA,APTO,PSOL,
2022,SC,deputado estadual,1,13500,FABIANO DA LUZ,FABIANO DA LUZ,PT,13,PARTIDO DOS TRABALHADORES,PT/PC do B/PV,Federação Brasil da Esperança - FE BRASIL (PT / PC do B / PV),ELEITO POR QP,APTO,PT,
2022,SC,deputado estadual,1,13601,LUCIANE CARMINATTI,LUCIANE MARIA CARMINATTI,PT,13,PARTIDO DOS TRABALHADORES,PT/PC do B/PV,Federação Brasil da Esperança - FE BRASIL (PT / PC do B / PV),ELEITO POR QP,APTO,PT,
2022,SC,deputado estadual,1,13120,NEODI SARETTA,NEODI SARETTA,PT,13,PARTIDO DOS TRABALHADORES,PT/PC do B/PV,Federação Brasil da Esperança - FE BRASIL (PT / PC do B / PV),ELEITO POR QP,APTO,PT,
2022,SC,deputado estadual,1,13987,PADRE PEDRO,PEDRO BALDISSERA,PT,13,PARTIDO DOS TRABALHADORES,PT/PC do B/PV,Federação Brasil da Esperança - FE BRASIL (PT / PC do B / PV),ELEITO POR QP,APTO,PT,
2022,SC,deputado estadual,1,14181,DELEGADO EGIDIO FERRARI,EGIDIO MACIEL FERRARI,PTB,14,PARTIDO TRABALHISTA BRASILEIRO,,PTB,ELEITO POR MÉDIA,APTO,PTB,
2022,SC,deputado estadual,1,10123,SERGIO MOTTA,SERGIO MOTTA RIBEIRO,REPUBLICANOS,10,REPUBLICANOS,,REPUBLICANOS,ELEITO POR QP,APTO,REPUBLICANOS,
2022,SC,deputado estadual,1,44104,JAIR MIOTTO,JAIR ANTONIO MIOTTO,UNIÃO,44,UNIÃO BRASIL,,UNIÃO,ELEITO POR QP,APTO,UNIÃO,
2022,SC,deputado estadual,1,44022,MARCOS DA ROSA,MARCOS DA ROSA,UNIÃO,44,UNIÃO BRASIL,,UNIÃO,ELEITO POR MÉDIA,APTO,UNIÃO,
2022,SC,deputado estadual,1,44500,REPÓRTER SÉRGIO GUIMARÃES,SERGIO DA ROSA GUIMARAES,UNIÃO,44,UNIÃO BRASIL,,UNIÃO,ELEITO POR QP,APTO,UNIÃO,
2022,SE,deputado estadual,1,23456,DR. SAMUEL CARVALHO,SAMUEL CARVALHO DOS SANTOS JUNIOR,CIDADANIA,23,CIDADANIA,PSDB/CIDADANIA,Federação PSDB Cidadania (PSDB / CIDADANIA),ELEITO POR MÉDIA,APTO,CIDADANIA,
2022,SE,deputado estadual,1,23777,GEORGEO PASSOS,GEORGEO ANTONIO CESPEDES PASSOS,CIDADANIA,23,CIDADANIA,PSDB/CIDADANIA,Federação PSDB Cidadania (PSDB / CIDADANIA),ELEITO POR QP,APTO,CIDADANIA,
2022,SE,deputado estadual,1,12111,GARIBALDE,LUIZ GARIBALDE RABELO DE MENDONÇA,PDT,12,PARTIDO DEMOCRÁTICO TRABALHISTA,,PDT,ELEITO POR QP,APTO,PDT,
2022,SE,deputado estadual,1,22444,MARCOS OLIVEIRA,MARCOS VINICIUS LIMA DE OLIVEIRA,PL,22,PARTIDO LIBERAL,,PL,ELEITO POR QP,APTO,PL,
2022,SE,deputado estadual,1,22111,NETINHO GUIMARÃES,LEUDES ALVES DOS SANTOS NETO,PL,22,PARTIDO LIBERAL,,PL,ELEITO POR MÉDIA,APTO,PL,
2022,SE,deputado estadual,1,22222,PATO MARAVILHA,CARLOS ALEXANDRE SANTOS COSTA,PL,22,PARTIDO LIBERAL,,PL,ELEITO POR QP,APTO,PL,
2022,SE,deputado estadual,1,11123,LUCIANO PIMENTEL,LUCIANO AZEVEDO PIMENTEL,PP,11,PROGRESSISTAS,,PP,ELEITO POR QP,APTO,PP,
2022,SE,deputado estadual,1,11888,NETO BATALHA,JOSÉ BATALHA DE GOES NETO,PP,11,PROGRESSISTAS,,PP,ELEITO POR QP,APTO,PP,
2022,SE,deputado estadual,1,55123,ADAILTON MARTINS,ADAILTON MARTINS DE OLIVEIRA FILHO,PSD,55,PARTIDO SOCIAL DEMOCRÁTICO,,PSD,ELEITO POR MÉDIA,APTO,PSD,
2022,SE,deputado estadual,1,55250,JEFERSON ANDRADE,JEFERSON LUIZ DE ANDRADE,PSD,55,PARTIDO SOCIAL DEMOCRÁTICO,,PSD,ELEITO POR QP,APTO,PSD,
2022,SE,deputado estadual,1,55777,JORGINHO ARAUJO,JORGE ARAUJO FILHO,PSD,55,PARTIDO SOCIAL DEMOCRÁTICO,,PSD,ELEITO POR MÉDIA,APTO,PSD,
2022,SE,deputado estadual,1,55015,LUCIANO BISPO,LUCIANO BISPO DE LIMA,PSD,55,PARTIDO SOCIAL DEMOCRÁTICO,,PSD,ELEITO POR QP,APTO,PSD,
2022,SE,deputado estadual,1,55555,MAISA MITIDIERI,MAISA CRUZ MITIDIERI,PSD,55,PARTIDO SOCIAL DEMOCRÁTICO,,PSD,ELEITO POR QP,APTO,PSD,
2022,SE,deputado estadual,1,50180,LINDA BRASIL,LINDA BRASIL AZEVEDO SANTOS,PSOL,50,PARTIDO SOCIALISMO E LIBERDADE,PSOL/REDE,Federação PSOL REDE (PSOL / REDE),ELEITO POR QP,APTO,PSOL,
2022,SE,deputado estadual,1,13333,CHICO DO CORREIO,FRANCISCO CARLOS NOGUEIRA NASCIMENTO,PT,13,PARTIDO DOS TRABALHADORES,PT/PC do B/PV,Federação Brasil da Esperança - FE BRASIL (PT / PC do B / PV),ELEITO POR QP,APTO,PT,
2022,SE,deputado estadual,1,43000,IBRAIN DE VALMIR,IBRAIN SILVA MONTEIRO,PV,43,PARTIDO VERDE,PT/PC do B/PV,Federação Brasil da Esperança - FE BRASIL (PT / PC do B / PV),ELEITO POR MÉDIA,APTO,PV,
2022,SE,deputado estadual,1,43777,PAULO JR,PAULO ROBERTO DE SANTANA JUNIOR,PV,43,PARTIDO VERDE,PT/PC do B/PV,Federação Brasil da Esperança - FE BRASIL (PT / PC do B / PV),ELEITO POR QP,APTO,PV,
2022,SE,deputado estadual,1,10777,AUREA RIBEIRO,JOSEFA AUREA DE SOUZA RIBEIRO,REPUBLICANOS,10,REPUBLICANOS,,REPUBLICANOS,ELEITO POR QP,APTO,REPUBLICANOS,
2022,SE,deputado estadual,1,10200,CARMINHA,MARIA DO CARMO PAIVA DA SILVA,REPUBLICANOS,10,REPUBLICANOS,,REPUBLICANOS,ELEITO POR QP,APTO,REPUBLICANOS,
2022,SE,deputado estadual,1,10000,DRA LIDIANE LUCENA,LIDIANE CECILIA AZEVEDO CARVALHO LUCENA,REPUBLICANOS,10,REPUBLICANOS,,REPUBLICANOS,ELEITO POR QP,APTO,REPUBLICANOS,
2022,SE,deputado estadual,1,44444,CRISTIANO CAVALCANTE,CHRISTIANO ROGÉRIO RÊGO CAVALCANTE,UNIÃO,44,UNIÃO BRASIL,,UNIÃO,ELEITO POR QP,APTO,UNIÃO,
2022,SE,deputado estadual,1,44555,KAKÁ SANTOS,CLAILTON BATISTA DOS SANTOS,UNIÃO,44,UNIÃO BRASIL,,UNIÃO,ELEITO POR QP,APTO,UNIÃO,
2022,SE,deputado estadual,1,44022,LUIZAO DONA TRAMPI,JOSE LUIZ DA MOTA CRUZ,UNIÃO,44,UNIÃO BRASIL,,UNIÃO,ELEITO POR MÉDIA,APTO,UNIÃO,
2022,SE,deputado estadual,1,44111,MARCELO SOBRAL,MARCELO OLIVEIRA SOBRAL,UNIÃO,44,UNIÃO BRASIL,,UNIÃO,ELEITO POR QP,APTO,UNIÃO,
2022,SP,deputado estadual,1,23023,ANA CAROLINA SERRA,ANA CAROLINA ROSSI BARRETO SERRA,CIDADANIA,23,CIDADANIA,PSDB/CIDADANIA,Federação PSDB Cidadania (PSDB / CIDADANIA),ELEITO POR QP,APTO,CIDADANIA,
2022,SP,deputado estadual,1,23456,DALBEN,ANTONIO DIRCEU DALBEN,CIDADANIA,23,CIDADANIA,PSDB/CIDADANIA,Federação PSDB Cidadania (PSDB / CIDADANIA),ELEITO POR QP,APTO,CIDADANIA,
2022,SP,deputado estadual,1,23000,RAFA ZIMBALDI,RAFAEL FERNANDO ZIMBALDI,CIDADANIA,23,CIDADANIA,PSDB/CIDADANIA,Federação PSDB Cidadania (PSDB / CIDADANIA),ELEITO POR MÉDIA,APTO,CIDADANIA,
2022,SP,deputado estadual,1,15000,CARUSO,JORGE LUIS CARUSO,MDB,15,MOVIMENTO DEMOCRÁTICO BRASILEIRO,,MDB,ELEITO POR QP,APTO,MDB,
2022,SP,deputado estadual,1,15300,ITAMAR BORGES,ITAMAR FRANCISCO MACHADO BORGES,MDB,15,MOVIMENTO DEMOCRÁTICO BRASILEIRO,,MDB,ELEITO POR QP,APTO,MDB,
2022,SP,deputado estadual,1,15123,LEO OLIVEIRA,OCIMAR DONIZETI LEO OLIVEIRA,MDB,15,MOVIMENTO DEMOCRÁTICO BRASILEIRO,,MDB,ELEITO POR QP,APTO,MDB,
2022,SP,deputado estadual,1,15363,ROGÉRIO SANTOS,JOSÉ ROGERIO SOARES DOS SANTOS,MDB,15,MOVIMENTO DEMOCRÁTICO BRASILEIRO,,MDB,ELEITO POR QP,APTO,MDB,
2022,SP,deputado estadual,1,30600,LEO SIQUEIRA,LEONARDO DE SIQUEIRA LIMA,NOVO,30,PARTIDO NOVO,,NOVO,ELEITO POR QP,APTO,NOVO,
2022,SP,deputado estadual,1,65035,LECI BRANDÃO,LECI BRANDÃO DA SILVA,PC do B,65,PARTIDO COMUNISTA DO BRASIL,PT/PC do B/PV,Federação Brasil da Esperança - FE BRASIL (PT / PC do B / PV),ELEITO POR QP,APTO,PC do B,
2022,SP,deputado estadual,1,12345,MARCIO NAKASHIMA,MÁRCIO MASSAMI NAKASHIMA,PDT,12,PARTIDO DEMOCRÁTICO TRABALHISTA,,PDT,ELEITO POR QP,APTO,PDT,
2022,SP,deputado estadual,1,22007,AGENTE FEDERAL DANILO BALAS,DANILO MASCARENHAS DE BALAS,PL,22,PARTIDO LIBERAL,,PL,ELEITO POR QP,APTO,PL,
2022,SP,deputado estadual,1,22777,ALEX DE MADUREIRA,ALEXANDER MUNIZ DE OLIVEIRA,PL,22,PARTIDO LIBERAL,,PL,ELEITO POR QP,APTO,PL,
2022,SP,deputado estadual,1,22999,ANDRÉ DO PRADO,ANDRE LUIS DO PRADO,PL,22,PARTIDO LIBERAL,,PL,ELEITO POR QP,APTO,PL,
2022,SP,deputado estadual,1,22100,BRUNO ZAMBELLI,BRUNO ZAMBELLI SALGADO,PL,22,PARTIDO LIBERAL,,PL,ELEITO POR QP,APTO,PL,
2022,SP,deputado estadual,1,22138,CAPITÃO CONTE LOPES,ROBERVAL CONTE LOPES LIMA,PL,22,PARTIDO LIBERAL,,PL,ELEITO POR QP,APTO,PL,
2022,SP,deputado estadual,1,22112,CARLOS CEZAR,CARLOS CEZAR DA SILVA,PL,22,PARTIDO LIBERAL,,PL,ELEITO POR QP,APTO,PL,
2022,SP,deputado estadual,1,22322,DANI ALONSO,DANIELE MAZUQUELI ALONSO,PL,22,PARTIDO LIBERAL,,PL,ELEITO POR QP,APTO,PL,
2022,SP,deputado estadual,1,22888,DELEGADA GRACIELA,GRACIELA DE LOURDES DAVID AMBROSIO,PL,22,PARTIDO LIBERAL,,PL,ELEITO POR MÉDIA,APTO,PL,
2022,SP,deputado estadual,1,22051,FABIANA B.,FABIANA DE LIMA BARROSO,PL,22,PARTIDO LIBERAL,,PL,ELEITO POR MÉDIA,APTO,PL,
2022,SP,deputado estadual,1,22120,GIL DINIZ,GILDEVANIO ILSO DOS SANTOS DINIZ,PL,22,PARTIDO LIBERAL,,PL,ELEITO POR QP,APTO,PL,
2022,SP,deputado estadual,1,22500,LUCAS BOVE,LUCAS DIEZ BOVE,PL,22,PARTIDO LIBERAL,,PL,ELEITO POR QP,APTO,PL,
2022,SP,deputado estadual,1,22000,MAJOR MECCA,DIMAS MECCA SAMPAIO,PL,22,PARTIDO LIBERAL,,PL,ELEITO POR QP,APTO,PL,
2022,SP,deputado estadual,1,22222,MARCOS DAMASIO,MARCOS ROBERTO DAMASIO DA SILVA,PL,22,PARTIDO LIBERAL,,PL,ELEITO POR QP,APTO,PL,
2022,SP,deputado estadual,1,22422,PAULO MANSUR,PAULO JORGE MANSUR NETO,PL,22,PARTIDO LIBERAL,,PL,ELEITO POR QP,APTO,PL,
2022,SP,deputado estadual,1,22123,RICARDO MADALENA,RICARDO ROSSI MADALENA,PL,22,PARTIDO LIBERAL,,PL,ELEITO POR QP,APTO,PL,
2022,SP,deputado estadual,1,22541,RODRIGO MORAES,RODRIGO AUGUSTO MORAES,PL,22,PARTIDO LIBERAL,,PL,ELEITO POR QP,APTO,PL,
2022,SP,deputado estadual,1,22444,TENENTE COIMBRA,MATHEUS COIMBRA MARTINS DE AGUIAR,PL,22,PARTIDO LIBERAL,,PL,ELEITO POR QP,APTO,PL,
2022,SP,deputado estadual,1,22343,THIAGO AURICCHIO,THIAGO REIS AURICCHIO,PL,22,PARTIDO LIBERAL,,PL,ELEITO POR QP,APTO,PL,
2022,SP,deputado estadual,1,22922,VALERIA BOLSONARO,VALERIA MULLER RAMOS BOLSONARO,PL,22,PARTIDO LIBERAL,,PL,ELEITO POR QP,APTO,PL,
2022,SP,deputado estadual,1,19101,CLARICE GANEM,CLARICE CARASSOL AREVALO GANEM,PODE,19,PODEMOS,,PODE,ELEITO POR QP,APTO,PODE,
2022,SP,deputado estadual,1,19714,DR EDUARDO NÓBREGA,CARLOS EDUARDO NOBREGA,PODE,19,PODEMOS,,PODE,ELEITO POR QP,APTO,PODE,
2022,SP,deputado estadual,1,19019,GERSON PESSOA,GERSON DIAS PESSOA,PODE,19,PODEMOS,,PODE,ELEITO POR QP,APTO,PODE,
2022,SP,deputado estadual,1,19100,RICARDO FRANÇA,RICARDO LONGATTI FRANÇA,PODE,19,PODEMOS,,PODE,ELEITO POR QP,APTO,PODE,
2022,SP,deputado estadual,1,11190,CAPITÃO TELHADA,RAFAEL HENRIQUE CANO TELHADA,PP,11,PROGRESSISTAS,,PP,ELEITO POR QP,APTO,PP,
2022,SP,deputado estadual,1,11777,DELEGADO OLIM,ANTONIO ASSUNÇÃO DE OLIM,PP,11,PROGRESSISTAS,,PP,ELEITO POR QP,APTO,PP,
2022,SP,deputado estadual,1,11022,LETÍCIA AGUIAR,LETICIA AGUIAR RESENDE ALVES,PP,11,PROGRESSISTAS,,PP,ELEITO POR QP,APTO,PP,
2022,SP,deputado estadual,1,40000,ANDRÉA WERNER,ANDRÉA WERNER SILVA BONOLI,PSB,40,PARTIDO SOCIALISTA BRASILEIRO,,PSB,ELEITO POR QP,APTO,PSB,
2022,SP,deputado estadual,1,40640,CAIO FRANÇA,CAIO FRANÇA DE GOUVÊA GOMES,PSB,40,PARTIDO SOCIALISTA BRASILEIRO,,PSB,ELEITO POR QP,APTO,PSB,
2022,SP,deputado estadual,1,40211,DR VALDOMIRO LOPES,VALDOMIRO LOPES DA SILVA JUNIOR,PSB,40,PARTIDO SOCIALISTA BRASILEIRO,,PSB,ELEITO POR QP,APTO,PSB,
2022,SP,deputado estadual,1,40123,PROF. CAMILA GODOI,CAMILA GODOI DA SILVA RODRIGUES,PSB,40,PARTIDO SOCIALISTA BRASILEIRO,,PSB,ELEITO POR MÉDIA,APTO,PSB,
2022,SP,deputado estadual,1,20012,DR. ELTON,ELTON ALVES RIBEIRO DE CARVALHO JUNIOR,PSC,20,PARTIDO SOCIAL CRISTÃO,,PSC,ELEITO POR QP,APTO,PSC,
2022,SP,deputado estadual,1,20123,HELINHO ZANATTA,HELIO DONIZETE ZANATTA,PSC,20,PARTIDO SOCIAL CRISTÃO,,PSC,ELEITO POR QP,APTO,PSC,
2022,SP,deputado estadual,1,55400,MARTA COSTA,MARTA MARIA FREIRE DA COSTA,PSD,55,PARTIDO SOCIAL DEMOCRÁTICO,,PSD,ELEITO POR QP,APTO,PSD,
2022,SP,deputado estadual,1,55777,OSEIAS DE MADUREIRA,OSEIAS SANTOS DA SILVA,PSD,55,PARTIDO SOCIAL DEMOCRÁTICO,,PSD,ELEITO POR QP,APTO,PSD,
2022,SP,deputado estadual,1,55699,PAULO CORRÊA JR,PAULO ALVES CORRÊA JUNIOR,PSD,55,PARTIDO SOCIAL DEMOCRÁTICO,,PSD,ELEITO POR MÉDIA,APTO,PSD,
2022,SP,deputado estadual,1,55123,RAFAEL SILVA,RAFAEL ANTONIO DA SILVA,PSD,55,PARTIDO SOCIAL DEMOCRÁTICO,,PSD,ELEITO POR QP,APTO,PSD,
2022,SP,deputado estadual,1,45400,ANALICE FERNANDES,ANALICE FERNANDES,PSDB,45,PARTIDO DA SOCIAL DEMOCRACIA BRASILEIRA,PSDB/CIDADANIA,Federação PSDB Cidadania (PSDB / CIDADANIA),ELEITO POR QP,APTO,PSDB,
2022,SP,deputado estadual,1,45545,BARROS MUNHOZ,JOSE ANTONIO BARROS MUNHOZ,PSDB,45,PARTIDO DA SOCIAL DEMOCRACIA BRASILEIRA,PSDB/CIDADANIA,Federação PSDB Cidadania (PSDB / CIDADANIA),ELEITO POR QP,APTO,PSDB,
2022,SP,deputado estadual,1,45000,BRUNA FURLAN,BRUNA DIAS FURLAN VICENTE,PSDB,45,PARTIDO DA SOCIAL DEMOCRACIA BRASILEIRA,PSDB/CIDADANIA,Federação PSDB Cidadania (PSDB / CIDADANIA),ELEITO POR QP,APTO,PSDB,
2022,SP,deputado estadual,1,45680,CARLA MORANDO,CARLA SARDANO MORANDO,PSDB,45,PARTIDO DA SOCIAL DEMOCRACIA BRASILEIRA,PSDB/CIDADANIA,Federação PSDB Cidadania (PSDB / CIDADANIA),ELEITO POR QP,APTO,PSDB,
2022,SP,deputado estadual,1,45232,CARLÃO PIGNATARI,CARLOS EDUARDO PIGNATARI,PSDB,45,PARTIDO DA SOCIAL DEMOCRACIA BRASILEIRA,PSDB/CIDADANIA,Federação PSDB Cidadania (PSDB / CIDADANIA),ELEITO POR QP,APTO,PSDB,
2022,SP,deputado estadual,1,45114,MARIA LUCIA AMARY,MARIA LUCIA CARDOSO PINTO AMARY,PSDB,45,PARTIDO DA SOCIAL DEMOCRACIA BRASILEIRA,PSDB/CIDADANIA,Federação PSDB Cidadania (PSDB / CIDADANIA),ELEITO POR MÉDIA,APTO,PSDB,
2022,SP,deputado estadual,1,45125,MAURO BRAGATO,MAURO BRAGATO,PSDB,45,PARTIDO DA SOCIAL DEMOCRACIA BRASILEIRA,PSDB/CIDADANIA,Federação PSDB Cidadania (PSDB / CIDADANIA),ELEITO POR QP,APTO,PSDB,
2022,SP,deputado estadual,1,45123,ROGÉRIO NOGUEIRA,ROGERIO NOGUEIRA LOPES CRUZ,PSDB,45,PARTIDO DA SOCIAL DEMOCRACIA BRASILEIRA,PSDB/CIDADANIA,Federação PSDB Cidadania (PSDB / CIDADANIA),ELEITO POR QP,APTO,PSDB,
2022,SP,deputado estadual,1,45789,VINICIUS CAMARINHA,VINICIUS ALMEIDA CAMARINHA,PSDB,45,PARTIDO DA SOCIAL DEMOCRACIA BRASILEIRA,PSDB/CIDADANIA,Federação PSDB Cidadania (PSDB / CIDADANIA),ELEITO POR QP,APTO,PSDB,
2022,SP,deputado estadual,1,50789,CARLOS GIANNAZI,CARLOS ALBERTO GIANNASI,PSOL,50,PARTIDO SOCIALISMO E LIBERDADE,PSOL/REDE,Federação PSOL REDE (PSOL / REDE),ELEITO POR QP,APTO,PSOL,
2022,SP,deputado estadual,1,50110,EDIANE MARIA,EDIANE MARIA DO NASCIMENTO,PSOL,50,PARTIDO SOCIALISMO E LIBERDADE,PSOL/REDE,Federação PSOL REDE (PSOL / REDE),ELEITO POR QP,APTO,PSOL,
2022,SP,deputado estadual,1,50005,GUILHERME CORTEZ,GUILHERME DA COSTA AGUIAR CORTEZ,PSOL,50,PARTIDO SOCIALISMO E LIBERDADE,PSOL/REDE,Federação PSOL REDE (PSOL / REDE),ELEITO POR QP,APTO,PSOL,
2022,SP,deputado estadual,1,50900,MONICA DO MOVIMENTO PRETAS,MÔNICA CRISTINA SEIXAS BONFIM,PSOL,50,PARTIDO SOCIALISMO E LIBERDADE,PSOL/REDE,Federação PSOL REDE (PSOL / REDE),ELEITO POR QP,APTO,PSOL,
2022,SP,deputado estadual,1,50000,PAULA DA BANCADA FEMINISTA,PAULA NUNES DOS SANTOS,PSOL,50,PARTIDO SOCIALISMO E LIBERDADE,PSOL/REDE,Federação PSOL REDE (PSOL / REDE),ELEITO POR QP,APTO,PSOL,
2022,SP,deputado estadual,1,13121,ANA PERUGINI,ANA LUCIA LIPPAUS PERUGINI,PT,13,PARTIDO DOS TRABALHADORES,PT/PC do B/PV,Federação Brasil da Esperança - FE BRASIL (PT / PC do B / PV),ELEITO POR QP,APTO,PT,
2022,SP,deputado estadual,1,13110,BARBA,TEONÍLIO MONTEIRO DA COSTA,PT,13,PARTIDO DOS TRABALHADORES,PT/PC do B/PV,Federação Brasil da Esperança - FE BRASIL (PT / PC do B / PV),ELEITO POR QP,APTO,PT,
2022,SP,deputado estadual,1,13456,BETH SAHÃO,ELISABETH SAHÃO,PT,13,PARTIDO DOS TRABALHADORES,PT/PC do B/PV,Federação Brasil da Esperança - FE BRASIL (PT / PC do B / PV),ELEITO POR MÉDIA,APTO,PT,
2022,SP,deputado estadual,1,13700,DONATO,ANTONIO DONATO MADORMO,PT,13,PARTIDO DOS TRABALHADORES,PT/PC do B/PV,Federação Brasil da Esperança - FE BRASIL (PT / PC do B / PV),ELEITO POR QP,APTO,PT,
2022,SP,deputado estadual,1,13800,DR. JORGE DO CARMO,JORGE DO CARMO SILVA,PT,13,PARTIDO DOS TRABALHADORES,PT/PC do B/PV,Federação Brasil da Esperança - FE BRASIL (PT / PC do B / PV),ELEITO POR QP,APTO,PT,
2022,SP,deputado estadual,1,13133,EDUARDO SUPLICY,EDUARDO MATARAZZO SUPLICY,PT,13,PARTIDO DOS TRABALHADORES,PT/PC do B/PV,Federação Brasil da Esperança - FE BRASIL (PT / PC do B / PV),ELEITO POR QP,APTO,PT,
2022,SP,deputado estadual,1,13131,EMÍDIO DE SOUZA,EMIDIO PEREIRA DE SOUZA,PT,13,PARTIDO DOS TRABALHADORES,PT/PC do B/PV,Federação Brasil da Esperança - FE BRASIL (PT / PC do B / PV),ELEITO POR QP,APTO,PT,
2022,SP,deputado estadual,1,13114,ENIO TATTO,ENIO FRANCISCO TATTO,PT,13,PARTIDO DOS TRABALHADORES,PT/PC do B/PV,Federação Brasil da Esperança - FE BRASIL (PT / PC do B / PV),ELEITO POR QP,APTO,PT,
2022,SP,deputado estadual,1,13310,LUIZ CLAUDIO MARCOLINO,LUIZ CLAUDIO MARCOLINO,PT,13,PARTIDO DOS TRABALHADORES,PT/PC do B/PV,Federação Brasil da Esperança - FE BRASIL (PT / PC do B / PV),ELEITO POR MÉDIA,APTO,PT,
2022,SP,deputado estadual,1,13134,LUIZ FERNANDO,LUIZ FERNANDO TEIXEIRA FERREIRA,PT,13,PARTIDO DOS TRABALHADORES,PT/PC do B/PV,Federação Brasil da Esperança - FE BRASIL (PT / PC do B / PV),ELEITO POR QP,APTO,PT,
2022,SP,deputado estadual,1,13113,MARCIA LIA,MARCIA APARECIDA OVEJANEDA LIA,PT,13,PARTIDO DOS TRABALHADORES,PT/PC do B/PV,Federação Brasil da Esperança - FE BRASIL (PT / PC do B / PV),ELEITO POR QP,APTO,PT,
2022,SP,deputado estadual,1,13011,MAURICI,MARIO MAURICI DE LIMA MORAIS,PT,13,PARTIDO DOS TRABALHADORES,PT/PC do B/PV,Federação Brasil da Esperança - FE BRASIL (PT / PC do B / PV),ELEITO POR QP,APTO,PT,
2022,SP,deputado estadual,1,13613,PAULO FIORILO,PAULO ROBERTO FIORILO,PT,13,PARTIDO DOS TRABALHADORES,PT/PC do B/PV,Federação Brasil da Esperança - FE BRASIL (PT / PC do B / PV),ELEITO POR QP,APTO,PT,
2022,SP,deputado estadual,1,13123,PROFESSORA BEBEL,MARIA IZABEL AZEVEDO NORONHA,PT,13,PARTIDO DOS TRABALHADORES,PT/PC do B/PV,Federação Brasil da Esperança - FE BRASIL (PT / PC do B / PV),ELEITO POR QP,APTO,PT,
2022,SP,deputado estadual,1,13651,REIS,PAULO BATISTA DOS REIS,PT,13,PARTIDO DOS TRABALHADORES,PT/PC do B/PV,Federação Brasil da Esperança - FE BRASIL (PT / PC do B / PV),ELEITO POR QP,APTO,PT,
2022,SP,deputado estadual,1,13789,RÔMULO FERNANDES,ROMULO CESAR FERNANDES,PT,13,PARTIDO DOS TRABALHADORES,PT/PC do B/PV,Federação Brasil da Esperança - FE BRASIL (PT / PC do B / PV),ELEITO POR QP,APTO,PT,
2022,SP,deputado estadual,1,13016,THAINARA FARIA,THAINARA KAROLINE FARIA,PT,13,PARTIDO DOS TRABALHADORES,PT/PC do B/PV,Federação Brasil da Esperança - FE BRASIL (PT / PC do B / PV),ELEITO POR QP,APTO,PT,
2022,SP,deputado estadual,1,18000,MARINA HELOU,MARINA MEDEIROS HELOU,REDE,18,REDE SUSTENTABILIDADE,PSOL/REDE,Federação PSOL REDE (PSOL / REDE),ELEITO POR QP,APTO,REDE,
2022,SP,deputado estadual,1,10333,ALTAIR MORAES,ALTAIR MORAES DE OLIVEIRA,REPUBLICANOS,10,REPUBLICANOS,,REPUBLICANOS,ELEITO POR QP,APTO,REPUBLICANOS,
2022,SP,deputado estadual,1,10456,EDNA MACEDO,EDNA BEZERRA SAMPAIO FERNANDES,REPUBLICANOS,10,REPUBLICANOS,,REPUBLICANOS,ELEITO POR QP,APTO,REPUBLICANOS,
2022,SP,deputado estadual,1,10123,GILMACI SANTOS,GILMACI DOS SANTOS BARBOSA,REPUBLICANOS,10,REPUBLICANOS,,REPUBLICANOS,ELEITO POR QP,APTO,REPUBLICANOS,
2022,SP,deputado estadual,1,10000,JORGE WILSON XERIFE CONSUMIDOR,JORGE WILSON GONÇALVES DE MATTOS,REPUBLICANOS,10,REPUBLICANOS,,REPUBLICANOS,ELEITO POR QP,APTO,REPUBLICANOS,
2022,SP,deputado estadual,1,10111,RUI ALVES,RUI ALVES SOUZA JUNIOR,REPUBLICANOS,10,REPUBLICANOS,,REPUBLICANOS,ELEITO POR QP,APTO,REPUBLICANOS,
2022,SP,deputado estadual,1,10321,SEBASTIÃO SANTOS,SEBASTIÃO DOS SANTOS FILHO,REPUBLICANOS,10,REPUBLICANOS,,REPUBLICANOS,ELEITO POR QP,APTO,REPUBLICANOS,
2022,SP,deputado estadual,1,10550,TOMÉ ABDUCH,TOME ABDUCH,REPUBLICANOS,10,REPUBLICANOS,,REPUBLICANOS,ELEITO POR QP,APTO,REPUBLICANOS,
2022,SP,deputado estadual,1,10555,VITÃO DO CACHORRÃO,VITOR ALEXANDRE RODRIGUES,REPUBLICANOS,10,REPUBLICANOS,,REPUBLICANOS,ELEITO POR MÉDIA,APTO,REPUBLICANOS,
2022,SP,deputado estadual,1,77000,ATILA JACOMUSSI,ÁTILA CESAR MONTEIRO JACOMUSSI,SOLIDARIEDADE,77,SOLIDARIEDADE,,SOLIDARIEDADE,ELEITO POR QP,APTO,SOLIDARIEDADE,
2022,SP,deputado estadual,1,44111,DANIEL SOARES,DANIEL BEZERRA RIBEIRO SOARES,UNIÃO,44,UNIÃO BRASIL,,UNIÃO,ELEITO POR QP,APTO,UNIÃO,
2022,SP,deputado estadual,1,44118,EDMIR CHEDID,EDMIR JOSE ABI CHEDID,UNIÃO,44,UNIÃO BRASIL,,UNIÃO,ELEITO POR QP,APTO,UNIÃO,
2022,SP,deputado estadual,1,44007,FELIPE FRANCO,FELIPE SOUZA MURAKAMI DE FRANCO,UNIÃO,44,UNIÃO BRASIL,,UNIÃO,ELEITO POR QP,APTO,UNIÃO,
2022,SP,deputado estadual,1,44777,GUTO ZACARIAS,AUGUSTO ZACARIAS CORREA LEITE,UNIÃO,44,UNIÃO BRASIL,,UNIÃO,ELEITO POR QP,APTO,UNIÃO,
2022,SP,deputado estadual,1,44250,MILTON LEITE FILHO,MILTON LEITE DA SILVA FILHO,UNIÃO,44,UNIÃO BRASIL,,UNIÃO,ELEITO POR QP,APTO,UNIÃO,
2022,SP,deputado estadual,1,44077,RAFAEL SARAIVA,RAFAEL SARAIVA GAIA,UNIÃO,44,UNIÃO BRASIL,,UNIÃO,ELEITO POR QP,APTO,UNIÃO,
2022,SP,deputado estadual,1,44044,SOLANGE FREITAS,SOLANGE CRISTINA DE FREITAS,UNIÃO,44,UNIÃO BRASIL,,UNIÃO,ELEITO POR QP,APTO,UNIÃO,
2022,TO,deputado estadual,1,23222,EDUARDO DO DERTINS,EDUARDO BONAGURA,CIDADANIA,23,CIDADANIA,PSDB/CIDADANIA,Federação PSDB Cidadania (PSDB / CIDADANIA),ELEITO POR QP,APTO,CIDADANIA,
2022,TO,deputado estadual,1,65000,IVORY DE LIRA,IVORY DE LIRA AGUIAR CUNHA,PC do B,65,PARTIDO COMUNISTA DO BRASIL,PT/PC do B/PV,Federação Brasil da Esperança - FE BRASIL (PT / PC do B / PV),ELEITO POR QP,APTO,PC do B,
2022,TO,deputado estadual,1,12123,GUTIERRES,GUTIERRES BORGES TORQUATO,PDT,12,PARTIDO DEMOCRÁTICO TRABALHISTA,,PDT,ELEITO POR MÉDIA,APTO,PDT,
2022,TO,deputado estadual,1,22111,FABION GOMES,FABION GOMES DE SOUSA,PL,22,PARTIDO LIBERAL,,PL,ELEITO POR QP,APTO,PL,
2022,TO,deputado estadual,1,22444,GIPÃO,ALDAIR DA COSTA SOUSA,PL,22,PARTIDO LIBERAL,,PL,ELEITO POR MÉDIA,APTO,PL,
2022,TO,deputado estadual,1,22456,MARCUS MARCELO,MARCUS MARCELO DE BARROS ARAUJO,PL,22,PARTIDO LIBERAL,,PL,ELEITO POR QP,APTO,PL,
2022,TO,deputado estadual,1,22123,PROFESSORA JANAD VALCARI,JANAD MARQUES DE FREITAS VALCARI,PL,22,PARTIDO LIBERAL,,PL,ELEITO POR QP,APTO,PL,
2022,TO,deputado estadual,1,40777,MOISEMAR MARINHO,MOISEMAR ALVES MARINHO,PSB,40,PARTIDO SOCIALISTA BRASILEIRO,,PSB,ELEITO POR QP,APTO,PSB,
2022,TO,deputado estadual,1,20020,PROFESSOR JUNIOR GEO,JOSE LUIZ PEREIRA JUNIOR,PSC,20,PARTIDO SOCIAL CRISTÃO,,PSC,ELEITO POR MÉDIA,APTO,PSC,
2022,TO,deputado estadual,1,55100,EDUARDO FORTES,EDUARDO MALHEIRO RIBEIRO FORTES,PSD,55,PARTIDO SOCIAL DEMOCRÁTICO,,PSD,ELEITO POR QP,APTO,PSD,
2022,TO,deputado estadual,1,55222,LUCIANO OLIVEIRA,LUCIANO PEREIRA DE OLIVEIRA,PSD,55,PARTIDO SOCIAL DEMOCRÁTICO,,PSD,ELEITO POR QP,APTO,PSD,
2022,TO,deputado estadual,1,55000,WISTON GOMES,WISTON GOMES DIAS,PSD,55,PARTIDO SOCIAL DEMOCRÁTICO,,PSD,ELEITO POR QP,APTO,PSD,
2022,TO,deputado estadual,1,45123,EDUARDO MANTOAN,EDUARDO MANTOAN,PSDB,45,PARTIDO DA SOCIAL DEMOCRACIA BRASILEIRA,PSDB/CIDADANIA,Federação PSDB Cidadania (PSDB / CIDADANIA),ELEITO POR MÉDIA,APTO,PSDB,
2022,TO,deputado estadual,1,43123,CLAUDIA LELIS,CLAUDIA TELLES DE MENEZES PIRES MARTINS LELIS,PV,43,PARTIDO VERDE,PT/PC do B/PV,Federação Brasil da Esperança - FE BRASIL (PT / PC do B / PV),ELEITO POR QP,APTO,PV,
2022,TO,deputado estadual,1,10555,AMELIO CAYRES,AMELIO CAYRES DE ALMEIDA,REPUBLICANOS,10,REPUBLICANOS,,REPUBLICANOS,ELEITO POR QP,APTO,REPUBLICANOS,
2022,TO,deputado estadual,1,10700,CLEITON CARDOSO,CLEITON CARDOSO DE ALMEIDA,REPUBLICANOS,10,REPUBLICANOS,,REPUBLICANOS,ELEITO POR QP,APTO,REPUBLICANOS,
2022,TO,deputado estadual,1,10456,JORGE FREDERICO,JORGE FREDERICO,REPUBLICANOS,10,REPUBLICANOS,,REPUBLICANOS,ELEITO POR QP,APTO,REPUBLICANOS,
2022,TO,deputado estadual,1,10100,LEO BARBOSA,YHGOR LEONARDO CASTRO LEITE,REPUBLICANOS,10,REPUBLICANOS,,REPUBLICANOS,ELEITO POR QP,APTO,REPUBLICANOS,
2022,TO,deputado estadual,1,10111,NILTON FRANCO,NILTON BANDEIRA FRANCO,REPUBLICANOS,10,REPUBLICANOS,,REPUBLICANOS,ELEITO POR QP,APTO,REPUBLICANOS,
2022,TO,deputado estadual,1,10000,OLYNTHO NETO,OLYNTHO GARCIA DE OLIVEIRA NETO,REPUBLICANOS,10,REPUBLICANOS,,REPUBLICANOS,ELEITO POR MÉDIA,APTO,REPUBLICANOS,
2022,TO,deputado estadual,1,10010,VALDEMAR JUNIOR,VALDEMAR RODRIGUES LIMA JUNIOR,REPUBLICANOS,10,REPUBLICANOS,,REPUBLICANOS,ELEITO POR MÉDIA,APTO,REPUBLICANOS,
2022,TO,deputado estadual,1,77700,VILMAR,VILMAR ALVES DE OLIVEIRA,SOLIDARIEDADE,77,SOLIDARIEDADE,,SOLIDARIEDADE,ELEITO POR QP,APTO,SOLIDARIEDADE,
2022,TO,deputado estadual,1,44777,JAIR FARIAS,ANTONIO JAIR ABREU FARIAS,UNIÃO,44,UNIÃO BRASIL,,UNIÃO,ELEITO POR QP,APTO,UNIÃO,
2022,TO,deputado estadual,1,44123,VANDA MONTEIRO,VANDELUCIA MONTEIRO DE CASTRO REIS,UNIÃO,44,UNIÃO BRASIL,,UNIÃO,ELEITO POR MÉDIA,APTO,UNIÃO,
2022,DF,deputado distrital,1,36555,DOUTORA JANE,JANE KLEBIA DO NASCIMENTO SILVA REIS,AGIR,36,AGIR,,AGIR,ELEITO POR MÉDIA,APTO,AGIR,
2022,DF,deputado distrital,1,36900,JAQUELINE SILVA,JAQUELINE ANGELA DA SILVA,AGIR,36,AGIR,,AGIR,ELEITO POR QP,APTO,AGIR,
2022,DF,deputado distrital,1,70888,JOAO CARDOSO PROFESSOR AUDITOR,JOAO ALVES CARDOSO,AVANTE,70,AVANTE,,AVANTE,ELEITO POR MÉDIA,APTO,AVANTE,
2022,DF,deputado distrital,1,23455,PAULA BELMONTE,PAULA MORENO PARO BELMONTE,CIDADANIA,23,CIDADANIA,PSDB/CIDADANIA,Federação PSDB Cidadania (PSDB / CIDADANIA),ELEITO POR MÉDIA,APTO,CIDADANIA,
2022,DF,deputado distrital,1,15190,HERMETO,JOÃO HERMETO DE OLIVEIRA NETO,MDB,15,MOVIMENTO DEMOCRÁTICO BRASILEIRO,,MDB,ELEITO POR QP,APTO,MDB,
2022,DF,deputado distrital,1,15000,IOLANDO,IOLANDO ALMEIDA DE SOUZA,MDB,15,MOVIMENTO DEMOCRÁTICO BRASILEIRO,,MDB,ELEITO POR QP,APTO,MDB,
2022,DF,deputado distrital,1,15123,WELLINGTON LUIZ ,WELLINGTON LUIZ DE SOUZA SILVA,MDB,15,MOVIMENTO DEMOCRÁTICO BRASILEIRO,,MDB,ELEITO POR MÉDIA,APTO,MDB,
2022,DF,deputado distrital,1,22222,DANIEL DONIZET,DANIEL XAVIER DONIZET,PL,22,PARTIDO LIBERAL,,PL,ELEITO POR QP,APTO,PL,
2022,DF,deputado distrital,1,22000,JOAQUIM RORIZ NETO,JOAQUIM DOMINGOS RORIZ NETO,PL,22,PARTIDO LIBERAL,,PL,ELEITO POR QP,APTO,PL,
2022,DF,deputado distrital,1,22193,ROOSEVELT VILELA,ROOSEVELT VILELA PIRES,PL,22,PARTIDO LIBERAL,,PL,ELEITO POR MÉDIA,APTO,PL,
2022,DF,deputado distrital,1,22322,THIAGO MANZONI,THIAGO DE ARAÚJO MACIEIRA MANZONI,PL,22,PARTIDO LIBERAL,,PL,ELEITO POR QP,APTO,PL,
2022,DF,deputado distrital,1,33123,ROGÉRIO MORRO DA CRUZ,BERNARDO ROGÉRIO MATA DE ARAÚJO JUNIOR,PMN,33,PARTIDO DA MOBILIZAÇÃO NACIONAL,,PMN,ELEITO POR QP,APTO,PMN,
2022,DF,deputado distrital,1,11133,PASTOR DANIEL DE CASTRO,DANIEL DE CASTRO SOUSA,PP,11,PROGRESSISTAS,,PP,ELEITO POR QP,APTO,PP,
2022,DF,deputado distrital,1,11011,PEPA,PEDRO PAULO DE OLIVEIRA,PP,11,PROGRESSISTAS,,PP,ELEITO POR MÉDIA,APTO,PP,
2022,DF,deputado distrital,1,40222,DAYSE AMARILIO,DAYSE AMARILIO DONETTS DINIZ,PSB,40,PARTIDO SOCIALISTA BRASILEIRO,,PSB,ELEITO POR QP,APTO,PSB,
2022,DF,deputado distrital,1,55192,JORGE VIANNA,JORGE VIANA DE SOUSA,PSD,55,PARTIDO SOCIAL DEMOCRÁTICO,,PSD,ELEITO POR MÉDIA,APTO,PSD,
2022,DF,deputado distrital,1,55000,ROBÉRIO NEGREIROS,ROBÉRIO BANDEIRA DE NEGREIROS FILHO,PSD,55,PARTIDO SOCIAL DEMOCRÁTICO,,PSD,ELEITO POR QP,APTO,PSD,
2022,DF,deputado distrital,1,50123,FÁBIO FELIX,FÁBIO FELIX SILVEIRA,PSOL,50,PARTIDO SOCIALISMO E LIBERDADE,PSOL/REDE,Federação PSOL REDE (PSOL / REDE),ELEITO POR QP,APTO,PSOL,
2022,DF,deputado distrital,1,50100,MAX MACIEL,MAX MACIEL CAVALCANTI,PSOL,50,PARTIDO SOCIALISMO E LIBERDADE,PSOL/REDE,Federação PSOL REDE (PSOL / REDE),ELEITO POR MÉDIA,APTO,PSOL,
2022,DF,deputado distrital,1,13100,CHICO VIGILANTE,FRANCISCO DOMINGOS DOS SANTOS,PT,13,PARTIDO DOS TRABALHADORES,PT/PC do B/PV,Federação Brasil da Esperança - FE BRASIL (PT / PC do B / PV),ELEITO POR QP,APTO,PT,
2022,DF,deputado distrital,1,13131,GABRIEL MAGNO,GABRIEL MAGNO PEREIRA CRUZ,PT,13,PARTIDO DOS TRABALHADORES,PT/PC do B/PV,Federação Brasil da Esperança - FE BRASIL (PT / PC do B / PV),ELEITO POR QP,APTO,PT,
2022,DF,deputado distrital,1,13013,RICARDO VALE,RICARDO VALE DA SILVA,PT,13,PARTIDO DOS TRABALHADORES,PT/PC do B/PV,Federação Brasil da Esperança - FE BRASIL (PT / PC do B / PV),ELEITO POR MÉDIA,APTO,PT,
2022,DF,deputado distrital,1,10123,MARTINS MACHADO,MARCOS MARTINS MACHADO,REPUBLICANOS,10,REPUBLICANOS,,REPUBLICANOS,ELEITO POR QP,APTO,REPUBLICANOS,
2022,DF,deputado distrital,1,44000,EDUARDO PEDROSA,EDUARDO WEYNE PEDROSA,UNIÃO,44,UNIÃO BRASIL,,UNIÃO,ELEITO POR QP,APTO,UNIÃO,
